k,average_silhouette,min_cluster_size,max_cluster_size,cluster_sizes,negative_silhouette_count
2,0.036279232325901335,41,46,0:41; 1:46,9
3,0.03934491870629132,16,42,0:42; 1:16; 2:29,19
4,0.04511584401259623,9,31,0:9; 1:24; 2:31; 3:23,27
5,0.05773848487799928,9,24,0:9; 1:17; 2:18; 3:24; 4:19,23
6,0.06606401829432829,7,22,0:7; 1:10; 2:22; 3:21; 4:12; 5:15,29
