k,average_silhouette,min_cluster_size,max_cluster_size,cluster_sizes,negative_silhouette_count
2,0.02851200651153909,29,38,0:38; 1:29,15
3,0.04793651899498349,3,45,0:19; 1:45; 2:3,25
4,0.05707100507048585,3,39,0:17; 1:39; 2:8; 3:3,24
5,0.06460180942146677,3,35,0:5; 1:12; 2:3; 3:35; 4:12,27
6,0.08103080798199996,3,25,0:25; 1:3; 2:10; 3:17; 4:3; 5:9,24
