k,average_silhouette,min_cluster_size,max_cluster_size,cluster_sizes,negative_silhouette_count
2,0.02297297889453623,21,46,0:21; 1:46,30
3,0.034972762680590706,10,32,0:10; 1:32; 2:25,12
4,0.04359271964044372,4,25,0:22; 1:16; 2:25; 3:4,27
5,0.07022348461020045,2,24,0:13; 1:21; 2:2; 3:24; 4:7,20
6,0.08122738228704776,2,22,0:8; 1:22; 2:3; 3:18; 4:2; 5:14,32
7,0.08398885628165506,3,20,0:20; 1:3; 2:11; 3:3; 4:6; 5:8; 6:16,24
8,0.12113329210651466,2,22,0:8; 1:3; 2:22; 3:8; 4:3; 5:2; 6:13; 7:8,18
