paper_id,keyword,chunk_index,chunk_type,characters,words
013a50a2a9b4,Design Patterns,0,title_abstract,1490,190
013a50a2a9b4,Design Patterns,1,title_pdf_passage,1033,125
013a50a2a9b4,Design Patterns,2,title_pdf_passage,770,103
013a50a2a9b4,Design Patterns,3,title_pdf_passage,916,120
013a50a2a9b4,Design Patterns,4,title_pdf_passage,917,126
013a50a2a9b4,Design Patterns,5,title_pdf_passage,1054,128
013a50a2a9b4,Design Patterns,6,title_pdf_passage,477,53
013a50a2a9b4,Design Patterns,7,title_pdf_passage,931,116
013a50a2a9b4,Design Patterns,8,title_pdf_passage,986,128
013a50a2a9b4,Design Patterns,9,title_pdf_passage,1161,144
013a50a2a9b4,Design Patterns,10,title_pdf_passage,967,129
013a50a2a9b4,Design Patterns,11,title_pdf_passage,944,120
013a50a2a9b4,Design Patterns,12,title_pdf_passage,953,121
021b68e369b1,Design Patterns,0,title_abstract,900,133
021b68e369b1,Design Patterns,1,title_pdf_passage,1034,150
021b68e369b1,Design Patterns,2,title_pdf_passage,998,145
021b68e369b1,Design Patterns,3,title_pdf_passage,991,150
021b68e369b1,Design Patterns,4,title_pdf_passage,788,117
021b68e369b1,Design Patterns,5,title_pdf_passage,1005,138
021b68e369b1,Design Patterns,6,title_pdf_passage,895,113
021b68e369b1,Design Patterns,7,title_pdf_passage,924,142
021b68e369b1,Design Patterns,8,title_pdf_passage,560,75
021b68e369b1,Design Patterns,9,title_pdf_passage,583,92
021b68e369b1,Design Patterns,10,title_pdf_passage,871,123
021b68e369b1,Design Patterns,11,title_pdf_passage,1148,164
021b68e369b1,Design Patterns,12,title_pdf_passage,945,135
02c538fcc8a0,Design Patterns,0,title_abstract,1728,236
02c538fcc8a0,Design Patterns,1,title_pdf_passage,999,142
02c538fcc8a0,Design Patterns,2,title_pdf_passage,1028,145
02c538fcc8a0,Design Patterns,3,title_pdf_passage,1185,180
02c538fcc8a0,Design Patterns,4,title_pdf_passage,1063,162
02c538fcc8a0,Design Patterns,5,title_pdf_passage,949,141
02c538fcc8a0,Design Patterns,6,title_pdf_passage,579,89
02c538fcc8a0,Design Patterns,7,title_pdf_passage,949,148
02c538fcc8a0,Design Patterns,8,title_pdf_passage,1065,152
02c538fcc8a0,Design Patterns,9,title_pdf_passage,1078,163
02c538fcc8a0,Design Patterns,10,title_pdf_passage,1102,166
02c538fcc8a0,Design Patterns,11,title_pdf_passage,500,80
02c538fcc8a0,Design Patterns,12,title_pdf_passage,925,139
0334252e4adb,Design knowledge,0,title_abstract,1211,159
0334252e4adb,Design knowledge,1,title_pdf_passage,967,124
0334252e4adb,Design knowledge,2,title_pdf_passage,1051,136
0334252e4adb,Design knowledge,3,title_pdf_passage,1205,164
0334252e4adb,Design knowledge,4,title_pdf_passage,1122,157
0334252e4adb,Design knowledge,5,title_pdf_passage,579,86
0334252e4adb,Design knowledge,6,title_pdf_passage,1020,142
0334252e4adb,Design knowledge,7,title_pdf_passage,611,84
0334252e4adb,Design knowledge,8,title_pdf_passage,1066,156
0334252e4adb,Design knowledge,9,title_pdf_passage,315,44
0334252e4adb,Design knowledge,10,title_pdf_passage,1001,132
0334252e4adb,Design knowledge,11,title_pdf_passage,1043,142
0334252e4adb,Design knowledge,12,title_pdf_passage,343,48
06e8b19b5894,Design theory,0,title_abstract,615,91
06e8b19b5894,Design theory,1,title_pdf_passage,1006,150
06e8b19b5894,Design theory,2,title_pdf_passage,1016,146
06e8b19b5894,Design theory,3,title_pdf_passage,1049,158
06e8b19b5894,Design theory,4,title_pdf_passage,950,141
06e8b19b5894,Design theory,5,title_pdf_passage,1074,161
06e8b19b5894,Design theory,6,title_pdf_passage,881,125
06e8b19b5894,Design theory,7,title_pdf_passage,958,138
06e8b19b5894,Design theory,8,title_pdf_passage,900,138
06e8b19b5894,Design theory,9,title_pdf_passage,974,150
06e8b19b5894,Design theory,10,title_pdf_passage,936,136
06e8b19b5894,Design theory,11,title_pdf_passage,544,79
06e8b19b5894,Design theory,12,title_pdf_passage,955,151
07395d6487e7,Design Patterns,0,title_abstract,1655,217
07395d6487e7,Design Patterns,1,title_pdf_passage,1031,153
07395d6487e7,Design Patterns,2,title_pdf_passage,1056,144
07395d6487e7,Design Patterns,3,title_pdf_passage,605,82
07395d6487e7,Design Patterns,4,title_pdf_passage,1033,150
07395d6487e7,Design Patterns,5,title_pdf_passage,1378,201
07395d6487e7,Design Patterns,6,title_pdf_passage,1004,140
07395d6487e7,Design Patterns,7,title_pdf_passage,1055,154
07395d6487e7,Design Patterns,8,title_pdf_passage,983,141
07395d6487e7,Design Patterns,9,title_pdf_passage,826,108
07395d6487e7,Design Patterns,10,title_pdf_passage,1165,178
07395d6487e7,Design Patterns,11,title_pdf_passage,434,57
07395d6487e7,Design Patterns,12,title_pdf_passage,1492,195
07efc8033023,Design Guidelines,0,title_abstract,1538,219
07efc8033023,Design Guidelines,1,title_pdf_passage,1062,144
07efc8033023,Design Guidelines,2,title_pdf_passage,959,143
07efc8033023,Design Guidelines,3,title_pdf_passage,434,66
07efc8033023,Design Guidelines,4,title_pdf_passage,1071,137
07efc8033023,Design Guidelines,5,title_pdf_passage,1287,188
07efc8033023,Design Guidelines,6,title_pdf_passage,689,97
07efc8033023,Design Guidelines,7,title_pdf_passage,1079,161
07efc8033023,Design Guidelines,8,title_pdf_passage,1081,139
07efc8033023,Design Guidelines,9,title_pdf_passage,1157,151
07efc8033023,Design Guidelines,10,title_pdf_passage,1032,146
07efc8033023,Design Guidelines,11,title_pdf_passage,1032,145
07efc8033023,Design Guidelines,12,title_pdf_passage,1074,150
080c04a1507a,Design knowledge,0,title_abstract,1203,165
080c04a1507a,Design knowledge,1,title_pdf_passage,1006,142
080c04a1507a,Design knowledge,2,title_pdf_passage,1022,132
080c04a1507a,Design knowledge,3,title_pdf_passage,688,89
080c04a1507a,Design knowledge,4,title_pdf_passage,676,86
080c04a1507a,Design knowledge,5,title_pdf_passage,988,136
080c04a1507a,Design knowledge,6,title_pdf_passage,769,103
080c04a1507a,Design knowledge,7,title_pdf_passage,1198,156
080c04a1507a,Design knowledge,8,title_pdf_passage,1055,134
080c04a1507a,Design knowledge,9,title_pdf_passage,1023,126
080c04a1507a,Design knowledge,10,title_pdf_passage,610,92
080c04a1507a,Design knowledge,11,title_pdf_passage,787,86
080c04a1507a,Design knowledge,12,title_pdf_passage,1167,161
0b002633de00,Design Patterns,0,title_abstract,741,103
0b002633de00,Design Patterns,1,title_pdf_passage,959,145
0b002633de00,Design Patterns,2,title_pdf_passage,1036,151
0b002633de00,Design Patterns,3,title_pdf_passage,572,79
0b002633de00,Design Patterns,4,title_pdf_passage,1105,162
0b002633de00,Design Patterns,5,title_pdf_passage,1022,142
0b002633de00,Design Patterns,6,title_pdf_passage,981,137
0b002633de00,Design Patterns,7,title_pdf_passage,1014,141
0b002633de00,Design Patterns,8,title_pdf_passage,1061,164
0b002633de00,Design Patterns,9,title_pdf_passage,1058,148
0b002633de00,Design Patterns,10,title_pdf_passage,1097,152
0b002633de00,Design Patterns,11,title_pdf_passage,1038,149
0b002633de00,Design Patterns,12,title_pdf_passage,1186,177
0c3ae5c60e89,Design theory,0,title_abstract,877,126
0c3ae5c60e89,Design theory,1,title_pdf_passage,983,130
0c3ae5c60e89,Design theory,2,title_pdf_passage,1021,129
0c3ae5c60e89,Design theory,3,title_pdf_passage,1244,179
0c3ae5c60e89,Design theory,4,title_pdf_passage,730,91
0c3ae5c60e89,Design theory,5,title_pdf_passage,963,140
0c3ae5c60e89,Design theory,6,title_pdf_passage,1015,144
0c3ae5c60e89,Design theory,7,title_pdf_passage,650,94
0c3ae5c60e89,Design theory,8,title_pdf_passage,1121,163
0c3ae5c60e89,Design theory,9,title_pdf_passage,989,136
0c3ae5c60e89,Design theory,10,title_pdf_passage,1199,173
0c3ae5c60e89,Design theory,11,title_pdf_passage,1218,162
0c3ae5c60e89,Design theory,12,title_pdf_passage,694,98
0c63b5d36c1b,Design knowledge,0,title_abstract,806,119
0c63b5d36c1b,Design knowledge,1,title_pdf_passage,1077,146
0c63b5d36c1b,Design knowledge,2,title_pdf_passage,783,111
0c63b5d36c1b,Design knowledge,3,title_pdf_passage,1035,107
0c63b5d36c1b,Design knowledge,4,title_pdf_passage,931,98
0c63b5d36c1b,Design knowledge,5,title_pdf_passage,1107,141
0c63b5d36c1b,Design knowledge,6,title_pdf_passage,1114,136
0c63b5d36c1b,Design knowledge,7,title_pdf_passage,959,82
0c63b5d36c1b,Design knowledge,8,title_pdf_passage,972,120
0c63b5d36c1b,Design knowledge,9,title_pdf_passage,876,92
0c63b5d36c1b,Design knowledge,10,title_pdf_passage,908,120
0c63b5d36c1b,Design knowledge,11,title_pdf_passage,869,112
0c63b5d36c1b,Design knowledge,12,title_pdf_passage,982,135
102689fab8b6,Design knowledge,0,title_abstract,1795,247
102689fab8b6,Design knowledge,1,title_pdf_passage,416,52
102689fab8b6,Design knowledge,2,title_pdf_passage,939,132
102689fab8b6,Design knowledge,3,title_pdf_passage,581,77
102689fab8b6,Design knowledge,4,title_pdf_passage,1220,178
102689fab8b6,Design knowledge,5,title_pdf_passage,762,110
102689fab8b6,Design knowledge,6,title_pdf_passage,1032,138
102689fab8b6,Design knowledge,7,title_pdf_passage,963,125
102689fab8b6,Design knowledge,8,title_pdf_passage,308,45
102689fab8b6,Design knowledge,9,title_pdf_passage,988,135
102689fab8b6,Design knowledge,10,title_pdf_passage,1027,147
102689fab8b6,Design knowledge,11,title_pdf_passage,1272,180
102689fab8b6,Design knowledge,12,title_pdf_passage,922,127
12a0faff1d0d,Design theory,0,title_abstract,1143,166
12a0faff1d0d,Design theory,1,title_pdf_passage,1026,159
12a0faff1d0d,Design theory,2,title_pdf_passage,904,144
12a0faff1d0d,Design theory,3,title_pdf_passage,980,136
12a0faff1d0d,Design theory,4,title_pdf_passage,987,143
12a0faff1d0d,Design theory,5,title_pdf_passage,1190,181
12a0faff1d0d,Design theory,6,title_pdf_passage,368,60
12a0faff1d0d,Design theory,7,title_pdf_passage,924,142
12a0faff1d0d,Design theory,8,title_pdf_passage,1061,168
12a0faff1d0d,Design theory,9,title_pdf_passage,1036,159
12a0faff1d0d,Design theory,10,title_pdf_passage,667,115
12a0faff1d0d,Design theory,11,title_pdf_passage,1007,153
12a0faff1d0d,Design theory,12,title_pdf_passage,1055,157
12cb05e5e8ec,Design rationale,0,title_abstract,1600,229
12cb05e5e8ec,Design rationale,1,title_pdf_passage,705,96
12cb05e5e8ec,Design rationale,2,title_pdf_passage,604,83
12cb05e5e8ec,Design rationale,3,title_pdf_passage,488,70
12cb05e5e8ec,Design rationale,4,title_pdf_passage,404,58
12cb05e5e8ec,Design rationale,5,title_pdf_passage,492,76
12cb05e5e8ec,Design rationale,6,title_pdf_passage,588,88
12cb05e5e8ec,Design rationale,7,title_pdf_passage,540,77
12cb05e5e8ec,Design rationale,8,title_pdf_passage,970,123
12cb05e5e8ec,Design rationale,9,title_pdf_passage,877,122
1499477f6cda,Design principles,0,title_abstract,943,123
1499477f6cda,Design principles,1,title_pdf_passage,925,118
1499477f6cda,Design principles,2,title_pdf_passage,881,123
1499477f6cda,Design principles,3,title_pdf_passage,943,123
1499477f6cda,Design principles,4,title_pdf_passage,902,128
1499477f6cda,Design principles,5,title_pdf_passage,971,85
1499477f6cda,Design principles,6,title_pdf_passage,1054,141
1499477f6cda,Design principles,7,title_pdf_passage,882,119
1499477f6cda,Design principles,8,title_pdf_passage,1116,150
1499477f6cda,Design principles,9,title_pdf_passage,504,64
1499477f6cda,Design principles,10,title_pdf_passage,903,119
1499477f6cda,Design principles,11,title_pdf_passage,1052,144
1499477f6cda,Design principles,12,title_pdf_passage,1018,139
15f17a542ff6,Design theory,0,title_abstract,2767,367
15f17a542ff6,Design theory,1,title_pdf_passage,992,128
15f17a542ff6,Design theory,2,title_pdf_passage,886,125
15f17a542ff6,Design theory,3,title_pdf_passage,1029,150
15f17a542ff6,Design theory,4,title_pdf_passage,1050,147
15f17a542ff6,Design theory,5,title_pdf_passage,989,131
15f17a542ff6,Design theory,6,title_pdf_passage,495,73
15f17a542ff6,Design theory,7,title_pdf_passage,1060,152
15f17a542ff6,Design theory,8,title_pdf_passage,997,144
15f17a542ff6,Design theory,9,title_pdf_passage,975,144
15f17a542ff6,Design theory,10,title_pdf_passage,1206,169
15f17a542ff6,Design theory,11,title_pdf_passage,595,84
15f17a542ff6,Design theory,12,title_pdf_passage,1065,158
166efc8ac468,Design knowledge,0,title_abstract,721,103
166efc8ac468,Design knowledge,1,title_pdf_passage,880,141
166efc8ac468,Design knowledge,2,title_pdf_passage,910,123
166efc8ac468,Design knowledge,3,title_pdf_passage,959,134
166efc8ac468,Design knowledge,4,title_pdf_passage,959,144
166efc8ac468,Design knowledge,5,title_pdf_passage,410,59
166efc8ac468,Design knowledge,6,title_pdf_passage,552,81
166efc8ac468,Design knowledge,7,title_pdf_passage,966,139
166efc8ac468,Design knowledge,8,title_pdf_passage,665,102
166efc8ac468,Design knowledge,9,title_pdf_passage,1018,158
166efc8ac468,Design knowledge,10,title_pdf_passage,331,43
166efc8ac468,Design knowledge,11,title_pdf_passage,1229,170
166efc8ac468,Design knowledge,12,title_pdf_passage,1203,184
17ad371dac5e,Design Heuristics,0,title_abstract,1069,133
17ad371dac5e,Design Heuristics,1,title_pdf_passage,601,76
17ad371dac5e,Design Heuristics,2,title_pdf_passage,987,132
17ad371dac5e,Design Heuristics,3,title_pdf_passage,415,54
17ad371dac5e,Design Heuristics,4,title_pdf_passage,458,61
17ad371dac5e,Design Heuristics,5,title_pdf_passage,620,79
17ad371dac5e,Design Heuristics,6,title_pdf_passage,661,80
17ad371dac5e,Design Heuristics,7,title_pdf_passage,643,83
17ad371dac5e,Design Heuristics,8,title_pdf_passage,529,68
17ad371dac5e,Design Heuristics,9,title_pdf_passage,664,85
17ad371dac5e,Design Heuristics,10,title_pdf_passage,547,64
17ad371dac5e,Design Heuristics,11,title_pdf_passage,691,84
17ad371dac5e,Design Heuristics,12,title_pdf_passage,710,88
1826e718712a,Design knowledge,0,title_abstract,1095,147
1826e718712a,Design knowledge,1,title_pdf_passage,609,69
1826e718712a,Design knowledge,2,title_pdf_passage,470,60
1826e718712a,Design knowledge,3,title_pdf_passage,1000,138
1826e718712a,Design knowledge,4,title_pdf_passage,947,131
1826e718712a,Design knowledge,5,title_pdf_passage,1201,167
1826e718712a,Design knowledge,6,title_pdf_passage,745,108
1826e718712a,Design knowledge,7,title_pdf_passage,1007,146
1826e718712a,Design knowledge,8,title_pdf_passage,659,97
1826e718712a,Design knowledge,9,title_pdf_passage,1044,129
1826e718712a,Design knowledge,10,title_pdf_passage,902,124
1826e718712a,Design knowledge,11,title_pdf_passage,1014,125
1826e718712a,Design knowledge,12,title_pdf_passage,718,89
1a3361a5f828,Design Patterns,0,title_abstract,1095,151
1a3361a5f828,Design Patterns,1,title_pdf_passage,499,63
1a3361a5f828,Design Patterns,2,title_pdf_passage,1079,154
1a3361a5f828,Design Patterns,3,title_pdf_passage,744,108
1a3361a5f828,Design Patterns,4,title_pdf_passage,995,158
1a3361a5f828,Design Patterns,5,title_pdf_passage,750,110
1a3361a5f828,Design Patterns,6,title_pdf_passage,1269,188
1a3361a5f828,Design Patterns,7,title_pdf_passage,1114,151
1a3361a5f828,Design Patterns,8,title_pdf_passage,846,123
1a3361a5f828,Design Patterns,9,title_pdf_passage,1033,150
1a3361a5f828,Design Patterns,10,title_pdf_passage,595,95
1a3361a5f828,Design Patterns,11,title_pdf_passage,941,141
1a3361a5f828,Design Patterns,12,title_pdf_passage,910,137
1aecb7940a63,Design rationale,0,title_abstract,834,125
1aecb7940a63,Design rationale,1,title_pdf_passage,1067,126
1aecb7940a63,Design rationale,2,title_pdf_passage,1013,139
1aecb7940a63,Design rationale,3,title_pdf_passage,866,127
1aecb7940a63,Design rationale,4,title_pdf_passage,535,83
1aecb7940a63,Design rationale,5,title_pdf_passage,985,154
1aecb7940a63,Design rationale,6,title_pdf_passage,919,139
1aecb7940a63,Design rationale,7,title_pdf_passage,944,142
1aecb7940a63,Design rationale,8,title_pdf_passage,1096,160
1aecb7940a63,Design rationale,9,title_pdf_passage,547,75
1aecb7940a63,Design rationale,10,title_pdf_passage,853,118
1aecb7940a63,Design rationale,11,title_pdf_passage,1217,182
1aecb7940a63,Design rationale,12,title_pdf_passage,654,92
1d3cca16fcd2,Design knowledge,0,title_abstract,1008,149
1d3cca16fcd2,Design knowledge,1,title_pdf_passage,1007,144
1d3cca16fcd2,Design knowledge,2,title_pdf_passage,967,140
1d3cca16fcd2,Design knowledge,3,title_pdf_passage,1068,154
1d3cca16fcd2,Design knowledge,4,title_pdf_passage,935,148
1d3cca16fcd2,Design knowledge,5,title_pdf_passage,1023,156
1d3cca16fcd2,Design knowledge,6,title_pdf_passage,1031,153
1d3cca16fcd2,Design knowledge,7,title_pdf_passage,460,74
1d3cca16fcd2,Design knowledge,8,title_pdf_passage,478,73
1d3cca16fcd2,Design knowledge,9,title_pdf_passage,1033,137
1d3cca16fcd2,Design knowledge,10,title_pdf_passage,1239,172
1d3cca16fcd2,Design knowledge,11,title_pdf_passage,1363,197
1d3cca16fcd2,Design knowledge,12,title_pdf_passage,878,131
1d529e097d58,Design knowledge,0,title_abstract,753,110
1d529e097d58,Design knowledge,1,title_pdf_passage,1153,161
1d529e097d58,Design knowledge,2,title_pdf_passage,1073,154
1d529e097d58,Design knowledge,3,title_pdf_passage,936,132
1d529e097d58,Design knowledge,4,title_pdf_passage,1297,193
1d529e097d58,Design knowledge,5,title_pdf_passage,929,141
1d529e097d58,Design knowledge,6,title_pdf_passage,802,112
1d529e097d58,Design knowledge,7,title_pdf_passage,441,67
1d529e097d58,Design knowledge,8,title_pdf_passage,979,138
1d529e097d58,Design knowledge,9,title_pdf_passage,1000,142
1d529e097d58,Design knowledge,10,title_pdf_passage,932,137
1d529e097d58,Design knowledge,11,title_pdf_passage,1001,140
1d529e097d58,Design knowledge,12,title_pdf_passage,944,147
1fec06501110,Design Patterns,0,title_abstract,1867,243
1fec06501110,Design Patterns,1,title_pdf_passage,1188,154
1fec06501110,Design Patterns,2,title_pdf_passage,981,130
1fec06501110,Design Patterns,3,title_pdf_passage,935,122
1fec06501110,Design Patterns,4,title_pdf_passage,1085,131
1fec06501110,Design Patterns,5,title_pdf_passage,1019,141
1fec06501110,Design Patterns,6,title_pdf_passage,888,128
1fec06501110,Design Patterns,7,title_pdf_passage,742,107
1fec06501110,Design Patterns,8,title_pdf_passage,365,48
1fec06501110,Design Patterns,9,title_pdf_passage,901,127
1fec06501110,Design Patterns,10,title_pdf_passage,938,133
1fec06501110,Design Patterns,11,title_pdf_passage,948,129
1fec06501110,Design Patterns,12,title_pdf_passage,1212,158
2085391360fa,Design Heuristics,0,title_abstract,1236,186
2085391360fa,Design Heuristics,1,title_pdf_passage,689,95
2085391360fa,Design Heuristics,2,title_pdf_passage,926,137
2085391360fa,Design Heuristics,3,title_pdf_passage,803,122
2085391360fa,Design Heuristics,4,title_pdf_passage,944,127
2085391360fa,Design Heuristics,5,title_pdf_passage,1011,156
2085391360fa,Design Heuristics,6,title_pdf_passage,954,144
2085391360fa,Design Heuristics,7,title_pdf_passage,926,146
2085391360fa,Design Heuristics,8,title_pdf_passage,906,134
2085391360fa,Design Heuristics,9,title_pdf_passage,959,157
2085391360fa,Design Heuristics,10,title_pdf_passage,974,144
2085391360fa,Design Heuristics,11,title_pdf_passage,893,138
2085391360fa,Design Heuristics,12,title_pdf_passage,777,129
22988d4cc335,Design knowledge,0,title_abstract,1130,160
22988d4cc335,Design knowledge,1,title_pdf_passage,774,88
22988d4cc335,Design knowledge,2,title_pdf_passage,954,132
22988d4cc335,Design knowledge,3,title_pdf_passage,1044,144
22988d4cc335,Design knowledge,4,title_pdf_passage,995,136
22988d4cc335,Design knowledge,5,title_pdf_passage,1110,157
22988d4cc335,Design knowledge,6,title_pdf_passage,1066,149
22988d4cc335,Design knowledge,7,title_pdf_passage,1153,159
22988d4cc335,Design knowledge,8,title_pdf_passage,466,62
22988d4cc335,Design knowledge,9,title_pdf_passage,505,72
22988d4cc335,Design knowledge,10,title_pdf_passage,1128,165
22988d4cc335,Design knowledge,11,title_pdf_passage,991,136
22988d4cc335,Design knowledge,12,title_pdf_passage,1014,137
234ec11212b7,Design methods,0,title_abstract,1254,182
234ec11212b7,Design methods,1,title_pdf_passage,955,132
234ec11212b7,Design methods,2,title_pdf_passage,955,128
234ec11212b7,Design methods,3,title_pdf_passage,1094,157
234ec11212b7,Design methods,4,title_pdf_passage,928,120
234ec11212b7,Design methods,5,title_pdf_passage,958,132
234ec11212b7,Design methods,6,title_pdf_passage,922,134
234ec11212b7,Design methods,7,title_pdf_passage,1021,132
234ec11212b7,Design methods,8,title_pdf_passage,980,140
234ec11212b7,Design methods,9,title_pdf_passage,959,130
234ec11212b7,Design methods,10,title_pdf_passage,995,151
234ec11212b7,Design methods,11,title_pdf_passage,975,159
234ec11212b7,Design methods,12,title_pdf_passage,703,103
275ac93d8820,Design knowledge,0,title_abstract,806,109
275ac93d8820,Design knowledge,1,title_pdf_passage,742,111
275ac93d8820,Design knowledge,2,title_pdf_passage,770,117
275ac93d8820,Design knowledge,3,title_pdf_passage,993,152
275ac93d8820,Design knowledge,4,title_pdf_passage,1235,168
275ac93d8820,Design knowledge,5,title_pdf_passage,1071,140
275ac93d8820,Design knowledge,6,title_pdf_passage,944,137
275ac93d8820,Design knowledge,7,title_pdf_passage,1012,147
275ac93d8820,Design knowledge,8,title_pdf_passage,1109,168
275ac93d8820,Design knowledge,9,title_pdf_passage,1043,153
275ac93d8820,Design knowledge,10,title_pdf_passage,992,147
275ac93d8820,Design knowledge,11,title_pdf_passage,957,139
275ac93d8820,Design knowledge,12,title_pdf_passage,949,106
27e1a41acfbb,Design Patterns,0,title_abstract,984,141
27e1a41acfbb,Design Patterns,1,title_pdf_passage,1063,153
27e1a41acfbb,Design Patterns,2,title_pdf_passage,848,128
27e1a41acfbb,Design Patterns,3,title_pdf_passage,944,134
27e1a41acfbb,Design Patterns,4,title_pdf_passage,1188,185
27e1a41acfbb,Design Patterns,5,title_pdf_passage,544,77
27e1a41acfbb,Design Patterns,6,title_pdf_passage,959,144
27e1a41acfbb,Design Patterns,7,title_pdf_passage,1072,159
27e1a41acfbb,Design Patterns,8,title_pdf_passage,1019,155
27e1a41acfbb,Design Patterns,9,title_pdf_passage,969,145
27e1a41acfbb,Design Patterns,10,title_pdf_passage,348,57
27e1a41acfbb,Design Patterns,11,title_pdf_passage,615,93
28e9bfcf6713,Design knowledge,0,title_abstract,715,100
28e9bfcf6713,Design knowledge,1,title_pdf_passage,948,121
28e9bfcf6713,Design knowledge,2,title_pdf_passage,968,131
28e9bfcf6713,Design knowledge,3,title_pdf_passage,989,140
28e9bfcf6713,Design knowledge,4,title_pdf_passage,1059,144
28e9bfcf6713,Design knowledge,5,title_pdf_passage,970,146
28e9bfcf6713,Design knowledge,6,title_pdf_passage,426,54
28e9bfcf6713,Design knowledge,7,title_pdf_passage,949,131
28e9bfcf6713,Design knowledge,8,title_pdf_passage,458,67
28e9bfcf6713,Design knowledge,9,title_pdf_passage,853,128
2a64adab5143,Design principles,0,title_abstract,1155,167
2a64adab5143,Design principles,1,title_pdf_passage,908,133
2a64adab5143,Design principles,2,title_pdf_passage,1243,172
2a64adab5143,Design principles,3,title_pdf_passage,1060,146
2a64adab5143,Design principles,4,title_pdf_passage,1122,175
2a64adab5143,Design principles,5,title_pdf_passage,800,115
2a64adab5143,Design principles,6,title_pdf_passage,680,99
2a64adab5143,Design principles,7,title_pdf_passage,658,99
2a64adab5143,Design principles,8,title_pdf_passage,884,127
2a64adab5143,Design principles,9,title_pdf_passage,1266,177
2a64adab5143,Design principles,10,title_pdf_passage,1049,137
2a64adab5143,Design principles,11,title_pdf_passage,581,89
2a64adab5143,Design principles,12,title_pdf_passage,841,126
2b32e2beaead,Design Heuristics,0,title_abstract,1176,175
2b32e2beaead,Design Heuristics,1,title_pdf_passage,1125,168
2b32e2beaead,Design Heuristics,2,title_pdf_passage,947,136
2b32e2beaead,Design Heuristics,3,title_pdf_passage,973,143
2b32e2beaead,Design Heuristics,4,title_pdf_passage,773,102
2b32e2beaead,Design Heuristics,5,title_pdf_passage,1020,147
2b32e2beaead,Design Heuristics,6,title_pdf_passage,989,134
2b32e2beaead,Design Heuristics,7,title_pdf_passage,965,133
2b32e2beaead,Design Heuristics,8,title_pdf_passage,1053,162
2b32e2beaead,Design Heuristics,9,title_pdf_passage,1158,176
2b32e2beaead,Design Heuristics,10,title_pdf_passage,954,132
2b32e2beaead,Design Heuristics,11,title_pdf_passage,1280,193
2b32e2beaead,Design Heuristics,12,title_pdf_passage,986,156
2c1d03d1ba75,Design Patterns,0,title_abstract,791,105
2c1d03d1ba75,Design Patterns,1,title_pdf_passage,803,110
2c1d03d1ba75,Design Patterns,2,title_pdf_passage,1146,163
2c1d03d1ba75,Design Patterns,3,title_pdf_passage,1117,168
2c1d03d1ba75,Design Patterns,4,title_pdf_passage,1061,147
2c1d03d1ba75,Design Patterns,5,title_pdf_passage,1097,150
2c1d03d1ba75,Design Patterns,6,title_pdf_passage,955,146
2c1d03d1ba75,Design Patterns,7,title_pdf_passage,1044,156
2c1d03d1ba75,Design Patterns,8,title_pdf_passage,961,147
2c1d03d1ba75,Design Patterns,9,title_pdf_passage,1237,180
2c1d03d1ba75,Design Patterns,10,title_pdf_passage,1018,154
2c1d03d1ba75,Design Patterns,11,title_pdf_passage,428,67
2c1d03d1ba75,Design Patterns,12,title_pdf_passage,1000,147
2cceb8eaa8c9,Design Guidelines,0,title_abstract,3597,459
2cceb8eaa8c9,Design Guidelines,1,title_pdf_passage,835,100
2cceb8eaa8c9,Design Guidelines,2,title_pdf_passage,973,123
2cceb8eaa8c9,Design Guidelines,3,title_pdf_passage,1140,145
2cceb8eaa8c9,Design Guidelines,4,title_pdf_passage,867,115
2cceb8eaa8c9,Design Guidelines,5,title_pdf_passage,727,85
2cceb8eaa8c9,Design Guidelines,6,title_pdf_passage,984,129
2cceb8eaa8c9,Design Guidelines,7,title_pdf_passage,953,124
2cceb8eaa8c9,Design Guidelines,8,title_pdf_passage,967,128
2cceb8eaa8c9,Design Guidelines,9,title_pdf_passage,1041,133
2cceb8eaa8c9,Design Guidelines,10,title_pdf_passage,750,95
2cceb8eaa8c9,Design Guidelines,11,title_pdf_passage,985,125
2cceb8eaa8c9,Design Guidelines,12,title_pdf_passage,827,105
2f7b1528d74d,Design knowledge,0,title_abstract,1274,190
2f7b1528d74d,Design knowledge,1,title_pdf_passage,947,128
2f7b1528d74d,Design knowledge,2,title_pdf_passage,762,108
2f7b1528d74d,Design knowledge,3,title_pdf_passage,996,139
2f7b1528d74d,Design knowledge,4,title_pdf_passage,996,149
2f7b1528d74d,Design knowledge,5,title_pdf_passage,447,64
2f7b1528d74d,Design knowledge,6,title_pdf_passage,589,86
2f7b1528d74d,Design knowledge,7,title_pdf_passage,1003,144
2f7b1528d74d,Design knowledge,8,title_pdf_passage,702,107
2f7b1528d74d,Design knowledge,9,title_pdf_passage,1055,163
2f7b1528d74d,Design knowledge,10,title_pdf_passage,368,48
2f7b1528d74d,Design knowledge,11,title_pdf_passage,1266,175
2f7b1528d74d,Design knowledge,12,title_pdf_passage,1240,189
306d52b89600,Design theory,0,title_abstract,1620,220
306d52b89600,Design theory,1,title_pdf_passage,521,76
306d52b89600,Design theory,2,title_pdf_passage,947,133
306d52b89600,Design theory,3,title_pdf_passage,1021,151
306d52b89600,Design theory,4,title_pdf_passage,1041,144
306d52b89600,Design theory,5,title_pdf_passage,1158,174
306d52b89600,Design theory,6,title_pdf_passage,1197,162
306d52b89600,Design theory,7,title_pdf_passage,921,134
306d52b89600,Design theory,8,title_pdf_passage,901,120
306d52b89600,Design theory,9,title_pdf_passage,915,138
306d52b89600,Design theory,10,title_pdf_passage,537,72
306d52b89600,Design theory,11,title_pdf_passage,1115,155
306d52b89600,Design theory,12,title_pdf_passage,459,64
3382d6461f40,Design principles,0,title_abstract,879,130
3382d6461f40,Design principles,1,title_pdf_passage,463,74
3382d6461f40,Design principles,2,title_pdf_passage,903,141
3382d6461f40,Design principles,3,title_pdf_passage,1044,156
3382d6461f40,Design principles,4,title_pdf_passage,1029,167
3382d6461f40,Design principles,5,title_pdf_passage,939,145
3382d6461f40,Design principles,6,title_pdf_passage,927,135
3382d6461f40,Design principles,7,title_pdf_passage,609,96
3382d6461f40,Design principles,8,title_pdf_passage,1010,165
3382d6461f40,Design principles,9,title_pdf_passage,339,49
3382d6461f40,Design principles,10,title_pdf_passage,961,141
3382d6461f40,Design principles,11,title_pdf_passage,905,132
3382d6461f40,Design principles,12,title_pdf_passage,423,63
3401d577c79c,Design Patterns,0,title_abstract,1087,161
3401d577c79c,Design Patterns,1,title_pdf_passage,1175,179
3401d577c79c,Design Patterns,2,title_pdf_passage,780,118
3401d577c79c,Design Patterns,3,title_pdf_passage,1009,146
3401d577c79c,Design Patterns,4,title_pdf_passage,1110,156
3401d577c79c,Design Patterns,5,title_pdf_passage,985,146
3401d577c79c,Design Patterns,6,title_pdf_passage,932,147
3401d577c79c,Design Patterns,7,title_pdf_passage,971,134
3401d577c79c,Design Patterns,8,title_pdf_passage,896,131
3401d577c79c,Design Patterns,9,title_pdf_passage,754,114
3401d577c79c,Design Patterns,10,title_pdf_passage,1022,158
3401d577c79c,Design Patterns,11,title_pdf_passage,1050,155
3401d577c79c,Design Patterns,12,title_pdf_passage,865,135
364b7d9127ec,Design knowledge,0,title_abstract,650,88
364b7d9127ec,Design knowledge,1,title_pdf_passage,1102,154
364b7d9127ec,Design knowledge,2,title_pdf_passage,743,111
364b7d9127ec,Design knowledge,3,title_pdf_passage,1182,170
364b7d9127ec,Design knowledge,4,title_pdf_passage,917,139
364b7d9127ec,Design knowledge,5,title_pdf_passage,1010,149
364b7d9127ec,Design knowledge,6,title_pdf_passage,777,109
364b7d9127ec,Design knowledge,7,title_pdf_passage,1225,175
364b7d9127ec,Design knowledge,8,title_pdf_passage,488,72
364b7d9127ec,Design knowledge,9,title_pdf_passage,412,57
364b7d9127ec,Design knowledge,10,title_pdf_passage,1159,159
364b7d9127ec,Design knowledge,11,title_pdf_passage,766,111
364b7d9127ec,Design knowledge,12,title_pdf_passage,803,115
36ba740d002b,Design knowledge,0,title_abstract,1188,165
36ba740d002b,Design knowledge,1,title_pdf_passage,403,57
36ba740d002b,Design knowledge,2,title_pdf_passage,904,134
36ba740d002b,Design knowledge,3,title_pdf_passage,1073,160
36ba740d002b,Design knowledge,4,title_pdf_passage,1171,169
36ba740d002b,Design knowledge,5,title_pdf_passage,1239,186
36ba740d002b,Design knowledge,6,title_pdf_passage,1201,171
36ba740d002b,Design knowledge,7,title_pdf_passage,1052,146
36ba740d002b,Design knowledge,8,title_pdf_passage,1052,152
36ba740d002b,Design knowledge,9,title_pdf_passage,1219,168
36ba740d002b,Design knowledge,10,title_pdf_passage,1003,140
36ba740d002b,Design knowledge,11,title_pdf_passage,1145,173
36ba740d002b,Design knowledge,12,title_pdf_passage,1091,159
388e4cf73d9e,Design Patterns,0,title_abstract,1203,161
388e4cf73d9e,Design Patterns,1,title_pdf_passage,1204,175
388e4cf73d9e,Design Patterns,2,title_pdf_passage,538,77
388e4cf73d9e,Design Patterns,3,title_pdf_passage,911,123
388e4cf73d9e,Design Patterns,4,title_pdf_passage,890,134
388e4cf73d9e,Design Patterns,5,title_pdf_passage,978,148
388e4cf73d9e,Design Patterns,6,title_pdf_passage,977,146
388e4cf73d9e,Design Patterns,7,title_pdf_passage,889,125
388e4cf73d9e,Design Patterns,8,title_pdf_passage,608,98
388e4cf73d9e,Design Patterns,9,title_pdf_passage,971,144
388e4cf73d9e,Design Patterns,10,title_pdf_passage,524,79
388e4cf73d9e,Design Patterns,11,title_pdf_passage,938,143
388e4cf73d9e,Design Patterns,12,title_pdf_passage,952,144
38b608e72e2d,Design methods,0,title_abstract,1398,198
38b608e72e2d,Design methods,1,title_pdf_passage,439,65
38b608e72e2d,Design methods,2,title_pdf_passage,961,127
38b608e72e2d,Design methods,3,title_pdf_passage,1229,181
38b608e72e2d,Design methods,4,title_pdf_passage,1029,155
38b608e72e2d,Design methods,5,title_pdf_passage,940,137
38b608e72e2d,Design methods,6,title_pdf_passage,970,138
38b608e72e2d,Design methods,7,title_pdf_passage,997,149
38b608e72e2d,Design methods,8,title_pdf_passage,1064,149
38b608e72e2d,Design methods,9,title_pdf_passage,1051,153
38b608e72e2d,Design methods,10,title_pdf_passage,855,128
38b608e72e2d,Design methods,11,title_pdf_passage,958,139
38b608e72e2d,Design methods,12,title_pdf_passage,614,92
3c0bd4608ae9,Design knowledge,0,title_abstract,1612,230
3c0bd4608ae9,Design knowledge,1,title_pdf_passage,1114,175
3c0bd4608ae9,Design knowledge,2,title_pdf_passage,1118,163
3c0bd4608ae9,Design knowledge,3,title_pdf_passage,950,131
3c0bd4608ae9,Design knowledge,4,title_pdf_passage,1271,194
3c0bd4608ae9,Design knowledge,5,title_pdf_passage,1084,157
3c0bd4608ae9,Design knowledge,6,title_pdf_passage,1135,161
3c0bd4608ae9,Design knowledge,7,title_pdf_passage,964,138
3c0bd4608ae9,Design knowledge,8,title_pdf_passage,1020,155
3c0bd4608ae9,Design knowledge,9,title_pdf_passage,417,61
3c0bd4608ae9,Design knowledge,10,title_pdf_passage,1164,163
3c0bd4608ae9,Design knowledge,11,title_pdf_passage,1172,167
3c0bd4608ae9,Design knowledge,12,title_pdf_passage,1008,142
3c8744e515fd,Design knowledge,0,title_abstract,1280,186
3c8744e515fd,Design knowledge,1,title_pdf_passage,973,122
3c8744e515fd,Design knowledge,2,title_pdf_passage,935,134
3c8744e515fd,Design knowledge,3,title_pdf_passage,982,143
3c8744e515fd,Design knowledge,4,title_pdf_passage,1069,153
3c8744e515fd,Design knowledge,5,title_pdf_passage,1186,157
3c8744e515fd,Design knowledge,6,title_pdf_passage,1005,134
3c8744e515fd,Design knowledge,7,title_pdf_passage,670,101
3c8744e515fd,Design knowledge,8,title_pdf_passage,1244,172
3c8744e515fd,Design knowledge,9,title_pdf_passage,1250,177
3c8744e515fd,Design knowledge,10,title_pdf_passage,343,49
3c8744e515fd,Design knowledge,11,title_pdf_passage,1147,167
3c8744e515fd,Design knowledge,12,title_pdf_passage,961,134
3dbca777664c,Design knowledge,0,title_abstract,1070,140
3dbca777664c,Design knowledge,1,title_pdf_passage,1168,154
3dbca777664c,Design knowledge,2,title_pdf_passage,1179,157
3dbca777664c,Design knowledge,3,title_pdf_passage,814,97
3dbca777664c,Design knowledge,4,title_pdf_passage,1111,139
3dbca777664c,Design knowledge,5,title_pdf_passage,700,82
3dbca777664c,Design knowledge,6,title_pdf_passage,1085,147
3dbca777664c,Design knowledge,7,title_pdf_passage,704,103
3dbca777664c,Design knowledge,8,title_pdf_passage,944,131
3dbca777664c,Design knowledge,9,title_pdf_passage,1090,142
3dbca777664c,Design knowledge,10,title_pdf_passage,995,130
3dbca777664c,Design knowledge,11,title_pdf_passage,738,102
3dbca777664c,Design knowledge,12,title_pdf_passage,990,147
3e4851eff856,Design knowledge,0,title_abstract,1113,161
3e4851eff856,Design knowledge,1,title_pdf_passage,975,140
3e4851eff856,Design knowledge,2,title_pdf_passage,841,122
3e4851eff856,Design knowledge,3,title_pdf_passage,980,146
3e4851eff856,Design knowledge,4,title_pdf_passage,977,145
3e4851eff856,Design knowledge,5,title_pdf_passage,1025,153
3e4851eff856,Design knowledge,6,title_pdf_passage,971,144
3e4851eff856,Design knowledge,7,title_pdf_passage,962,128
3e4851eff856,Design knowledge,8,title_pdf_passage,978,147
3e4851eff856,Design knowledge,9,title_pdf_passage,1293,136
3e4851eff856,Design knowledge,10,title_pdf_passage,990,128
3e4851eff856,Design knowledge,11,title_pdf_passage,1247,159
3e4851eff856,Design knowledge,12,title_pdf_passage,1148,151
421030e9786e,Design Patterns,0,title_abstract,1497,209
421030e9786e,Design Patterns,1,title_pdf_passage,1059,131
421030e9786e,Design Patterns,2,title_pdf_passage,1042,127
421030e9786e,Design Patterns,3,title_pdf_passage,1065,165
421030e9786e,Design Patterns,4,title_pdf_passage,1241,170
421030e9786e,Design Patterns,5,title_pdf_passage,1176,156
421030e9786e,Design Patterns,6,title_pdf_passage,737,104
421030e9786e,Design Patterns,7,title_pdf_passage,972,142
421030e9786e,Design Patterns,8,title_pdf_passage,1160,154
421030e9786e,Design Patterns,9,title_pdf_passage,659,96
421030e9786e,Design Patterns,10,title_pdf_passage,1049,134
421030e9786e,Design Patterns,11,title_pdf_passage,983,145
421030e9786e,Design Patterns,12,title_pdf_passage,967,138
42ca56313883,Design Patterns,0,title_abstract,695,91
42ca56313883,Design Patterns,1,title_pdf_passage,531,71
42ca56313883,Design Patterns,2,title_pdf_passage,665,98
42ca56313883,Design Patterns,3,title_pdf_passage,1015,139
42ca56313883,Design Patterns,4,title_pdf_passage,917,130
42ca56313883,Design Patterns,5,title_pdf_passage,810,106
42ca56313883,Design Patterns,6,title_pdf_passage,345,47
42ca56313883,Design Patterns,7,title_pdf_passage,1011,131
42ca56313883,Design Patterns,8,title_pdf_passage,444,71
42ca56313883,Design Patterns,9,title_pdf_passage,794,115
42ca56313883,Design Patterns,10,title_pdf_passage,1096,157
42ca56313883,Design Patterns,11,title_pdf_passage,602,87
42ca56313883,Design Patterns,12,title_pdf_passage,937,121
43b79273fd70,Design methods,0,title_abstract,1458,191
43b79273fd70,Design methods,1,title_pdf_passage,977,134
43b79273fd70,Design methods,2,title_pdf_passage,734,108
43b79273fd70,Design methods,3,title_pdf_passage,998,132
43b79273fd70,Design methods,4,title_pdf_passage,993,135
43b79273fd70,Design methods,5,title_pdf_passage,562,82
43b79273fd70,Design methods,6,title_pdf_passage,993,126
43b79273fd70,Design methods,7,title_pdf_passage,1082,131
43b79273fd70,Design methods,8,title_pdf_passage,1196,149
43b79273fd70,Design methods,9,title_pdf_passage,961,121
43b79273fd70,Design methods,10,title_pdf_passage,982,131
43b79273fd70,Design methods,11,title_pdf_passage,1077,144
43b79273fd70,Design methods,12,title_pdf_passage,1018,141
462782b1c89b,Design Patterns,0,title_abstract,1128,163
462782b1c89b,Design Patterns,1,title_pdf_passage,356,46
462782b1c89b,Design Patterns,2,title_pdf_passage,995,148
462782b1c89b,Design Patterns,3,title_pdf_passage,1028,137
462782b1c89b,Design Patterns,4,title_pdf_passage,748,118
462782b1c89b,Design Patterns,5,title_pdf_passage,367,49
462782b1c89b,Design Patterns,6,title_pdf_passage,1180,168
462782b1c89b,Design Patterns,7,title_pdf_passage,1024,148
462782b1c89b,Design Patterns,8,title_pdf_passage,450,61
462782b1c89b,Design Patterns,9,title_pdf_passage,1001,152
462782b1c89b,Design Patterns,10,title_pdf_passage,437,63
462782b1c89b,Design Patterns,11,title_pdf_passage,908,119
462782b1c89b,Design Patterns,12,title_pdf_passage,942,104
465d28bc8d09,Design knowledge,0,title_abstract,1795,236
465d28bc8d09,Design knowledge,1,title_pdf_passage,583,72
465d28bc8d09,Design knowledge,2,title_pdf_passage,970,112
465d28bc8d09,Design knowledge,3,title_pdf_passage,858,99
465d28bc8d09,Design knowledge,4,title_pdf_passage,1097,139
465d28bc8d09,Design knowledge,5,title_pdf_passage,1083,128
465d28bc8d09,Design knowledge,6,title_pdf_passage,489,59
465d28bc8d09,Design knowledge,7,title_pdf_passage,991,126
465d28bc8d09,Design knowledge,8,title_pdf_passage,999,121
465d28bc8d09,Design knowledge,9,title_pdf_passage,1031,139
465d28bc8d09,Design knowledge,10,title_pdf_passage,772,103
465d28bc8d09,Design knowledge,11,title_pdf_passage,1165,139
465d28bc8d09,Design knowledge,12,title_pdf_passage,824,101
4691ac0735c4,Design theory,0,title_abstract,1490,187
4691ac0735c4,Design theory,1,title_pdf_passage,1034,134
4691ac0735c4,Design theory,2,title_pdf_passage,1059,143
4691ac0735c4,Design theory,3,title_pdf_passage,1034,141
4691ac0735c4,Design theory,4,title_pdf_passage,960,118
4691ac0735c4,Design theory,5,title_pdf_passage,977,135
4691ac0735c4,Design theory,6,title_pdf_passage,1037,130
4691ac0735c4,Design theory,7,title_pdf_passage,1207,170
4691ac0735c4,Design theory,8,title_pdf_passage,1032,142
4691ac0735c4,Design theory,9,title_pdf_passage,429,61
4691ac0735c4,Design theory,10,title_pdf_passage,546,70
4691ac0735c4,Design theory,11,title_pdf_passage,1128,145
4691ac0735c4,Design theory,12,title_pdf_passage,1122,155
470d09e18259,Design Patterns,0,title_abstract,845,115
470d09e18259,Design Patterns,1,title_pdf_passage,1137,171
470d09e18259,Design Patterns,2,title_pdf_passage,917,132
470d09e18259,Design Patterns,3,title_pdf_passage,678,103
470d09e18259,Design Patterns,4,title_pdf_passage,1122,164
470d09e18259,Design Patterns,5,title_pdf_passage,960,144
470d09e18259,Design Patterns,6,title_pdf_passage,1386,212
470d09e18259,Design Patterns,7,title_pdf_passage,918,140
470d09e18259,Design Patterns,8,title_pdf_passage,1024,150
470d09e18259,Design Patterns,9,title_pdf_passage,805,120
470d09e18259,Design Patterns,10,title_pdf_passage,936,146
470d09e18259,Design Patterns,11,title_pdf_passage,1098,149
470d09e18259,Design Patterns,12,title_pdf_passage,996,151
4988843b7543,Design knowledge,0,title_abstract,1524,198
4988843b7543,Design knowledge,1,title_pdf_passage,477,64
4988843b7543,Design knowledge,2,title_pdf_passage,974,136
4988843b7543,Design knowledge,3,title_pdf_passage,1133,157
4988843b7543,Design knowledge,4,title_pdf_passage,967,138
4988843b7543,Design knowledge,5,title_pdf_passage,1150,173
4988843b7543,Design knowledge,6,title_pdf_passage,1010,152
4988843b7543,Design knowledge,7,title_pdf_passage,1044,149
4988843b7543,Design knowledge,8,title_pdf_passage,837,115
4988843b7543,Design knowledge,9,title_pdf_passage,461,71
4988843b7543,Design knowledge,10,title_pdf_passage,1002,147
4988843b7543,Design knowledge,11,title_pdf_passage,1230,172
4988843b7543,Design knowledge,12,title_pdf_passage,1059,166
49da21b385d7,Design knowledge,0,title_abstract,1071,150
49da21b385d7,Design knowledge,1,title_pdf_passage,1013,158
49da21b385d7,Design knowledge,2,title_pdf_passage,1030,164
49da21b385d7,Design knowledge,3,title_pdf_passage,1013,143
49da21b385d7,Design knowledge,4,title_pdf_passage,944,143
49da21b385d7,Design knowledge,5,title_pdf_passage,985,145
49da21b385d7,Design knowledge,6,title_pdf_passage,947,134
49da21b385d7,Design knowledge,7,title_pdf_passage,968,127
49da21b385d7,Design knowledge,8,title_pdf_passage,681,95
49da21b385d7,Design knowledge,9,title_pdf_passage,949,146
49da21b385d7,Design knowledge,10,title_pdf_passage,511,70
49da21b385d7,Design knowledge,11,title_pdf_passage,932,90
49da21b385d7,Design knowledge,12,title_pdf_passage,992,97
4a32a22b0b9c,Design Patterns,0,title_abstract,1130,177
4a32a22b0b9c,Design Patterns,1,title_pdf_passage,1070,150
4a32a22b0b9c,Design Patterns,2,title_pdf_passage,931,144
4a32a22b0b9c,Design Patterns,3,title_pdf_passage,969,135
4a32a22b0b9c,Design Patterns,4,title_pdf_passage,1175,178
4a32a22b0b9c,Design Patterns,5,title_pdf_passage,516,76
4a32a22b0b9c,Design Patterns,6,title_pdf_passage,996,153
4a32a22b0b9c,Design Patterns,7,title_pdf_passage,1035,153
4a32a22b0b9c,Design Patterns,8,title_pdf_passage,778,117
4a32a22b0b9c,Design Patterns,9,title_pdf_passage,1037,154
4a32a22b0b9c,Design Patterns,10,title_pdf_passage,1087,166
4a32a22b0b9c,Design Patterns,11,title_pdf_passage,995,155
4a32a22b0b9c,Design Patterns,12,title_pdf_passage,468,71
4a7432e5a317,Design knowledge,0,title_abstract,965,122
4a7432e5a317,Design knowledge,1,title_pdf_passage,420,51
4a7432e5a317,Design knowledge,2,title_pdf_passage,1079,134
4a7432e5a317,Design knowledge,3,title_pdf_passage,1063,135
4a7432e5a317,Design knowledge,4,title_pdf_passage,1094,137
4a7432e5a317,Design knowledge,5,title_pdf_passage,1011,127
4a7432e5a317,Design knowledge,6,title_pdf_passage,1127,156
4a7432e5a317,Design knowledge,7,title_pdf_passage,381,54
4a7432e5a317,Design knowledge,8,title_pdf_passage,967,132
4a7432e5a317,Design knowledge,9,title_pdf_passage,989,137
4a7432e5a317,Design knowledge,10,title_pdf_passage,962,124
4a7432e5a317,Design knowledge,11,title_pdf_passage,1144,149
4a7432e5a317,Design knowledge,12,title_pdf_passage,1017,142
4d05e05aa876,Design principles,0,title_abstract,701,95
4d05e05aa876,Design principles,1,title_pdf_passage,1284,174
4d05e05aa876,Design principles,2,title_pdf_passage,771,117
4d05e05aa876,Design principles,3,title_pdf_passage,373,48
4d05e05aa876,Design principles,4,title_pdf_passage,556,63
4d05e05aa876,Design principles,5,title_pdf_passage,992,137
4d05e05aa876,Design principles,6,title_pdf_passage,996,133
4d05e05aa876,Design principles,7,title_pdf_passage,1033,134
4d05e05aa876,Design principles,8,title_pdf_passage,548,78
4d05e05aa876,Design principles,9,title_pdf_passage,746,108
4d05e05aa876,Design principles,10,title_pdf_passage,1120,132
4d05e05aa876,Design principles,11,title_pdf_passage,1470,213
4d05e05aa876,Design principles,12,title_pdf_passage,794,114
4d5285913fd8,Design Patterns,0,title_abstract,1142,156
4d5285913fd8,Design Patterns,1,title_pdf_passage,465,55
4d5285913fd8,Design Patterns,2,title_pdf_passage,981,135
4d5285913fd8,Design Patterns,3,title_pdf_passage,1087,158
4d5285913fd8,Design Patterns,4,title_pdf_passage,1562,191
4d5285913fd8,Design Patterns,5,title_pdf_passage,470,70
4d5285913fd8,Design Patterns,6,title_pdf_passage,1182,175
4d5285913fd8,Design Patterns,7,title_pdf_passage,1028,138
4d5285913fd8,Design Patterns,8,title_pdf_passage,1010,141
4d5285913fd8,Design Patterns,9,title_pdf_passage,975,146
4d5285913fd8,Design Patterns,10,title_pdf_passage,1168,175
4d5285913fd8,Design Patterns,11,title_pdf_passage,905,132
4d5285913fd8,Design Patterns,12,title_pdf_passage,914,132
4e4a50e133cc,Design Patterns,0,title_abstract,911,129
4e4a50e133cc,Design Patterns,1,title_pdf_passage,989,147
4e4a50e133cc,Design Patterns,2,title_pdf_passage,940,149
4e4a50e133cc,Design Patterns,3,title_pdf_passage,467,72
4e4a50e133cc,Design Patterns,4,title_pdf_passage,928,150
4e4a50e133cc,Design Patterns,5,title_pdf_passage,275,42
4e4a50e133cc,Design Patterns,6,title_pdf_passage,772,120
4e4a50e133cc,Design Patterns,7,title_pdf_passage,1138,166
4e4a50e133cc,Design Patterns,8,title_pdf_passage,1160,174
4e4a50e133cc,Design Patterns,9,title_pdf_passage,1144,172
4e4a50e133cc,Design Patterns,10,title_pdf_passage,910,142
4e4a50e133cc,Design Patterns,11,title_pdf_passage,988,157
4e4a50e133cc,Design Patterns,12,title_pdf_passage,435,68
506a676cb17b,Design Patterns,0,title_abstract,796,125
506a676cb17b,Design Patterns,1,title_pdf_passage,384,60
506a676cb17b,Design Patterns,2,title_pdf_passage,922,144
506a676cb17b,Design Patterns,3,title_pdf_passage,1022,149
506a676cb17b,Design Patterns,4,title_pdf_passage,383,59
506a676cb17b,Design Patterns,5,title_pdf_passage,1243,192
506a676cb17b,Design Patterns,6,title_pdf_passage,1261,164
506a676cb17b,Design Patterns,7,title_pdf_passage,1118,168
506a676cb17b,Design Patterns,8,title_pdf_passage,974,144
506a676cb17b,Design Patterns,9,title_pdf_passage,1074,154
506a676cb17b,Design Patterns,10,title_pdf_passage,704,99
506a676cb17b,Design Patterns,11,title_pdf_passage,1084,161
506a676cb17b,Design Patterns,12,title_pdf_passage,736,117
51099fe3fdce,Design Patterns,0,title_abstract,760,111
51099fe3fdce,Design Patterns,1,title_pdf_passage,1126,156
51099fe3fdce,Design Patterns,2,title_pdf_passage,949,138
51099fe3fdce,Design Patterns,3,title_pdf_passage,890,133
51099fe3fdce,Design Patterns,4,title_pdf_passage,646,97
51099fe3fdce,Design Patterns,5,title_pdf_passage,944,143
51099fe3fdce,Design Patterns,6,title_pdf_passage,1224,182
51099fe3fdce,Design Patterns,7,title_pdf_passage,1009,152
51099fe3fdce,Design Patterns,8,title_pdf_passage,935,140
51099fe3fdce,Design Patterns,9,title_pdf_passage,371,50
51099fe3fdce,Design Patterns,10,title_pdf_passage,914,125
51099fe3fdce,Design Patterns,11,title_pdf_passage,1109,170
51099fe3fdce,Design Patterns,12,title_pdf_passage,934,141
561f08f67362,Design Rules,0,title_abstract,1676,239
561f08f67362,Design Rules,1,title_pdf_passage,834,124
561f08f67362,Design Rules,2,title_pdf_passage,621,92
561f08f67362,Design Rules,3,title_pdf_passage,1144,166
561f08f67362,Design Rules,4,title_pdf_passage,814,121
561f08f67362,Design Rules,5,title_pdf_passage,1034,151
561f08f67362,Design Rules,6,title_pdf_passage,1127,161
561f08f67362,Design Rules,7,title_pdf_passage,1125,167
561f08f67362,Design Rules,8,title_pdf_passage,1094,164
561f08f67362,Design Rules,9,title_pdf_passage,1025,134
561f08f67362,Design Rules,10,title_pdf_passage,846,121
561f08f67362,Design Rules,11,title_pdf_passage,1103,156
561f08f67362,Design Rules,12,title_pdf_passage,1037,150
5661de15ea0f,Design methods,0,title_abstract,668,102
5661de15ea0f,Design methods,1,title_pdf_passage,307,43
5661de15ea0f,Design methods,2,title_pdf_passage,1116,172
5661de15ea0f,Design methods,3,title_pdf_passage,1080,160
5661de15ea0f,Design methods,4,title_pdf_passage,285,44
5661de15ea0f,Design methods,5,title_pdf_passage,702,111
5661de15ea0f,Design methods,6,title_pdf_passage,945,143
5661de15ea0f,Design methods,7,title_pdf_passage,748,106
5661de15ea0f,Design methods,8,title_pdf_passage,1104,163
5661de15ea0f,Design methods,9,title_pdf_passage,907,124
5661de15ea0f,Design methods,10,title_pdf_passage,1033,160
5661de15ea0f,Design methods,11,title_pdf_passage,908,117
5661de15ea0f,Design methods,12,title_pdf_passage,928,136
5a25cbf385d6,Design expertise,0,title_abstract,1222,154
5a25cbf385d6,Design expertise,1,title_pdf_passage,1223,150
5a25cbf385d6,Design expertise,2,title_pdf_passage,1058,142
5a25cbf385d6,Design expertise,3,title_pdf_passage,1051,138
5a25cbf385d6,Design expertise,4,title_pdf_passage,1006,132
5a25cbf385d6,Design expertise,5,title_pdf_passage,1051,147
5a25cbf385d6,Design expertise,6,title_pdf_passage,1110,154
5a25cbf385d6,Design expertise,7,title_pdf_passage,596,81
5a25cbf385d6,Design expertise,8,title_pdf_passage,954,131
5a25cbf385d6,Design expertise,9,title_pdf_passage,574,75
5a25cbf385d6,Design expertise,10,title_pdf_passage,1038,135
5a25cbf385d6,Design expertise,11,title_pdf_passage,327,46
5a25cbf385d6,Design expertise,12,title_pdf_passage,985,129
5a57c73154f6,Design Patterns,0,title_abstract,1109,159
5a57c73154f6,Design Patterns,1,title_pdf_passage,748,82
5a57c73154f6,Design Patterns,2,title_pdf_passage,919,133
5a57c73154f6,Design Patterns,3,title_pdf_passage,1024,150
5a57c73154f6,Design Patterns,4,title_pdf_passage,742,109
5a57c73154f6,Design Patterns,5,title_pdf_passage,606,86
5a57c73154f6,Design Patterns,6,title_pdf_passage,978,134
5a57c73154f6,Design Patterns,7,title_pdf_passage,449,58
5a57c73154f6,Design Patterns,8,title_pdf_passage,645,97
5a57c73154f6,Design Patterns,9,title_pdf_passage,959,141
5a57c73154f6,Design Patterns,10,title_pdf_passage,915,153
5a57c73154f6,Design Patterns,11,title_pdf_passage,994,149
5a57c73154f6,Design Patterns,12,title_pdf_passage,1100,173
5a8306f435ea,Design knowledge,0,title_abstract,1248,172
5a8306f435ea,Design knowledge,1,title_pdf_passage,903,132
5a8306f435ea,Design knowledge,2,title_pdf_passage,1042,145
5a8306f435ea,Design knowledge,3,title_pdf_passage,1155,151
5a8306f435ea,Design knowledge,4,title_pdf_passage,1061,160
5a8306f435ea,Design knowledge,5,title_pdf_passage,904,128
5a8306f435ea,Design knowledge,6,title_pdf_passage,452,60
5a8306f435ea,Design knowledge,7,title_pdf_passage,898,124
5a8306f435ea,Design knowledge,8,title_pdf_passage,907,125
5a8306f435ea,Design knowledge,9,title_pdf_passage,917,131
5a8306f435ea,Design knowledge,10,title_pdf_passage,940,129
5e43d7253569,Design Guidelines,0,title_abstract,984,140
5e43d7253569,Design Guidelines,1,title_pdf_passage,1150,156
5e43d7253569,Design Guidelines,2,title_pdf_passage,1193,171
5e43d7253569,Design Guidelines,3,title_pdf_passage,1028,131
5e43d7253569,Design Guidelines,4,title_pdf_passage,740,104
5e43d7253569,Design Guidelines,5,title_pdf_passage,1153,165
5e43d7253569,Design Guidelines,6,title_pdf_passage,1040,156
5e43d7253569,Design Guidelines,7,title_pdf_passage,1001,142
5e43d7253569,Design Guidelines,8,title_pdf_passage,979,145
5e43d7253569,Design Guidelines,9,title_pdf_passage,1118,154
5e43d7253569,Design Guidelines,10,title_pdf_passage,1036,153
5e43d7253569,Design Guidelines,11,title_pdf_passage,1031,146
5e43d7253569,Design Guidelines,12,title_pdf_passage,1130,165
5f810f61b926,Design knowledge,0,title_abstract,1085,150
5f810f61b926,Design knowledge,1,title_pdf_passage,999,146
5f810f61b926,Design knowledge,2,title_pdf_passage,1068,153
5f810f61b926,Design knowledge,3,title_pdf_passage,791,120
5f810f61b926,Design knowledge,4,title_pdf_passage,687,99
5f810f61b926,Design knowledge,5,title_pdf_passage,976,151
5f810f61b926,Design knowledge,6,title_pdf_passage,1032,158
5f810f61b926,Design knowledge,7,title_pdf_passage,983,148
5f810f61b926,Design knowledge,8,title_pdf_passage,965,132
5f810f61b926,Design knowledge,9,title_pdf_passage,1126,143
5f810f61b926,Design knowledge,10,title_pdf_passage,1107,141
5f810f61b926,Design knowledge,11,title_pdf_passage,1047,145
5f810f61b926,Design knowledge,12,title_pdf_passage,966,145
6264e280f9b8,Design knowledge,0,title_abstract,1197,160
6264e280f9b8,Design knowledge,1,title_pdf_passage,686,94
6264e280f9b8,Design knowledge,2,title_pdf_passage,1032,141
6264e280f9b8,Design knowledge,3,title_pdf_passage,975,135
6264e280f9b8,Design knowledge,4,title_pdf_passage,994,138
6264e280f9b8,Design knowledge,5,title_pdf_passage,984,129
6264e280f9b8,Design knowledge,6,title_pdf_passage,984,141
6264e280f9b8,Design knowledge,7,title_pdf_passage,1082,155
6264e280f9b8,Design knowledge,8,title_pdf_passage,1057,150
6264e280f9b8,Design knowledge,9,title_pdf_passage,978,131
6264e280f9b8,Design knowledge,10,title_pdf_passage,985,140
6264e280f9b8,Design knowledge,11,title_pdf_passage,1031,155
6264e280f9b8,Design knowledge,12,title_pdf_passage,336,47
631c79d1cbc5,Design Patterns,0,title_abstract,1481,179
631c79d1cbc5,Design Patterns,1,title_pdf_passage,934,126
631c79d1cbc5,Design Patterns,2,title_pdf_passage,1106,149
631c79d1cbc5,Design Patterns,3,title_pdf_passage,967,116
631c79d1cbc5,Design Patterns,4,title_pdf_passage,835,117
631c79d1cbc5,Design Patterns,5,title_pdf_passage,664,101
631c79d1cbc5,Design Patterns,6,title_pdf_passage,661,88
631c79d1cbc5,Design Patterns,7,title_pdf_passage,862,131
631c79d1cbc5,Design Patterns,8,title_pdf_passage,955,140
631c79d1cbc5,Design Patterns,9,title_pdf_passage,1089,153
631c79d1cbc5,Design Patterns,10,title_pdf_passage,494,65
631c79d1cbc5,Design Patterns,11,title_pdf_passage,780,117
631c79d1cbc5,Design Patterns,12,title_pdf_passage,971,133
63e3bdac7fab,Design Patterns,0,title_abstract,2085,310
63e3bdac7fab,Design Patterns,1,title_pdf_passage,1136,173
63e3bdac7fab,Design Patterns,2,title_pdf_passage,587,93
63e3bdac7fab,Design Patterns,3,title_pdf_passage,1359,205
63e3bdac7fab,Design Patterns,4,title_pdf_passage,994,151
63e3bdac7fab,Design Patterns,5,title_pdf_passage,1033,157
63e3bdac7fab,Design Patterns,6,title_pdf_passage,1077,166
63e3bdac7fab,Design Patterns,7,title_pdf_passage,976,142
63e3bdac7fab,Design Patterns,8,title_pdf_passage,1213,159
63e3bdac7fab,Design Patterns,9,title_pdf_passage,831,129
63e3bdac7fab,Design Patterns,10,title_pdf_passage,1089,160
63e3bdac7fab,Design Patterns,11,title_pdf_passage,1279,192
63e3bdac7fab,Design Patterns,12,title_pdf_passage,1156,185
64230bcb1202,Design theory,0,title_abstract,1241,178
64230bcb1202,Design theory,1,title_pdf_passage,772,103
64230bcb1202,Design theory,2,title_pdf_passage,966,125
64230bcb1202,Design theory,3,title_pdf_passage,975,141
64230bcb1202,Design theory,4,title_pdf_passage,1102,153
64230bcb1202,Design theory,5,title_pdf_passage,983,127
64230bcb1202,Design theory,6,title_pdf_passage,1000,143
64230bcb1202,Design theory,7,title_pdf_passage,407,57
64230bcb1202,Design theory,8,title_pdf_passage,1117,161
64230bcb1202,Design theory,9,title_pdf_passage,986,157
64230bcb1202,Design theory,10,title_pdf_passage,594,86
64230bcb1202,Design theory,11,title_pdf_passage,986,133
64230bcb1202,Design theory,12,title_pdf_passage,953,130
662ae9cea17d,Design Guidelines,0,title_abstract,1418,220
662ae9cea17d,Design Guidelines,1,title_pdf_passage,843,136
662ae9cea17d,Design Guidelines,2,title_pdf_passage,1097,158
662ae9cea17d,Design Guidelines,3,title_pdf_passage,555,88
662ae9cea17d,Design Guidelines,4,title_pdf_passage,512,81
662ae9cea17d,Design Guidelines,5,title_pdf_passage,396,63
662ae9cea17d,Design Guidelines,6,title_pdf_passage,1069,153
662ae9cea17d,Design Guidelines,7,title_pdf_passage,1031,155
662ae9cea17d,Design Guidelines,8,title_pdf_passage,1138,163
662ae9cea17d,Design Guidelines,9,title_pdf_passage,581,80
662ae9cea17d,Design Guidelines,10,title_pdf_passage,1071,154
662ae9cea17d,Design Guidelines,11,title_pdf_passage,1089,144
662ae9cea17d,Design Guidelines,12,title_pdf_passage,1160,178
66a74be75bef,Design theory,0,title_abstract,1219,173
66a74be75bef,Design theory,1,title_pdf_passage,803,121
66a74be75bef,Design theory,2,title_pdf_passage,1071,154
66a74be75bef,Design theory,3,title_pdf_passage,1030,140
66a74be75bef,Design theory,4,title_pdf_passage,1135,160
66a74be75bef,Design theory,5,title_pdf_passage,981,143
66a74be75bef,Design theory,6,title_pdf_passage,1442,214
66a74be75bef,Design theory,7,title_pdf_passage,960,140
66a74be75bef,Design theory,8,title_pdf_passage,1004,151
66a74be75bef,Design theory,9,title_pdf_passage,974,147
66a74be75bef,Design theory,10,title_pdf_passage,960,138
66a74be75bef,Design theory,11,title_pdf_passage,1061,163
66a74be75bef,Design theory,12,title_pdf_passage,964,103
66f985f8b386,Design Patterns,0,title_abstract,1719,242
66f985f8b386,Design Patterns,1,title_pdf_passage,913,132
66f985f8b386,Design Patterns,2,title_pdf_passage,939,131
66f985f8b386,Design Patterns,3,title_pdf_passage,960,129
66f985f8b386,Design Patterns,4,title_pdf_passage,930,133
66f985f8b386,Design Patterns,5,title_pdf_passage,1039,159
66f985f8b386,Design Patterns,6,title_pdf_passage,948,144
66f985f8b386,Design Patterns,7,title_pdf_passage,730,108
66f985f8b386,Design Patterns,8,title_pdf_passage,1047,163
66f985f8b386,Design Patterns,9,title_pdf_passage,905,119
66f985f8b386,Design Patterns,10,title_pdf_passage,995,155
66f985f8b386,Design Patterns,11,title_pdf_passage,848,125
66f985f8b386,Design Patterns,12,title_pdf_passage,934,125
68bf6cd63875,Design theory,0,title_abstract,1886,302
68bf6cd63875,Design theory,1,title_pdf_passage,1185,187
68bf6cd63875,Design theory,2,title_pdf_passage,1116,159
68bf6cd63875,Design theory,3,title_pdf_passage,1007,161
68bf6cd63875,Design theory,4,title_pdf_passage,997,144
68bf6cd63875,Design theory,5,title_pdf_passage,1047,161
68bf6cd63875,Design theory,6,title_pdf_passage,1024,150
68bf6cd63875,Design theory,7,title_pdf_passage,965,147
68bf6cd63875,Design theory,8,title_pdf_passage,490,73
68bf6cd63875,Design theory,9,title_pdf_passage,976,155
68bf6cd63875,Design theory,10,title_pdf_passage,1173,173
68bf6cd63875,Design theory,11,title_pdf_passage,1127,157
68bf6cd63875,Design theory,12,title_pdf_passage,1105,153
69bb5b15bdd3,Design Guidelines,0,title_abstract,1572,210
69bb5b15bdd3,Design Guidelines,1,title_pdf_passage,1012,136
69bb5b15bdd3,Design Guidelines,2,title_pdf_passage,852,110
69bb5b15bdd3,Design Guidelines,3,title_pdf_passage,1140,133
69bb5b15bdd3,Design Guidelines,4,title_pdf_passage,781,101
69bb5b15bdd3,Design Guidelines,5,title_pdf_passage,787,101
69bb5b15bdd3,Design Guidelines,6,title_pdf_passage,701,93
69bb5b15bdd3,Design Guidelines,7,title_pdf_passage,1283,161
69bb5b15bdd3,Design Guidelines,8,title_pdf_passage,909,117
69bb5b15bdd3,Design Guidelines,9,title_pdf_passage,959,138
69bb5b15bdd3,Design Guidelines,10,title_pdf_passage,1036,140
69bb5b15bdd3,Design Guidelines,11,title_pdf_passage,989,134
69bb5b15bdd3,Design Guidelines,12,title_pdf_passage,998,134
6c928237afcf,Design Patterns,0,title_abstract,1696,242
6c928237afcf,Design Patterns,1,title_pdf_passage,494,71
6c928237afcf,Design Patterns,2,title_pdf_passage,1007,151
6c928237afcf,Design Patterns,3,title_pdf_passage,929,139
6c928237afcf,Design Patterns,4,title_pdf_passage,894,136
6c928237afcf,Design Patterns,5,title_pdf_passage,1021,165
6c928237afcf,Design Patterns,6,title_pdf_passage,991,149
6c928237afcf,Design Patterns,7,title_pdf_passage,979,146
6c928237afcf,Design Patterns,8,title_pdf_passage,994,154
6c928237afcf,Design Patterns,9,title_pdf_passage,933,147
6c928237afcf,Design Patterns,10,title_pdf_passage,698,107
6c928237afcf,Design Patterns,11,title_pdf_passage,764,113
6c928237afcf,Design Patterns,12,title_pdf_passage,891,144
6d9eecf54c53,Design Patterns,0,title_abstract,756,99
6d9eecf54c53,Design Patterns,1,title_pdf_passage,757,107
6d9eecf54c53,Design Patterns,2,title_pdf_passage,856,129
6d9eecf54c53,Design Patterns,3,title_pdf_passage,955,133
6d9eecf54c53,Design Patterns,4,title_pdf_passage,1053,150
6d9eecf54c53,Design Patterns,5,title_pdf_passage,1019,145
6d9eecf54c53,Design Patterns,6,title_pdf_passage,938,139
6d9eecf54c53,Design Patterns,7,title_pdf_passage,949,143
6d9eecf54c53,Design Patterns,8,title_pdf_passage,1046,160
6d9eecf54c53,Design Patterns,9,title_pdf_passage,958,148
6d9eecf54c53,Design Patterns,10,title_pdf_passage,741,104
6d9eecf54c53,Design Patterns,11,title_pdf_passage,984,144
6d9eecf54c53,Design Patterns,12,title_pdf_passage,967,139
6fdd15b8daea,Design knowledge,0,title_abstract,1607,230
6fdd15b8daea,Design knowledge,1,title_pdf_passage,1108,171
6fdd15b8daea,Design knowledge,2,title_pdf_passage,1125,161
6fdd15b8daea,Design knowledge,3,title_pdf_passage,1027,132
6fdd15b8daea,Design knowledge,4,title_pdf_passage,1049,158
6fdd15b8daea,Design knowledge,5,title_pdf_passage,1003,145
6fdd15b8daea,Design knowledge,6,title_pdf_passage,1384,195
6fdd15b8daea,Design knowledge,7,title_pdf_passage,1042,147
6fdd15b8daea,Design knowledge,8,title_pdf_passage,1054,147
6fdd15b8daea,Design knowledge,9,title_pdf_passage,972,138
6fdd15b8daea,Design knowledge,10,title_pdf_passage,1051,150
6fdd15b8daea,Design knowledge,11,title_pdf_passage,982,133
6fdd15b8daea,Design knowledge,12,title_pdf_passage,995,135
705b504131f6,Design knowledge,0,title_abstract,690,96
705b504131f6,Design knowledge,1,title_pdf_passage,1028,154
705b504131f6,Design knowledge,2,title_pdf_passage,1057,149
705b504131f6,Design knowledge,3,title_pdf_passage,1036,143
705b504131f6,Design knowledge,4,title_pdf_passage,1020,141
705b504131f6,Design knowledge,5,title_pdf_passage,919,123
705b504131f6,Design knowledge,6,title_pdf_passage,1021,135
705b504131f6,Design knowledge,7,title_pdf_passage,442,56
705b504131f6,Design knowledge,8,title_pdf_passage,677,81
705b504131f6,Design knowledge,9,title_pdf_passage,1115,152
705b504131f6,Design knowledge,10,title_pdf_passage,1020,160
705b504131f6,Design knowledge,11,title_pdf_passage,845,122
705b504131f6,Design knowledge,12,title_pdf_passage,1081,147
71f9925563a6,Design rationale,0,title_abstract,857,122
71f9925563a6,Design rationale,1,title_pdf_passage,822,117
71f9925563a6,Design rationale,2,title_pdf_passage,398,65
71f9925563a6,Design rationale,3,title_pdf_passage,715,103
71f9925563a6,Design rationale,4,title_pdf_passage,775,114
71f9925563a6,Design rationale,5,title_pdf_passage,367,51
71f9925563a6,Design rationale,6,title_pdf_passage,865,122
71f9925563a6,Design rationale,7,title_pdf_passage,1022,147
71f9925563a6,Design rationale,8,title_pdf_passage,1139,178
71f9925563a6,Design rationale,9,title_pdf_passage,754,107
71f9925563a6,Design rationale,10,title_pdf_passage,1077,178
71f9925563a6,Design rationale,11,title_pdf_passage,325,49
71f9925563a6,Design rationale,12,title_pdf_passage,957,156
7624ada60ef5,Design theory,0,title_abstract,950,145
7624ada60ef5,Design theory,1,title_pdf_passage,520,62
7624ada60ef5,Design theory,2,title_pdf_passage,953,141
7624ada60ef5,Design theory,3,title_pdf_passage,971,135
7624ada60ef5,Design theory,4,title_pdf_passage,1265,196
7624ada60ef5,Design theory,5,title_pdf_passage,825,134
7624ada60ef5,Design theory,6,title_pdf_passage,1015,153
7624ada60ef5,Design theory,7,title_pdf_passage,972,149
7624ada60ef5,Design theory,8,title_pdf_passage,389,61
7624ada60ef5,Design theory,9,title_pdf_passage,1015,158
7624ada60ef5,Design theory,10,title_pdf_passage,1015,167
7624ada60ef5,Design theory,11,title_pdf_passage,1071,159
7624ada60ef5,Design theory,12,title_pdf_passage,648,92
781628bf9a48,Design rationale,0,title_abstract,2015,279
781628bf9a48,Design rationale,1,title_pdf_passage,446,68
781628bf9a48,Design rationale,2,title_pdf_passage,943,122
781628bf9a48,Design rationale,3,title_pdf_passage,345,48
7afe82160b59,Design Patterns,0,title_abstract,1052,147
7afe82160b59,Design Patterns,1,title_pdf_passage,1048,142
7afe82160b59,Design Patterns,2,title_pdf_passage,1041,147
7afe82160b59,Design Patterns,3,title_pdf_passage,902,120
7afe82160b59,Design Patterns,4,title_pdf_passage,1219,178
7afe82160b59,Design Patterns,5,title_pdf_passage,1093,152
7afe82160b59,Design Patterns,6,title_pdf_passage,769,116
7afe82160b59,Design Patterns,7,title_pdf_passage,985,155
7afe82160b59,Design Patterns,8,title_pdf_passage,1118,171
7afe82160b59,Design Patterns,9,title_pdf_passage,1093,163
7afe82160b59,Design Patterns,10,title_pdf_passage,1018,151
7afe82160b59,Design Patterns,11,title_pdf_passage,1284,199
7afe82160b59,Design Patterns,12,title_pdf_passage,928,139
7baa1d9ec242,Design knowledge,0,title_abstract,1608,232
7baa1d9ec242,Design knowledge,1,title_pdf_passage,1295,175
7baa1d9ec242,Design knowledge,2,title_pdf_passage,1194,179
7baa1d9ec242,Design knowledge,3,title_pdf_passage,1052,159
7baa1d9ec242,Design knowledge,4,title_pdf_passage,937,139
7baa1d9ec242,Design knowledge,5,title_pdf_passage,727,108
7baa1d9ec242,Design knowledge,6,title_pdf_passage,846,120
7baa1d9ec242,Design knowledge,7,title_pdf_passage,917,125
7baa1d9ec242,Design knowledge,8,title_pdf_passage,1127,162
7baa1d9ec242,Design knowledge,9,title_pdf_passage,774,114
7baa1d9ec242,Design knowledge,10,title_pdf_passage,1090,148
7baa1d9ec242,Design knowledge,11,title_pdf_passage,969,135
7baa1d9ec242,Design knowledge,12,title_pdf_passage,1077,153
7d5d566e7d9b,Design theory,0,title_abstract,1359,200
7d5d566e7d9b,Design theory,1,title_pdf_passage,1076,155
7d5d566e7d9b,Design theory,2,title_pdf_passage,678,93
7d5d566e7d9b,Design theory,3,title_pdf_passage,1051,152
7d5d566e7d9b,Design theory,4,title_pdf_passage,926,143
7d5d566e7d9b,Design theory,5,title_pdf_passage,1121,169
7d5d566e7d9b,Design theory,6,title_pdf_passage,1015,130
7d5d566e7d9b,Design theory,7,title_pdf_passage,991,154
7d5d566e7d9b,Design theory,8,title_pdf_passage,936,154
7d5d566e7d9b,Design theory,9,title_pdf_passage,908,143
7d5d566e7d9b,Design theory,10,title_pdf_passage,924,136
7d5d566e7d9b,Design theory,11,title_pdf_passage,976,153
7d5d566e7d9b,Design theory,12,title_pdf_passage,887,135
7d6de5f94a84,Design Patterns,0,title_abstract,2268,321
7d6de5f94a84,Design Patterns,1,title_pdf_passage,510,73
7d6de5f94a84,Design Patterns,2,title_pdf_passage,995,141
7d6de5f94a84,Design Patterns,3,title_pdf_passage,1136,158
7d6de5f94a84,Design Patterns,4,title_pdf_passage,995,142
7d6de5f94a84,Design Patterns,5,title_pdf_passage,1119,152
7d6de5f94a84,Design Patterns,6,title_pdf_passage,486,61
7d6de5f94a84,Design Patterns,7,title_pdf_passage,968,138
7d6de5f94a84,Design Patterns,8,title_pdf_passage,720,100
7d6de5f94a84,Design Patterns,9,title_pdf_passage,795,109
7d6de5f94a84,Design Patterns,10,title_pdf_passage,971,131
7d6de5f94a84,Design Patterns,11,title_pdf_passage,865,130
7d6de5f94a84,Design Patterns,12,title_pdf_passage,977,145
81c74e1bcf00,Design knowledge,0,title_abstract,1505,192
81c74e1bcf00,Design knowledge,1,title_pdf_passage,672,92
81c74e1bcf00,Design knowledge,2,title_pdf_passage,1072,154
81c74e1bcf00,Design knowledge,3,title_pdf_passage,1017,125
81c74e1bcf00,Design knowledge,4,title_pdf_passage,1046,152
81c74e1bcf00,Design knowledge,5,title_pdf_passage,1127,154
81c74e1bcf00,Design knowledge,6,title_pdf_passage,1005,127
81c74e1bcf00,Design knowledge,7,title_pdf_passage,995,139
81c74e1bcf00,Design knowledge,8,title_pdf_passage,1002,129
81c74e1bcf00,Design knowledge,9,title_pdf_passage,1067,163
81c74e1bcf00,Design knowledge,10,title_pdf_passage,807,111
81c74e1bcf00,Design knowledge,11,title_pdf_passage,1162,155
81c74e1bcf00,Design knowledge,12,title_pdf_passage,1044,150
8391308bc194,Design theory,0,title_abstract,1185,171
8391308bc194,Design theory,1,title_pdf_passage,1170,162
8391308bc194,Design theory,2,title_pdf_passage,1012,141
8391308bc194,Design theory,3,title_pdf_passage,1081,149
8391308bc194,Design theory,4,title_pdf_passage,740,100
8391308bc194,Design theory,5,title_pdf_passage,1045,148
8391308bc194,Design theory,6,title_pdf_passage,1105,163
8391308bc194,Design theory,7,title_pdf_passage,959,137
8391308bc194,Design theory,8,title_pdf_passage,1193,187
8391308bc194,Design theory,9,title_pdf_passage,987,144
8391308bc194,Design theory,10,title_pdf_passage,1066,157
8391308bc194,Design theory,11,title_pdf_passage,1017,155
8391308bc194,Design theory,12,title_pdf_passage,433,57
84cf9697f69d,Design theory,0,title_abstract,1386,192
84cf9697f69d,Design theory,1,title_pdf_passage,1032,156
84cf9697f69d,Design theory,2,title_pdf_passage,461,72
84cf9697f69d,Design theory,3,title_pdf_passage,556,86
84cf9697f69d,Design theory,4,title_pdf_passage,482,77
84cf9697f69d,Design theory,5,title_pdf_passage,409,60
84cf9697f69d,Design theory,6,title_pdf_passage,757,113
84cf9697f69d,Design theory,7,title_pdf_passage,827,116
84cf9697f69d,Design theory,8,title_pdf_passage,842,126
84cf9697f69d,Design theory,9,title_pdf_passage,726,95
84cf9697f69d,Design theory,10,title_pdf_passage,642,95
84cf9697f69d,Design theory,11,title_pdf_passage,634,94
84cf9697f69d,Design theory,12,title_pdf_passage,648,98
858cd2d5608b,Design methods,0,title_abstract,1292,174
858cd2d5608b,Design methods,1,title_pdf_passage,816,114
858cd2d5608b,Design methods,2,title_pdf_passage,996,137
858cd2d5608b,Design methods,3,title_pdf_passage,915,125
858cd2d5608b,Design methods,4,title_pdf_passage,1134,156
858cd2d5608b,Design methods,5,title_pdf_passage,987,130
858cd2d5608b,Design methods,6,title_pdf_passage,918,134
858cd2d5608b,Design methods,7,title_pdf_passage,438,59
858cd2d5608b,Design methods,8,title_pdf_passage,1016,139
858cd2d5608b,Design methods,9,title_pdf_passage,937,125
858cd2d5608b,Design methods,10,title_pdf_passage,964,128
858cd2d5608b,Design methods,11,title_pdf_passage,1078,141
858cd2d5608b,Design methods,12,title_pdf_passage,840,119
86405f99f015,Design theory,0,title_abstract,1324,187
86405f99f015,Design theory,1,title_pdf_passage,941,130
86405f99f015,Design theory,2,title_pdf_passage,970,135
86405f99f015,Design theory,3,title_pdf_passage,970,143
86405f99f015,Design theory,4,title_pdf_passage,965,131
86405f99f015,Design theory,5,title_pdf_passage,940,118
86405f99f015,Design theory,6,title_pdf_passage,932,131
86405f99f015,Design theory,7,title_pdf_passage,898,130
86405f99f015,Design theory,8,title_pdf_passage,975,139
86405f99f015,Design theory,9,title_pdf_passage,1039,161
86405f99f015,Design theory,10,title_pdf_passage,1003,143
86405f99f015,Design theory,11,title_pdf_passage,884,126
86405f99f015,Design theory,12,title_pdf_passage,1039,138
86f2cddcc51d,Design knowledge,0,title_abstract,1153,151
86f2cddcc51d,Design knowledge,1,title_pdf_passage,923,122
86f2cddcc51d,Design knowledge,2,title_pdf_passage,1151,163
86f2cddcc51d,Design knowledge,3,title_pdf_passage,1019,144
86f2cddcc51d,Design knowledge,4,title_pdf_passage,988,120
86f2cddcc51d,Design knowledge,5,title_pdf_passage,988,136
86f2cddcc51d,Design knowledge,6,title_pdf_passage,994,129
86f2cddcc51d,Design knowledge,7,title_pdf_passage,652,81
86f2cddcc51d,Design knowledge,8,title_pdf_passage,637,84
86f2cddcc51d,Design knowledge,9,title_pdf_passage,661,92
86f2cddcc51d,Design knowledge,10,title_pdf_passage,927,135
86f2cddcc51d,Design knowledge,11,title_pdf_passage,566,79
86f2cddcc51d,Design knowledge,12,title_pdf_passage,997,137
87713959435f,Design methods,0,title_abstract,3866,557
87713959435f,Design methods,1,title_pdf_passage,1216,181
87713959435f,Design methods,2,title_pdf_passage,1054,153
87713959435f,Design methods,3,title_pdf_passage,992,142
87713959435f,Design methods,4,title_pdf_passage,964,133
87713959435f,Design methods,5,title_pdf_passage,1286,193
87713959435f,Design methods,6,title_pdf_passage,982,139
87713959435f,Design methods,7,title_pdf_passage,1164,160
87713959435f,Design methods,8,title_pdf_passage,880,130
87713959435f,Design methods,9,title_pdf_passage,1213,192
87713959435f,Design methods,10,title_pdf_passage,943,146
87713959435f,Design methods,11,title_pdf_passage,1024,150
87713959435f,Design methods,12,title_pdf_passage,1063,152
877ae1e561a7,Design Patterns,0,title_abstract,1854,237
877ae1e561a7,Design Patterns,1,title_pdf_passage,1312,160
877ae1e561a7,Design Patterns,2,title_pdf_passage,378,48
877ae1e561a7,Design Patterns,3,title_pdf_passage,525,71
877ae1e561a7,Design Patterns,4,title_pdf_passage,1090,137
877ae1e561a7,Design Patterns,5,title_pdf_passage,1043,141
877ae1e561a7,Design Patterns,6,title_pdf_passage,1271,150
877ae1e561a7,Design Patterns,7,title_pdf_passage,1036,131
877ae1e561a7,Design Patterns,8,title_pdf_passage,1049,133
877ae1e561a7,Design Patterns,9,title_pdf_passage,772,102
877ae1e561a7,Design Patterns,10,title_pdf_passage,1089,141
877ae1e561a7,Design Patterns,11,title_pdf_passage,1073,149
877ae1e561a7,Design Patterns,12,title_pdf_passage,355,51
87b61e77d082,Design Patterns,0,title_abstract,758,100
87b61e77d082,Design Patterns,1,title_pdf_passage,884,123
87b61e77d082,Design Patterns,2,title_pdf_passage,1004,154
87b61e77d082,Design Patterns,3,title_pdf_passage,896,137
87b61e77d082,Design Patterns,4,title_pdf_passage,623,87
87b61e77d082,Design Patterns,5,title_pdf_passage,420,58
87b61e77d082,Design Patterns,6,title_pdf_passage,1091,154
87b61e77d082,Design Patterns,7,title_pdf_passage,911,128
87b61e77d082,Design Patterns,8,title_pdf_passage,481,66
87b61e77d082,Design Patterns,9,title_pdf_passage,833,126
87b61e77d082,Design Patterns,10,title_pdf_passage,302,47
87b61e77d082,Design Patterns,11,title_pdf_passage,930,139
87b61e77d082,Design Patterns,12,title_pdf_passage,573,58
87c5da85b30a,Design Patterns,0,title_abstract,1176,170
87c5da85b30a,Design Patterns,1,title_pdf_passage,366,48
87c5da85b30a,Design Patterns,2,title_pdf_passage,925,129
87c5da85b30a,Design Patterns,3,title_pdf_passage,1047,147
87c5da85b30a,Design Patterns,4,title_pdf_passage,961,144
87c5da85b30a,Design Patterns,5,title_pdf_passage,1174,168
87c5da85b30a,Design Patterns,6,title_pdf_passage,1111,161
87c5da85b30a,Design Patterns,7,title_pdf_passage,1071,156
87c5da85b30a,Design Patterns,8,title_pdf_passage,1048,156
87c5da85b30a,Design Patterns,9,title_pdf_passage,1069,153
87c5da85b30a,Design Patterns,10,title_pdf_passage,989,139
87c5da85b30a,Design Patterns,11,title_pdf_passage,491,74
87c5da85b30a,Design Patterns,12,title_pdf_passage,1036,144
8969406d81c9,Design theory,0,title_abstract,1291,180
8969406d81c9,Design theory,1,title_pdf_passage,713,104
8969406d81c9,Design theory,2,title_pdf_passage,1237,154
8969406d81c9,Design theory,3,title_pdf_passage,947,121
8969406d81c9,Design theory,4,title_pdf_passage,1165,169
8969406d81c9,Design theory,5,title_pdf_passage,969,124
8969406d81c9,Design theory,6,title_pdf_passage,955,146
8969406d81c9,Design theory,7,title_pdf_passage,1054,142
8969406d81c9,Design theory,8,title_pdf_passage,858,116
8969406d81c9,Design theory,9,title_pdf_passage,1059,144
8969406d81c9,Design theory,10,title_pdf_passage,948,130
8969406d81c9,Design theory,11,title_pdf_passage,988,131
8969406d81c9,Design theory,12,title_pdf_passage,1069,154
8a4fa21e354d,Design knowledge,0,title_abstract,2587,327
8a4fa21e354d,Design knowledge,1,title_pdf_passage,997,103
8a4fa21e354d,Design knowledge,2,title_pdf_passage,984,95
8a4fa21e354d,Design knowledge,3,title_pdf_passage,643,52
8a4fa21e354d,Design knowledge,4,title_pdf_passage,1030,91
8a4fa21e354d,Design knowledge,5,title_pdf_passage,958,62
8a4fa21e354d,Design knowledge,6,title_pdf_passage,841,78
8a4fa21e354d,Design knowledge,7,title_pdf_passage,1010,123
8a4fa21e354d,Design knowledge,8,title_pdf_passage,779,100
8a4fa21e354d,Design knowledge,9,title_pdf_passage,1140,149
8bb42e8202f8,Design theory,0,title_abstract,666,98
8bb42e8202f8,Design theory,1,title_pdf_passage,410,51
8bb42e8202f8,Design theory,2,title_pdf_passage,569,79
8bb42e8202f8,Design theory,3,title_pdf_passage,1118,159
8bb42e8202f8,Design theory,4,title_pdf_passage,497,71
8bb42e8202f8,Design theory,5,title_pdf_passage,943,140
8bb42e8202f8,Design theory,6,title_pdf_passage,609,80
8bb42e8202f8,Design theory,7,title_pdf_passage,957,126
8bb42e8202f8,Design theory,8,title_pdf_passage,991,149
8bb42e8202f8,Design theory,9,title_pdf_passage,1036,149
8bb42e8202f8,Design theory,10,title_pdf_passage,1004,143
8bb42e8202f8,Design theory,11,title_pdf_passage,1042,149
8bb42e8202f8,Design theory,12,title_pdf_passage,452,70
8e0dfec2492d,Design Patterns,0,title_abstract,1710,257
8e0dfec2492d,Design Patterns,1,title_pdf_passage,987,153
8e0dfec2492d,Design Patterns,2,title_pdf_passage,1048,160
8e0dfec2492d,Design Patterns,3,title_pdf_passage,934,134
8e0dfec2492d,Design Patterns,4,title_pdf_passage,339,50
8e0dfec2492d,Design Patterns,5,title_pdf_passage,890,127
8e0dfec2492d,Design Patterns,6,title_pdf_passage,964,145
8e0dfec2492d,Design Patterns,7,title_pdf_passage,600,89
8e0dfec2492d,Design Patterns,8,title_pdf_passage,976,150
8e0dfec2492d,Design Patterns,9,title_pdf_passage,861,136
8e0dfec2492d,Design Patterns,10,title_pdf_passage,373,54
8e0dfec2492d,Design Patterns,11,title_pdf_passage,884,122
8e0dfec2492d,Design Patterns,12,title_pdf_passage,990,144
90b3e6bb765d,Design principles,0,title_abstract,949,126
90b3e6bb765d,Design principles,1,title_pdf_passage,507,61
90b3e6bb765d,Design principles,2,title_pdf_passage,1148,162
90b3e6bb765d,Design principles,3,title_pdf_passage,1340,184
90b3e6bb765d,Design principles,4,title_pdf_passage,1135,150
90b3e6bb765d,Design principles,5,title_pdf_passage,936,132
90b3e6bb765d,Design principles,6,title_pdf_passage,1038,143
90b3e6bb765d,Design principles,7,title_pdf_passage,952,108
90b3e6bb765d,Design principles,8,title_pdf_passage,1134,144
90b3e6bb765d,Design principles,9,title_pdf_passage,1332,153
90b3e6bb765d,Design principles,10,title_pdf_passage,470,58
90b3e6bb765d,Design principles,11,title_pdf_passage,619,84
90b3e6bb765d,Design principles,12,title_pdf_passage,983,139
9308054f3e8a,Design Patterns,0,title_abstract,967,130
9308054f3e8a,Design Patterns,1,title_pdf_passage,487,56
9308054f3e8a,Design Patterns,2,title_pdf_passage,893,128
9308054f3e8a,Design Patterns,3,title_pdf_passage,1040,154
9308054f3e8a,Design Patterns,4,title_pdf_passage,1143,150
9308054f3e8a,Design Patterns,5,title_pdf_passage,1142,157
9308054f3e8a,Design Patterns,6,title_pdf_passage,1190,169
9308054f3e8a,Design Patterns,7,title_pdf_passage,993,131
9308054f3e8a,Design Patterns,8,title_pdf_passage,1057,145
9308054f3e8a,Design Patterns,9,title_pdf_passage,1041,144
9308054f3e8a,Design Patterns,10,title_pdf_passage,1122,148
9308054f3e8a,Design Patterns,11,title_pdf_passage,1107,153
9308054f3e8a,Design Patterns,12,title_pdf_passage,814,116
9378a46b93c6,Design knowledge,0,title_abstract,1233,179
9378a46b93c6,Design knowledge,1,title_pdf_passage,1147,165
9378a46b93c6,Design knowledge,2,title_pdf_passage,870,121
9378a46b93c6,Design knowledge,3,title_pdf_passage,955,138
9378a46b93c6,Design knowledge,4,title_pdf_passage,1160,166
9378a46b93c6,Design knowledge,5,title_pdf_passage,1061,148
9378a46b93c6,Design knowledge,6,title_pdf_passage,997,150
9378a46b93c6,Design knowledge,7,title_pdf_passage,758,102
9378a46b93c6,Design knowledge,8,title_pdf_passage,1201,168
9378a46b93c6,Design knowledge,9,title_pdf_passage,749,112
9378a46b93c6,Design knowledge,10,title_pdf_passage,979,149
9378a46b93c6,Design knowledge,11,title_pdf_passage,1089,152
9378a46b93c6,Design knowledge,12,title_pdf_passage,1048,163
9381fc58f61b,Design theory,0,title_abstract,1363,187
9381fc58f61b,Design theory,1,title_pdf_passage,1023,153
9381fc58f61b,Design theory,2,title_pdf_passage,1094,161
9381fc58f61b,Design theory,3,title_pdf_passage,1212,165
9381fc58f61b,Design theory,4,title_pdf_passage,983,153
9381fc58f61b,Design theory,5,title_pdf_passage,955,141
9381fc58f61b,Design theory,6,title_pdf_passage,809,119
9381fc58f61b,Design theory,7,title_pdf_passage,1008,149
9381fc58f61b,Design theory,8,title_pdf_passage,1048,152
9381fc58f61b,Design theory,9,title_pdf_passage,1086,167
9381fc58f61b,Design theory,10,title_pdf_passage,980,145
9381fc58f61b,Design theory,11,title_pdf_passage,959,138
9381fc58f61b,Design theory,12,title_pdf_passage,1010,158
93c5c97a0a92,Design expertise,0,title_abstract,1157,143
93c5c97a0a92,Design expertise,1,title_pdf_passage,1039,128
93c5c97a0a92,Design expertise,2,title_pdf_passage,985,118
93c5c97a0a92,Design expertise,3,title_pdf_passage,1045,134
93c5c97a0a92,Design expertise,4,title_pdf_passage,1116,144
93c5c97a0a92,Design expertise,5,title_pdf_passage,1321,161
93c5c97a0a92,Design expertise,6,title_pdf_passage,976,110
93c5c97a0a92,Design expertise,7,title_pdf_passage,1036,131
93c5c97a0a92,Design expertise,8,title_pdf_passage,993,129
93c5c97a0a92,Design expertise,9,title_pdf_passage,966,121
93c5c97a0a92,Design expertise,10,title_pdf_passage,999,136
93c5c97a0a92,Design expertise,11,title_pdf_passage,514,59
93c5c97a0a92,Design expertise,12,title_pdf_passage,985,127
96ed07ad56c0,Design expertise,0,title_abstract,927,138
96ed07ad56c0,Design expertise,1,title_pdf_passage,1024,152
96ed07ad56c0,Design expertise,2,title_pdf_passage,1033,149
96ed07ad56c0,Design expertise,3,title_pdf_passage,952,135
96ed07ad56c0,Design expertise,4,title_pdf_passage,971,150
96ed07ad56c0,Design expertise,5,title_pdf_passage,988,158
96ed07ad56c0,Design expertise,6,title_pdf_passage,1137,175
96ed07ad56c0,Design expertise,7,title_pdf_passage,1118,168
96ed07ad56c0,Design expertise,8,title_pdf_passage,1103,158
96ed07ad56c0,Design expertise,9,title_pdf_passage,959,139
96ed07ad56c0,Design expertise,10,title_pdf_passage,1171,169
96ed07ad56c0,Design expertise,11,title_pdf_passage,646,94
96ed07ad56c0,Design expertise,12,title_pdf_passage,747,83
96f09212f1ba,Design rationale,0,title_abstract,686,83
96f09212f1ba,Design rationale,1,title_pdf_passage,1115,144
96f09212f1ba,Design rationale,2,title_pdf_passage,354,47
96f09212f1ba,Design rationale,3,title_pdf_passage,1248,177
96f09212f1ba,Design rationale,4,title_pdf_passage,984,138
96f09212f1ba,Design rationale,5,title_pdf_passage,932,130
96f09212f1ba,Design rationale,6,title_pdf_passage,1110,148
96f09212f1ba,Design rationale,7,title_pdf_passage,1192,166
96f09212f1ba,Design rationale,8,title_pdf_passage,1034,140
96f09212f1ba,Design rationale,9,title_pdf_passage,1096,166
96f09212f1ba,Design rationale,10,title_pdf_passage,1365,190
96f09212f1ba,Design rationale,11,title_pdf_passage,1025,149
96f09212f1ba,Design rationale,12,title_pdf_passage,707,103
97b253588409,Design theory,0,title_abstract,597,90
97b253588409,Design theory,1,title_pdf_passage,979,101
97b253588409,Design theory,2,title_pdf_passage,1176,156
97b253588409,Design theory,3,title_pdf_passage,1101,155
97b253588409,Design theory,4,title_pdf_passage,986,133
97b253588409,Design theory,5,title_pdf_passage,967,126
97b253588409,Design theory,6,title_pdf_passage,1073,143
97b253588409,Design theory,7,title_pdf_passage,1002,122
97b253588409,Design theory,8,title_pdf_passage,843,105
97b253588409,Design theory,9,title_pdf_passage,967,142
97b253588409,Design theory,10,title_pdf_passage,931,115
97b253588409,Design theory,11,title_pdf_passage,613,76
97b253588409,Design theory,12,title_pdf_passage,1069,113
97b32465f821,Design Procedures,0,title_abstract,793,106
97b32465f821,Design Procedures,1,title_pdf_passage,942,133
97b32465f821,Design Procedures,2,title_pdf_passage,985,147
97b32465f821,Design Procedures,3,title_pdf_passage,921,133
97b32465f821,Design Procedures,4,title_pdf_passage,650,89
97b32465f821,Design Procedures,5,title_pdf_passage,984,139
97b32465f821,Design Procedures,6,title_pdf_passage,971,144
97b32465f821,Design Procedures,7,title_pdf_passage,384,55
97b32465f821,Design Procedures,8,title_pdf_passage,879,110
97b32465f821,Design Procedures,9,title_pdf_passage,385,52
97b32465f821,Design Procedures,10,title_pdf_passage,925,112
97b32465f821,Design Procedures,11,title_pdf_passage,923,102
97b32465f821,Design Procedures,12,title_pdf_passage,1043,114
9e71c6e0b826,Design theory,0,title_abstract,927,118
9e71c6e0b826,Design theory,1,title_pdf_passage,973,132
9e71c6e0b826,Design theory,2,title_pdf_passage,1230,168
9e71c6e0b826,Design theory,3,title_pdf_passage,950,123
9e71c6e0b826,Design theory,4,title_pdf_passage,1085,160
9e71c6e0b826,Design theory,5,title_pdf_passage,1040,159
9e71c6e0b826,Design theory,6,title_pdf_passage,1072,150
9e71c6e0b826,Design theory,7,title_pdf_passage,1041,150
9e71c6e0b826,Design theory,8,title_pdf_passage,1002,141
9e71c6e0b826,Design theory,9,title_pdf_passage,1070,136
9e71c6e0b826,Design theory,10,title_pdf_passage,1162,156
9e71c6e0b826,Design theory,11,title_pdf_passage,677,89
9e71c6e0b826,Design theory,12,title_pdf_passage,974,131
a14565cde772,Design knowledge,0,title_abstract,1375,201
a14565cde772,Design knowledge,1,title_pdf_passage,751,113
a14565cde772,Design knowledge,2,title_pdf_passage,980,145
a14565cde772,Design knowledge,3,title_pdf_passage,1092,156
a14565cde772,Design knowledge,4,title_pdf_passage,386,51
a14565cde772,Design knowledge,5,title_pdf_passage,1007,140
a14565cde772,Design knowledge,6,title_pdf_passage,1284,178
a14565cde772,Design knowledge,7,title_pdf_passage,967,142
a14565cde772,Design knowledge,8,title_pdf_passage,1008,155
a14565cde772,Design knowledge,9,title_pdf_passage,380,57
a14565cde772,Design knowledge,10,title_pdf_passage,951,132
a14565cde772,Design knowledge,11,title_pdf_passage,959,158
a14565cde772,Design knowledge,12,title_pdf_passage,1026,160
a1ccc16dab98,Design knowledge,0,title_abstract,4510,593
a1ccc16dab98,Design knowledge,1,title_pdf_passage,519,61
a1ccc16dab98,Design knowledge,2,title_pdf_passage,1068,148
a1ccc16dab98,Design knowledge,3,title_pdf_passage,1104,149
a1ccc16dab98,Design knowledge,4,title_pdf_passage,1165,154
a1ccc16dab98,Design knowledge,5,title_pdf_passage,1090,147
a1ccc16dab98,Design knowledge,6,title_pdf_passage,365,46
a1ccc16dab98,Design knowledge,7,title_pdf_passage,462,56
a1ccc16dab98,Design knowledge,8,title_pdf_passage,971,112
a1ccc16dab98,Design knowledge,9,title_pdf_passage,596,69
a1ccc16dab98,Design knowledge,10,title_pdf_passage,676,73
a1ccc16dab98,Design knowledge,11,title_pdf_passage,919,102
a1ccc16dab98,Design knowledge,12,title_pdf_passage,988,108
a200b553056c,Design knowledge,0,title_abstract,1598,235
a200b553056c,Design knowledge,1,title_pdf_passage,957,152
a200b553056c,Design knowledge,2,title_pdf_passage,1003,150
a200b553056c,Design knowledge,3,title_pdf_passage,1133,154
a200b553056c,Design knowledge,4,title_pdf_passage,947,129
a200b553056c,Design knowledge,5,title_pdf_passage,936,142
a200b553056c,Design knowledge,6,title_pdf_passage,936,141
a200b553056c,Design knowledge,7,title_pdf_passage,1095,146
a200b553056c,Design knowledge,8,title_pdf_passage,981,140
a200b553056c,Design knowledge,9,title_pdf_passage,973,142
a200b553056c,Design knowledge,10,title_pdf_passage,1098,172
a200b553056c,Design knowledge,11,title_pdf_passage,885,129
a200b553056c,Design knowledge,12,title_pdf_passage,1031,152
a223dfc7b9a8,Design Patterns,0,title_abstract,834,118
a223dfc7b9a8,Design Patterns,1,title_pdf_passage,1210,163
a223dfc7b9a8,Design Patterns,2,title_pdf_passage,1177,173
a223dfc7b9a8,Design Patterns,3,title_pdf_passage,1151,164
a223dfc7b9a8,Design Patterns,4,title_pdf_passage,752,99
a223dfc7b9a8,Design Patterns,5,title_pdf_passage,496,75
a223dfc7b9a8,Design Patterns,6,title_pdf_passage,900,135
a223dfc7b9a8,Design Patterns,7,title_pdf_passage,1007,149
a223dfc7b9a8,Design Patterns,8,title_pdf_passage,956,147
a223dfc7b9a8,Design Patterns,9,title_pdf_passage,800,121
a223dfc7b9a8,Design Patterns,10,title_pdf_passage,1261,172
a223dfc7b9a8,Design Patterns,11,title_pdf_passage,987,139
a223dfc7b9a8,Design Patterns,12,title_pdf_passage,1027,154
a47956c54fb0,Design theory,0,title_abstract,1783,255
a47956c54fb0,Design theory,1,title_pdf_passage,530,77
a47956c54fb0,Design theory,2,title_pdf_passage,593,82
a47956c54fb0,Design theory,3,title_pdf_passage,554,77
a47956c54fb0,Design theory,4,title_pdf_passage,691,100
a47956c54fb0,Design theory,5,title_pdf_passage,929,124
a47956c54fb0,Design theory,6,title_pdf_passage,509,69
a47956c54fb0,Design theory,7,title_pdf_passage,1011,148
a47956c54fb0,Design theory,8,title_pdf_passage,401,54
a47956c54fb0,Design theory,9,title_pdf_passage,693,95
a47956c54fb0,Design theory,10,title_pdf_passage,931,141
a47956c54fb0,Design theory,11,title_pdf_passage,953,130
a47956c54fb0,Design theory,12,title_pdf_passage,567,79
a4ef5e43da80,Design knowledge,0,title_abstract,1088,160
a4ef5e43da80,Design knowledge,1,title_pdf_passage,561,66
a4ef5e43da80,Design knowledge,2,title_pdf_passage,1091,155
a4ef5e43da80,Design knowledge,3,title_pdf_passage,987,147
a4ef5e43da80,Design knowledge,4,title_pdf_passage,975,144
a4ef5e43da80,Design knowledge,5,title_pdf_passage,1192,164
a4ef5e43da80,Design knowledge,6,title_pdf_passage,407,56
a4ef5e43da80,Design knowledge,7,title_pdf_passage,985,138
a4ef5e43da80,Design knowledge,8,title_pdf_passage,1227,175
a4ef5e43da80,Design knowledge,9,title_pdf_passage,1112,170
a4ef5e43da80,Design knowledge,10,title_pdf_passage,1173,173
a4ef5e43da80,Design knowledge,11,title_pdf_passage,632,95
a4ef5e43da80,Design knowledge,12,title_pdf_passage,988,147
a779c321ee06,Design Patterns,0,title_abstract,1238,155
a779c321ee06,Design Patterns,1,title_pdf_passage,435,54
a779c321ee06,Design Patterns,2,title_pdf_passage,909,121
a779c321ee06,Design Patterns,3,title_pdf_passage,400,56
a779c321ee06,Design Patterns,4,title_pdf_passage,650,103
a779c321ee06,Design Patterns,5,title_pdf_passage,744,119
a779c321ee06,Design Patterns,6,title_pdf_passage,900,132
a779c321ee06,Design Patterns,7,title_pdf_passage,449,56
a779c321ee06,Design Patterns,8,title_pdf_passage,665,99
a779c321ee06,Design Patterns,9,title_pdf_passage,902,131
a779c321ee06,Design Patterns,10,title_pdf_passage,916,136
a779c321ee06,Design Patterns,11,title_pdf_passage,584,83
a779c321ee06,Design Patterns,12,title_pdf_passage,1090,146
a8b318749f73,Design knowledge,0,title_abstract,646,85
a8b318749f73,Design knowledge,1,title_pdf_passage,922,120
a8b318749f73,Design knowledge,2,title_pdf_passage,925,122
a8b318749f73,Design knowledge,3,title_pdf_passage,319,43
a8b318749f73,Design knowledge,4,title_pdf_passage,467,66
a8b318749f73,Design knowledge,5,title_pdf_passage,595,91
a8b318749f73,Design knowledge,6,title_pdf_passage,957,142
a8b318749f73,Design knowledge,7,title_pdf_passage,1047,147
a8b318749f73,Design knowledge,8,title_pdf_passage,1008,144
a8b318749f73,Design knowledge,9,title_pdf_passage,1118,151
a8b318749f73,Design knowledge,10,title_pdf_passage,409,52
a8b318749f73,Design knowledge,11,title_pdf_passage,1073,165
a8b318749f73,Design knowledge,12,title_pdf_passage,547,78
aea175ec1e11,Design Patterns,0,title_abstract,704,100
aea175ec1e11,Design Patterns,1,title_pdf_passage,901,135
aea175ec1e11,Design Patterns,2,title_pdf_passage,938,132
aea175ec1e11,Design Patterns,3,title_pdf_passage,1006,148
aea175ec1e11,Design Patterns,4,title_pdf_passage,1040,153
aea175ec1e11,Design Patterns,5,title_pdf_passage,1094,147
aea175ec1e11,Design Patterns,6,title_pdf_passage,972,137
aea175ec1e11,Design Patterns,7,title_pdf_passage,721,110
aea175ec1e11,Design Patterns,8,title_pdf_passage,503,74
aea175ec1e11,Design Patterns,9,title_pdf_passage,1009,140
aea175ec1e11,Design Patterns,10,title_pdf_passage,658,98
aea175ec1e11,Design Patterns,11,title_pdf_passage,913,143
aea175ec1e11,Design Patterns,12,title_pdf_passage,711,106
b3d7c30694e8,Design knowledge,0,title_abstract,643,92
b3d7c30694e8,Design knowledge,1,title_pdf_passage,943,135
b3d7c30694e8,Design knowledge,2,title_pdf_passage,1027,147
b3d7c30694e8,Design knowledge,3,title_pdf_passage,950,128
b3d7c30694e8,Design knowledge,4,title_pdf_passage,1035,157
b3d7c30694e8,Design knowledge,5,title_pdf_passage,1110,156
b3d7c30694e8,Design knowledge,6,title_pdf_passage,784,109
b3d7c30694e8,Design knowledge,7,title_pdf_passage,948,127
b3d7c30694e8,Design knowledge,8,title_pdf_passage,945,134
b3d7c30694e8,Design knowledge,9,title_pdf_passage,923,133
b3d7c30694e8,Design knowledge,10,title_pdf_passage,978,127
b3d7c30694e8,Design knowledge,11,title_pdf_passage,918,135
b3d7c30694e8,Design knowledge,12,title_pdf_passage,580,77
b5e00197bf29,Design knowledge,0,title_abstract,966,141
b5e00197bf29,Design knowledge,1,title_pdf_passage,358,49
b5e00197bf29,Design knowledge,2,title_pdf_passage,891,140
b5e00197bf29,Design knowledge,3,title_pdf_passage,976,139
b5e00197bf29,Design knowledge,4,title_pdf_passage,811,116
b5e00197bf29,Design knowledge,5,title_pdf_passage,964,149
b5e00197bf29,Design knowledge,6,title_pdf_passage,486,72
b5e00197bf29,Design knowledge,7,title_pdf_passage,951,125
b5e00197bf29,Design knowledge,8,title_pdf_passage,1012,145
b5e00197bf29,Design knowledge,9,title_pdf_passage,627,95
b5e00197bf29,Design knowledge,10,title_pdf_passage,969,139
b5e00197bf29,Design knowledge,11,title_pdf_passage,997,154
b5e00197bf29,Design knowledge,12,title_pdf_passage,950,144
b6f644351152,Design knowledge,0,title_abstract,1214,182
b6f644351152,Design knowledge,1,title_pdf_passage,960,130
b6f644351152,Design knowledge,2,title_pdf_passage,775,110
b6f644351152,Design knowledge,3,title_pdf_passage,1009,141
b6f644351152,Design knowledge,4,title_pdf_passage,1009,151
b6f644351152,Design knowledge,5,title_pdf_passage,460,66
b6f644351152,Design knowledge,6,title_pdf_passage,602,88
b6f644351152,Design knowledge,7,title_pdf_passage,1016,146
b6f644351152,Design knowledge,8,title_pdf_passage,715,109
b6f644351152,Design knowledge,9,title_pdf_passage,1068,165
b6f644351152,Design knowledge,10,title_pdf_passage,381,50
b6f644351152,Design knowledge,11,title_pdf_passage,1279,177
b6f644351152,Design knowledge,12,title_pdf_passage,1253,191
b7ba414dae37,Design knowledge,0,title_abstract,758,109
b7ba414dae37,Design knowledge,1,title_pdf_passage,1102,173
b7ba414dae37,Design knowledge,2,title_pdf_passage,714,97
b7ba414dae37,Design knowledge,3,title_pdf_passage,1122,156
b7ba414dae37,Design knowledge,4,title_pdf_passage,1195,177
b7ba414dae37,Design knowledge,5,title_pdf_passage,895,118
b7ba414dae37,Design knowledge,6,title_pdf_passage,1289,196
b7ba414dae37,Design knowledge,7,title_pdf_passage,989,144
b7ba414dae37,Design knowledge,8,title_pdf_passage,1101,160
b7ba414dae37,Design knowledge,9,title_pdf_passage,489,72
b7ba414dae37,Design knowledge,10,title_pdf_passage,1064,163
b7ba414dae37,Design knowledge,11,title_pdf_passage,1083,156
b7ba414dae37,Design knowledge,12,title_pdf_passage,641,94
b8c02b0994bd,Design methods,0,title_abstract,1127,160
b8c02b0994bd,Design methods,1,title_pdf_passage,949,126
b8c02b0994bd,Design methods,2,title_pdf_passage,958,145
b8c02b0994bd,Design methods,3,title_pdf_passage,992,153
b8c02b0994bd,Design methods,4,title_pdf_passage,848,122
b8c02b0994bd,Design methods,5,title_pdf_passage,369,51
b8c02b0994bd,Design methods,6,title_pdf_passage,1052,165
b8c02b0994bd,Design methods,7,title_pdf_passage,1020,138
b8c02b0994bd,Design methods,8,title_pdf_passage,1103,158
b8c02b0994bd,Design methods,9,title_pdf_passage,1081,161
b8c02b0994bd,Design methods,10,title_pdf_passage,716,109
b8c02b0994bd,Design methods,11,title_pdf_passage,1197,184
b8c02b0994bd,Design methods,12,title_pdf_passage,1066,163
b97dadb53877,Design Patterns,0,title_abstract,727,99
b97dadb53877,Design Patterns,1,title_pdf_passage,1017,149
b97dadb53877,Design Patterns,2,title_pdf_passage,1049,146
b97dadb53877,Design Patterns,3,title_pdf_passage,1158,161
b97dadb53877,Design Patterns,4,title_pdf_passage,1003,137
b97dadb53877,Design Patterns,5,title_pdf_passage,1001,143
b97dadb53877,Design Patterns,6,title_pdf_passage,1131,165
b97dadb53877,Design Patterns,7,title_pdf_passage,927,125
b97dadb53877,Design Patterns,8,title_pdf_passage,1032,148
b97dadb53877,Design Patterns,9,title_pdf_passage,1184,165
b97dadb53877,Design Patterns,10,title_pdf_passage,635,93
b97dadb53877,Design Patterns,11,title_pdf_passage,376,51
b97dadb53877,Design Patterns,12,title_pdf_passage,949,141
bb08fe1a5d09,Design Patterns,0,title_abstract,791,98
bb08fe1a5d09,Design Patterns,1,title_pdf_passage,1087,169
bb08fe1a5d09,Design Patterns,2,title_pdf_passage,1033,148
bb08fe1a5d09,Design Patterns,3,title_pdf_passage,1064,162
bb08fe1a5d09,Design Patterns,4,title_pdf_passage,1015,148
bb08fe1a5d09,Design Patterns,5,title_pdf_passage,887,124
bb08fe1a5d09,Design Patterns,6,title_pdf_passage,563,83
bb08fe1a5d09,Design Patterns,7,title_pdf_passage,278,41
bb08fe1a5d09,Design Patterns,8,title_pdf_passage,1049,155
bb08fe1a5d09,Design Patterns,9,title_pdf_passage,966,141
bb08fe1a5d09,Design Patterns,10,title_pdf_passage,896,122
bb08fe1a5d09,Design Patterns,11,title_pdf_passage,1128,169
bb08fe1a5d09,Design Patterns,12,title_pdf_passage,456,68
bd23ac0241ec,Design Heuristics,0,title_abstract,1130,144
bd23ac0241ec,Design Heuristics,1,title_pdf_passage,1104,145
bd23ac0241ec,Design Heuristics,2,title_pdf_passage,1169,160
bd23ac0241ec,Design Heuristics,3,title_pdf_passage,591,83
bd23ac0241ec,Design Heuristics,4,title_pdf_passage,991,129
bd23ac0241ec,Design Heuristics,5,title_pdf_passage,986,142
bd23ac0241ec,Design Heuristics,6,title_pdf_passage,987,124
bd23ac0241ec,Design Heuristics,7,title_pdf_passage,339,46
bd23ac0241ec,Design Heuristics,8,title_pdf_passage,647,86
bd23ac0241ec,Design Heuristics,9,title_pdf_passage,494,68
bd23ac0241ec,Design Heuristics,10,title_pdf_passage,1045,138
bd23ac0241ec,Design Heuristics,11,title_pdf_passage,953,130
bd23ac0241ec,Design Heuristics,12,title_pdf_passage,977,141
be4112c3c6af,Design knowledge,0,title_abstract,1137,154
be4112c3c6af,Design knowledge,1,title_pdf_passage,1088,143
be4112c3c6af,Design knowledge,2,title_pdf_passage,1117,151
be4112c3c6af,Design knowledge,3,title_pdf_passage,972,130
be4112c3c6af,Design knowledge,4,title_pdf_passage,1105,157
be4112c3c6af,Design knowledge,5,title_pdf_passage,768,101
be4112c3c6af,Design knowledge,6,title_pdf_passage,1120,138
be4112c3c6af,Design knowledge,7,title_pdf_passage,980,145
be4112c3c6af,Design knowledge,8,title_pdf_passage,1008,145
be4112c3c6af,Design knowledge,9,title_pdf_passage,986,134
be4112c3c6af,Design knowledge,10,title_pdf_passage,1106,140
be4112c3c6af,Design knowledge,11,title_pdf_passage,460,60
be4112c3c6af,Design knowledge,12,title_pdf_passage,986,135
be45dd819505,Design theory,0,title_abstract,872,115
be45dd819505,Design theory,1,title_pdf_passage,652,88
be45dd819505,Design theory,2,title_pdf_passage,1034,151
be45dd819505,Design theory,3,title_pdf_passage,1095,141
be45dd819505,Design theory,4,title_pdf_passage,922,140
be45dd819505,Design theory,5,title_pdf_passage,1092,144
be45dd819505,Design theory,6,title_pdf_passage,978,135
be45dd819505,Design theory,7,title_pdf_passage,987,144
be45dd819505,Design theory,8,title_pdf_passage,1022,151
be45dd819505,Design theory,9,title_pdf_passage,744,105
be45dd819505,Design theory,10,title_pdf_passage,911,95
be45dd819505,Design theory,11,title_pdf_passage,942,104
be45dd819505,Design theory,12,title_pdf_passage,1060,151
be51adc4b7cc,Design Patterns,0,title_abstract,1096,150
be51adc4b7cc,Design Patterns,1,title_pdf_passage,993,148
be51adc4b7cc,Design Patterns,2,title_pdf_passage,1004,147
be51adc4b7cc,Design Patterns,3,title_pdf_passage,1033,157
be51adc4b7cc,Design Patterns,4,title_pdf_passage,1000,140
be51adc4b7cc,Design Patterns,5,title_pdf_passage,950,138
be51adc4b7cc,Design Patterns,6,title_pdf_passage,603,88
be51adc4b7cc,Design Patterns,7,title_pdf_passage,1031,151
be51adc4b7cc,Design Patterns,8,title_pdf_passage,1016,160
be51adc4b7cc,Design Patterns,9,title_pdf_passage,1140,164
be51adc4b7cc,Design Patterns,10,title_pdf_passage,947,147
be51adc4b7cc,Design Patterns,11,title_pdf_passage,1140,188
be51adc4b7cc,Design Patterns,12,title_pdf_passage,395,62
bf1ef2949b3c,Design Patterns,0,title_abstract,1073,143
bf1ef2949b3c,Design Patterns,1,title_pdf_passage,1143,165
bf1ef2949b3c,Design Patterns,2,title_pdf_passage,596,89
bf1ef2949b3c,Design Patterns,3,title_pdf_passage,1015,152
bf1ef2949b3c,Design Patterns,4,title_pdf_passage,920,132
bf1ef2949b3c,Design Patterns,5,title_pdf_passage,1062,164
bf1ef2949b3c,Design Patterns,6,title_pdf_passage,958,153
bf1ef2949b3c,Design Patterns,7,title_pdf_passage,1414,217
bf1ef2949b3c,Design Patterns,8,title_pdf_passage,1035,151
bf1ef2949b3c,Design Patterns,9,title_pdf_passage,1111,164
bf1ef2949b3c,Design Patterns,10,title_pdf_passage,967,152
bf1ef2949b3c,Design Patterns,11,title_pdf_passage,932,151
bf1ef2949b3c,Design Patterns,12,title_pdf_passage,1051,160
bf31dda38b9e,Design theory,0,title_abstract,624,78
bf31dda38b9e,Design theory,1,title_pdf_passage,1115,140
bf31dda38b9e,Design theory,2,title_pdf_passage,539,71
bf31dda38b9e,Design theory,3,title_pdf_passage,1086,154
bf31dda38b9e,Design theory,4,title_pdf_passage,844,120
bf31dda38b9e,Design theory,5,title_pdf_passage,944,141
bf31dda38b9e,Design theory,6,title_pdf_passage,941,124
bf31dda38b9e,Design theory,7,title_pdf_passage,854,121
bf31dda38b9e,Design theory,8,title_pdf_passage,1130,152
bf31dda38b9e,Design theory,9,title_pdf_passage,603,74
bf31dda38b9e,Design theory,10,title_pdf_passage,752,104
bf31dda38b9e,Design theory,11,title_pdf_passage,528,78
bf31dda38b9e,Design theory,12,title_pdf_passage,676,100
bfff60a9512a,Design rationale,0,title_abstract,1463,189
bfff60a9512a,Design rationale,1,title_pdf_passage,994,136
bfff60a9512a,Design rationale,2,title_pdf_passage,929,128
bfff60a9512a,Design rationale,3,title_pdf_passage,1002,141
bfff60a9512a,Design rationale,4,title_pdf_passage,925,136
bfff60a9512a,Design rationale,5,title_pdf_passage,702,89
bfff60a9512a,Design rationale,6,title_pdf_passage,1010,129
bfff60a9512a,Design rationale,7,title_pdf_passage,966,102
bfff60a9512a,Design rationale,8,title_pdf_passage,890,117
bfff60a9512a,Design rationale,9,title_pdf_passage,896,119
bfff60a9512a,Design rationale,10,title_pdf_passage,1008,138
bfff60a9512a,Design rationale,11,title_pdf_passage,943,124
bfff60a9512a,Design rationale,12,title_pdf_passage,937,123
c1149e306456,Design methods,0,title_abstract,1535,221
c1149e306456,Design methods,1,title_pdf_passage,1023,141
c1149e306456,Design methods,2,title_pdf_passage,325,48
c1149e306456,Design methods,3,title_pdf_passage,970,133
c1149e306456,Design methods,4,title_pdf_passage,961,128
c1149e306456,Design methods,5,title_pdf_passage,1011,138
c1149e306456,Design methods,6,title_pdf_passage,966,139
c1149e306456,Design methods,7,title_pdf_passage,982,142
c1149e306456,Design methods,8,title_pdf_passage,1099,145
c1149e306456,Design methods,9,title_pdf_passage,892,114
c1149e306456,Design methods,10,title_pdf_passage,1030,141
c1149e306456,Design methods,11,title_pdf_passage,1056,148
c1149e306456,Design methods,12,title_pdf_passage,985,140
c12e86da6f5e,Design rationale,0,title_abstract,909,135
c12e86da6f5e,Design rationale,1,title_pdf_passage,1258,127
c12e86da6f5e,Design rationale,2,title_pdf_passage,1034,121
c12e86da6f5e,Design rationale,3,title_pdf_passage,1482,179
c12e86da6f5e,Design rationale,4,title_pdf_passage,978,118
c12e86da6f5e,Design rationale,5,title_pdf_passage,953,111
c12e86da6f5e,Design rationale,6,title_pdf_passage,644,66
c12e86da6f5e,Design rationale,7,title_pdf_passage,975,87
c12e86da6f5e,Design rationale,8,title_pdf_passage,979,128
c12e86da6f5e,Design rationale,9,title_pdf_passage,1212,139
c12e86da6f5e,Design rationale,10,title_pdf_passage,1111,114
c12e86da6f5e,Design rationale,11,title_pdf_passage,849,103
c12e86da6f5e,Design rationale,12,title_pdf_passage,1336,132
c1b4dc1ba8ba,Design theory,0,title_abstract,781,116
c1b4dc1ba8ba,Design theory,1,title_pdf_passage,1091,157
c1b4dc1ba8ba,Design theory,2,title_pdf_passage,1160,170
c1b4dc1ba8ba,Design theory,3,title_pdf_passage,1057,133
c1b4dc1ba8ba,Design theory,4,title_pdf_passage,1033,147
c1b4dc1ba8ba,Design theory,5,title_pdf_passage,1068,163
c1b4dc1ba8ba,Design theory,6,title_pdf_passage,1098,159
c1b4dc1ba8ba,Design theory,7,title_pdf_passage,1167,169
c1b4dc1ba8ba,Design theory,8,title_pdf_passage,665,98
c1b4dc1ba8ba,Design theory,9,title_pdf_passage,971,126
c1b4dc1ba8ba,Design theory,10,title_pdf_passage,852,133
c1b4dc1ba8ba,Design theory,11,title_pdf_passage,939,137
c1b4dc1ba8ba,Design theory,12,title_pdf_passage,972,146
c403cb52fbf7,Design theory,0,title_abstract,1633,204
c403cb52fbf7,Design theory,1,title_pdf_passage,1026,72
c403cb52fbf7,Design theory,2,title_pdf_passage,1020,116
c403cb52fbf7,Design theory,3,title_pdf_passage,799,91
c403cb52fbf7,Design theory,4,title_pdf_passage,1261,138
c403cb52fbf7,Design theory,5,title_pdf_passage,1170,142
c403cb52fbf7,Design theory,6,title_pdf_passage,529,64
c403cb52fbf7,Design theory,7,title_pdf_passage,1062,115
c403cb52fbf7,Design theory,8,title_pdf_passage,490,60
c403cb52fbf7,Design theory,9,title_pdf_passage,856,98
c403cb52fbf7,Design theory,10,title_pdf_passage,1139,136
c403cb52fbf7,Design theory,11,title_pdf_passage,1044,108
c403cb52fbf7,Design theory,12,title_pdf_passage,1155,141
c6c22fc10c10,Design principles,0,title_abstract,984,146
c6c22fc10c10,Design principles,1,title_pdf_passage,635,90
c6c22fc10c10,Design principles,2,title_pdf_passage,1115,157
c6c22fc10c10,Design principles,3,title_pdf_passage,298,44
c6c22fc10c10,Design principles,4,title_pdf_passage,1154,165
c6c22fc10c10,Design principles,5,title_pdf_passage,1044,155
c6c22fc10c10,Design principles,6,title_pdf_passage,983,151
c6c22fc10c10,Design principles,7,title_pdf_passage,992,133
c6c22fc10c10,Design principles,8,title_pdf_passage,1084,150
c6c22fc10c10,Design principles,9,title_pdf_passage,1080,164
c6c22fc10c10,Design principles,10,title_pdf_passage,960,148
c6c22fc10c10,Design principles,11,title_pdf_passage,1123,171
c6c22fc10c10,Design principles,12,title_pdf_passage,966,140
c6dce869a98c,Design rationale,0,title_abstract,1388,190
c6dce869a98c,Design rationale,1,title_pdf_passage,937,123
c6dce869a98c,Design rationale,2,title_pdf_passage,966,149
c6dce869a98c,Design rationale,3,title_pdf_passage,637,97
c6dce869a98c,Design rationale,4,title_pdf_passage,481,60
c6dce869a98c,Design rationale,5,title_pdf_passage,1071,143
c6dce869a98c,Design rationale,6,title_pdf_passage,978,112
c6dce869a98c,Design rationale,7,title_pdf_passage,776,125
c6dce869a98c,Design rationale,8,title_pdf_passage,764,127
c6dce869a98c,Design rationale,9,title_pdf_passage,932,132
c6dce869a98c,Design rationale,10,title_pdf_passage,985,129
c6dce869a98c,Design rationale,11,title_pdf_passage,820,118
c6dce869a98c,Design rationale,12,title_pdf_passage,1068,155
ca1427a57062,Design knowledge,0,title_abstract,2037,298
ca1427a57062,Design knowledge,1,title_pdf_passage,1094,156
ca1427a57062,Design knowledge,2,title_pdf_passage,1160,169
ca1427a57062,Design knowledge,3,title_pdf_passage,1058,156
ca1427a57062,Design knowledge,4,title_pdf_passage,814,124
ca1427a57062,Design knowledge,5,title_pdf_passage,734,112
ca1427a57062,Design knowledge,6,title_pdf_passage,1118,161
ca1427a57062,Design knowledge,7,title_pdf_passage,1042,145
ca1427a57062,Design knowledge,8,title_pdf_passage,470,63
ca1427a57062,Design knowledge,9,title_pdf_passage,917,130
ca1427a57062,Design knowledge,10,title_pdf_passage,1022,141
ca1427a57062,Design knowledge,11,title_pdf_passage,1158,167
ca1427a57062,Design knowledge,12,title_pdf_passage,600,94
ca409db2dd49,Design theory,0,title_abstract,615,85
ca409db2dd49,Design theory,1,title_pdf_passage,937,119
ca409db2dd49,Design theory,2,title_pdf_passage,647,95
ca409db2dd49,Design theory,3,title_pdf_passage,801,115
ca409db2dd49,Design theory,4,title_pdf_passage,797,105
ca409db2dd49,Design theory,5,title_pdf_passage,710,112
ca409db2dd49,Design theory,6,title_pdf_passage,1005,137
ca409db2dd49,Design theory,7,title_pdf_passage,1011,158
ca409db2dd49,Design theory,8,title_pdf_passage,1156,180
ca409db2dd49,Design theory,9,title_pdf_passage,711,99
ca409db2dd49,Design theory,10,title_pdf_passage,724,104
ca4fa896aabc,Design Patterns,0,title_abstract,1105,156
ca4fa896aabc,Design Patterns,1,title_pdf_passage,365,51
ca4fa896aabc,Design Patterns,2,title_pdf_passage,780,115
ca4fa896aabc,Design Patterns,3,title_pdf_passage,382,56
ca4fa896aabc,Design Patterns,4,title_pdf_passage,1016,137
ca4fa896aabc,Design Patterns,5,title_pdf_passage,1228,165
ca4fa896aabc,Design Patterns,6,title_pdf_passage,774,110
ca4fa896aabc,Design Patterns,7,title_pdf_passage,545,79
ca4fa896aabc,Design Patterns,8,title_pdf_passage,334,51
ca4fa896aabc,Design Patterns,9,title_pdf_passage,1002,139
ca4fa896aabc,Design Patterns,10,title_pdf_passage,946,131
ca4fa896aabc,Design Patterns,11,title_pdf_passage,1232,172
ca4fa896aabc,Design Patterns,12,title_pdf_passage,746,105
ce5d2c17f94f,Design frameworks,0,title_abstract,1082,150
ce5d2c17f94f,Design frameworks,1,title_pdf_passage,970,135
ce5d2c17f94f,Design frameworks,2,title_pdf_passage,1044,162
ce5d2c17f94f,Design frameworks,3,title_pdf_passage,1046,160
ce5d2c17f94f,Design frameworks,4,title_pdf_passage,1084,167
ce5d2c17f94f,Design frameworks,5,title_pdf_passage,638,100
ce5d2c17f94f,Design frameworks,6,title_pdf_passage,1017,145
ce5d2c17f94f,Design frameworks,7,title_pdf_passage,906,132
ce5d2c17f94f,Design frameworks,8,title_pdf_passage,1161,169
ce5d2c17f94f,Design frameworks,9,title_pdf_passage,930,99
ce5d2c17f94f,Design frameworks,10,title_pdf_passage,999,146
ce5d2c17f94f,Design frameworks,11,title_pdf_passage,1013,147
ce5d2c17f94f,Design frameworks,12,title_pdf_passage,1144,171
ce6761927633,Design Patterns,0,title_abstract,6271,880
ce6761927633,Design Patterns,1,title_pdf_passage,1052,147
ce6761927633,Design Patterns,2,title_pdf_passage,969,150
ce6761927633,Design Patterns,3,title_pdf_passage,898,131
ce6761927633,Design Patterns,4,title_pdf_passage,1015,146
ce6761927633,Design Patterns,5,title_pdf_passage,1069,158
ce6761927633,Design Patterns,6,title_pdf_passage,775,121
ce6761927633,Design Patterns,7,title_pdf_passage,1363,197
ce6761927633,Design Patterns,8,title_pdf_passage,717,108
ce6761927633,Design Patterns,9,title_pdf_passage,983,154
ce6761927633,Design Patterns,10,title_pdf_passage,576,81
ce6761927633,Design Patterns,11,title_pdf_passage,1054,170
ce6761927633,Design Patterns,12,title_pdf_passage,1044,151
d012dd1ac1d7,Design Patterns,0,title_abstract,1107,159
d012dd1ac1d7,Design Patterns,1,title_pdf_passage,458,67
d012dd1ac1d7,Design Patterns,2,title_pdf_passage,864,133
d012dd1ac1d7,Design Patterns,3,title_pdf_passage,891,135
d012dd1ac1d7,Design Patterns,4,title_pdf_passage,391,61
d012dd1ac1d7,Design Patterns,5,title_pdf_passage,920,130
d012dd1ac1d7,Design Patterns,6,title_pdf_passage,992,145
d012dd1ac1d7,Design Patterns,7,title_pdf_passage,921,145
d012dd1ac1d7,Design Patterns,8,title_pdf_passage,440,62
d012dd1ac1d7,Design Patterns,9,title_pdf_passage,921,134
d012dd1ac1d7,Design Patterns,10,title_pdf_passage,498,76
d012dd1ac1d7,Design Patterns,11,title_pdf_passage,894,142
d012dd1ac1d7,Design Patterns,12,title_pdf_passage,798,119
d14d96f15e60,Design Patterns,0,title_abstract,1253,174
d14d96f15e60,Design Patterns,1,title_pdf_passage,1049,145
d14d96f15e60,Design Patterns,2,title_pdf_passage,1034,140
d14d96f15e60,Design Patterns,3,title_pdf_passage,981,130
d14d96f15e60,Design Patterns,4,title_pdf_passage,1259,169
d14d96f15e60,Design Patterns,5,title_pdf_passage,1040,131
d14d96f15e60,Design Patterns,6,title_pdf_passage,1124,155
d14d96f15e60,Design Patterns,7,title_pdf_passage,620,83
d14d96f15e60,Design Patterns,8,title_pdf_passage,1226,167
d14d96f15e60,Design Patterns,9,title_pdf_passage,1036,145
d14d96f15e60,Design Patterns,10,title_pdf_passage,997,140
d14d96f15e60,Design Patterns,11,title_pdf_passage,1019,135
d14d96f15e60,Design Patterns,12,title_pdf_passage,983,133
d1e78ef0032e,Design Patterns,0,title_abstract,996,140
d1e78ef0032e,Design Patterns,1,title_pdf_passage,1047,154
d1e78ef0032e,Design Patterns,2,title_pdf_passage,908,131
d1e78ef0032e,Design Patterns,3,title_pdf_passage,899,119
d1e78ef0032e,Design Patterns,4,title_pdf_passage,1088,177
d1e78ef0032e,Design Patterns,5,title_pdf_passage,999,138
d1e78ef0032e,Design Patterns,6,title_pdf_passage,1206,179
d1e78ef0032e,Design Patterns,7,title_pdf_passage,1042,147
d1e78ef0032e,Design Patterns,8,title_pdf_passage,1021,154
d1e78ef0032e,Design Patterns,9,title_pdf_passage,1084,155
d1e78ef0032e,Design Patterns,10,title_pdf_passage,960,143
d1e78ef0032e,Design Patterns,11,title_pdf_passage,613,95
d1e78ef0032e,Design Patterns,12,title_pdf_passage,763,105
d24e6cf8ae6a,Design knowledge,0,title_abstract,953,108
d24e6cf8ae6a,Design knowledge,1,title_pdf_passage,1142,176
d24e6cf8ae6a,Design knowledge,2,title_pdf_passage,1039,144
d24e6cf8ae6a,Design knowledge,3,title_pdf_passage,1053,147
d24e6cf8ae6a,Design knowledge,4,title_pdf_passage,1148,153
d24e6cf8ae6a,Design knowledge,5,title_pdf_passage,947,126
d24e6cf8ae6a,Design knowledge,6,title_pdf_passage,1000,140
d24e6cf8ae6a,Design knowledge,7,title_pdf_passage,1182,165
d24e6cf8ae6a,Design knowledge,8,title_pdf_passage,1094,154
d24e6cf8ae6a,Design knowledge,9,title_pdf_passage,998,137
d24e6cf8ae6a,Design knowledge,10,title_pdf_passage,503,66
d24e6cf8ae6a,Design knowledge,11,title_pdf_passage,453,69
d24e6cf8ae6a,Design knowledge,12,title_pdf_passage,382,55
d30aca57f472,Design rationale,0,title_abstract,889,123
d30aca57f472,Design rationale,1,title_pdf_passage,888,127
d30aca57f472,Design rationale,2,title_pdf_passage,978,135
d30aca57f472,Design rationale,3,title_pdf_passage,301,44
d30aca57f472,Design rationale,4,title_pdf_passage,955,135
d30aca57f472,Design rationale,5,title_pdf_passage,1009,145
d30aca57f472,Design rationale,6,title_pdf_passage,922,136
d30aca57f472,Design rationale,7,title_pdf_passage,1188,186
d30aca57f472,Design rationale,8,title_pdf_passage,1049,158
d30aca57f472,Design rationale,9,title_pdf_passage,978,136
d30aca57f472,Design rationale,10,title_pdf_passage,379,51
d30aca57f472,Design rationale,11,title_pdf_passage,979,137
d30aca57f472,Design rationale,12,title_pdf_passage,886,112
d330bde18c87,Design methods,0,title_abstract,936,125
d330bde18c87,Design methods,1,title_pdf_passage,949,130
d330bde18c87,Design methods,2,title_pdf_passage,1099,156
d330bde18c87,Design methods,3,title_pdf_passage,1099,162
d330bde18c87,Design methods,4,title_pdf_passage,1084,130
d330bde18c87,Design methods,5,title_pdf_passage,933,141
d330bde18c87,Design methods,6,title_pdf_passage,777,113
d330bde18c87,Design methods,7,title_pdf_passage,1077,138
d330bde18c87,Design methods,8,title_pdf_passage,905,136
d330bde18c87,Design methods,9,title_pdf_passage,896,127
d330bde18c87,Design methods,10,title_pdf_passage,1250,168
d330bde18c87,Design methods,11,title_pdf_passage,1107,158
d330bde18c87,Design methods,12,title_pdf_passage,877,118
d41009f91ba1,Design expertise,0,title_abstract,1274,168
d41009f91ba1,Design expertise,1,title_pdf_passage,945,139
d41009f91ba1,Design expertise,2,title_pdf_passage,552,77
d41009f91ba1,Design expertise,3,title_pdf_passage,876,124
d41009f91ba1,Design expertise,4,title_pdf_passage,674,97
d41009f91ba1,Design expertise,5,title_pdf_passage,928,143
d41009f91ba1,Design expertise,6,title_pdf_passage,855,100
d41009f91ba1,Design expertise,7,title_pdf_passage,1027,150
d41009f91ba1,Design expertise,8,title_pdf_passage,1032,150
d41009f91ba1,Design expertise,9,title_pdf_passage,903,130
d41009f91ba1,Design expertise,10,title_pdf_passage,418,61
d41009f91ba1,Design expertise,11,title_pdf_passage,925,127
d41009f91ba1,Design expertise,12,title_pdf_passage,1164,164
d54cc84186ed,Design methods,0,title_abstract,1468,208
d54cc84186ed,Design methods,1,title_pdf_passage,1066,141
d54cc84186ed,Design methods,2,title_pdf_passage,1029,142
d54cc84186ed,Design methods,3,title_pdf_passage,1098,153
d54cc84186ed,Design methods,4,title_pdf_passage,459,61
d54cc84186ed,Design methods,5,title_pdf_passage,1350,194
d54cc84186ed,Design methods,6,title_pdf_passage,996,140
d54cc84186ed,Design methods,7,title_pdf_passage,988,143
d54cc84186ed,Design methods,8,title_pdf_passage,763,109
d54cc84186ed,Design methods,9,title_pdf_passage,950,122
d54cc84186ed,Design methods,10,title_pdf_passage,850,136
d54cc84186ed,Design methods,11,title_pdf_passage,965,133
d54cc84186ed,Design methods,12,title_pdf_passage,972,109
d590c1f63670,Design knowledge,0,title_abstract,754,97
d590c1f63670,Design knowledge,1,title_pdf_passage,948,130
d590c1f63670,Design knowledge,2,title_pdf_passage,511,70
d590c1f63670,Design knowledge,3,title_pdf_passage,994,131
d590c1f63670,Design knowledge,4,title_pdf_passage,1228,154
d590c1f63670,Design knowledge,5,title_pdf_passage,1099,148
d590c1f63670,Design knowledge,6,title_pdf_passage,1016,142
d590c1f63670,Design knowledge,7,title_pdf_passage,1030,149
d590c1f63670,Design knowledge,8,title_pdf_passage,515,69
d590c1f63670,Design knowledge,9,title_pdf_passage,1163,166
d590c1f63670,Design knowledge,10,title_pdf_passage,753,107
d590c1f63670,Design knowledge,11,title_pdf_passage,1068,144
d590c1f63670,Design knowledge,12,title_pdf_passage,1153,160
d6b2bf339ae4,Design knowledge,0,title_abstract,1409,200
d6b2bf339ae4,Design knowledge,1,title_pdf_passage,1066,153
d6b2bf339ae4,Design knowledge,2,title_pdf_passage,1160,163
d6b2bf339ae4,Design knowledge,3,title_pdf_passage,1187,159
d6b2bf339ae4,Design knowledge,4,title_pdf_passage,754,111
d6b2bf339ae4,Design knowledge,5,title_pdf_passage,1255,177
d6b2bf339ae4,Design knowledge,6,title_pdf_passage,541,66
d6b2bf339ae4,Design knowledge,7,title_pdf_passage,976,132
d6b2bf339ae4,Design knowledge,8,title_pdf_passage,1094,145
d6b2bf339ae4,Design knowledge,9,title_pdf_passage,1054,151
d6b2bf339ae4,Design knowledge,10,title_pdf_passage,1071,144
d6b2bf339ae4,Design knowledge,11,title_pdf_passage,1248,176
d6b2bf339ae4,Design knowledge,12,title_pdf_passage,977,136
d785c8a9964a,Design theory,0,title_abstract,1450,214
d785c8a9964a,Design theory,1,title_pdf_passage,917,135
d785c8a9964a,Design theory,2,title_pdf_passage,1028,148
d785c8a9964a,Design theory,3,title_pdf_passage,723,110
d785c8a9964a,Design theory,4,title_pdf_passage,1017,147
d785c8a9964a,Design theory,5,title_pdf_passage,956,139
d785c8a9964a,Design theory,6,title_pdf_passage,607,76
d785c8a9964a,Design theory,7,title_pdf_passage,1111,121
d785c8a9964a,Design theory,8,title_pdf_passage,926,104
d785c8a9964a,Design theory,9,title_pdf_passage,908,98
d785c8a9964a,Design theory,10,title_pdf_passage,1025,134
d785c8a9964a,Design theory,11,title_pdf_passage,1116,163
d785c8a9964a,Design theory,12,title_pdf_passage,619,92
d7afefaf53ef,Design Patterns,0,title_abstract,743,114
d7afefaf53ef,Design Patterns,1,title_pdf_passage,1023,155
d7afefaf53ef,Design Patterns,2,title_pdf_passage,1052,160
d7afefaf53ef,Design Patterns,3,title_pdf_passage,1019,152
d7afefaf53ef,Design Patterns,4,title_pdf_passage,982,131
d7afefaf53ef,Design Patterns,5,title_pdf_passage,509,66
d7afefaf53ef,Design Patterns,6,title_pdf_passage,971,146
d7afefaf53ef,Design Patterns,7,title_pdf_passage,1079,169
d7afefaf53ef,Design Patterns,8,title_pdf_passage,926,125
d7afefaf53ef,Design Patterns,9,title_pdf_passage,1006,152
d7afefaf53ef,Design Patterns,10,title_pdf_passage,971,136
d7afefaf53ef,Design Patterns,11,title_pdf_passage,1096,165
d7afefaf53ef,Design Patterns,12,title_pdf_passage,688,102
dbc7c9876d1a,Design theory,0,title_abstract,1328,192
dbc7c9876d1a,Design theory,1,title_pdf_passage,994,135
dbc7c9876d1a,Design theory,2,title_pdf_passage,942,134
dbc7c9876d1a,Design theory,3,title_pdf_passage,955,139
dbc7c9876d1a,Design theory,4,title_pdf_passage,1174,164
dbc7c9876d1a,Design theory,5,title_pdf_passage,1169,161
dbc7c9876d1a,Design theory,6,title_pdf_passage,1086,154
dbc7c9876d1a,Design theory,7,title_pdf_passage,576,81
dbc7c9876d1a,Design theory,8,title_pdf_passage,1044,129
dbc7c9876d1a,Design theory,9,title_pdf_passage,757,96
dbc7c9876d1a,Design theory,10,title_pdf_passage,1059,143
dbc7c9876d1a,Design theory,11,title_pdf_passage,951,148
dbc7c9876d1a,Design theory,12,title_pdf_passage,1017,143
ded38f6c2ce8,Design Patterns,0,title_abstract,1367,196
ded38f6c2ce8,Design Patterns,1,title_pdf_passage,973,139
ded38f6c2ce8,Design Patterns,2,title_pdf_passage,794,105
ded38f6c2ce8,Design Patterns,3,title_pdf_passage,1043,145
ded38f6c2ce8,Design Patterns,4,title_pdf_passage,774,102
ded38f6c2ce8,Design Patterns,5,title_pdf_passage,468,67
ded38f6c2ce8,Design Patterns,6,title_pdf_passage,970,147
ded38f6c2ce8,Design Patterns,7,title_pdf_passage,985,140
ded38f6c2ce8,Design Patterns,8,title_pdf_passage,932,130
ded38f6c2ce8,Design Patterns,9,title_pdf_passage,944,144
ded38f6c2ce8,Design Patterns,10,title_pdf_passage,974,136
ded38f6c2ce8,Design Patterns,11,title_pdf_passage,689,99
ded38f6c2ce8,Design Patterns,12,title_pdf_passage,897,126
df4ffdba87ae,Design knowledge,0,title_abstract,1174,154
df4ffdba87ae,Design knowledge,1,title_pdf_passage,421,52
df4ffdba87ae,Design knowledge,2,title_pdf_passage,1104,153
df4ffdba87ae,Design knowledge,3,title_pdf_passage,1007,139
df4ffdba87ae,Design knowledge,4,title_pdf_passage,1002,143
df4ffdba87ae,Design knowledge,5,title_pdf_passage,924,134
df4ffdba87ae,Design knowledge,6,title_pdf_passage,939,120
df4ffdba87ae,Design knowledge,7,title_pdf_passage,639,92
df4ffdba87ae,Design knowledge,8,title_pdf_passage,629,88
df4ffdba87ae,Design knowledge,9,title_pdf_passage,926,125
df4ffdba87ae,Design knowledge,10,title_pdf_passage,932,127
df4ffdba87ae,Design knowledge,11,title_pdf_passage,552,79
df4ffdba87ae,Design knowledge,12,title_pdf_passage,917,129
e0e99d72e1b0,Design knowledge,0,title_abstract,1497,205
e0e99d72e1b0,Design knowledge,1,title_pdf_passage,697,93
e0e99d72e1b0,Design knowledge,2,title_pdf_passage,984,132
e0e99d72e1b0,Design knowledge,3,title_pdf_passage,1087,148
e0e99d72e1b0,Design knowledge,4,title_pdf_passage,602,78
e0e99d72e1b0,Design knowledge,5,title_pdf_passage,1065,137
e0e99d72e1b0,Design knowledge,6,title_pdf_passage,470,60
e0e99d72e1b0,Design knowledge,7,title_pdf_passage,1029,156
e0e99d72e1b0,Design knowledge,8,title_pdf_passage,1011,156
e0e99d72e1b0,Design knowledge,9,title_pdf_passage,1180,174
e0e99d72e1b0,Design knowledge,10,title_pdf_passage,992,138
e0e99d72e1b0,Design knowledge,11,title_pdf_passage,990,138
e0e99d72e1b0,Design knowledge,12,title_pdf_passage,1006,142
e59a343ad585,Design Guidelines,0,title_abstract,874,116
e59a343ad585,Design Guidelines,1,title_pdf_passage,1017,140
e59a343ad585,Design Guidelines,2,title_pdf_passage,559,74
e59a343ad585,Design Guidelines,3,title_pdf_passage,952,117
e59a343ad585,Design Guidelines,4,title_pdf_passage,1082,150
e59a343ad585,Design Guidelines,5,title_pdf_passage,1061,137
e59a343ad585,Design Guidelines,6,title_pdf_passage,1087,143
e59a343ad585,Design Guidelines,7,title_pdf_passage,1034,134
e59a343ad585,Design Guidelines,8,title_pdf_passage,961,137
e59a343ad585,Design Guidelines,9,title_pdf_passage,1074,149
e59a343ad585,Design Guidelines,10,title_pdf_passage,617,86
e59a343ad585,Design Guidelines,11,title_pdf_passage,970,136
e59a343ad585,Design Guidelines,12,title_pdf_passage,1001,136
e936b4f274a1,Design Guidelines,0,title_abstract,1213,171
e936b4f274a1,Design Guidelines,1,title_pdf_passage,1138,175
e936b4f274a1,Design Guidelines,2,title_pdf_passage,898,131
e936b4f274a1,Design Guidelines,3,title_pdf_passage,810,116
e936b4f274a1,Design Guidelines,4,title_pdf_passage,1051,150
e936b4f274a1,Design Guidelines,5,title_pdf_passage,1016,163
e936b4f274a1,Design Guidelines,6,title_pdf_passage,949,157
e936b4f274a1,Design Guidelines,7,title_pdf_passage,600,91
e936b4f274a1,Design Guidelines,8,title_pdf_passage,901,128
e936b4f274a1,Design Guidelines,9,title_pdf_passage,1333,213
e936b4f274a1,Design Guidelines,10,title_pdf_passage,924,131
e936b4f274a1,Design Guidelines,11,title_pdf_passage,1032,152
e936b4f274a1,Design Guidelines,12,title_pdf_passage,651,100
e9618999ee23,Design Patterns,0,title_abstract,545,70
e9618999ee23,Design Patterns,1,title_pdf_passage,1033,139
e9618999ee23,Design Patterns,2,title_pdf_passage,969,133
e9618999ee23,Design Patterns,3,title_pdf_passage,660,96
e9618999ee23,Design Patterns,4,title_pdf_passage,720,102
e9618999ee23,Design Patterns,5,title_pdf_passage,1079,154
e9618999ee23,Design Patterns,6,title_pdf_passage,968,125
e9618999ee23,Design Patterns,7,title_pdf_passage,954,133
e9618999ee23,Design Patterns,8,title_pdf_passage,389,56
e9618999ee23,Design Patterns,9,title_pdf_passage,911,126
e9618999ee23,Design Patterns,10,title_pdf_passage,1178,166
e9618999ee23,Design Patterns,11,title_pdf_passage,893,125
e9618999ee23,Design Patterns,12,title_pdf_passage,866,120
ede2a92151d5,Design knowledge,0,title_abstract,1260,192
ede2a92151d5,Design knowledge,1,title_pdf_passage,932,127
ede2a92151d5,Design knowledge,2,title_pdf_passage,747,107
ede2a92151d5,Design knowledge,3,title_pdf_passage,981,138
ede2a92151d5,Design knowledge,4,title_pdf_passage,981,148
ede2a92151d5,Design knowledge,5,title_pdf_passage,432,63
ede2a92151d5,Design knowledge,6,title_pdf_passage,574,85
ede2a92151d5,Design knowledge,7,title_pdf_passage,988,143
ede2a92151d5,Design knowledge,8,title_pdf_passage,687,106
ede2a92151d5,Design knowledge,9,title_pdf_passage,1040,162
ede2a92151d5,Design knowledge,10,title_pdf_passage,353,47
ede2a92151d5,Design knowledge,11,title_pdf_passage,1251,174
ede2a92151d5,Design knowledge,12,title_pdf_passage,1225,188
f053c79dde3d,Design rationale,0,title_abstract,588,82
f053c79dde3d,Design rationale,1,title_pdf_passage,930,141
f053c79dde3d,Design rationale,2,title_pdf_passage,940,137
f053c79dde3d,Design rationale,3,title_pdf_passage,1045,151
f053c79dde3d,Design rationale,4,title_pdf_passage,926,131
f053c79dde3d,Design rationale,5,title_pdf_passage,1165,172
f053c79dde3d,Design rationale,6,title_pdf_passage,1001,137
f053c79dde3d,Design rationale,7,title_pdf_passage,956,136
f053c79dde3d,Design rationale,8,title_pdf_passage,419,56
f053c79dde3d,Design rationale,9,title_pdf_passage,1014,141
f053c79dde3d,Design rationale,10,title_pdf_passage,1288,171
f053c79dde3d,Design rationale,11,title_pdf_passage,1153,165
f053c79dde3d,Design rationale,12,title_pdf_passage,790,104
f13149d3303f,Design Patterns,0,title_abstract,1815,257
f13149d3303f,Design Patterns,1,title_pdf_passage,1014,132
f13149d3303f,Design Patterns,2,title_pdf_passage,751,111
f13149d3303f,Design Patterns,3,title_pdf_passage,1023,136
f13149d3303f,Design Patterns,4,title_pdf_passage,828,111
f13149d3303f,Design Patterns,5,title_pdf_passage,1872,259
f13149d3303f,Design Patterns,6,title_pdf_passage,732,111
f13149d3303f,Design Patterns,7,title_pdf_passage,1047,149
f13149d3303f,Design Patterns,8,title_pdf_passage,856,122
f13149d3303f,Design Patterns,9,title_pdf_passage,976,134
f13149d3303f,Design Patterns,10,title_pdf_passage,1259,188
f13149d3303f,Design Patterns,11,title_pdf_passage,1326,193
f13149d3303f,Design Patterns,12,title_pdf_passage,1227,183
f59da9db088b,Design knowledge,0,title_abstract,430,55
f59da9db088b,Design knowledge,1,title_pdf_passage,929,129
f59da9db088b,Design knowledge,2,title_pdf_passage,554,72
f59da9db088b,Design knowledge,3,title_pdf_passage,1000,132
f59da9db088b,Design knowledge,4,title_pdf_passage,1009,138
f59da9db088b,Design knowledge,5,title_pdf_passage,948,123
f59da9db088b,Design knowledge,6,title_pdf_passage,523,66
f59da9db088b,Design knowledge,7,title_pdf_passage,722,89
f59da9db088b,Design knowledge,8,title_pdf_passage,907,120
f59da9db088b,Design knowledge,9,title_pdf_passage,976,141
f59da9db088b,Design knowledge,10,title_pdf_passage,840,125
f59da9db088b,Design knowledge,11,title_pdf_passage,1023,145
f59da9db088b,Design knowledge,12,title_pdf_passage,1124,169
f6588fca84f9,Design methods,0,title_abstract,2606,348
f6588fca84f9,Design methods,1,title_pdf_passage,1043,140
f6588fca84f9,Design methods,2,title_pdf_passage,968,129
f6588fca84f9,Design methods,3,title_pdf_passage,841,115
f6588fca84f9,Design methods,4,title_pdf_passage,1066,147
f6588fca84f9,Design methods,5,title_pdf_passage,982,129
f6588fca84f9,Design methods,6,title_pdf_passage,587,83
f6588fca84f9,Design methods,7,title_pdf_passage,1001,138
f6588fca84f9,Design methods,8,title_pdf_passage,863,127
f6588fca84f9,Design methods,9,title_pdf_passage,1108,159
f6588fca84f9,Design methods,10,title_pdf_passage,646,93
f6588fca84f9,Design methods,11,title_pdf_passage,489,65
f6588fca84f9,Design methods,12,title_pdf_passage,1028,133
f7668dd5c63f,Design knowledge,0,title_abstract,900,117
f7668dd5c63f,Design knowledge,1,title_pdf_passage,970,130
f7668dd5c63f,Design knowledge,2,title_pdf_passage,1006,137
f7668dd5c63f,Design knowledge,3,title_pdf_passage,1137,151
f7668dd5c63f,Design knowledge,4,title_pdf_passage,1170,164
f7668dd5c63f,Design knowledge,5,title_pdf_passage,792,109
f7668dd5c63f,Design knowledge,6,title_pdf_passage,1004,129
f7668dd5c63f,Design knowledge,7,title_pdf_passage,700,96
f7668dd5c63f,Design knowledge,8,title_pdf_passage,447,66
f7668dd5c63f,Design knowledge,9,title_pdf_passage,922,129
f7668dd5c63f,Design knowledge,10,title_pdf_passage,849,120
f7668dd5c63f,Design knowledge,11,title_pdf_passage,1024,141
f7668dd5c63f,Design knowledge,12,title_pdf_passage,1168,158
f7a213ef52da,Design Patterns,0,title_abstract,977,156
f7a213ef52da,Design Patterns,1,title_pdf_passage,1024,160
f7a213ef52da,Design Patterns,2,title_pdf_passage,956,137
f7a213ef52da,Design Patterns,3,title_pdf_passage,904,137
f7a213ef52da,Design Patterns,4,title_pdf_passage,958,148
f7a213ef52da,Design Patterns,5,title_pdf_passage,963,154
f7a213ef52da,Design Patterns,6,title_pdf_passage,513,85
f7a213ef52da,Design Patterns,7,title_pdf_passage,478,75
f7a213ef52da,Design Patterns,8,title_pdf_passage,1022,164
f7a213ef52da,Design Patterns,9,title_pdf_passage,844,130
f7a213ef52da,Design Patterns,10,title_pdf_passage,874,137
f7a213ef52da,Design Patterns,11,title_pdf_passage,889,141
f7a213ef52da,Design Patterns,12,title_pdf_passage,955,146
f8c905d3c779,Design Patterns,0,title_abstract,772,112
f8c905d3c779,Design Patterns,1,title_pdf_passage,968,151
f8c905d3c779,Design Patterns,2,title_pdf_passage,984,136
f8c905d3c779,Design Patterns,3,title_pdf_passage,1262,196
f8c905d3c779,Design Patterns,4,title_pdf_passage,1067,156
f8c905d3c779,Design Patterns,5,title_pdf_passage,869,128
f8c905d3c779,Design Patterns,6,title_pdf_passage,911,132
f8c905d3c779,Design Patterns,7,title_pdf_passage,963,137
f8c905d3c779,Design Patterns,8,title_pdf_passage,562,79
f8c905d3c779,Design Patterns,9,title_pdf_passage,938,133
f8c905d3c779,Design Patterns,10,title_pdf_passage,456,67
f8c905d3c779,Design Patterns,11,title_pdf_passage,1012,159
f8c905d3c779,Design Patterns,12,title_pdf_passage,1062,161
f9a132245837,Design knowledge,0,title_abstract,702,100
f9a132245837,Design knowledge,1,title_pdf_passage,873,140
f9a132245837,Design knowledge,2,title_pdf_passage,903,122
f9a132245837,Design knowledge,3,title_pdf_passage,952,133
f9a132245837,Design knowledge,4,title_pdf_passage,952,143
f9a132245837,Design knowledge,5,title_pdf_passage,403,58
f9a132245837,Design knowledge,6,title_pdf_passage,545,80
f9a132245837,Design knowledge,7,title_pdf_passage,959,138
f9a132245837,Design knowledge,8,title_pdf_passage,658,101
f9a132245837,Design knowledge,9,title_pdf_passage,1011,157
f9a132245837,Design knowledge,10,title_pdf_passage,324,42
f9a132245837,Design knowledge,11,title_pdf_passage,1222,169
f9a132245837,Design knowledge,12,title_pdf_passage,1196,183
fbf6d34a07e9,Design knowledge,0,title_abstract,1281,164
fbf6d34a07e9,Design knowledge,1,title_pdf_passage,1174,159
fbf6d34a07e9,Design knowledge,2,title_pdf_passage,985,134
fbf6d34a07e9,Design knowledge,3,title_pdf_passage,741,100
fbf6d34a07e9,Design knowledge,4,title_pdf_passage,834,111
fbf6d34a07e9,Design knowledge,5,title_pdf_passage,1154,164
fbf6d34a07e9,Design knowledge,6,title_pdf_passage,1004,133
fbf6d34a07e9,Design knowledge,7,title_pdf_passage,483,68
fbf6d34a07e9,Design knowledge,8,title_pdf_passage,976,141
fbf6d34a07e9,Design knowledge,9,title_pdf_passage,959,131
fbf6d34a07e9,Design knowledge,10,title_pdf_passage,967,137
fbf6d34a07e9,Design knowledge,11,title_pdf_passage,756,102
fbf6d34a07e9,Design knowledge,12,title_pdf_passage,414,59
fd29fa6c3eca,Design Patterns,0,title_abstract,834,123
fd29fa6c3eca,Design Patterns,1,title_pdf_passage,1115,155
fd29fa6c3eca,Design Patterns,2,title_pdf_passage,1061,146
fd29fa6c3eca,Design Patterns,3,title_pdf_passage,1017,158
fd29fa6c3eca,Design Patterns,4,title_pdf_passage,1065,151
fd29fa6c3eca,Design Patterns,5,title_pdf_passage,1015,163
fd29fa6c3eca,Design Patterns,6,title_pdf_passage,1152,161
fd29fa6c3eca,Design Patterns,7,title_pdf_passage,1190,172
fd29fa6c3eca,Design Patterns,8,title_pdf_passage,969,147
fd29fa6c3eca,Design Patterns,9,title_pdf_passage,1011,156
fd29fa6c3eca,Design Patterns,10,title_pdf_passage,979,148
fd29fa6c3eca,Design Patterns,11,title_pdf_passage,1031,156
fd29fa6c3eca,Design Patterns,12,title_pdf_passage,1034,147
