k,average_silhouette,min_cluster_size,max_cluster_size,cluster_sizes,negative_silhouette_count
2,0.04888332219938679,4,21,0:4; 1:21,2
3,0.048032360239023096,3,14,0:3; 1:14; 2:8,6
4,0.046889642305881545,3,9,0:8; 1:5; 2:3; 3:9,9
