k,average_silhouette,min_cluster_size,max_cluster_size,cluster_sizes,negative_silhouette_count
2,0.037098380608793356,8,17,0:8; 1:17,5
3,0.048057272828330985,5,13,0:5; 1:13; 2:7,6
4,0.06317990870080277,4,9,0:6; 1:4; 2:9; 3:6,5
5,0.07279910724112965,2,9,0:5; 1:6; 2:3; 3:2; 4:9,6
6,0.07697497332237235,2,6,0:2; 1:3; 2:6; 3:6; 4:6; 5:2,10
7,0.08544280755081557,2,6,0:3; 1:3; 2:4; 3:6; 4:5; 5:2; 6:2,8
8,0.0886058619076941,2,5,0:4; 1:3; 2:2; 3:5; 4:2; 5:3; 6:2; 7:4,6
