k,average_silhouette,min_cluster_size,max_cluster_size,cluster_sizes,negative_silhouette_count
2,0.04888332219938679,4,21,0:4; 1:21,2
3,0.048032360239023096,3,14,0:3; 1:14; 2:8,6
4,0.046889642305881545,3,9,0:8; 1:5; 2:3; 3:9,9
5,0.05891221590304784,3,6,0:3; 1:6; 2:6; 3:6; 4:4,6
6,0.062038260508152684,3,6,0:3; 1:5; 2:6; 3:5; 4:3; 5:3,6
7,0.06299056048210872,2,7,0:2; 1:5; 2:7; 3:3; 4:3; 5:3; 6:2,8
8,0.0702764297889947,1,6,0:1; 1:6; 2:3; 3:4; 4:3; 5:3; 6:4; 7:1,6
