k,average_silhouette,min_cluster_size,max_cluster_size,cluster_sizes,negative_silhouette_count
2,0.02744043732233582,4,38,0:4; 1:38,10
3,0.011506353902756995,8,23,0:11; 1:8; 2:23,26
4,0.015178131714073421,3,30,0:5; 1:3; 2:4; 3:30,30
5,0.0361630363029898,2,25,0:25; 1:4; 2:4; 3:2; 4:7,23
