k,average_silhouette,min_cluster_size,max_cluster_size,cluster_sizes,negative_silhouette_count
2,0.02744043732233582,4,38,0:4; 1:38,10
3,0.011506353902756995,8,23,0:11; 1:8; 2:23,26
4,0.015178131714073421,3,30,0:5; 1:3; 2:4; 3:30,30
5,0.0361630363029898,2,25,0:25; 1:4; 2:4; 3:2; 4:7,23
6,0.027065631283492427,2,12,0:12; 1:7; 2:6; 3:8; 4:7; 5:2,20
7,0.03749564996562692,2,25,0:2; 1:4; 2:3; 3:3; 4:3; 5:25; 6:2,28
8,0.0404127281833913,2,19,0:4; 1:2; 2:3; 3:2; 4:6; 5:3; 6:3; 7:19,25
