k,average_silhouette,min_cluster_size,max_cluster_size,cluster_sizes,negative_silhouette_count
2,0.02748105718700089,4,38,0:38; 1:4,12
3,0.02895829194156556,2,37,0:3; 1:37; 2:2,17
4,0.04676436788257762,2,32,0:4; 1:2; 2:4; 3:32,20
5,0.0618404200556231,2,30,0:30; 1:4; 2:4; 3:2; 4:2,22
6,0.056796538782991346,1,29,0:2; 1:29; 2:4; 3:2; 4:4; 5:1,23
7,0.06788693685533756,1,27,0:2; 1:4; 2:1; 3:4; 4:2; 5:27; 6:2,22
8,0.07789378206417404,2,26,0:26; 1:3; 2:2; 3:2; 4:2; 5:2; 6:3; 7:2,22
