k,average_silhouette,min_cluster_size,max_cluster_size,cluster_sizes,negative_silhouette_count
2,0.06553712692460775,21,89,0:89; 1:21,16
3,0.09040625044437435,6,84,0:20; 1:6; 2:84,18
4,0.09517971585145345,6,50,0:33; 1:50; 2:6; 3:21,14
5,0.11584301457793307,6,42,0:10; 1:6; 2:42; 3:32; 4:20,16
6,0.1252375733775419,6,47,0:47; 1:6; 2:17; 3:6; 4:25; 5:9,37
7,0.1334085436223658,6,28,0:23; 1:19; 2:6; 3:10; 4:18; 5:28; 6:6,21
8,0.1451640272037927,6,26,0:26; 1:17; 2:18; 3:6; 4:9; 5:6; 6:21; 7:7,29
