k,average_silhouette,min_cluster_size,max_cluster_size,cluster_sizes,negative_silhouette_count
2,0.04960678657844811,7,18,0:7; 1:18,2
3,0.04299913666845573,7,10,0:7; 1:8; 2:10,7
4,0.052778144670655086,5,9,0:5; 1:6; 2:9; 3:5,8
