k,average_silhouette,min_cluster_size,max_cluster_size,cluster_sizes,negative_silhouette_count
2,0.04960678657844811,7,18,0:7; 1:18,2
3,0.04299913666845573,7,10,0:7; 1:8; 2:10,7
4,0.052778144670655086,5,9,0:5; 1:6; 2:9; 3:5,8
5,0.06942095637275625,3,7,0:7; 1:5; 2:4; 3:6; 4:3,5
6,0.10393912788878627,2,8,0:2; 1:3; 2:2; 3:4; 4:6; 5:8,8
7,0.12130125765194069,2,5,0:3; 1:4; 2:5; 3:3; 4:2; 5:3; 6:5,6
8,0.13260435877797286,2,4,0:2; 1:4; 2:3; 3:4; 4:3; 5:2; 6:3; 7:4,4
