paper_id,keyword,title,abstract,budget,selected_count,passage_ids,subdocument,canonical_text_path,authors,year,venue,doi,url,cluster_id,cluster,cluster_theme_terms,cluster_label_candidate,distinguishing_evidence_terms,cluster_summary_candidate,design_knowledge_form,contribution_type,contribution_type_support,contribution_type_definition,primary_application_domain,application_domain_support,application_domain_definitions,facet_population_or_context,facet_stakeholder_or_population,facet_method_or_lens,facet_artifact_or_domain,facet_contribution_or_outcome,theory_move_key,lda_topic,lda_topic_probability,lda_topic_words,hdbscan_peripheral,discussion_found,discussion_paragraph_count,discussion_summary,discussion_excerpt,umap_x,umap_y,distance_to_centroid,representative_rank,medoid_rank,is_representative_top3,nearest_papers
022ee7cf2e4e,Design Heuristics,Introduction of a standardized Notation of Design Heuristics for Knowledge Formalization,"A wide range of tools simplify product development, e. g. Knowledge-Based Engineering Systems (KBES). Many KBES draw on knowledge derived from DfX methods. The knowledge of these methods is often available in varying degrees of detail, arising from the explicit knowledge of experts and scientists. When passing on knowledge, product developers often do so in the form of easy-to-understand rules of thumb, so-called design heuristics (DH). However, published DH do not offer sufficient clarity and usability to be integrated in daily engineering practice. This paper describes the development of a standardized notation form to make DH describable as a first step towards automated integration into KBES and towards integrating implicit knowledge of designers in future MBSE models. © 2022 die Autoren.",12,12,022ee7cf2e4e_p0003;022ee7cf2e4e_p0005;022ee7cf2e4e_p0009;022ee7cf2e4e_p0010;022ee7cf2e4e_p0013;022ee7cf2e4e_p0014;022ee7cf2e4e_p0017;022ee7cf2e4e_p0020;022ee7cf2e4e_p0022;022ee7cf2e4e_p0025;022ee7cf2e4e_p0028;022ee7cf2e4e_p0033,"The knowledge of DfX methods and design heuristics alike is available in varying degrees of detail and arises from the explicit knowledge of experts and scientists. They come along in diverse forms of presentation, thus facing the shared challenge s of low findability and lacking machine readability, hampering automatized integration. In the DFG -funded research project “ design heuristics” we are developing a standardized notation in order to tackle these challenges to lay the foundation for a) integ rating individual practical knowledge into KBES, supplementing DfX methods as a source, b) increase findability of DfX methods and design heuristics, and c) enable fast notingdown and sharing knowledge in order to increase knowledge transfer between practice and science. The notation development drew on extensive literature review, and 26 in-depth guided interviews with design experts from industry and higher education.

When product developers pass on knowledge to other product developers, they often do so in the form of easy-to-understand rules of thumb, so-called design heuristics (DH). Heuristics are defined as ""context -dependent directives, based on intuition, tacit knowledge, or experiential understanding, which provide design process direction to increase the chanc e of reaching a satisfactory but not necessarily optimal solution"" [2]. An integration of DH and DfX methods in the product development process is shown in Figure 1.

Thus, our research question was: Can there be a standardized notation for DH in acquisition, usage and transfer for both users and KBES and what artifacts would it need to it consist of? 3. Research The aim of our research was to harmonize previous findings on design heuristics from literature with the needs for knowledge representation and knowledge content required by professionals.

A comprehensive literature review was conducted in order to collect and analyse the forms of DH descriptions displayed in there. Subsequently, 26 expert interviews were conducted with experts from the fields of product development from industry and higher education for product development, asking about the role of DH in their discipline and its potential. The interview with was divided into four question areas. First, demographic questions were asked, then the interviewees were asked about their general knowledge of design heuristics. After that, the interviewees were given the scientific definition of a design heuristic which was further explained using examples from design for recyclability. The interviewees were then asked about the product development process as applied or taught respectively, as well as

It was particularly striking in the interviews that 21 of 26 respondents did not know the term “design heuristic”, whereas at least the teaching staff was familiar with “design principles” as a term. Only after a definition and the naming of an example of a design heuristic could the survey be continued in most case s. Due to the differences in the professional settings, the results from interviewing industrial and educational professionals are discussed separately below. With regard to the interview partners from industry 7 out of 15 respondents use a form of knowledge management for experiential knowledge. This takes a variety of forms, ranging from written down company -wide guidelines to digital wikis with a forum function. The captured knowledge was not recorded in a fixed syntactic or semantic form for any respon dent. 13 out of 15 respondents indicated that the reason for using guidelines was to better achieve the goals of set requirements.

14 of 15 respondents provided information on the desired form of heuristics. Of the 14, 7 emphasized that it was important to them that design heuristics be described particularly briefly. 7 of the 14 felt it was important that the description include s a listing of the type of product categories for which the use of the heuristics is appropriate. 10 of the 14 also mentioned the importance of visual representation of the design heuristics in the form of best practices and negative examples. 3 specifically mentioned that it is important to them to know the effect relationship of a heuristic with other design aspects that are not specifically addressed by the heuristic (trade -offs). Furthermore, 5 emphasized that easy discoverability of design heuristics is particularly important to them , while 2 stated that they would like to have a mechanism to identify good design heuristics.

Design heuristics formats that are easily applied by students are heuristics embedded in checklists or templates. T he more in -depth knowledge is required to put heuristics into context, the more difficult the application. The most common motivation for integrating design heuristics in teaching is to help students achieve better results during their practical design tasks (5 out of 11) but also for decision making, keeping one’s focus on the target and learn ing to work with limiting factors (2 out of 11 each). What the interviewees considered important with regard to displaying design heur istics in a tool varied greatly. The strongest congruency was the need for credibility information such as the source of each heuristic (4 out of 11), followed by the need for contextual information, especially putting the different heuristics into relation (3 out of 11).

From the desire for credibility of the heuristic, the need to include a source citation for the heuristic was deducted. From the observation that the vast majority of respondents, use design heuristics to better achieve set objectives, the decision was made that users who enter their own heuristic can select which established DfX objectives it targets. In addition to implications for the standardization of a design heuristics notation, it was also possible to derive the insight that it would be better to use the term “design guideline” instead

First, it was decided in which form of knowledge manifestation design heuristics should be included. Design heuristics refer to the empirical knowledge of product developers. One of the goals of a standardized notation should be that the individual experiential knowledge of product developers is quickly and easily assimilated by them. For this reason, the decision was made that design heuristics should be formalized as a UML class, since this is suitable for the structured recording of user knowledge and a format engineers are already familiar with. The developed UML class diagram for design heuristics can be found in Figure 2. The developed class is named DesignHeuristic. The core of the class is formed by the artifacts listed above for clarity. These are the orderArtifact, the embodimentArtifact, the embodimentAttribute, the orderAttribute, the artifact positiveInfluence and the artifact source.

In addition to this, the authors of design heuristics can specify one or more positive influences with respect to DfX objectives. This has the advantage of accounting for the fact that a design heuristic may serve multiple objectives. For example, a guideline for better disassembly may have a positive impact on Design for Recyclability and Design for Sustainability. In addition, the core of the design heuristic description also includes the source from which the heuristic originates, so that users can evaluate the credibility of the heuristic. This leads to the structure of the hereby developed design heuristic. The core of the heuristic consists of mandatory and voluntary information. A heuristic always contains an orderArtifact, an embodimentArtifact, the DfX goal which is described by positiveInfluence and the source. Voluntarily, users who formulate a design heuristic can also specify an orderattribute and an embodimentattribute, which describe the orderArtifact and the embodimentArtifact in more detail.

The following are examples of the collection of two design heuristics in different forms of expression. Heuristic 1 is from [12] and was originally formulated as „Provide drains for operating liquids and gases to take out the operating liquids and prevent them from polluting the material streams or the air” , heuristic 2 is from [13] and was formulated as “Avoid packaging”. Both heuristics address Design for Sustainability goals. Both heuristics are translated into and instantiated by the previously defined UML class in Table 1.

The notation presented here is well suited for recording individual experience knowledge of designers. At the same time, scientifically published guidelines can be recorded well with the help of the standardized notation. The standardized notation is suita ble for the structured inclusion of design heuristics, which simplifies the sortability of and the search for design heuristics, thus positively influencing the usability for future users. Thus, the inclusion of knowledge in a standardized notation is a fi rst step towards a machine -readable form of individual knowledge. At the same time, the notation presented here currently does not allow design heuristics to be connected to each other. But here, too, a first step has been taken through the structured division of design heuristics into predefined artifacts.",outputs/batch1/canonical_text_284/022ee7cf2e4e.txt,"Kremer, Gerald (1); Peters, Ina (1); Bingoel, Berkay (1); Stark, Rainer (1)",2022,"Proceedings of the 33rd Symposium Design for X, DFX 2022",10.35199/dfx2022.08,,DH-C01,0,product | designers | concepts | example | generation | idea | observed | solutions | form | specific | development | possible | risk | help | existing,"Design Heuristics — Product, designers & concepts [DH-C01]",product | designers | concepts | example | generation | idea | observed | solutions | form | specific | development | possible | risk | help | existing,"Within the predefined Design Heuristics group, DH-C01 is statistically distinguished by product, designers, concepts. Additional contrastive terms include example, generation, idea, observed, solutions. Representative papers include Design Heuristics in Innovative Products; Evidence-based design heuristics for idea generation. This is an analysis-frozen statistical interpretation, not a final editorial topic label.",Design Heuristics,Statistical bottom-up interpretation,Analysis frozen; confirmation by at least two reviewers pending,Contrastive cluster explanation using adapted class-based TF-IDF; not a predefined codebook classification.,Not assigned by Path 1,Not evaluated in this statistical interpretation,Not applicable,Predefined keyword group,Not assigned,BGE-M3 embedding + Spectral clustering,Not assigned,Adapted class-based TF-IDF interpretation,not_applicable,-1,0.0,product | designers | concepts | example | generation | idea | observed | solutions | form | specific | development | possible | risk | help | existing,False,False,0,,,1.0962154,-5.069457,0.050781428813934326,3,3,True,"[{'paper_id': '7cb073ebacac', 'title': 'Formal system for the expression of target-oriented design heuristics', 'cluster': 0, 'distance': 0.09126675128936768}, {'paper_id': '9f4dbd790fe7', 'title': 'Design Heuristics in Innovative Products', 'cluster': 0, 'distance': 0.11078810691833496}, {'paper_id': 'cdd6de21b74b', 'title': 'Evidence-based design heuristics for idea generation', 'cluster': 0, 'distance': 0.11856281757354736}, {'paper_id': '0512599e76df', 'title': ""What is the content of 'design thinking'? Design Heuristics as conceptual repertoire"", 'cluster': 0, 'distance': 0.1487305760383606}, {'paper_id': 'cd211147691a', 'title': 'Design heuristics set for X: A design aid for assistive product concept generation', 'cluster': 0, 'distance': 0.15431106090545654}]"
0512599e76df,Design Heuristics,What is the content of 'design thinking'? Design Heuristics as conceptual repertoire,"When engaged in design activity, what does a designer think about? And how does she draw on disciplinary knowledge, precedent, and other strategies in her design process in order to imagine new possible futures? In this paper, we explore Design Heuristics as a form of intermediate-level knowledge that may explain how designers build on existing knowledge of 'design moves'-non-deterministic, generative strategies or heuristics-during conceptual design activity.Wedescribe a set of relationships between disciplinary training and the acquisition of such heuristics, and postulate how design students might accelerate their development of expertise. We conclude with implications for future research on the development of expertise, and the ways in which methods such as Design Heuristics can enhance this developmental process. © 2016 TEMPUS Publications.",12,12,0512599e76df_p0003;0512599e76df_p0004;0512599e76df_p0005;0512599e76df_p0006;0512599e76df_p0007;0512599e76df_p0008;0512599e76df_p0009;0512599e76df_p0010;0512599e76df_p0011;0512599e76df_p0013;0512599e76df_p0014;0512599e76df_p0015,"We will focus primarily on the ideation stage in this paper, discussing how designers explore a solution space through the generation of potential solutions, and address the nature of design cognition, or “designerly ways of knowing” [6], that makes idea exploration possible. Design scholars have built descriptive design theory that can explain portions of the idea generation process, often pictured as a dialectic between problem and solution [4,13], where a movement between convergence and divergence [2,14], incorporation of user research to encourage the inclusion of human-centered design principles [19], framing and traversal of the problem space [12], and precedent knowledge [24,32,31] all fuel the generation of ideas. In this paper, we will account for the idea generation process in relation to designers’ knowledge of existing design artifacts and design strategies (e.g., patterns, best practices, heuristics).

When engaged in design activity, a designer often chooses to add variation to conceptual designs in order to address the problem in a novel way. Design Heuristics captures the ways that designers modify product concepts, and are based on observed patterns of conceptual development in empirical studies of past product designs [39,40]. For example, one design strategy is to “make use of all surfaces available” when generating a design; a shelf is designed to hold objects, but also provides an underside that can serve other purposes. This strategy is captured in a Design Heuristic, “Use opposite surface,” displayed on two sides of a card (Figure 1). In this way, knowledge about past designs can be constructively applied to new designs (as shown in the product examples). Seventy-seven separate Design Heuristics have been empirically identified [11], each capturing design strategies shown to be useful in past designs.

MDW IX– Page 21 !composite pieces that originate in situated knowledge [38]. Following this concept of pattern language, we posit that the content of design thinking—as a distinct human activity and epistemology [3,29]—can be identified from its appearance in situated design activity. Through close analysis of concepts created by designers, patterns of intermediate-level knowledge can be discerned, which we characterize as Design Heuristics. III. Design Heuristics as Conceptual Repertoire Schön [34] characterized the design process as a reflective “conversation” between the designer and the artifact being designed. Within this conversation, the designer mediates between the design project at hand, a lifetime of lived experiences, knowledge of existing solutions (i.e., precedents), and cognitive schema that relate these elements to each other [8].

Schön [35] refers to this store of precedents as a designer’s repertoire, or a personal source of generative metaphors. More broadly, repertoire can be found in curated or canonical forms in collections of precedents (e.g., the “best designs of the year” lists), often created by experts within a given design discipline. Beyond this knowledge of the particular, an experienced designer also carries with them a conceptual repertoire—similar to a curated collection, yet largely buried in memory as tacit knowledge—which they are able to apply to new design problems. We propose that the use of Design Heuristics builds an individual designer’s repertoire [35] of conceptual content capturing the ontology of design strategies facilitating idea generation. This conceptual repertoire represents a collection of intermediate-level knowledge that is built on experiential precedents, containing successful patterns of design reasoning that, in their formation and use, assist the designer in creating new design concepts.

A conceptual repertoire shares many similarities to Alexander’s pattern language, in that patterns have classificatory or curatorial qualities that transcend individual precedents. In Design Heuristics, we are not only identifying potential patterns (thus building intermediate-level knowledge), but are also able to use these patterns to tie individual design concepts to a larger disciplinary canon of strategies. In Alexander’s pattern language, recurring design problems are linked with canonical solutions non-deterministically; that is, as a “likely” solution given historical precedence. Design Heuristics make the same claim: intermediate distillations of content knowledge about designs, in particular the cataloguing of design strategies, can suggest possible solutions for the designer to explore in a non-deterministic manner [39]. In empirical studies, the use of Design Heuristics has been shown to scaffold the metacognitive development of early engineering students [9], and to facilitate the generation of novel concepts even in experienced designers [41].

Designers can examine a heuristic card, and successfully use the intermediate-level knowledge it contains to extend or redefine a design concept. This demonstrates their potential for linking design concepts and knowledge about idea generation in a fluid, bidirectional manner. We are proposing that a designer builds dynamic links between disciplinary canon (containing both precedents and intermediate-level knowledge of strategies) and their own conceptual repertoire (Figure 2). Over time, the heuristics become incorporated into the designer’s individual repertoire.

MDW IX– Page 22 !Figure 2: Relationship of the disciplinary canon and underlying conceptual repertoire to a developing designer’s repertoire. Design Heuristics translate the components or design moves used in individual concepts into an organized repertoire. Designers use this translational process to locate and document areas of internal coherence. The power of this approach comes through the nature of the intermediate-level knowledge identified—positioned between formal theory and the ultimate particular; specifically, this form of knowledge is not prescriptive (i.e., tells the designer what to do), but rather heuristic (i.e., makes an inductive argument established through the usefulness of previous concepts generated). The resulting intermediate-level knowledge about successful design moves demonstrates both variety of execution and an implicit argument regarding effectiveness or efficacy.

Design Heuristics are just one of many possible articulations of precedent curation into a conceptual repertoire, and as such comprise only one form or class of intermediate-level knowledge. Progressing one level deeper, we can explore the affordances of the Design Heuristics method. Different knowledge or validity claims are made by different portions of the heuristic cards. These constitute different ontological arguments, and taken together, comprise a formalization of intermediate-level knowledge. The precedent artifacts on the reverse of the card most explicitly substantiate the curatorial aspect—supporting the heuristic through physical examples, documenting ultimate particulars that led to the creation of the heuristic, or otherwise exemplify its content. The title of the heuristic is then a reification of this curation, translating the similarities between precedent instances (beyond those on the card) into a labeled concept or phenomenon.

The description and simplified graphic representation, then, is a documentation of the inductive conclusion that holds the examples together—both those present on the card, and the larger empirical work on which the heuristics are based. The designer or user of the card can then make sense of and generatively use not only the heuristic, but also trace its coherence and internal validity using the variety of evidence provided. These heuristic cards are then used by a designer through a process of abduction, with the designer responsible for selecting a heuristic and imagining how it might be used to transform or redefine an existing concept. This is the essence of the cognitive skill that permeates design: taking a stimulus, such as a Design Heuristic, and using it as a gambit [24] to imagine a design space where an alteration of a concept, or a new concept altogether, is possible.

We posit that exposure to Design Heuristics can hasten, or even enable the learner’s trajectory in such disciplines, where little formal canon or support for formalized repertoire currently exists. Design Heuristics scaffold the construction of conceptual repertoire by implicitly communicating the teleology and epistemology of design, as empirically derived from multiple examples. In this way, methods such as Design Heuristics that explicitly bridge precedent artifacts and form useful patterns of disciplinary knowledge are able to foreground intermediate-level knowledge in a way that scaffold students’ understanding of design thinking. Traditional design education is predicated on the knowledge of canon first, only allowing the implementation of variation later in the learning experience (e.g., copying successful designs before creating ones’ own).

We propose that introducing intermediate-level knowledge early in the learning process as externalized conceptual repertoire can scaffold the development of internal coherence. This scaffolding of students’ design cognition in an educational context may progress as follows:

MDW IX– Page 24 !11. Daly, S. R., Yilmaz, S., Christian, J. L., Seifert, C. M., & Gonzalez, R. (2012). Design heuristics in engineering concept generation. Journal of Engineering Education, 101(4), 601-629. 12. Dorst, K. (2015). Frame innovation: Create new thinking by design. Cambridge, MA: MIT Press. 13. Dorst, K. H., & Cross, N. (2001). Creativity in the design process: co-evolution of problem-solution. Design Studies, 22(5), 425-437. 14. Dym, C. L., Agogino, A. M., Eris, O., Frey, D. D., & Leifer, L. J. (2005). Engineering design thinking, teaching, and learning. Journal of Engineering Education, 94(1), 103-120. 15. Dym, C. L., & Little, P. (2004). Engineering design: A project-based introduction. Hoboken, NJ: John Wiley & Sons. 16. Fodor, J. A., & Pylyshyn, Z. W. (1988). Connectionism and cognitive architecture: A critical analysis.",outputs/batch1/canonical_text_284/0512599e76df.txt,"Gray, Colin M. (1); Seifert, Colleen M. (2); Yilmaz, Seda (3); Daly, Shanna R. (4); Gonzalez, Richard (2)",2016,International Journal of Engineering Education,,,DH-C01,0,product | designers | concepts | example | generation | idea | observed | solutions | form | specific | development | possible | risk | help | existing,"Design Heuristics — Product, designers & concepts [DH-C01]",product | designers | concepts | example | generation | idea | observed | solutions | form | specific | development | possible | risk | help | existing,"Within the predefined Design Heuristics group, DH-C01 is statistically distinguished by product, designers, concepts. Additional contrastive terms include example, generation, idea, observed, solutions. Representative papers include Design Heuristics in Innovative Products; Evidence-based design heuristics for idea generation. This is an analysis-frozen statistical interpretation, not a final editorial topic label.",Design Heuristics,Statistical bottom-up interpretation,Analysis frozen; confirmation by at least two reviewers pending,Contrastive cluster explanation using adapted class-based TF-IDF; not a predefined codebook classification.,Not assigned by Path 1,Not evaluated in this statistical interpretation,Not applicable,Predefined keyword group,Not assigned,BGE-M3 embedding + Spectral clustering,Not assigned,Adapted class-based TF-IDF interpretation,not_applicable,-1,0.0,product | designers | concepts | example | generation | idea | observed | solutions | form | specific | development | possible | risk | help | existing,False,False,0,,,-0.2689438,-5.6321735,0.07988500595092773,5,5,False,"[{'paper_id': '9f4dbd790fe7', 'title': 'Design Heuristics in Innovative Products', 'cluster': 0, 'distance': 0.11334061622619629}, {'paper_id': 'cdd6de21b74b', 'title': 'Evidence-based design heuristics for idea generation', 'cluster': 0, 'distance': 0.1259145736694336}, {'paper_id': '022ee7cf2e4e', 'title': 'Introduction of a standardized Notation of Design Heuristics for Knowledge Formalization', 'cluster': 0, 'distance': 0.1487305760383606}, {'paper_id': '7cb073ebacac', 'title': 'Formal system for the expression of target-oriented design heuristics', 'cluster': 0, 'distance': 0.15794068574905396}, {'paper_id': 'cd211147691a', 'title': 'Design heuristics set for X: A design aid for assistive product concept generation', 'cluster': 0, 'distance': 0.20229721069335938}]"
0cbc36913472,Design Heuristics,Dialogue Appropriate to Assistive Technology Product Design: A Taxonomy of Communication Formats in Relation to Modes of Sensory Perception,"This article reviews the use of dialogue and associated communication formats within the context of participatory or co-design decision-making processes in the development of assistive technologies. My professional experience as a designer, researcher, and educator suggested the dialogue among the designer, end-user, and associated stakeholders is critical to effective and economic product development. The research I report on here is a systematic analysis of that understanding. First, I conducted a literature review which established that there was no standard meaning for the term “dialogue.” The literature review highlighted the challenges of reduced options for communication through the compounding constraints of culture, language, and impairment. I then conducted a summative content analysis on twenty case studies to identify and define the terminology and points to consider in collaborative dialogue between designers and people who need assistive technologies. This analysis led to the development of a taxonomy of communication formats matched to specific sensory inputs and these have been structured to work as a heuristic design tool. Of the forty-one formats defined, around two-thirds were used in the literature reviewed. Notably, more than half the studies used just over a quarter of the formats. The definitions of dialogue and the design heuristics I put forward in this paper require further debate and refinement to be effective to wider applications. [All rights reserved Elsevier].",12,12,0cbc36913472_p0003;0cbc36913472_p0006;0cbc36913472_p0013;0cbc36913472_p0019;0cbc36913472_p0021;0cbc36913472_p0025;0cbc36913472_p0031;0cbc36913472_p0032;0cbc36913472_p0044;0cbc36913472_p0049;0cbc36913472_p0052;0cbc36913472_p0062,"The definitions of dialogue and the design heuristics I put forward in this paper require further debate and refinement to be effective to wider applications. Publishing services by Elsevier B.V. This is an open access article under the CC BY-NC-ND license (http://creativecommons.org/licenses/by-nc-nd/4.0/). The peer review process is the responsibility of Tong ji University and Tongji University Press.

Industrial designers often use a combination of these communication formats during a design process—a choice based on personal experience rather than research. What is missing, in existing literature, is research regarding the appropriate communication formats for various contexts. This article clarifies the contexts in which different types of communication formats are used in the design process. It presents a taxonomy of communication formats matched to particular sensory inputs; structured to work as a heuristic design tool. The research question addressed in this article is: What are the appropriate communication formats to apply to dialogue as part of a user-centered, participatory approach to assistive technology product development? Definition of Terms Reviewing conventional formats for industrial design requires a definition of the practicing designer.

development case studies to: a. identify which of these formats have been applied with associated end-user impairments; b. define social, cultural doctrines associated with a range of impairments; and c. produce a taxonomy—a heuristic design tool look-up table—of impairment against suitable formats of design specific communication.

did include design decision-making during the design process in each case study, but only with regards to its effective application to communication formats. The reviewed journals, textbooks, and standards assumed some background knowledge of design or engineering. I placed no time limit on the publication date of textbooks or articles, as many of the defined communication formats are as old as humanity. My emphasis on well-established definitions of communication formats in industrial and assistive technology product design focused the review. British standards for management of new product development processes relating to industrial design and assistive technology or inclusive design provided the context. 17 This standard works within the context already given about generic design process and the constraints of current UK healthcare provision.

, “Design as a Discipline,” Design Studies 1, no. 1 (1979): 17, DOI: https://doi.org/10.1016/0142- 694X(79)90023-1. Michael T ovey, “Styling and Design: Intuition and Analysis in Industrial Design,” Studies 18, no. 1 (1997): 5, DOI: https://doi.org/10.1016/S0142- 694X(96)00006-3. British Standard, BS7000- 6:2005, Design Management Systems: Managing Inclusive Design: Guide (London: British Standards Institute, 2005); British Standard, BS EN ISO 9999:2011, Assistive Products for Persons with Disabilities— Classification and Terminology

Two operators reviewed the twenty case studies, using the same protocol, to minimize bias. Both operators employed the same list of communication formats, which included a short description of each format. The operators used the descriptions to identify the formats in each study. I was one of the operators, with the other an administrator with good working knowledge of design methods. Using an operator not fully immersed in design processes ensured the descriptions were reviewed on the content alone, and prevented me, as an experienced designer, from unintentionally ‘filling in’ any gaps. We compared our reviews to identify any differences or anomalies between our interpretations of each case study, and then discussed them. When one of us identified a format the other had not perceived, we reviewed the reasoning for identification and decided jointly whether or not to

Emotion may drive the response to a visual or audible communication format, as a result of the receiver being calm and open, or agitated and closed. Bias may occur if the sender’s communication includes aggressive body language or, contrarily, a gentle tone of voice. The visual and performing arts manipulate these very elements so as to affect audience response. Examining the communication formats suitable to participatory and co-design activities reveals their benefits as additional design tools merit consideration. Colin Ware 24 provides a good description of the benefits that information visualization can bring to design decision-making that apply to all communication formats. The benefits of using different communication formats in co-designing include the ability to: • scale using given formats so as to see complex systems, as well as individual detail (for example, using a functional prototype and then examining surface texture or part line);

• identify issues, such as features or other characteristics that are inappropriate (such as weight, color , styling, shape, size, or noise made during use); • provide end-users with opportunities to interact with a thing that they have not previously imagined or considered (I ha ve frequently suggested concepts during a co-design activity to which the end-user has said, “I didn’t know you could do that”); and • enable the designer to gain insights into novel requirements and aspirations of end-users and stakeholders (for example, when the end-user uses a prototype or service in an unexpected wa y or suggests alternative uses not previously considered). Different languages, cultures, and doctrines are the conventional constraints in facilitating the exchange of concepts, knowledge, and meaning. However, physical and cognitive impairments may compound these constraints.

end-users’ social and cultural contexts, designers should address the specifics of communication formats. Semantics enable human beings to order and develop complex mechanisms of communication. Klaus Krippendorff states, “Product semantics is the study of the symbolic qualities of man-made forms in the context of their use and the application of this knowledge to industrial design.” If I were to order the semiotic rules of product design and co-design activities under reference, category, and prototype, I would describe each as follows. A reference is a cognitive reference point; category is an ontology or class of things; while a prototype is a grading of examples in a category. Industrial designers communicate semiotic rules or coding during new product development processes through a range of formats from non-verbal gestures to technical documents.

Torrens, George. “Design for Ageing and Disability at Key Stage 4: An Introduction to the Nature of Designing, Available Teaching Materials and Resources.” Journal of the National Association of Design Education 2 (1998): 19–35. Torrens, George E, Jan Hann, Martin Webley, Jo Joy, and Ian. A. Sutherland. “Hand Performance Assessment of Ten People with Rheumatoid Arthritis When Using a Range of Specified Saucepans.” Disability and Rehabilitation 22, no. 3 (2000): 123. Tor T. Hiller y, 797–804. Limerick: Univesrity of Limerick, 1996. Torrens, George E., and Helen Newton. “Getting the Most from Working with Higher Education: A Review of Methods Used within a Participatory Design Activity Involving KS3 Special School Pupils and Undergraduate and Post-graduate Industrial Design Students.” Design Technology Education: An International Journal 18, no.1 (2013): 58–71.

1 (1993): 35–39. Demirbilek, Oya, and Halime Demirkan. “Univ ersal Product Design Involving Elderly Users: A Participatory Design Model.” Applied Ergonomics 35, no. 4 (2004): 361–70. Keates, Simeon, John P . Clarkson, Lee-Anne Harrison, and Peter Robinson. “Towards a Practical Inclusive Design Black, Ken, and Doug Williamson. “Designing Inclusive Physical Activities and Games.” In Design for Sport, edited by Anxo Cereijo Roibas, Emanuel Stamatakis, and Ken Black, 195–224. Farnham: Gower, 2011. Box 1. The list of twenty cases.

Designers may also apply the taxonomy to interactions with people from different cultural backgrounds, people who speak a different language, or people of a different gender or age groups. The review yields a taxonomy of dialogue formats matched to forms of sensory impairment. It provides a template for how to approach working with people living with disabilities. The taxonomy has the potential as a useful heuristic device. It is part of Usability-NET, 32 and it is therefore freely accessible to design practitioners and design researchers. Enhancing the future of industrial design and product design requires us to move from measuring a product’s success through market sales alone as the sole outcome. Isolating aspects of design processes, testing theories, and then combining them to create more complete products and services has numerous advantages.",outputs/batch1/canonical_text_284/0cbc36913472.txt,"Torrens, G.E. (1)",,"She Ji: The Journal of Design, Economics, and Innovation",10.1016/j.sheji.2018.01.001,,DH-C02,1,formats | communication | communication formats | time | people | dialogue | industrial | product | users | technology | designers | human | taxonomy | development | assistive,"Design Heuristics — Formats, communication & communication formats [DH-C02]",formats | communication | communication formats | time | people | dialogue | industrial | product | users | technology | designers | human | taxonomy | development | assistive,"Within the predefined Design Heuristics group, DH-C02 is statistically distinguished by formats, communication, communication formats. Additional contrastive terms include time, people, dialogue, industrial, product. Representative papers include Dialogue Appropriate to Assistive Technology Product Design: A Taxonomy of Communication Formats in Relation to Modes of Sensory Perception; Dialogue appropriate to assistive technology product design: A taxonomy of communication formats in relation to modes of sensory perception. This is an analysis-frozen statistical interpretation, not a final editorial topic label.",Design Heuristics,Statistical bottom-up interpretation,Analysis frozen; confirmation by at least two reviewers pending,Contrastive cluster explanation using adapted class-based TF-IDF; not a predefined codebook classification.,Not assigned by Path 1,Not evaluated in this statistical interpretation,Not applicable,Predefined keyword group,Not assigned,BGE-M3 embedding + Spectral clustering,Not assigned,Adapted class-based TF-IDF interpretation,not_applicable,-1,0.0,formats | communication | communication formats | time | people | dialogue | industrial | product | users | technology | designers | human | taxonomy | development | assistive,False,False,0,,,-0.6668316,-4.056413,0.02750682830810547,1,1,True,"[{'paper_id': 'c6955d14d66c', 'title': 'Dialogue appropriate to assistive technology product design: A taxonomy of communication formats in relation to modes of sensory perception', 'cluster': 1, 'distance': 0.009534060955047607}, {'paper_id': '022ee7cf2e4e', 'title': 'Introduction of a standardized Notation of Design Heuristics for Knowledge Formalization', 'cluster': 0, 'distance': 0.23544204235076904}, {'paper_id': 'cd211147691a', 'title': 'Design heuristics set for X: A design aid for assistive product concept generation', 'cluster': 0, 'distance': 0.2392178177833557}, {'paper_id': '994d28d55eb8', 'title': 'From human factors to human actors to human crafters', 'cluster': 1, 'distance': 0.24280458688735962}, {'paper_id': '9f4dbd790fe7', 'title': 'Design Heuristics in Innovative Products', 'cluster': 0, 'distance': 0.2473939061164856}]"
7cb073ebacac,Design Heuristics,Formal system for the expression of target-oriented design heuristics,"In design, it is generally neither possible to list all solutions to a given problem nor to prove whether a solution is optimal. In this context, guidance can be provided to designers in the form of heuristics, i.e. solutions validated by practice which have proven to lead towards satisfactory solutions but which are not guaranteed to be optimal or perfect. This article contributes to the development of supportive design tools by providing a first formal system for the expression of target-oriented design heuristics and their collection in consistent sets. © 2018 Faculty of Mechanical Engineering and Naval Architecture. All rights reserved.",12,12,7cb073ebacac_p0005;7cb073ebacac_p0006;7cb073ebacac_p0007;7cb073ebacac_p0009;7cb073ebacac_p0010;7cb073ebacac_p0011;7cb073ebacac_p0013;7cb073ebacac_p0014;7cb073ebacac_p0020;7cb073ebacac_p0027;7cb073ebacac_p0031;7cb073ebacac_p0033,"foundations and formal definition of design heuristics. Address ing this issue, this article introduces a formal system for the expression of design heuristics. It is ai med at supporting the future development of intuitive applications for industrial designers and product development engineers. The next section summarizes relevant elements of theory provide d by the literature. It introduces the concept of target-oriented design heuristics as a mean to signp ost the focus of the article and to fill missing elements of theory. It also highlights the limitations in the structure of ex isting heuristics sets and derives requirements for the development of n ew structuration approaches. As an answer to this, Section 3 introduces a new formal system for the expression of target-oriented design heuristics. Section 4 illustrates this formal system through the reformulation of 27 Design for Recycling (DfR) taken from literature.

Finally, Section 5 discusses the practical value of the introduced formal system with the help of three use cases. 2. Theory of design heuristics In the field of psychology, a cognitive heuristic is a “rule of thumb” used to make a decision or judgment (Nisbett and Ross, 1980, cited in Kramer et al., 2014) . In the specific domain of product development, design heuristics—alternatively called design prin ciples or design guidelines—have been defined as “context-depende nt directives, based on intuition, tacit knowledge, or experiential understanding, which provide design process direction to increa se the chance of reaching a satisfactory but not necessarily o ptimal solution” (Fu et al., 2016). In other words, design heuristics are strategies which have shown to be advantageous in problem solving, which help to quickly identify possible solutions to a new problem, but which are not guarante ed to produce any successful one.

In the absence of systematic methods and deterministic rules for s olving design problems, design heuristics are a predominant form to capture, accumulate, and reuse design knowledge (Kruse and Seidel, 2017). In this sense, they implement the concept of cas e-based reasoning (CBR), defined as use of “specific knowledge of previously experienced, concrete problem situations” as a basis to solve a new problems (Aamodt and Plaza, 1994). Heuristics are generally expresse d as short instructive statements (Sarnes and Kloberdanz, 2015) formulated as an imperative phrase (Fu et al., 2016) which cont ains at least a verb and an object (Bonvoisin et al., 2010). Two examples are “make incompatible m aterials easily separable” or “change contact material” (Yilm az et al., 2013, Telenko et al., 2016; respectively). Beyond this mere formal aspect, some authors suggested heuristics need to be ill ustrated by contextual information specifying the meaning and the applicability of design heuristi cs.

Although this has not been stated explicitly so far, design heu ristics referred to in scientific literature may be delineated along two dimensions. First, design heuristics may be either implicit o r explicit. Previous research shows that industrial designers and mechanical engineers unconsciously make use of im plicit design heuristics in the cognitive process of generating new designs (Yilmaz et al., 201 5). Implicit design heuristics are the product of experience and are ne ither formalized nor shared. On the opposite, explicit heuristics are formalized–that is, written–information. They may be used by de signers in order to support inspiration and to come up with new solutions for a design problem. The mos t famous of these explicit heuristics are certainly the 39 “principles of invention” used in TRIZ (Altshuller, 1984). Second, design heuristics may be either what we chose to call h ere undirected or target-oriented. The They help “jumping in a new subspace of possible solutions” (Yilmaz and Seifert, 2011) without judging

about the compliance of these solutions to any requirement. On the contrary, target-oriented design heuristics are intended to ensure that all solutions of this subspace also satisfy specific requirements. In this sense, target-oriented design heuristics are procedures to orient product design towards a strategic objective (Vezzoli and Sciama, 2006). They play the role of sig nposts which point the way to the realisation of desired product properties (Bauer, 2003). Hence, while the usage value of undirected design heuristics is only to inspire new designs, those of targ et-oriented heuristics is also ensure convergence towards desired requirements. Target-oriented heuri stics are typically used in Design for X (DfX) approaches and have been reported in domains such as fl exible products design (Bischof and Blessing, 2008), design for environment (Wimmer and Züst, 2001; Go et al., 2015; Telenko et al., 2016) and design for assembly (Barbosa and Carvalho, 2013).

The rest of this article focuses exclusively on explicit and target-oriented design heuristics which will be simply referred to as heuristics in order to simplify readability. Undirected-heuristics from Kramer et al. (2014) Target oriented (design for recycling) heuristics from Go et al. (2015) 1 Add levels Minimise the number of different types of materials

In some fewer examples, heuristi cs are stored in databases offering more complex structures and filtering possibilities (Bauer, 2003; Russo et al., 2017). The way heuristics are documented generally overlook that they are virtually connected with each other in a network of concretisation and influence relations. Concretisation relation occurs when a heuristic is translated into a more generic or specific one. An illustration of this relation in the context of object-oriented programming is the concept of class inherita nce. This is the type of relation which is used by Dahlström (1999) for defining company-specific heuri stics out of more generic ones. Influence relations occur when heuristics mutually reinforce or exclude each other, i.e. lead to a design trade-offs. For example, modular ity may be defended as a design strategy to extend product lifetime, since it eases disassembly and hence product maintenance, upgra de and remanufacturing.

At the same time, it implies the embedding in the product a larger amount o f reversible mechanical connections, hence opening to more mechanical tolerances, instabilities and breakages. This strategy hence leads to a design trade-off inside the field of design strategies sup posed to lead to longer product service life. The definition of the concretisation and influence relations is summarized in the diagram in Figure 1 next page. As in object-oriented programming, concretisation relations generate tree structures, meaning a parent can have different children but a child can have only one parent. Since design parameters can be interrelated in many ways, in fluence relation builds network structures, meaning a parent can have more than one child and a child have more than one parent. While the existence of these relations between design heuristic s is implicitly acknowledged in the scientific community, there is so far no formal system allowing for recording and representing them.

Expressed in EBNF (extended Backus-Naur Form, ISO, 2004)2, the syntactic rules for generating a wellformed target-oriented design heuristic are:  Heuristic = Action ""causes"" Action  Action = Change Property Artefact In the following, we adopt also the short form A1→A2, where A1 and A2 are actions and the sign "" →"" indicates a causal relation. We also refer to A1 as the ""instruction"" and A2 as the ""targeted consequence"". A well-formed heuristic is a heuristic which complies with the syntactic rules expressed here. 3.2. Heuristics sets as directed graphs The syntactic definition of design heuristics defined above all ows the formulation of design heuristics sets as directed graphs where nodes represent actions and directed edges causal relations. The consistency of a heuristic sets is ensured when each heuris tic of this set supports a given desired design objective.

This translation process highlighted four weaknesses in the original set of DfR heuristics listed hereafter: 1. Interestingly, only one heuristic among the 27 made clear reference to a targeted consequence: ""Mark all plastic and similar parts for ease of identification. "" This heuristic clearly indicates an instruction (to mark plastics) and a pursued consequence of this instruction (to make plastics easily identifiable). The 26 oth er heuristics simply stated an instruction, letting the targeted consequence implicit. An example is ""Avoid composite materials"" which only bears an instruction and does not state what this instruction is supposed to produce. 2. In those cases the targeted consequence had to be guessed by the authors. As these heuristics have been collected in a set entitled ""design for recyclability"", th e targeted consequence of all these heuristics could have been set to ""recyclability of the product."" This however does not bear further useful information.

material. On the one hand, the usage of recycled content contri butes to stimulate the market for this material, participates to the building of treatment facilities and therefore positively influences the product recyclability. On the other hand, some material such as plastics cannot be recycled infinitely so the use of recycled content can also influence recyclability negatively. 5. Use cases for a formal description of design heuristics The following sections present three interlinked cases in which the introduced formal system could find useful applications: introduction of new heuristic sets, assistance to product design, and development of computational applications based on heuristics. 5.1. Introduction of new heuristic sets The example reported in Section 4 illustrates that representing a heuristic set as a causal graph allows deriving quality measures based on graph properties.

Hence, the introduced formal system can provide benefits for engineering rese arch when prese nting new sets of heuristics or by practitioners to better adopt existing ones. 5.2. Product development support The introduced formal system can be used as a basis for knowled ge management and decision support in product development as well. By making heuristics available in the form of a network it becomes possible to identify possible side effects or contradictions of heuristics. For example the heuristic: ""Make designs as modular as possible, with separation of functions"" presented by Go et al. (2015) for DfR may contradict the heuristic ""Specify lightweight materials and com ponents"" from the perspective of DfE (Telenko et al., 2016). Lightweight design aims at saving energ y in product usage and/or production. For realizing lightweight design, several functions are often i ntegrated in one component and prevent the idea of modularization aiming at an increase of material and component service time.",outputs/batch1/canonical_text_284/7cb073ebacac.txt,"Bonvoisin, J. (1); Buchert, T. (1); Stark, R. (1)",2018,"Proceedings of International Design Conference, DESIGN",10.21278/idc.2018.0120,,DH-C01,0,product | designers | concepts | example | generation | idea | observed | solutions | form | specific | development | possible | risk | help | existing,"Design Heuristics — Product, designers & concepts [DH-C01]",product | designers | concepts | example | generation | idea | observed | solutions | form | specific | development | possible | risk | help | existing,"Within the predefined Design Heuristics group, DH-C01 is statistically distinguished by product, designers, concepts. Additional contrastive terms include example, generation, idea, observed, solutions. Representative papers include Design Heuristics in Innovative Products; Evidence-based design heuristics for idea generation. This is an analysis-frozen statistical interpretation, not a final editorial topic label.",Design Heuristics,Statistical bottom-up interpretation,Analysis frozen; confirmation by at least two reviewers pending,Contrastive cluster explanation using adapted class-based TF-IDF; not a predefined codebook classification.,Not assigned by Path 1,Not evaluated in this statistical interpretation,Not applicable,Predefined keyword group,Not assigned,BGE-M3 embedding + Spectral clustering,Not assigned,Adapted class-based TF-IDF interpretation,not_applicable,-1,0.0,product | designers | concepts | example | generation | idea | observed | solutions | form | specific | development | possible | risk | help | existing,False,False,0,,,0.29033226,-5.267628,0.05819672346115112,4,4,False,"[{'paper_id': '022ee7cf2e4e', 'title': 'Introduction of a standardized Notation of Design Heuristics for Knowledge Formalization', 'cluster': 0, 'distance': 0.09126675128936768}, {'paper_id': '9f4dbd790fe7', 'title': 'Design Heuristics in Innovative Products', 'cluster': 0, 'distance': 0.12142682075500488}, {'paper_id': 'cdd6de21b74b', 'title': 'Evidence-based design heuristics for idea generation', 'cluster': 0, 'distance': 0.12766408920288086}, {'paper_id': '0512599e76df', 'title': ""What is the content of 'design thinking'? Design Heuristics as conceptual repertoire"", 'cluster': 0, 'distance': 0.15794068574905396}, {'paper_id': 'cd211147691a', 'title': 'Design heuristics set for X: A design aid for assistive product concept generation', 'cluster': 0, 'distance': 0.16687947511672974}]"
994d28d55eb8,Design Heuristics,From human factors to human actors to human crafters,"Meta-design theory emphasizes that future use can never be entirely anticipated at design time, as users shape their environments in response to emerging needs; systems should therefore be designed to adapt to future conditions in the hands of end users. For most of human history, all design was meta-design; designers were also users, and the environments of design and use were one and the same. Technology introduced a divide between the skilled producers and unskilled consumers of technology, and between design time and use time. In our increasingly complex technological environments, tomorrow's meta-designers must be able to anticipate the environment in which the end users will work in order to provide the flexibility for users to craft their tools. By exploring and projecting forward current trends in technology use, we have identified key principles for meta-designers and suggest that using them as design heuristics will aid meta-designers in crafting systems for future end-users.",12,12,994d28d55eb8_p0003;994d28d55eb8_p0007;994d28d55eb8_p0009;994d28d55eb8_p0010;994d28d55eb8_p0011;994d28d55eb8_p0014;994d28d55eb8_p0016;994d28d55eb8_p0021;994d28d55eb8_p0022;994d28d55eb8_p0029;994d28d55eb8_p0030;994d28d55eb8_p0044,"As we advance in the way we think about our world, we advance in the way we think about designing for that world. We believe that current trends indicate the need for a major shift in how we view d esign. How should we think about our world now and how should we think about designing for that world? This is the question that motivates the work described here. At one time, design and use were closely entwined activities: human crafters designed tools through use and there was no distinctly separate design process. As technology advanced, industrialization introduced a divide between the goals of the setting of design (design time) and the setting of use (use time). Design time focused on experts creati ng a completed design artifact, while use time was oriented towards gradual user -driven evolution and change, responsive to environment and context.

Users function as both consumers and desi gners of their environment and the boundaries of system design are extended from one original system to an ongoing co -design process between users and designers. In this continuously participatory design, users and designers contribute to an ongoing design discussion centered on modifying the system in use. It remains a challenge in information systems to orient design time conversations towards future use time and to understand the role of participation in such a process. As meta -design theory reinforces, future use can never be entirely anticipated, yet some work must happen at design time. This raises the key questions: what techniques can help anticipate some use time possibilities at design time? And how can designers and users communicate around the inevitable and unanticipatable future changes that will arise over the life of the system?

At one point, w e all agreed on what design is and it was very easy to do! But, that was long ago, and we are very far past the point. Below, we present a brief history of design as it relates to interactive systems. Our goal is not to present a complete history of design and design science, but to present the highlights that relate to the design of interactive systems.

People have practiced design for roughly 2.5 million years! As Mayall [27 ] notes in Principles of Design, design, viewed a s the creation of artifacts used to achieve some goal, traces back to the development of stone tools. No formal descriptions of design methods or design theories have survived from these early design efforts, and we doubt that they existed. Mayall [27 ] notes that early design was driven by the belief that new is better and that technology is good. The earliest designers did not worry about unintended effects that their artifacts might have on individuals or society, and they did not spend a great deal of t ime focusing on user needs. New is better and technology is good, and these stone tools were clearly better than what preceded them. That groups of people might work together, that the context of use might influence design, that people might have need for multiple tools at one time or might use one tool in multiple ways were not factors that needed serious consideration.

Design in this phase was a common human activity, describing a general process of identifying an environmental misfit and moving towards a more desirable state in pursuit of some goal [2]. Design time and use time were once intermixed; nearly anyone could do it or be witness to it, tools were designed through use, there was no separate design process, and there were certa inly no experts conducting the “science of design.” The artifact‘s inability to perform its function (on any number of dimensions) was the motivating factor for design changes. As Petroski claims, “ one thing follows from another through successive changes, al l intended to b e for the better” [29]. This small-scale, often trial -and-error, iterative movement away from misfit towards a better solution characterizes the vast majority of historical acts of design . Even moving into the industrial revolution, many of the enabling te chnologies arose from the work of practical inventors and entrepreneurs, often with little education and theoretical knowledge (or need for such knowledge) in the sciences [41].

the goal of design was to fashion artifacts that people could use. Very early in the formalization of design methods, he noted that “We bear in mind that the object being worked on is going to be ridden in , sat upon, looked at, talked into, activated, operated, or in some other way used by people individually or en masse” [11]. Although a focus on people may sound commonplace today, it was revolutionary in the 1950s. By the 1960s, new technologies and new uses for systems had reached the point where it was becoming clear that something needed to change about the way we thought about design. Christopher Alexander [1] acknowledges in Notes on the Synthesis of Form that m any design problems were reaching “insoluble levels of complexity.” Design problems that once looked simple and that had simple solutions now looked more complex and new, more formal approaches to design were proposed.

44] focused on computer systems tailored to fit human operators in the context of required work. These handbooks brought a formal focus towards the process of design and towards considering users as the ult imate consumer of the system, albeit a narrow work -centric view of the user as an element of the system whose limitations must be designed around. However, difficulties operating the computing systems of the time encouraged the involvement of cognitive psychology, in hopes of leveraging this body of knowledge to i nform new and usable systems [34 ]. As psychology researchers became involved this dictated a focus on human cognition and behavior, in attempts to achieve better “cognitive coupling” between humans and computers [4]. In 1974, Newell, Card, and Moran [10], undertook a project to tie existing psychological theory and data to human - computer interaction, constructing the Model Human Processor and GOMS methodology for modeling human cognition and tasks.

Along with the methodological implications, Bannon argues for a theoretical move from product to process, from individuals to groups, from analysis to design, and from the laboratory to the workplace. In the same collection, Hendersen and Kyng put forth several ideas towards a future of designing in use [24]. They described the key challenges of design as arising from the differences between the setting of design and the ultimate setting of use. Design, in their view, should address: changing situations of use, the complexity and unpredictability of the real world, and the need to design for many different situations of use. This would be achieved through designing for ta ilorability, or creating the artifact with change in mind. These perspectives advocated for moving design time closer to an increasingly complex use time; theoretical frameworks focusing on social, emergent interaction “in the wild” were developing to better understand this complex use time.

prevailing cognitive psychology belief that human behavior is purposeful and planned, rather she argued that human action is more shaped by the immediate, surrounding contextual environment and circumstances. With newly minted theories and methodologies, the majority of them qualitative in nature (e.g. situated action, distribu ted cognition, Activity Theory), HCI gained new ways of describing and understanding use as it happened in real life. However, there was often little connection between these theories and predictive design methodologies for practitioners to employ. The ea rly 1990s were characterized by an increased interest in cognitive modeling approaches (e.g. cognitive walkthrough, heuristic evaluation) viewed as more applicable to practice and in conducting empirical experiments with real use rs, under the umbrella term of “usability engineering”.

In attempting to shift design activities from “design time” towards “use time”, Fischer and Giaccardi [17] suggest a number of dimensions that come into focus as distinctly different from traditional design concerns: process over object, co -creation over autonomous creation, seeding over complete system, construction over representation, and exceptions and negotiations over guidelines and rules, among others. Further diverging from earlier HCI techniques, meta -design suggests that designers mus t give up control to users and that users may play the role of consumers or designers depending on context [16].

In practice, true meta -design methodologies that can be generalized across domains are not forthcoming. An attempt has been made to extract use ful principles from identifying and exploring existing models of success, such as open source software development as a model for distributed cooperative work, and to explore and explain from a meta -design perspective domains such as interactive art and le arning communities. The vision of meta -design is far -reaching and deeply embedded in both social and technical issues, raising questions as to the nature and motivation of participation, the evolving practices of communities, and the limitations and capabi lities of our technologies, among others . Furthermore, new modes of information production have arisen from highly influential technologies and infrastructures such as the Internet, with little direct involvement from HCI theory or practice.

For most of human history, all design was meta -design; the people with the need crafted the tools to meet that need. But, future meta -design is unlike past meta -design in one important regard, while the power to craft tools, in both cases, rests with the end user, for the present and future, we still need designers with specialized skills. Meta -design of stone axes is different from meta -design of interactive systems. In the past, the skills needed to design were possessed by everyone. Today and tomorrow, we need designers to first craft the tools which end users will craft later. Tomorrow‘s meta -designers must be able to anticipate the environment in which the end users will work in order to provide the flexibility for users to craft their tools. Anticipating that future does not require a crystal ball, rather, looking at current trends in technology use and projecting them forward reveals key principles to meta-designers. We have outlined some of these key principles in this paper. We suggest that using them as design heuristics will aid meta-designers in crafting systems for future end -users.",outputs/batch1/canonical_text_284/994d28d55eb8.txt,"Maceli, Monica and Atwood, Michael",2011,Proceedings of the 2011 IConference,10.1145/1940761.1940775,https://doi.org/10.1145/1940761.1940775,DH-C02,1,formats | communication | communication formats | time | people | dialogue | industrial | product | users | technology | designers | human | taxonomy | development | assistive,"Design Heuristics — Formats, communication & communication formats [DH-C02]",formats | communication | communication formats | time | people | dialogue | industrial | product | users | technology | designers | human | taxonomy | development | assistive,"Within the predefined Design Heuristics group, DH-C02 is statistically distinguished by formats, communication, communication formats. Additional contrastive terms include time, people, dialogue, industrial, product. Representative papers include Dialogue Appropriate to Assistive Technology Product Design: A Taxonomy of Communication Formats in Relation to Modes of Sensory Perception; Dialogue appropriate to assistive technology product design: A taxonomy of communication formats in relation to modes of sensory perception. This is an analysis-frozen statistical interpretation, not a final editorial topic label.",Design Heuristics,Statistical bottom-up interpretation,Analysis frozen; confirmation by at least two reviewers pending,Contrastive cluster explanation using adapted class-based TF-IDF; not a predefined codebook classification.,Not assigned by Path 1,Not evaluated in this statistical interpretation,Not applicable,Predefined keyword group,Not assigned,BGE-M3 embedding + Spectral clustering,Not assigned,Adapted class-based TF-IDF interpretation,not_applicable,-1,0.0,formats | communication | communication formats | time | people | dialogue | industrial | product | users | technology | designers | human | taxonomy | development | assistive,False,False,0,,,-1.0215632,-5.0015564,0.11483919620513916,3,3,True,"[{'paper_id': '9f4dbd790fe7', 'title': 'Design Heuristics in Innovative Products', 'cluster': 0, 'distance': 0.2258649468421936}, {'paper_id': '7cb073ebacac', 'title': 'Formal system for the expression of target-oriented design heuristics', 'cluster': 0, 'distance': 0.23666006326675415}, {'paper_id': '0cbc36913472', 'title': 'Dialogue Appropriate to Assistive Technology Product Design: A Taxonomy of Communication Formats in Relation to Modes of Sensory Perception', 'cluster': 1, 'distance': 0.24280458688735962}, {'paper_id': '022ee7cf2e4e', 'title': 'Introduction of a standardized Notation of Design Heuristics for Knowledge Formalization', 'cluster': 0, 'distance': 0.2449512481689453}, {'paper_id': '0512599e76df', 'title': ""What is the content of 'design thinking'? Design Heuristics as conceptual repertoire"", 'cluster': 0, 'distance': 0.2467443346977234}]"
9eecf23c4ce7,Design Heuristics,Design Heuristics for Web-Based Severe Weather Risk Communication,"Weather risk communication is an interdisciplinary field of research that aims to understand how to communicate complex risk information related to extreme weather events to the general public to assist with safety-related decision-making. Web-based tools are increasingly important in risk communication, but the complexity of the topic creates difficulties for designers without prior domain experience. To help address this challenge, we used key findings from relevant scholarly literature to adapt Nielsen’s usability heuristics for use by designers working on web-based risk communication tools. We then evaluated and iterated on these heuristics through research with both risk communication experts and designers. Based on our results, we argue that the final set of heuristics we present in this paper are useful for supporting designers in identifying and addressing usability issues in web-based tools aimed at communicating severe weather risk information to the public.",12,12,9eecf23c4ce7_p0001;9eecf23c4ce7_p0005;9eecf23c4ce7_p0006;9eecf23c4ce7_p0009;9eecf23c4ce7_p0013;9eecf23c4ce7_p0014;9eecf23c4ce7_p0015;9eecf23c4ce7_p0019;9eecf23c4ce7_p0020;9eecf23c4ce7_p0035;9eecf23c4ce7_p0044;9eecf23c4ce7_p0067,"Design Heuristics for Web-Based Severe Weather Risk Communication Sophia Jit∗ sophia.jit@mail.utoronto.ca Amanda Leiva∗ amanda.leiva@mail.utoronto.ca Rebecca Bicksler Co-Risk Labs Englewood, Colorado, USA beccabix@gmail.com Robert Soden soden@cs.toronto.edu

This work generally draws on the field of risk communication, an area of research which aims to support the effective communicate information to the general public safety-critical and time-sensitive information [ 53]. However, given the specialized expertise of weather risk communication, designers without prior domain knowledge may struggle to create effective and usable tools. To help address this challenge, we drew upon best practices from scholarship in severe weather risk communications to develop and evaluate a novel set of usability heuristics for use in this domain. A usability heuristic is a general rule or best practice that helps guide the design and evaluation of user interfaces to enhance usability. While general usability heuristics have been shown to be valuable to technology design practice, the potential benefit of domain-specific heuristics is their ability to address the specific concerns that arise from the unique characteristics of the interface and user needs in a particular context [26, 48].

Interfaces for sharing information about severe weather events, such as the websites of government forecasting offices, emergency managers or meteorologists, need to be designed to help users by informing specific decisions such as evacuation, emergency preparedness, or finding shelter. The design and functionality of corresponding tools require significant domain knowledge and should build upon best practices in risk communication. Best practices in risk communication strategy have been established in the field [3, 14, 15], but these practices have yet to be incorporated into standard tools or approaches that can help designers without prior background in the area. Effective

We then discuss the results of the heuristic evaluation with designers and propose a revised set of heuristics based on these results, and the application of these heuristics in interface design within this domain. We conclude with some limitations and future directions of this work at the intersection of sustainable computing, design, and risk communication. Phase 1: Literature Review Participants: Research Team Result: Identify principles/guidelines for initial heuristics Heuristic Iteration : V1 Phase 2: Expert Evaluation Participants: Weather Risk Experts Result: Feedback on initial heuristics Heuristic Iteration : V2 Phase 3: Heuristic Evaluation Participants: UX Professionals Result: Feedback on V2 heuristics Heuristic Iteration : V3

Similarly, research in this field has highlighted the importance of individuals’ social networks, difficulties in conveying expert knowledge to the public, and the challenges of communicating uncertainty in risk communications [6, 7, 37, 53, 56]. Despite initial progress, HCI research in this field is still nascent, and we hope the heuristics provided in this paper can help support other designers and scholars seeking to work on this important and challenging topic.

Heuristic evaluation is generally considered a flexible and lightweight method for identifying usability issues in user interfaces across all stages of the design process. The most widely used heuristics developed by Jakob Nielsen [40, 41] were generated through

background research in human information processing and iterated upon by conducting heuristic evaluations on real-world interfaces. This framework allows developers and designers to make informed decisions on how to prioritize design iteration to mediate usability issues. Nielsen categorized the most common usability problems into ten categories that can describe the underlying design errors present in the interface: Nielsen’s Heuristics Visibility of system status Match between system and the real world User control and freedom Consistency and standards Error prevention Recognition rather than recall Flexibility and efficiency of use Aesthetic and minimalist design Help users recognize, diagnose, and recover from errors Help and documentation While general heuristics can work well in evaluating the usability issues found in most interfaces [21], they may fail to identify issues that arise in different technology mediums or the unique characteristics of weather risk communication tools and services.

To analyze each article, the research team extracted information to address the following questions: (1) What are the specific decisions (such as critical protective actions) made by the general public that experts seek to influence? (2) What factors do people base these decisions on? (3) What channels do the public use to get specific information? (4) What is known about how to present this information? This includes visual design, textual clarity, and timing. Based on this review, we first developed eight initial heuristics displayed in Table 2. The first iteration of the heuristics was generated independently by one member of the research team who has extensive experience with human-centred design research. These were then reviewed with two other members of the research team who have backgrounds in human-centred design research and disaster risk communication, respectively.

Through this process, slight changes were made based on the judgement and expertise of the research team to ensure that they aligned with best practices in the field while remaining useful in a design context. While some of the heuristics in Table 2 are based partly on Nielsen’s heuristics, they are more oriented towards identifying domain-specific usability issues through the numbered supplementary descriptions. We also created an additional set of points for each heuristic to help guide their application. The first three heuristics in Table 2 were derived from the literature on the factors that influence decision-making, of which the concept of perceived risk has been found to be a large determinant of whether individuals will take protective actions in severe weather events [1, 22]. The heuristic “Relevance to Self"" focuses on the idea of localization and differential vulnerabilities.

Following the expert review, we made the initial decision to concentrate our efforts solely on general weather-related phenomena. This decision was motivated by expert feedback, which highlighted the specificity of severe weather events and the approaches used to forecast and model them, as opposed to other types of hazards, such as earthquakes or industrial accidents. To account for this, we altered the language of some of the supporting points for the heuristics to focus more on the effects of severe weather. Additionally, more detailed supporting points were added to the heuristics based on knowledge gained from the discussions with weather experts.

We sought to recruit between five and ten participants for each set of heuristics. This strategy is based on recent work in developing domain-specific heuristics [29] and corroborated by findings by Nielsen & Molich [41], which found that the number of identified usability issues begins to diminish after five and plateaus after ten evaluators. We reached out to students at large North American universities in Computer Science and user experience design programs, along with our network of junior user experience research and design professionals. To screen respondents, we used a survey which asked them to self-rate their expertise with heuristic evaluations and weather risk communication on an expertise scale

Although the education level of heuristic evaluation participants was representative of a majority of user experience designers [49], a potential limitation of this work is that they did not represent a broad range of experiences. By virtue of our recruitment method, which relied on universities and snowball sampling, the participants of the heuristic evaluation were either students or junior design professionals with few, if any, senior designers participating. Consequently, the generated heuristics may benefit from further validation with designers with more varied experience levels. For example, one approach to further distribute and validate these heuristics may involve taking an open-source approach by publishing the heuristics to online community hubs frequented by experts, designers, and educators, such as Wikis and GitHub, for transparency. In",outputs/batch1/canonical_text_284/9eecf23c4ce7.txt,"Jit, Sophia and Leiva, Amanda and Bicksler, Rebecca and Soden, Robert",2025,Proceedings of the 2025 ACM SIGCAS/SIGCHI Conference on Computing and Sustainable Societies,10.1145/3715335.3735482,https://doi.org/10.1145/3715335.3735482,DH-C01,0,product | designers | concepts | example | generation | idea | observed | solutions | form | specific | development | possible | risk | help | existing,"Design Heuristics — Product, designers & concepts [DH-C01]",product | designers | concepts | example | generation | idea | observed | solutions | form | specific | development | possible | risk | help | existing,"Within the predefined Design Heuristics group, DH-C01 is statistically distinguished by product, designers, concepts. Additional contrastive terms include example, generation, idea, observed, solutions. Representative papers include Design Heuristics in Innovative Products; Evidence-based design heuristics for idea generation. This is an analysis-frozen statistical interpretation, not a final editorial topic label.",Design Heuristics,Statistical bottom-up interpretation,Analysis frozen; confirmation by at least two reviewers pending,Contrastive cluster explanation using adapted class-based TF-IDF; not a predefined codebook classification.,Not assigned by Path 1,Not evaluated in this statistical interpretation,Not applicable,Predefined keyword group,Not assigned,BGE-M3 embedding + Spectral clustering,Not assigned,Adapted class-based TF-IDF interpretation,not_applicable,-1,0.0,product | designers | concepts | example | generation | idea | observed | solutions | form | specific | development | possible | risk | help | existing,False,False,0,,,0.9662912,-5.9914145,0.11172658205032349,7,7,False,"[{'paper_id': '022ee7cf2e4e', 'title': 'Introduction of a standardized Notation of Design Heuristics for Knowledge Formalization', 'cluster': 0, 'distance': 0.1715778112411499}, {'paper_id': '9f4dbd790fe7', 'title': 'Design Heuristics in Innovative Products', 'cluster': 0, 'distance': 0.17599308490753174}, {'paper_id': '7cb073ebacac', 'title': 'Formal system for the expression of target-oriented design heuristics', 'cluster': 0, 'distance': 0.17852997779846191}, {'paper_id': 'cdd6de21b74b', 'title': 'Evidence-based design heuristics for idea generation', 'cluster': 0, 'distance': 0.1865481734275818}, {'paper_id': '0512599e76df', 'title': ""What is the content of 'design thinking'? Design Heuristics as conceptual repertoire"", 'cluster': 0, 'distance': 0.23725402355194092}]"
9f4dbd790fe7,Design Heuristics,Design Heuristics in Innovative Products,"Current design theory lacks a systematic method to identify what designers know that helps them to create innovative products. In the early stages of idea generation, designers may find novel ideas come readily to mind, or may become fixated on their own or existing products. This may limit the ability to consider more and more varied candidate concepts that may potentially lead to innovation. To aid in idea generation, we sought to identify 'design heuristics,' or 'rules of thumb,' evident in award-winning designs. In this paper, we demonstrate a content analysis method for discovering heuristics in the designs of innovative products. Our method depends on comparison to a baseline of existing products so that the innovative change can be readily identified. Through an analysis of key features and functional elements in the designs of over 400 award-winning products, 40 heuristic principles were extracted. These design heuristics are outlined according to their perceived role in changing an existing product concept into a novel design, and examples of other products using the heuristics are provided. To demonstrate the ease of use of these design heuristics, we examined outcomes from a classroom study and found that concepts created using design heuristics were rated as more creative and varied. The analysis of changes from existing to innovative products can provide evidence of useful heuristic principles to apply in creating new designs.",12,12,9f4dbd790fe7_p0004;9f4dbd790fe7_p0005;9f4dbd790fe7_p0006;9f4dbd790fe7_p0022;9f4dbd790fe7_p0029;9f4dbd790fe7_p0034;9f4dbd790fe7_p0035;9f4dbd790fe7_p0042;9f4dbd790fe7_p0045;9f4dbd790fe7_p0049;9f4dbd790fe7_p0053;9f4dbd790fe7_p0057,"Designers can also become “ﬁxated” [13–16], where their attention is focused on a single past example or on one new idea. How do designers generate more and more varied concepts in order to produce product innovations? Design expertise is a complex subject to study empirically because the creative process appears unpredictable and opportunistic [17]. But studies of expert designers have uncovered some of the behaviors associated with the generation of designs: An expert designer draws upon precedents [ 18], is able to restructure a design problem space through transformations [ 19], makes long interrelated chains of moves (and retrieves larger knowledge chunks from memory) [ 20], and identiﬁes “clues” to good designs [21]. Experts within a domain learn to incorporate a variety of cognitive changes that improve performance [ 22,23]; in particular, they learn to use domain-speciﬁc, implicit knowledge derived from their experiences [ 24].

This implicit knowledge in expertise appears to take the form of simple rules of thumb used to generate a judgment or decision [ 25]. While the term “heuristic” more commonly refers to strategies that use existing information to guide search in problem-solving [ 26], cognitive heuristics are “best guesses” at potential solutions and are not guaranteed to lead to a determinate solution. Psychological research shows that experts use cognitive heuristics constantly and effectively, and their efﬁ- cient use of domain-speciﬁc heuristics distinguishes them from novices [27]. For example, an expert ﬁreﬁghter arrives at a scene and instantly recognizes what approach to take to the ﬁre based on implicit knowledge built from many experiences with other scenes; then, that knowledge serves as a heuristic to direct action in this novel setting [ 28].

The cognitive heuristic directs behavior in the new setting, though it is not certain to be successful. We draw upon this concept of cognitive heuristics to describe an experience-based rule of thumb in memory that can be useful in suggesting new design concepts, called design heuristics [29,30]. In this approach, speciﬁc cognitive heuristics are posited as implicit knowledge based on past experiences that help the designer to explore the solution space of potential designs [ 30,31]. Successively applying different design heuristics assists in creating different candidate concepts from this potential design space. We propose that expert designers employ design heuristics in order to enhance the variety, quality, and creativity of potential designs they generate during the ideation stage. In a case study of an expert practitioner working on a two-year project, we examined the designer’s work as captured in his progression of designs recorded on a scroll such that related designs appear in adjacent positions.

These were identiﬁed in a prior study investigating an expert designer’s idea generation process that included 50 sequential concepts [ 29]. Each of the 400 products was examined at length and coded for the presence of speciﬁc heuristics, and each new heuristic extracted was added to the set as needed. At the ﬁnal step (7), some of the observed heuristics were revised or combined, resulting in a master list of 40 heuristics [ 49]. All of the initial heuristics (21) from the prior study were also observed in this product analysis. The identiﬁcation of new heuristics occurred regularly in the ﬁrst 200 products analyzed, and then, the need to add new heuristics tapered off, indicating that the analysis had approached saturation with these product designs. Each heuristic was then described in a concise statement that included the purpose of the heuristic and speciﬁed changes to a design.

In the set of 40 design heuristics, the nature of the speci- ﬁcity varies greatly and is derived from the observations of the speciﬁc products analyzed. The design heuristics also vary in that some add functionality, suggest use of fewer resources, save space, provide ideas about visual consistency, form relationships among the design elements, and emphasize design goals (adjust to different demographics). These more speciﬁc heuristics go beyond general descriptions to identify why a particular heuristic might be advantageous within a problem based on its occurrence in the innovative product example. Consider these ﬁve examples of the extracted heuristics and their resulting descriptions. Heuristic example 1: Convert two-dimensional materials into three-dimensional. Change an object’s dimensions with a change in boundary conditions. Create an object by manipulating twodimensional geometrical surfaces around an axis or twisting in various directions in order to generate a three-dimensional product.

extracted design heuristics along with two different example products where each heuristic was also evident. Exactly how each heuristic is displayed differs based on the design problem, the context deﬁned in the problem deﬁnition, and designers’ preferences. Examples of other products where the heuristic was evident are meant solely to illustrate the apparent ready availability of heuristics in products. Each heuristic relates to speciﬁc features within the design problem and produces a new concept altered in a speciﬁc fashion. However, the same heuristic may be applied more than once in a given problem, such as applying the “visual consistency” heuristic to the seating area of a baby stroller, and applying it again to the external form. As a result, the identiﬁed design heuristics are applied within the speciﬁc problem context, and the selection of heuristic and how to apply it is not deterministic.

As implied by the use of heuristic, they serve as rules of thumb that may or may not be useful within a given design. However, their use may allow a designer to create alternative concepts to consider that may not be obvious without the heuristic. The results of the product design analysis demonstrate a method for identifying design heuristics in existing products. The outcome of the content analysis was a set of 40 heuristics that were observed across 400 award-winning products from different designers. The observed heuristics cover a broad range of product functions, forms, materials, and interaction methods. The proposed heuristics offer the potential for application to other design problems and the creation of innovative concepts. One limitation in our analysis of innovative products is that only one sample of 400 designs was included.

Students were considered “beginning designers” because they reported little or no previous experience in industrial design, but were enrolled in a professional training program. The study was conducted within a classroom session. The design was correlational, so that all students were trained on the method and given opportunity to use it, and the product of their work was examined for evidence that they used the design heuristics method and, if so, the number of heuristics used. The session began with 15 min of instruction by the instructor on the use of design heuristics. Students were given the opportunity to ask questions. Each student was then supplied with a subset of 12 of the 40 design heuristics selected at random. Each heuristic card includes a title, written description, abstract illustration, and two photographic examples of existing products that illustrate the heuristic (see Fig.

this question, we analyzed (1) the number of concepts generated, (2) the relative creativity of each concept, (3) the relative diversity, or variation, among the concepts within a given participant’s set, and (4) coded the use of the 12 heuristics in the concepts they generated. Two coders trained in identifying design heuristics analyzed the concept sketches and written descriptions to determine which, if any, of the heuristics provided to a student were evident in that student’s concepts. One coder had a background in engineering and art and design, and the other in industrial design. They also noted when the participant reported that he/she had used a heuristic for a speciﬁc design concept, and scored whether any of the subset was evident in the concepts. For example, if the heuristic was both observed by coders and claimed by the participant, then the heuristic was coded as “evident and claimed.” The coders did not score for heuristics that were evident but not present in the 12 heuristics provided to that student.

It is also evident from these examples that the heuristics were used to consider aspects beyond the primary function of collecting sunlight, suggesting a more developed construction of the problem. For example, one concept showed a magnifying glass to heat a black object, but use of the heuristic was also evident in that it addressed portability by making the parts detachable for easy storage. We compared heuristic use to the average creativity ratings to identify what percentage of concepts within each creativity rating level showed any evidence of heuristic use (see Fig. 12). While there were fewer concepts that were scored as highly creative (ﬁve and over on the seven-point scale), those that received high scores included a higher proportion of heuristic-based concepts, while those with low creativity ratings included more concepts with no evidence of heuristic use.

Concepts showing heuristics were rated as more creative, and the frequency of heuristic use was related to the rated diversity of an individual’s concept set. This study suggests that novice designers can beneﬁt from using design heuristics to generate multiple, creative ideas. Designers may acquire these heuristics based on experience with a variety of design by one student 071102-10 / Vol. 138, JUL Y 2016 Transactions of the ASME

Systematic observation of 400 consumer products allowed the extraction of 40 design heuristics evident across designers and products. This provides a sample of common cognitive heuristics used by expert designers as shown in their work product. The method of extracting heuristics from the work of designers may allow others to more quickly acquire these heuristics and make use of them in design, adding to the development of expertise in innovation. The design heuristics observed may serve as a “how to” guide for considering changes to designs that lead to more innovative concepts. Our ﬁndings parallel those of Singh et al. [ 45]. Though their approach centered on principles for transformers, there are some similar principles identiﬁed in both studies. For example, their transformation called “Nesting and Shelling” captures aspects of the design heuristic, “hide/collapse/ﬂatten elements not in use by nesting,” and the transformation, “Inﬂate,” can be considered similar to the design heuristic: “Make the product expandable in order to ﬁt various sizes.” However, we feel that the speciﬁcity of the description may be important in capturing the content of the heuristic while avoiding possible overgeneralization (as may occur in approaches like SCAMPER [ 38]).",outputs/batch1/canonical_text_284/9f4dbd790fe7.txt,"Yilmaz, S.; Seifert, C. (1); Daly, S.R. (2); Gonzalez, R. (1)",,Journal of Mechanical Design,10.1115/1.4032219,,DH-C01,0,product | designers | concepts | example | generation | idea | observed | solutions | form | specific | development | possible | risk | help | existing,"Design Heuristics — Product, designers & concepts [DH-C01]",product | designers | concepts | example | generation | idea | observed | solutions | form | specific | development | possible | risk | help | existing,"Within the predefined Design Heuristics group, DH-C01 is statistically distinguished by product, designers, concepts. Additional contrastive terms include example, generation, idea, observed, solutions. Representative papers include Design Heuristics in Innovative Products; Evidence-based design heuristics for idea generation. This is an analysis-frozen statistical interpretation, not a final editorial topic label.",Design Heuristics,Statistical bottom-up interpretation,Analysis frozen; confirmation by at least two reviewers pending,Contrastive cluster explanation using adapted class-based TF-IDF; not a predefined codebook classification.,Not assigned by Path 1,Not evaluated in this statistical interpretation,Not applicable,Predefined keyword group,Not assigned,BGE-M3 embedding + Spectral clustering,Not assigned,Adapted class-based TF-IDF interpretation,not_applicable,-1,0.0,product | designers | concepts | example | generation | idea | observed | solutions | form | specific | development | possible | risk | help | existing,False,False,0,,,-0.9052782,-5.9193726,0.03573727607727051,1,1,True,"[{'paper_id': 'cdd6de21b74b', 'title': 'Evidence-based design heuristics for idea generation', 'cluster': 0, 'distance': 0.04825323820114136}, {'paper_id': '022ee7cf2e4e', 'title': 'Introduction of a standardized Notation of Design Heuristics for Knowledge Formalization', 'cluster': 0, 'distance': 0.11078810691833496}, {'paper_id': '0512599e76df', 'title': ""What is the content of 'design thinking'? Design Heuristics as conceptual repertoire"", 'cluster': 0, 'distance': 0.11334061622619629}, {'paper_id': '7cb073ebacac', 'title': 'Formal system for the expression of target-oriented design heuristics', 'cluster': 0, 'distance': 0.12142682075500488}, {'paper_id': 'cd211147691a', 'title': 'Design heuristics set for X: A design aid for assistive product concept generation', 'cluster': 0, 'distance': 0.12709581851959229}]"
c6955d14d66c,Design Heuristics,Dialogue appropriate to assistive technology product design: A taxonomy of communication formats in relation to modes of sensory perception,"Abstract This article reviews the use of dialogue and associated communication formats within the context of participatory or co-design decision-making processes in the development of assistive technologies. My professional experience as a designer, researcher, and educator suggested the dialogue among the designer, end-user, and associated stakeholders is critical to effective and economic product development. The research I report on here is a systematic analysis of that understanding. First, I conducted a literature review which established that there was no standard meaning for the term “dialogue.” The literature review highlighted the challenges of reduced options for communication through the compounding constraints of culture, language, and impairment. I then conducted a summative content analysis on twenty case studies to identify and define the terminology and points to consider in collaborative dialogue between designers and people who need assistive technologies. This analysis led to the development of a taxonomy of communication formats matched to specific sensory inputs and these have been structured to work as a heuristic design tool. Of the forty-one formats defined, around two-thirds were used in the literature reviewed. Notably, more than half the studies used just over a quarter of the formats. The definitions of dialogue and the design heuristics I put forward in this paper require further debate and refinement to be effective to wider applications.",12,12,c6955d14d66c_p0003;c6955d14d66c_p0006;c6955d14d66c_p0013;c6955d14d66c_p0019;c6955d14d66c_p0021;c6955d14d66c_p0025;c6955d14d66c_p0031;c6955d14d66c_p0032;c6955d14d66c_p0044;c6955d14d66c_p0049;c6955d14d66c_p0052;c6955d14d66c_p0062,"The definitions of dialogue and the design heuristics I put forward in this paper require further debate and refinement to be effective to wider applications. Publishing services by Elsevier B.V. This is an open access article under the CC BY-NC-ND license (http://creativecommons.org/licenses/by-nc-nd/4.0/). The peer review process is the responsibility of Tong ji University and Tongji University Press.

Industrial designers often use a combination of these communication formats during a design process—a choice based on personal experience rather than research. What is missing, in existing literature, is research regarding the appropriate communication formats for various contexts. This article clarifies the contexts in which different types of communication formats are used in the design process. It presents a taxonomy of communication formats matched to particular sensory inputs; structured to work as a heuristic design tool. The research question addressed in this article is: What are the appropriate communication formats to apply to dialogue as part of a user-centered, participatory approach to assistive technology product development? Definition of Terms Reviewing conventional formats for industrial design requires a definition of the practicing designer.

development case studies to: a. identify which of these formats have been applied with associated end-user impairments; b. define social, cultural doctrines associated with a range of impairments; and c. produce a taxonomy—a heuristic design tool look-up table—of impairment against suitable formats of design specific communication.

did include design decision-making during the design process in each case study, but only with regards to its effective application to communication formats. The reviewed journals, textbooks, and standards assumed some background knowledge of design or engineering. I placed no time limit on the publication date of textbooks or articles, as many of the defined communication formats are as old as humanity. My emphasis on well-established definitions of communication formats in industrial and assistive technology product design focused the review. British standards for management of new product development processes relating to industrial design and assistive technology or inclusive design provided the context. 17 This standard works within the context already given about generic design process and the constraints of current UK healthcare provision.

, “Design as a Discipline,” Design Studies 1, no. 1 (1979): 17, DOI: https://doi.org/10.1016/0142- 694X(79)90023-1. Michael T ovey, “Styling and Design: Intuition and Analysis in Industrial Design,” Studies 18, no. 1 (1997): 5, DOI: https://doi.org/10.1016/S0142- 694X(96)00006-3. British Standard, BS7000- 6:2005, Design Management Systems: Managing Inclusive Design: Guide (London: British Standards Institute, 2005); British Standard, BS EN ISO 9999:2011, Assistive Products for Persons with Disabilities— Classification and Terminology

Two operators reviewed the twenty case studies, using the same protocol, to minimize bias. Both operators employed the same list of communication formats, which included a short description of each format. The operators used the descriptions to identify the formats in each study. I was one of the operators, with the other an administrator with good working knowledge of design methods. Using an operator not fully immersed in design processes ensured the descriptions were reviewed on the content alone, and prevented me, as an experienced designer, from unintentionally ‘filling in’ any gaps. We compared our reviews to identify any differences or anomalies between our interpretations of each case study, and then discussed them. When one of us identified a format the other had not perceived, we reviewed the reasoning for identification and decided jointly whether or not to

Emotion may drive the response to a visual or audible communication format, as a result of the receiver being calm and open, or agitated and closed. Bias may occur if the sender’s communication includes aggressive body language or, contrarily, a gentle tone of voice. The visual and performing arts manipulate these very elements so as to affect audience response. Examining the communication formats suitable to participatory and co-design activities reveals their benefits as additional design tools merit consideration. Colin Ware 24 provides a good description of the benefits that information visualization can bring to design decision-making that apply to all communication formats. The benefits of using different communication formats in co-designing include the ability to: • scale using given formats so as to see complex systems, as well as individual detail (for example, using a functional prototype and then examining surface texture or part line);

• identify issues, such as features or other characteristics that are inappropriate (such as weight, color , styling, shape, size, or noise made during use); • provide end-users with opportunities to interact with a thing that they have not previously imagined or considered (I ha ve frequently suggested concepts during a co-design activity to which the end-user has said, “I didn’t know you could do that”); and • enable the designer to gain insights into novel requirements and aspirations of end-users and stakeholders (for example, when the end-user uses a prototype or service in an unexpected wa y or suggests alternative uses not previously considered). Different languages, cultures, and doctrines are the conventional constraints in facilitating the exchange of concepts, knowledge, and meaning. However, physical and cognitive impairments may compound these constraints.

end-users’ social and cultural contexts, designers should address the specifics of communication formats. Semantics enable human beings to order and develop complex mechanisms of communication. Klaus Krippendorff states, “Product semantics is the study of the symbolic qualities of man-made forms in the context of their use and the application of this knowledge to industrial design.” If I were to order the semiotic rules of product design and co-design activities under reference, category, and prototype, I would describe each as follows. A reference is a cognitive reference point; category is an ontology or class of things; while a prototype is a grading of examples in a category. Industrial designers communicate semiotic rules or coding during new product development processes through a range of formats from non-verbal gestures to technical documents.

Torrens, George. “Design for Ageing and Disability at Key Stage 4: An Introduction to the Nature of Designing, Available Teaching Materials and Resources.” Journal of the National Association of Design Education 2 (1998): 19–35. Torrens, George E, Jan Hann, Martin Webley, Jo Joy, and Ian. A. Sutherland. “Hand Performance Assessment of Ten People with Rheumatoid Arthritis When Using a Range of Specified Saucepans.” Disability and Rehabilitation 22, no. 3 (2000): 123. Tor T. Hiller y, 797–804. Limerick: Univesrity of Limerick, 1996. Torrens, George E., and Helen Newton. “Getting the Most from Working with Higher Education: A Review of Methods Used within a Participatory Design Activity Involving KS3 Special School Pupils and Undergraduate and Post-graduate Industrial Design Students.” Design Technology Education: An International Journal 18, no.1 (2013): 58–71.

1 (1993): 35–39. Demirbilek, Oya, and Halime Demirkan. “Univ ersal Product Design Involving Elderly Users: A Participatory Design Model.” Applied Ergonomics 35, no. 4 (2004): 361–70. Keates, Simeon, John P . Clarkson, Lee-Anne Harrison, and Peter Robinson. “Towards a Practical Inclusive Design Black, Ken, and Doug Williamson. “Designing Inclusive Physical Activities and Games.” In Design for Sport, edited by Anxo Cereijo Roibas, Emanuel Stamatakis, and Ken Black, 195–224. Farnham: Gower, 2011. Box 1. The list of twenty cases.

Designers may also apply the taxonomy to interactions with people from different cultural backgrounds, people who speak a different language, or people of a different gender or age groups. The review yields a taxonomy of dialogue formats matched to forms of sensory impairment. It provides a template for how to approach working with people living with disabilities. The taxonomy has the potential as a useful heuristic device. It is part of Usability-NET, 32 and it is therefore freely accessible to design practitioners and design researchers. Enhancing the future of industrial design and product design requires us to move from measuring a product’s success through market sales alone as the sole outcome. Isolating aspects of design processes, testing theories, and then combining them to create more complete products and services has numerous advantages.",outputs/batch1/canonical_text_284/c6955d14d66c.txt,G. Torrens,2017,,,https://www.semanticscholar.org/paper/e3863795197b4a7168ac1c641588497ad18d3671,DH-C02,1,formats | communication | communication formats | time | people | dialogue | industrial | product | users | technology | designers | human | taxonomy | development | assistive,"Design Heuristics — Formats, communication & communication formats [DH-C02]",formats | communication | communication formats | time | people | dialogue | industrial | product | users | technology | designers | human | taxonomy | development | assistive,"Within the predefined Design Heuristics group, DH-C02 is statistically distinguished by formats, communication, communication formats. Additional contrastive terms include time, people, dialogue, industrial, product. Representative papers include Dialogue Appropriate to Assistive Technology Product Design: A Taxonomy of Communication Formats in Relation to Modes of Sensory Perception; Dialogue appropriate to assistive technology product design: A taxonomy of communication formats in relation to modes of sensory perception. This is an analysis-frozen statistical interpretation, not a final editorial topic label.",Design Heuristics,Statistical bottom-up interpretation,Analysis frozen; confirmation by at least two reviewers pending,Contrastive cluster explanation using adapted class-based TF-IDF; not a predefined codebook classification.,Not assigned by Path 1,Not evaluated in this statistical interpretation,Not applicable,Predefined keyword group,Not assigned,BGE-M3 embedding + Spectral clustering,Not assigned,Adapted class-based TF-IDF interpretation,not_applicable,-1,0.0,formats | communication | communication formats | time | people | dialogue | industrial | product | users | technology | designers | human | taxonomy | development | assistive,False,False,0,,,-0.16675852,-3.5584538,0.03227651119232178,2,2,True,"[{'paper_id': '0cbc36913472', 'title': 'Dialogue Appropriate to Assistive Technology Product Design: A Taxonomy of Communication Formats in Relation to Modes of Sensory Perception', 'cluster': 1, 'distance': 0.009534060955047607}, {'paper_id': 'cd211147691a', 'title': 'Design heuristics set for X: A design aid for assistive product concept generation', 'cluster': 0, 'distance': 0.24467378854751587}, {'paper_id': '022ee7cf2e4e', 'title': 'Introduction of a standardized Notation of Design Heuristics for Knowledge Formalization', 'cluster': 0, 'distance': 0.2471371293067932}, {'paper_id': '994d28d55eb8', 'title': 'From human factors to human actors to human crafters', 'cluster': 1, 'distance': 0.25628143548965454}, {'paper_id': '7cb073ebacac', 'title': 'Formal system for the expression of target-oriented design heuristics', 'cluster': 0, 'distance': 0.25933581590652466}]"
cd211147691a,Design Heuristics,Design heuristics set for X: A design aid for assistive product concept generation,"Design teams tasked with developing assistive products typically lack sufficient knowledge for generating and exploring different solution concepts. This knowledge deficiency problem hampers efficiently creating high-quality assistive products. To enhance assistive product concept generation, the current study proposed design aids called design heuristics sets for X (DHSfXs). A DHSfX is a collection of design heuristics that are likely to help assistive product designers produce solution concepts successfully meeting a particular design goal X. A development process of a DHSfX for assistive product design was presented. An example DHSfX for creating assistive products for one-handed persons was developed as an illustrative example. An empirical evaluation demonstrated the utility of the example DHSfX in enhancing the outcome of assistive product concept generation. © 2018 Elsevier Ltd",12,12,cd211147691a_p0007;cd211147691a_p0010;cd211147691a_p0012;cd211147691a_p0013;cd211147691a_p0014;cd211147691a_p0054;cd211147691a_p0058;cd211147691a_p0063;cd211147691a_p0069;cd211147691a_p0078;cd211147691a_p0081;cd211147691a_p0082,"the problem context and the user needs but they are not the design experts who specialize in creating solution concepts. The lack of knowledge necessary for generating solution concepts represents a signiﬁcant problem as it hampers producing high-quality assistive products in a timely manner. As an eﬀort to address the aforementioned problem associated with assistive product design, this study proposes utilizing a class of design aids called design heuristics sets for X (DHSfXs). This proposed approach is inspired by previous studies on design heuristics ( Altshuller, 1996; Daly, Christian, Yilmaz, Seifert, & Gonzalez, 2012; Eberle, 1996; Hwang & Park, 2015; Singh et al., 2007; Weaver, Wood, Crawford, & Jensen, 2010; Yilmaz, Christian, Daly, Seifert, & Gonzalez, 2012 ). A DHSfX is a collection of design knowledge (design heuristics) that is likely to inspire designers and help them create solution concepts successfully meeting a given design goal X.

understanding, which provides design process direction to increase the chance of reaching a satisfactory but not necessarily optimal solution.’ Terms, such as a design principle, a rule-of-thumb ( Li, Tan, & Chan, 1996 ), a common sense (Rechtin & Maier, 2010 ), a strategy ( Pearl, 1984 ) and a short-cut ( Yilmaz et al., 2012 ), were also used to refer to the same concept ( Fu et al., 2016 ). Previous research eﬀorts have generated diﬀerent collections of DHs or design heuristics sets (DHSs). Some of the DHSs found in the literature include SCAMPER ( Eberle, 1996 ), TRIZ 40 inventive principles ( Altshuller, 1996 ), 77 Design Heuristics ( Daly et al., 2012; Yilmaz et al., 2012; Yilmaz, Daly, Christian, Seifert, & Gonzalez, 2014; Yilmaz, Daly, Seifert, & Gonzalez, 2010; Yilmaz & Seifert, 2011 ), transformation design theory ( Singh et al., 2007, 2009; Weaver et al., 2010 ) and portability design heuristics ( Hwang & Park, 2015 ).

77 Design Heuristics were developed by analyzing past award-winning innovative products and identifying recurring solution principles ( Daly et al., 2012 ). Similarly to TRIZ 40 inventive principles, the design tool provides a total of 77 DHs that may be useful for addressing various design problems. They were intended to help designers better explore the solution space and develop nonobvious solutions. Empirical investigations demonstrated that 77 Design Heuristics were eﬀective at generating creative and distinct design solutions ( Daly et al., 2012; Yilmaz et al., 2012 ). Transformation design theory ( Singh et al., 2007, 2009; Weaver et al., 2010 ) oﬀers a set of transformational principles and facilitators for developing transforming/state-changing products. The principles describe diﬀerent ways

in which transformation is achieved, and the facilitators are design constructs that aid in transformation. Hwang and Park (2015) provided a DHS for developing portable products. The design heuristics were identiﬁed through analyzing existing products and patents. Each of the design heuristics was presented with example problemesolution pairs. The DHSs above may be grouped into two large categories: the ﬁrst category consists of the ones providing DHs without specifying their purposes e the DHs are depicted as useful design knowledge for creating or improving systems in general but which particular aspects (i.e., design goals or requirements) of a product/designed system each DH intends to help address is not explicitly put forward. Thus, the designer/problem solver with a particular design problem speciﬁed in terms of design goals and/or requirements would have to apply each DH to the problem on a trial basis without having a prior knowledge on its likelihood of leading to success.

The second category consists of the DHSs providing DHs aimed at addressing a speciﬁc, single design goal or requirement, for example, ‘providing an ability to transform’ or ‘enhancing portability.’ Such DHSs are constructed by identifying DHs that are known to be useful for devising solutions that meet the design goal/requirement. The current study refers to DHSs belonging to the former as comprehensive DHSs (CDHSs) in that the DHs represent a collection of knowledge for potentially addressing a variety of design challenges and their purposes are not narrowly pre-speciﬁed, and the latter as DHSs for X (DHSfX) where X represents a particular design goal/requirement. SCAMPER and 77 Design Heuristics can be regarded as CDHSs. Transformation design theory and portability design heuristics are DHSfX as each of them targets a particular design goal.

For illustration purpose, Table 2 provides some example ideas (new Rubik’s cube product concepts) generated from the ideation experiment. The six examples were produced by a participant in Group DH. For each example, Table 2 presents the design heuristic(s) used as well as the sketch and text description of the idea provided by the participant. Group SB generated an idea set consisting of 53 distinct ideas. Group DH, on the other hand, produced 68 distinct ideas. In addition, the average number of ideas per participant were compared across the groups by using the t-test. The t-test results showed that on average, the participants in Group DH (M ¼ 9.63, SD ¼ 3.07) individually generated more ideas than those in Group SB (M ¼ 7.25, SD ¼ 2.23), t(30) ¼/C0 2.465, p ¼ .020. The results of the t-tests conducted to compare the two participant groups in the experts’ mean novelty and quality ratings are summarized in Table 3.

Performance metric Idea set N Mean SD tp Novelty SB 53 4.36 1.14 /C0 1.902 .060 DH 68 4.74 1.04 Quality SB 53 3.80 .62 /C0 .580 .563 DH 68 3.88 .92 Design heuristic(s) used Idea sketch Text description 1. Attach the product to a body part(s) 2. Fix the product using a holding or support aid ‘The cube ﬁxed on a body part of the user can be manipulated with a single hand.’ (a) (b) graphs presenting idea novelty and quality score distributions of Groups SB and DH: (a) novelty, (b) quality Design heuristics set for X 111

This study proposed a class of ideation aids called design heuristics sets for X (DHSfXs) in order to support assistive product concept generation. A DHSfX is a collection of design heuristics (DHs) that are thought to provide useful guides and directions for solving design problems involving a particular design goal X. Such DHs are empirically derived from analyzing past examples of design solutions (products and patents), which successfully met the design goal X. A step-by-step process for constructing a DHSfX for assistive product design was presented ( Figure 1 ). The DHSfX development process employs the KJ method to identify design heuristics from examples data in an inductive manner. The use of the KJ method results in generating a DH-tree. The DHSfX consists of the DH-tree and selected example design solutions, presenting design knowledge at multiple levels of abstraction in a hierarchically organized manner. Design heuristics set for X 113

Also, the use of the DHSfX did not increase the severity of design ﬁxation compared with that of standard brainstorming. The results from the empirical evaluation of the example DHSfX may be accounted for in terms of possible impacts of a DHSfX on cognitive subtasks Design heuristics set for X 115

generating non-obvious solution concepts. These hypotheses seem reasonable as a DH’s previous usage record would likely reﬂect their inherent characteristics. Future studies are needed to empirically examine these possibilities. Second, the example DHSfX was found to signiﬁcantly diﬀer from two available CDHSs (TRIZ 40 inventive principles and 77 Design Heuristics) in the information content ( Table 4) e Table 4 shows that very few DHs in the TRIZ 40 principles or the 77 design heuristics were perceived as equivalent to a DH in the DHSfX by a majority of 20 designers. The observed diﬀerence shows that 1) a DHSfX provides design knowledge that designers do not perceive as equivalent to that in the existing CDHSs and 2) a DHSfX indeed has speciﬁcity (providing only the knowledge relevant to the given design goal X), which is not supported by the CDHSs.

Contributions of the current study are summarized below: /C15 This study proposed utilizing DHSfXs to address a major challenge in assistive product design, that is, a design team’s lack of knowledge for generating alternative solution concepts. While the use of design heuristics for design itself is not a new idea ( Altshuller, 1996; Daly et al., 2012; Eberle, 1996; Hwang & Park, 2015; Singh et al., 2007; Weaver et al., 2010; Yilmaz et al., 2012 ), the approach of developing and utilizing DHSfXs speciﬁc to diﬀerent disability types for assistive product concept generation represents a new contribution to assistive product design. /C15 The current study presented a step-by-step procedure based on the KJ method for developing a DHSfX in the form of a tree structure. /C15 This study developed an example DHSfX and empirically demonstrated its utility for enhancing assistive product concept generation.

The empirical evaluation results corroborate the utility of the proposed DHSfX approach for assistive product design. /C15 This study provided a DHSfX for creating products for one-handed individuals. The DHSfX consists of thirteen design heuristics and is expected to greatly facilitate future product design for the one-handed user population. /C15 The current study deﬁned two categories of design heuristics sets, that is, DHSfXs and CDHSs, and, demonstrated that in addition to the existing CDHSs, such as the TRIZ 40 principles and the 77 design heuristics, DHSfXs could make unique contributions to product design concept generation. Limitations of the current study are acknowledged here, along with some future research directions: ﬁrst, the current study presented only one piece of empirical evidence for supporting the utility of the DHSfX concept (Section 3.2) e one design goal X (creating products for one-handed persons) and one particular design problem (redesigning the Rubik’s cube for one-handed users) were considered in the empirical evaluation study.",outputs/batch1/canonical_text_284/cd211147691a.txt,"Hwang, Dongwook (1); Park, Woojin (2)",2018,Design Studies,10.1016/j.destud.2018.04.003,,DH-C01,0,product | designers | concepts | example | generation | idea | observed | solutions | form | specific | development | possible | risk | help | existing,"Design Heuristics — Product, designers & concepts [DH-C01]",product | designers | concepts | example | generation | idea | observed | solutions | form | specific | development | possible | risk | help | existing,"Within the predefined Design Heuristics group, DH-C01 is statistically distinguished by product, designers, concepts. Additional contrastive terms include example, generation, idea, observed, solutions. Representative papers include Design Heuristics in Innovative Products; Evidence-based design heuristics for idea generation. This is an analysis-frozen statistical interpretation, not a final editorial topic label.",Design Heuristics,Statistical bottom-up interpretation,Analysis frozen; confirmation by at least two reviewers pending,Contrastive cluster explanation using adapted class-based TF-IDF; not a predefined codebook classification.,Not assigned by Path 1,Not evaluated in this statistical interpretation,Not applicable,Predefined keyword group,Not assigned,BGE-M3 embedding + Spectral clustering,Not assigned,Adapted class-based TF-IDF interpretation,not_applicable,-1,0.0,product | designers | concepts | example | generation | idea | observed | solutions | form | specific | development | possible | risk | help | existing,False,False,0,,,0.35333866,-4.454729,0.08546334505081177,6,6,False,"[{'paper_id': '9f4dbd790fe7', 'title': 'Design Heuristics in Innovative Products', 'cluster': 0, 'distance': 0.12709581851959229}, {'paper_id': 'cdd6de21b74b', 'title': 'Evidence-based design heuristics for idea generation', 'cluster': 0, 'distance': 0.12764394283294678}, {'paper_id': '022ee7cf2e4e', 'title': 'Introduction of a standardized Notation of Design Heuristics for Knowledge Formalization', 'cluster': 0, 'distance': 0.15431106090545654}, {'paper_id': '7cb073ebacac', 'title': 'Formal system for the expression of target-oriented design heuristics', 'cluster': 0, 'distance': 0.16687947511672974}, {'paper_id': '0512599e76df', 'title': ""What is the content of 'design thinking'? Design Heuristics as conceptual repertoire"", 'cluster': 0, 'distance': 0.20229721069335938}]"
cdd6de21b74b,Design Heuristics,Evidence-based design heuristics for idea generation,"How do product designers create multiple concepts to consider? To address this question, we combine evidence from four empirical studies of design process and outcomes, including award-winning products, multiple concepts for a project by an experienced industrial designer, and concept sets from 48 industrial and engineering designers for a single design problem. This compilation of over 3450 design process outcomes is analyzed to extract concept variations evident across design problems and solutions. The resulting set of patterns, in the form of 77 Design Heuristics, catalog how designers appear to introduce intentional variation into conceptual product designs. These heuristics provide ‘cognitive shortcuts’ that can help designers generate more, and more varied, candidate concepts to consider in the early phases of design. © 2016 The Authors",12,12,cdd6de21b74b_p0004;cdd6de21b74b_p0005;cdd6de21b74b_p0009;cdd6de21b74b_p0019;cdd6de21b74b_p0020;cdd6de21b74b_p0026;cdd6de21b74b_p0027;cdd6de21b74b_p0031;cdd6de21b74b_p0032;cdd6de21b74b_p0037;cdd6de21b74b_p0042;cdd6de21b74b_p0043,"Purcell & Gero, 1996; Sio et al., 2015; Smith, 1998; Viswanathan & Linsey, 2013; Youmans & Arciszewski, 2014 ). A number of approaches for facilitating idea generation during the early phases of conceptual design have been proposed (c.f. Clapham, 1997; Shah, Hernandez, & Smith, 2002; Smith, 1998 ). One approach distills knowledge about speciﬁc designs into an intermediate-level knowledge base by constructing composites from multiple examples. In Alexander’s pattern language (Alexander, Ishikawa, & Silverstein, 1977 ), and Krippendorf’s design discourses (2005), patterns common in successful design solutions are identiﬁed at a component level, linking the designer to a broad range of helpful guidance from past solutions in a reﬁned form ( Alexander et al., 1977 ). This composite knowledge about design has been referred to as heuristic knowledge ( Fu, Yang, & Wood, 2015 ).

Heuristics are described as ‘mental shortcuts’ that capture cognitive strategies that may lead to solutions (though not necessarily the best one) ( Nisbett & Ross, 1980 ), and are ubiquitous in human reasoning (Goldstein et al., 2001 ). Heuristics capture important features of problem situations and solutions that tend to reoccur in experiences ( Clancey, 1985). In software design, Riel (1996) has described the heuristic approach as ‘speciﬁc experience-based guidelines’ that help developers make good decisions. Lawson (1979) observed architectural students solving puzzles through ‘trial and error’ heuristic approaches. Lawson (1980) concludes, ‘An examination of protocols obtained from such closely observed design sessions reveal that most designers adopt strategies which are heuristic in nature . Heuristic strategies do not so much rely upon theoretical ﬁrst principles as on experience and rules of thumb’ (p.

By considering alternative concepts, it is possible to observe how heuristics are used in the idea generation process, and how they facilitate exploring the space of concepts for a design problem. Compiling patterns observed across varied products, design tasks, and design processes, we identify a new set of 77 design heuristics. Each heuristic is presented with a written description and an example of its application in an existing consumer product. Finally, we discuss issues of the granularity of heuristic descriptions, and the use of heuristics as a concept generation tool for product designers. 1 Heuristics in product design How can we identify possible heuristics used in product design? Heuristics are learned from experience within a domain, and tend to be implicit and diﬃcult to verbalize ( Nisbett & Ross, 1980 ). The use of heuristics without conscious access has been documented in studies of experts including ﬁreﬁghters (Klein, 1993 ), scientists ( Baker & Dunbar, 2000 ) and designers ( Yilmaz & Seifert, 2011 ). However, this tacit knowledge about how to create designs Altwork ( http://altwork.com) positions the user under the workstation Design heuristics for idea generation 97

hypothesized and design criteria for their application were identiﬁed. Other concepts in the dataset with the same design features were compared in order to explore commonalities in candidate heuristics. Finally, a heuristic would be deﬁned at a level of generality that applied to multiple products, but was still speciﬁc to the observed design solution. For example, one heuristic was described as the ‘hollowing out’ of material, such as a brush handle with its mass reduced by using a hollow cylinder for a handle. This kept the heuristic’s description as close as possible to the observed concepts; for example, diﬀerent heuristics captured reducing material through ﬂattening or folding. This extraction approach catalogs more speciﬁc innovations while ensuring the heuristics are general enough to ﬁt several diﬀerent observed concepts. Singh and colleagues (2009) describe a similar extraction method in their analysis of transforming products.

The product images in Figure 3 illustrate the process of extracting a heuristic from two of the 400 award-winning products included in the study. The ﬁrst image shows a new product e a paint roller e where a commonly used mechanism in ballpoint pens (the ink storage and roller) is applied in a new context to solve the problem of delivering wall paint touchups. This heuristic also appears in the second image as a brush repurposed as a desk organizer design. The heuristics extracted identify independent components of the design, and are not exhaustive, such that other features of these designs might serve to identify other possible heuristics. In the ﬁrst image, a second heuristic is also observable; namely, Synthesize Functions, where both paint storage and applicator are combined in the design. In this way, observed concepts sometimes provided evidence of multiple heuristics.

The analysis of this combined sample of 3457 products and design concepts across four empirical studies resulted in the observation of 77 distinct design heuristics. Each of the identiﬁed heuristics was observed in at least four diﬀerent concepts across the sample datasets. These heuristics addressed design goals such as adding functionality, using fewer resources, saving space, providing visual consistency, and forming new relationships among design elements. The 77 Design Heuristics are shown in Figure 6. This set of 77 Design Heuristics includes only those necessary to account for the data in these four studies. Each Design Heuristic is described, and illustrated with a commercial product where the heuristic is evident. combining the heuristics Align components around center, Allow user to reorient, and Repeat. (Courtesy of Allen Samuels, Industrial Designer.) Design heuristics for idea generation 103

The observations supporting this set of 77 Design Heuristics (capitalized when referring to heuristics from this set) are shown in Table 2 . An important feature of this compilation of heuristics across studies is that each heuristic was observed multiple times (at least four) in diﬀerent products and product concepts, and all were observed in solutions from more than one designer. The sole exception is expose interior , which was observed only one concept (in Study 4) but included because it is well known (e.g., watches or clocks) and may facilitate the goal of considering a variety of candidate concepts. Only seven heuristics were observed in just one of the four studies. The frequency of observation for each heuristic in the compiled dataset ranged from 4 to 274, indicating high variation in frequency of use. Only 12% of the observed instances of Design Heuristic use occurred in Study 1 (product analysis), but over half of the Design Heuristics (39) were observed in that particular study.

designer working on a long-term project. Though fewer concepts (218) were included in this study compared to the other studies, the concepts from this setting were rich in heuristic observations, with many concepts including multiple heuristics (an average of 8 heuristics per concept in Study 2, compared to Design heuristic Study 1 Product

68 Use common base for components 0 73 1 0 74 69 Use continuous material 8 22 0 0 30 70 Use different energy source 0 0 3 1 4 71 Use human-generated power 13 0 0 0 13 72 Use multiple components in one function 0 0 27 1 28 73 Use packaging as functional component 5 0 1 0 6 74 Use repurposed or recycled materials 14 5 12 3 34 75 Utilize inner space 7 31 14 12 64 76 Utilize opposite surface 8 0 15 10 33 77 Visually distinguish functions 0 22 34 10 56 Total heuristic instances observed 414 1749 924 370 3457 Percentage 12% 51% 27% 11% Number of new heuristics identiﬁed 39 25 5 1 Number of existing heuristics observed e 34 50 49 70 Initial heuristics coded Revised heuristic New heuristic added Implement characteristics from nature within the product Mimic natural mechanisms Add natural features Include user in the assembly or the customization of the product Allow user to assemble Allow user to customize Flip the direction of orientation Reconﬁgure Allow user to rearrange Create systems for returning to manufacturer after life cycle ends Create system Create service Add gradations or transitions to use Add levels Layer Replace materials with recycled ones Use repurposed or recycled materials Make product recyclable Visually separate primary functions from secondary functions Visually distinguish functions Separate functions Design heuristics for idea generation 115

et al., 2003) in order to cover the space of possible designs ( Gero, 1990; Goel & Pirolli, 1992; MacLean et al., 1991; Simon, 1981 ). To do so, the evidence from the combined studies here suggests the use of design heuristics. One open issue regarding design heuristic use is how to decide which heuristic to apply in any given design context. The data from existing design solutions collected in these studies suggests the heuristics are readily applicable across design problems. Other approaches, such as Design to Connect ( Bleuze, Cioccib, Detandb, & De Baetsc, 2014 ), have tested whether organized cues for heuristic use are helpful. Their study found that including a set of ‘design drivers’ (e.g., usability, aesthetics, economy) did not improve performance of designers; instead, the student designers in their studies preferred an unstructured use of their connection guidelines.

However, application to new design problems requires the abstraction of heuristics with each use, costly in cognitive eﬀort. Case approaches also raise the problem of access, or ﬁnding relevant analogies given the present design problem. This suggests a trade-oﬀ between heuristic speciﬁcity (that aids application) and generality (that increases relevance) that has consequences for the access and ease of heuristic application ( Gray et al., 2016 ). In the extraction of Design Heuristics, we propose a criterion of eﬃcacy for heuristics: The success of heuristic deﬁnitions can be assessed based on their eﬀectiveness in helping other designers create novel designs through their application during idea generation. Further research would then determine whether a candidate set of design heuristics captures design variations at a level useful in concept generation.

The 77 Design Heuristics presented here oﬀer an intermediate level of description that facilitates implementing the heuristic in a new problem context. The needed information about how to create a new concept is readily available within the heuristic. Yet, many decisions must still be made about how to apply the heuristic in a given problem. This includes the possibility of reapplying the same heuristic to the same problem again to create a diﬀerent concept, as observed in Yilmaz and Seifert (2011) . The challenges of organizing many heuristics during idea generation can be managed through an external representation of each heuristic and random selection among heuristics; then, if more concepts are desired, more heuristics can be considered. It is possible that further research might identify cues that indicate when speciﬁc heuristics are most relevant for application in a problem.",outputs/batch1/canonical_text_284/cdd6de21b74b.txt,"Yilmaz, Seda (1); Daly, Shanna R. (2); Seifert, Colleen M. (2); Gonzalez, Richard (2)",2016,Design Studies,10.1016/j.destud.2016.05.001,,DH-C01,0,product | designers | concepts | example | generation | idea | observed | solutions | form | specific | development | possible | risk | help | existing,"Design Heuristics — Product, designers & concepts [DH-C01]",product | designers | concepts | example | generation | idea | observed | solutions | form | specific | development | possible | risk | help | existing,"Within the predefined Design Heuristics group, DH-C01 is statistically distinguished by product, designers, concepts. Additional contrastive terms include example, generation, idea, observed, solutions. Representative papers include Design Heuristics in Innovative Products; Evidence-based design heuristics for idea generation. This is an analysis-frozen statistical interpretation, not a final editorial topic label.",Design Heuristics,Statistical bottom-up interpretation,Analysis frozen; confirmation by at least two reviewers pending,Contrastive cluster explanation using adapted class-based TF-IDF; not a predefined codebook classification.,Not assigned by Path 1,Not evaluated in this statistical interpretation,Not applicable,Predefined keyword group,Not assigned,BGE-M3 embedding + Spectral clustering,Not assigned,Adapted class-based TF-IDF interpretation,not_applicable,-1,0.0,product | designers | concepts | example | generation | idea | observed | solutions | form | specific | development | possible | risk | help | existing,False,False,0,,,0.06184511,-6.275015,0.041502952575683594,2,2,True,"[{'paper_id': '9f4dbd790fe7', 'title': 'Design Heuristics in Innovative Products', 'cluster': 0, 'distance': 0.04825323820114136}, {'paper_id': '022ee7cf2e4e', 'title': 'Introduction of a standardized Notation of Design Heuristics for Knowledge Formalization', 'cluster': 0, 'distance': 0.11856281757354736}, {'paper_id': '0512599e76df', 'title': ""What is the content of 'design thinking'? Design Heuristics as conceptual repertoire"", 'cluster': 0, 'distance': 0.1259145736694336}, {'paper_id': 'cd211147691a', 'title': 'Design heuristics set for X: A design aid for assistive product concept generation', 'cluster': 0, 'distance': 0.12764394283294678}, {'paper_id': '7cb073ebacac', 'title': 'Formal system for the expression of target-oriented design heuristics', 'cluster': 0, 'distance': 0.12766408920288086}]"
