paper_id,title,status,authors,abstract,doi,year,venue,url,keyword,source_file,source_repos,abstract_quality,format_excluded,scope_excluded,c2,c3,fulltext_flag,c2_and_c3,disposition,advances_to_fulltext,primary_reason,val_reason
425cad2aba7c,Design Guidelines and Examples,missing_pdf,B. Shneiderman,"Successful designs are comprehensible, predictable, and controllable, thereby increasing the users’ self-efficacy, leading to reliable, safe, and trustworthy systems. These successes require careful design of the fine structure of interaction, which emerges from validated theories, clear principles, and actionable guidelines. In turn, this knowledge becomes easy to apply when it is embedded in programming tools that favor human control. The examples clarify the key ideas of supporting users to express their intent through visual interfaces (although auditory and haptic interfaces are also valuable in many situations and for users with disabilities). These designs give users informative feedback about the machine state, with progress indicators and completion reports, thereby giving users meaningful control.",,2022,Human-Centered AI,https://www.semanticscholar.org/paper/48814299c7a7b6cbb6072c1a2afd03eb0ab7b7b4,Design Guidelines,design_guidelines.csv,semantic_scholar,full,FALSE,FALSE,TRUE,TRUE,FALSE,TRUE,advance_criteria,TRUE,"Synthesizes theories, principles, and actionable guidelines as a form of design knowledge and articulates definitions of what makes successful design, satisfying C2 and C3.","The paper develops a design framework for metacognition from existing literature and cases, which is a synthesis/categorization of design-relevant knowledge, but the abstract does not clearly provide or adapt a definition of the construct."
cb5bf6a78d8e,From surface realism to training considerations: a proposal for changing the focus in the design of training systems,missing_pdf,Pooyan Doozandeh,"Abstract Traditionally, it was believed that realistic, high-fidelity simulation could result in effective training-systems. By showing the potentials of low-fidelity simulations, numerous research projects cast doubt on the traditional belief in high-fidelity simulation. Because the construct of fidelity has guided the training-system design for decades, a growing disbelief in fidelity has created a void in design, leaving designers without resources in their decision-making. This article first presents a historical review that shows how fidelity has been used in research and design, and how it was later challenged by researchers. Then, in filling the void of fidelity, attempts at providing design guidelines, such as trainee- and task-analysis, are reviewed and their strengths and limitations are discussed. Toward the end, the lessons from the review are used to call for the creation of design methods. An example of such a method is discussed that uses the videorecording of expert performance as a resource in design.",,2020,Theoretical Issues in Ergonomics Science,https://www.semanticscholar.org/paper/ccf1364334d003c0962a2718b0cd994071ef0106,Design Guidelines,design_guidelines.csv,semantic_scholar,full,FALSE,FALSE,TRUE,TRUE,TRUE,TRUE,advance_criteria,TRUE,"Reviews the historical use of the fidelity construct in training-system design and proposes a refocused design approach, plausibly synthesizing and redefining a design construct, warranting full-text review.","The abstract reports a historical review of how fidelity has been used in research and design of training systems, indicating synthesis of a design-related construct, but any explicit adapted or original definition is not clear from the abstract alone."
73a3c35d8872,Decision and design heuristics in the context of entrepreneurial uncertainties,missing_pdf,Antoine Gilbert-Saad; F. Siedlok; R. McNaughton,"Building on a perspective of the entrepreneur as an interpretive agent, we argue that in situations where there is absolute uncertainty, heuristics are useful design rules that aid entrepreneurs’ judgment by synthesizing mental models and expectations to enable purposeful action. This is because decisions under absolute uncertainty pertain to subjective judgments of both outcomes and options. In contrast, objectively rational decision heuristics are useful under predictable risk. Our argument provides balance to the extant literature, which, due to the overemphasis on biases and an unrealistic view of uncertainty in entrepreneurial decision making, often overlooks the positive role of heuristics.",,2018,Journal of Business Venturing Insights,https://www.semanticscholar.org/paper/7d46b7db8364a802357c3be1188036b086b56634,Design Heuristics,design_heuristics.csv,semantic_scholar,full,FALSE,FALSE,TRUE,TRUE,TRUE,TRUE,advance_criteria,TRUE,"Theoretically discusses decision and design heuristics as design rules and offers a conceptual definition of heuristics under uncertainty, plausibly satisfying C2 and C3; flagged for full-text verification.","The paper appears to conceptually define heuristics as design rules for entrepreneurial action under absolute uncertainty, but the abstract does not indicate a synthesis or categorization from prior literature."
ba2ae8bf282a,Design Heuristics: Extraction and Classification Methods With Jet Propulsion Laboratory's Architecture Team,missing_pdf,Kenton B. Fillingim; R. O. Nwaeri; Felipe Borja; Katherine K. Fu; C. Paredis,"This study offers insight into the processes of expert designers at the Jet Propulsion Laboratory (JPL) and how they use heuristics in the design process. A methodology for the extraction, classification, and characterization of heuristics is presented. Ten expert participants were interviewed to identify design heuristics used during early stage space mission design at JPL. In total, 101 heuristics were obtained, classified, and characterized. The use of interviews to extract heuristics allowed for researchers to confirm that those heuristics were indeed used by designers. Through the use of post-interview surveys, participants characterized heuristics based on attributes including source/origin, applicability based on concept maturity, frequency of use, reliability, and tendency to evolve. These findings are presented, and statistically significant correlations were found between the participant perceptions of frequency of use, reliability, and evolution of a heuristic. A positive correlation was found between frequency of use and reliability while negative correlations were found between frequency of use and evolution, and reliability and evolution. Survey results and analysis aim to identify valid attributes for assessing the applicability and value of multiple heuristics for design practice in early space mission formulation.",,2019,Journal of Mechanical Design,https://www.semanticscholar.org/paper/ab12c1c5509ef1f29591aa494b4754491b42b8ee,Design Heuristics,design_heuristics.csv,semantic_scholar,full,FALSE,FALSE,TRUE,TRUE,TRUE,TRUE,advance_criteria,TRUE,"Presents a methodology to extract, classify, and characterize design heuristics from expert designers, satisfying C2 and likely defining heuristics in context, so flagged to confirm C3.","Studies extraction and classification of design heuristics from expert interviews, making design heuristics central, but the abstract does not clearly show a synthesis from prior literature or an explicit definition, so full text is needed."
be21cd0985cf,Design heuristics: A conceptual framework and preliminary method for extraction,missing_pdf,"Lee, Bumsoo (1); Fillingim, Kenton B. (1); Binder, William R. (1); Fu, Katherine (1); Paredis, Christiaan J. J. (1)","In designing complex systems, systems engineers strive to turn an existing situation into a situation that is most preferred. A rational decision maker would choose the alternative that maximizes the expected utility of the existing situation, but there are significant computational challenges to this approach. To overcome these challenges, most decision makers revert to heuristics. In this paper, we propose a conceptual framework for heuristics in design. A preliminary empirical study of designers for a robotics design problem was conducted to observe how participants apply heuristics. Participants having at least 2 years of experience designing robots were recruited to partake in a robotics design session in which participant were given 45 minutes to work on a design problem. A preliminary heuristics extraction method was developed, and the identified heuristics were studied to find trends within the overall set. These trends were the basis of a taxonomy of heuristics consisting of three initial classification methods: design phase, field of study, and action intent. The heuristics and classifications are presented, along with the challenges from extracting heuristics and recommendations for future work to further research design heuristics and to improve the method for extraction. Copyright © 2017 ASME.",10.1115/DETC2017-67467,2017,Proceedings of the ASME Design Engineering Technical Conference,,Design Heuristics,design_heuristics.csv,engineering_village|semantic_scholar,full,FALSE,FALSE,TRUE,TRUE,FALSE,TRUE,advance_criteria,TRUE,"Proposes a conceptual framework for design heuristics and a method for extracting them, defining the construct and synthesizing it, satisfying C2 and C3.","The paper treats design heuristics as its topic and explicitly glosses them as 'rules of thumb,' but the abstract describes deriving heuristics from award-winning products rather than synthesizing them from prior bodies of work, so C2 is not met."
95202402b15a,Enhancing creativity with domain-specific design heuristics for digital product innovation,missing_pdf,Xiaoneng Jin; Hua Dong; Mark Evans,"Abstract A key challenge for product designers is the generation of creative ideas that meet the functional and usability requirements of clients and users. This challenge has been further compounded by the opportunities arising from the integration of digital technologies. To enhance creativity in design practice, we proposed a domain-specific DHS, supported by a novel framework, to specifically aid the concept generation phase. Using this framework, DHS10 was developed specifically for digital innovation, based on the analysis of 583 award-winning concept designs in the field of digital innovation. An empirical evaluation study investigated the effectiveness and advantages of this tool. The findings suggest that DHS10 can serve as an effective ideation tool, helping design students generate a higher number of innovative and diverse concepts for digital innovation while reducing design fixation.",,2025,The Design Journal,https://www.semanticscholar.org/paper/247fef9f223d8fed6ecccf1329633c543a3dabbe,Design Heuristics,design_heuristics.csv,semantic_scholar,full,FALSE,FALSE,TRUE,TRUE,TRUE,TRUE,advance_criteria,TRUE,"Develops a domain-specific design heuristics set and framework based on analysis of 583 award-winning designs, synthesizing and defining heuristics for digital innovation, satisfying C2 and plausibly C3.","The paper develops domain-specific design heuristics and a framework from analysis of award-winning concepts, but the abstract emphasizes creating a heuristic aid rather than clearly synthesizing prior bodies of work or defining the construct, so full text is needed."
56dcde0a4f35,THEORY OF ENGINEERING DESIGN: A STRATEGY FOR CROSS-CULTURAL ANALYSIS.,missing_pdf,"Koen, B.V. (1)","For purposes of this article the Engineering Method will be defined as the use of engineering heuristics to cause the best change in a poorly understood situation within the available resources. In this widely accepted definition of engineering, the word heuristic is taken as anything that provides a plausible aid or direction in the solution of a problem but is in the final analysis unjustified, incapable of justification, and fallible. A convenient near-synonym for the heuristic is the engineering rule of thumb. Since a single heuristic is seldom used by an engineering in isolation, we define a second important technical term the state-of-the-art as a collection of heuristics appropriate for the design of a specific product at a given time. The objective of the present article is to compare engineering design in various countries using the given definitions of engineering method and state-of-the-art. Specific examples will be given of engineering design heuristics that are different in Russia, England, France, Japan, and the United States. This comparison forms a defensible basis upon which to define such important terms as international competitiveness, productivity, technology transfer, and relative technological advance.",,1987,,,Design Heuristics,design_heuristics.csv,engineering_village,full,FALSE,FALSE,TRUE,TRUE,FALSE,TRUE,advance_criteria,TRUE,"Defines the engineering method and heuristics as its topic, providing explicit definitions of heuristics/rules of thumb, satisfying both C2 and C3.","The abstract explicitly defines the Engineering Method and heuristics/rules of thumb, satisfying C3, but from the truncated abstract it is unclear whether the paper synthesizes or categorizes design knowledge from prior literature, so C2 cannot be confirmed without full text."
87b9ed85521c,A language-independent and formal approach to pattern-based modelling with support for composition and analysis,missing_pdf,"Bottoni, Paolo (1); Guerra, Esther (2); De Lara, Juan (3)","Context: Patterns are used in different disciplines as a way to record expert knowledge for problem solving in specific areas. Their systematic use in Software Engineering promotes quality, standardization, reusability and maintainability of software artefacts. The full realisation of their power is however hindered by the lack of a standard formalization of the notion of pattern. Objective: Our goal is to provide a language-independent formalization of the notion of pattern, so that it allows its application to different modelling languages and tools, as well as generic methods to enable pattern discovery, instantiation, composition, and conflict analysis. Method: For this purpose, we present a new visual and formal, language-independent approach to the specification of patterns. The approach is formulated in a general way, based on graphs and category theory, and allows the specification of patterns in terms of (nested) variable submodels, constraints on their allowed variance, and inter-pattern synchronization across several diagrams (e.g. class and sequence diagrams for UML design patterns). Results: We provide a formal notion of pattern satisfaction by models and propose mechanisms to suggest model transformations so that models become consistent with the patterns. We define methods for pattern composition, and conflict analysis. We illustrate our proposal on UML design patterns, and discuss its generality and applicability on different types of patterns, e.g. workflow patterns, enterprise integration patterns and interaction patterns. Conclusion: The approach has proven to be powerful enough to formalize patterns from different domains, providing methods to analyse conflicts and dependencies that usually are expressed only in textual form. Its language independence makes it suitable for integration in meta-modelling tools and for use in Model-Driven Engineering. © 2010 Elsevier B.V. All rights reserved.",10.1016/j.infsof.2010.03.005,2010,Information and Software Technology,,Design Patterns,design_patterns.csv,engineering_village,full,FALSE,FALSE,TRUE,TRUE,FALSE,TRUE,advance_criteria,TRUE,"Explicitly aims to formalize and provide a language-independent definition of the notion of pattern as recorded expert knowledge, satisfying both the synthesis/definition of the construct (C2) and an original formal definition (C3).","Its main contribution is a formal, language-independent modeling approach for pattern composition and analysis, advancing a technical method rather than understanding design knowledge as the object of study."
1744134ec197,A pattern language for designing innovative projects: project design patterns,missing_pdf,Takashi Iba; Haruka Mori; Ayaka Yoshikawa,"In this paper, we present a pattern language for sharing practical knowledge to design innovative projects, which we call project design patterns. This pattern language consists of 32 patterns about designing projects, which are organised into five categories: core, learn, create, live, and pleasure. This collection of practical knowledge behind designing projects was created through a mining process of interviewing professional project designers, organising the mined elements using the KJ method (a method for clustering ideas named based on the initials of its originator), and writing the information in the pattern format: pattern name, illustration, context, problem, solution, and consequence. This paper presents three patterns in full as well as summaries of all 32 patterns. Survey results and responses of workshop participants and users, presented in the later sections of the paper, provide exploratory data which testify to the potential power of the proposed language for thinking, reflection, and dialogue on designing innovative projects.",,2019,International Journal of Entrepreneurship and Small Business,https://www.semanticscholar.org/paper/ee386b03d67c8663f4dc586aa43dfd653f88cdef,Design Patterns,design_patterns.csv,semantic_scholar,full,FALSE,FALSE,TRUE,TRUE,FALSE,TRUE,advance_criteria,TRUE,"Synthesizes practical design knowledge into a pattern language of 32 categorized patterns mined from professionals, satisfying C2, and defines its own construct 'project design patterns' for the work.","The abstract centers on generalizing phenotype extraction approaches into design patterns and explicitly defines design patterns in context, indicating both synthesis of prior work and an adapted definition."
b458715f3f4e,AntiPatterns,missing_pdf,"McCormick, H.W.; Malveaux, R.","The emergence of the design patterns movement has gone a long way toward codifying a concise terminology for conveying sophisticated computer science thinking. Still, the likelihood of success for practising managers and developers is grim. While we can assume that all software was intended to solve some problem, these solutions are sometimes as bad as (or worse than) the problem they originally were intended to solve. It is these repeated failures, or negative solutions, that provide the source for the study of what we call “AntiPatterns”. The paper discusses AntiPatterns versus design patterns, components of AntiPatterns and the Stovepipe system AntiPattern.",,,Dr. Dobb's Journal,,Design Patterns,design_patterns.csv,engineering_village,full,FALSE,FALSE,TRUE,TRUE,TRUE,TRUE,advance_criteria,TRUE,"Introduces and defines the AntiPatterns construct in relation to design patterns, codifying a category of design knowledge, satisfying C2 and likely C3.","The paper is about agent design patterns as solutions to recurrent design problems, but from the abstract it is unclear whether it synthesizes prior work into a taxonomy or defines the construct explicitly, so it should be routed to full-text screening."
c9d66ca5d04e,Biologically inspired design: A macrocognitive account,missing_pdf,"Vattam, Swaroop S. (1); Helms, Michael (1); Goel, Ashok K. (1)","Biologically inspired engineering design is an approach to design that espouses the adaptation of functions and mechanisms in biological sciences to solve engineering design problems. We have conducted an in situ study of designers engaged in biologically inspired design. Based on this study we develop here a macrocognitive information-rocessing model of biologically inspired design. We also compare and contrast the model with other information-processing models of analogical design such as TRIZ, case-based design, and design patterns. Copyright © 2010 by ASME.",10.1115/DETC2010-28567,2010,Proceedings of the ASME Design Engineering Technical Conference,,Design Patterns,design_patterns.csv,engineering_village|semantic_scholar,full,FALSE,FALSE,TRUE,TRUE,TRUE,TRUE,advance_criteria,TRUE,"Develops a macrocognitive information-processing model of biologically inspired design and explicitly compares it with other models like TRIZ, case-based design, and design patterns, engaging design knowledge as topic with model definition.","Appears to propose a systemic design/ontology for regulation, but the abstract does not show that it synthesizes or defines design knowledge constructs as the topic of study."
85bf50e57b17,Classification of design pattern traits,missing_pdf,"Dong, Jing (1); Zhao, Yajing (1)","Design patterns describe good solutions to common and recurring problems. The applications of design patterns may vary in different layouts, which pose challenges for recovering and changing these design pattern instances since essential characteristics of each design pattern are described implicitly. In this paper, we categorize different characteristics of each design pattern as its traits in form of predicates. We classify different predicates into groups and levels. In this way, the significant characteristics of each design pattern are explicitly specified in predicates that can be used for design pattern recovery and evolution analysis. Copyright © (2007) by Knowledge Systems Institute (KSI).",,2007,"19th International Conference on Software Engineering and Knowledge Engineering, SEKE 2007",,Design Patterns,design_patterns.csv,engineering_village,full,FALSE,FALSE,TRUE,TRUE,FALSE,TRUE,advance_criteria,TRUE,"Categorizes and classifies design pattern characteristics as traits/predicates, treating design pattern structure as the topic of study and providing its own classification scheme, satisfying C2 and C3.","It analyzes several pattern languages for fit within a reference architecture and describes relations among suitable patterns, which constitutes synthesis/categorization of design knowledge from existing pattern literature, but no explicit definition is given in the abstract."
00fc3fcb374a,Complex Operators: The Correspondence between the Visitor and Builder Design Patterns,missing_pdf,"Wilkins, A.J. (1); Jenness, J. (1)",There is a correspondence between the Builder and Visitor design patterns that reveals a more fundamental design pattern that we call the Complex Operator. The Complex Operator pattern is intended to separate the shape and content of an object structure from its concrete representation. Because Builder and Visitor are so closely related they are relatively easy to compose and enhancements to one may be applicable to the other.,,,Proceedings of the 2009 International Conference on Software Engineering Research & Practice. SERP 2009,,Design Patterns,design_patterns.csv,engineering_village,full,FALSE,FALSE,TRUE,TRUE,FALSE,TRUE,advance_criteria,TRUE,"Analyzes the correspondence between Builder and Visitor patterns and defines a new fundamental pattern (Complex Operator), synthesizing and defining a design-knowledge construct.","The paper presents a system of communication design patterns for mobile collaboration, and while patterns are central, the abstract does not make clear whether they are synthesized from prior work or explicitly defined, so full text is needed."
0d59edac201b,Composite design patterns,missing_pdf,"Riehle, Dirk","Software design patterns are the core abstractions from successful recurring problem solutions in software design. Composite design patterns are the core abstractions from successful recurring frameworks. A composite design pattern is a pattern that is best described as the composition of further patterns the integration of which shows a synergy that makes the composition more than just the sum of its parts. This paper presents examples of composite patterns, discusses a role-based analysis and composition technique, and demonstrates that composite patterns extend the pattern idea from single problem solutions to object-oriented frameworks.",10.1145/263698.263739,1997,"Proceedings of the 12th ACM SIGPLAN Conference on Object-Oriented Programming, Systems, Languages, and Applications",https://doi.org/10.1145/263698.263739,Design Patterns,design_patterns.bib,acm|engineering_village|semantic_scholar,full,FALSE,FALSE,TRUE,TRUE,FALSE,TRUE,advance_criteria,TRUE,"Defines composite design patterns as a construct and presents an analysis/composition technique abstracting from recurring frameworks, satisfying both synthesis and definitional criteria.","The abstract explicitly defines what a 'composite design pattern' is and discusses examples and analysis, but it does not present a synthesis or taxonomy derived from prior literature."
9a8c3ee67905,Conceptual patterns,missing_pdf,"Gröne, Bernhard (1)","Patterns help transporting knowledge and provide common names for solutions. Architects need a lot of experience to create long-lasting system architectures and should benefit from experiences written down in patterns. The description of architecture patterns and design patterns usually focuses on structures in software. This renders the patterns of limited use for architects who need to structure a system before they choose a structure for the implementing software. Therefore, architects need an additional kind of patterns with an adequate notation. This paper introduces the category of conceptual patterns which focus on system structure in the description of problem and solution. Architects can benefit from the solutions described by conceptual patterns when analyzing systems and in early phases of system design. Extracting the conceptual part of existing patterns is a first step to find conceptual patterns. Usually, a set of patterns will be arranged in a pattern language for a problem domain. This paper shows some examples of conceptual patterns extracted from existing architecture and design patterns. © 2006 IEEE.",10.1109/ECBS.2006.31,2006,Proceedings of the International Symposium and Workshop on Engineering of Computer Based Systems,,Design Patterns,design_patterns.csv,engineering_village|ieee,full,FALSE,FALSE,TRUE,TRUE,TRUE,TRUE,advance_criteria,TRUE,"Introduces a new category of 'conceptual patterns' with its own notation and discusses pattern definitions, plausibly defining a design-knowledge construct, so C2/C3 are plausible and flagged for full-text confirmation.","Introduces a new category of 'conceptual patterns,' which is an original definitional contribution about a design-knowledge construct, but the abstract does not indicate synthesis from prior literature."
40848ec101fc,Design pattern in object-oriented technology,missing_pdf,Ding Xin (1); Chen Yiyun (1); Shi Xiang (1),"Design pattern is a new concept on object-oriented design. Patterns capture the intent behind a design, identify and abstract the experience behind a design in OO design. We could define pattern by describing objects and their collaborations. Design patterns reduce system complexity because of the application of the reusable patterns. The paper will give an overview of patterns.",,,Mini-Micro Systems,,Design Patterns,design_patterns.csv,engineering_village,full,FALSE,FALSE,TRUE,TRUE,FALSE,TRUE,advance_criteria,TRUE,"Gives an overview of design patterns and defines what patterns mean in OO design, treating the construct as topic and providing a definition, satisfying C2 and C3.","This paper is centrally about the specification and meaning of design patterns as a way of conveying software-design expertise, but the abstract does not clearly state a review-based synthesis or an explicit definition, warranting full-text screening."
5cc118253cb0,Design patterns for real-time distributed system,missing_pdf,"Xu, Yiqin (1); Sang, Daisy F. (1); Peng, Chang-Shyh (2)","Pattern is a recent software engineering problem-solving discipline. A pattern is a three-part rule that expresses a relation among a certain context, a problem, and a solution. It not only helps real-time distributed applications to meet performance requirement, but also improve reusability, scalability, maintainability, and portability. This paper surveys major patterns for concurrency, synchronization, resource management, and distribution.",,2006,"Proceedings of the ISCA 15th International Conference on Software Engineering and Data Engineering, SEDE 2006",,Design Patterns,design_patterns.csv,engineering_village|semantic_scholar,full,FALSE,FALSE,TRUE,TRUE,FALSE,TRUE,advance_criteria,TRUE,"Surveys major design patterns for real-time distributed systems and defines what a pattern is (a three-part rule relating context, problem, solution), satisfying both C2 and C3.","Reports identification, description, repository building, classification criteria, and documentation templates for agent patterns, which indicates categorization of a design-knowledge construct, but no explicit definition is stated in the abstract."
2fdfe19e4493,E-Business Design: A Shift to Adaptability,missing_pdf,"Marca, D.A. (1)","This paper distinguishes the three fundamental business design patterns: control, cooperation and autonomy. Today, most e-Business designs are not balanced, because they over-prioritize control. Balance is achieved when one basic pattern is the top priority, while the other two patterns are not ignored. The paper explains how to use these patterns to create one of three balanced e-Business designs: e-Commerce, e-Broker and e-Barter. Market forces are now taking place to incentivize companies to become more adaptable. This can take one of two forms: (a) a better balanced e-Commerce design, or (b) a shift from e-Commerce to e-Broker. This paper presents more adaptable design architectures for e-Commerce and e-Broker. It concludes by giving several reasons why a balanced e-Barter design cannot be reliably conjectured at this time.",,,Proceedings of the International Conference on Wireless Information Networks and Systems,,Design Patterns,design_patterns.csv,engineering_village,full,FALSE,FALSE,TRUE,TRUE,TRUE,TRUE,advance_criteria,TRUE,"Distinguishes and defines three fundamental business design patterns and how to use them, defining design-knowledge constructs; flagged to confirm synthesis basis.","The abstract appears to categorize fundamental business design patterns and balanced e-business designs, suggesting possible synthesis of design-pattern constructs, but the truncated abstract does not clearly establish whether this is derived from prior literature or whether any explicit definitions are provided."
69560ebf92b1,E-business design,missing_pdf,"Marca, D.A. (1)","This paper distinguishes the three fundamental business design patterns: control, cooperation and autonomy. Today, most e-Business designs are not balanced, because they over-prioritize control. Balance is achieved when one basic pattern is the top priority, while the other two patterns are not ignored. The paper explains how to use these patterns to create one of three balanced e-Business designs: e-Commerce, e-Broker and e-Barter. Market forces are now taking place to incentivize companies to become more adaptable. This can take one of two forms: a) a better balanced e-Commerce design, or b) a shift from e-Commerce to e-Broker. This paper presents more adaptable design architectures for e-Commerce and e-Broker. It concludes by giving several reasons why a balanced e-Barter design cannot be reliably conjectured at this time.",,,Proceedings of the International Conference on e-Business,,Design Patterns,design_patterns.csv,engineering_village,full,FALSE,FALSE,TRUE,TRUE,TRUE,TRUE,advance_criteria,TRUE,"Distinguishes and defines three fundamental business design patterns as its topic, suggesting categorization and definitional work; flagged for full-text confirmation of synthesis basis.","The abstract defines and categorizes business design patterns and balanced e-business designs, suggesting design knowledge as a topic, but it is unclear from the abstract alone whether these constructs are synthesized from prior literature or originally defined in a way that clearly satisfies C2/C3."
199514a8ef02,Ethical Design Patterns for Automated Decision Platforms,missing_pdf,Sumanth Reddy Anumula,"This article is relevant to the ethical risks posed by automated decision platforms which are often due to architectural loopholes and not only to isolated algorithmic biases. To address the risks, a new set of ethical design patterns is proposed in the paper that is specifically aimed at inserting responsibility, fairness, and human control into the automated systems at the architectural level. The above-described patterns are contestable decisions, whereby one can challenge and review automated results; proportional automation, where automated results can be applied based on context; human override pathways, whereby, there is a way of determining any negative effects; transparency triggers whereby, users and other stakeholders can know about automated decisions; and continuous harm monitoring whereby, unsatisfactory results can be evaluated on a recurring basis. This can enable engineers to always integrate ethical considerations in the development process as they translate abstract ethical principles into concrete, measurable behaviors within the system. This article restructures the concept of ethics within the context of system design as opposed to an immediate post-deployment analysis but presents a pragmatic and feasible plan of designing automated systems that value human agency and enforce organizational responsibility. The suggested ethical design patterns comprise a detailed scheme of enhancing the responsible automation in the current technological-driven decision-making procedures.",,2026,International journal of future innovative science and technology,https://www.semanticscholar.org/paper/3b6e006e1d6a7ba81a2db9989da2e5ac9b918ce7,Design Patterns,design_patterns.csv,semantic_scholar,full,FALSE,FALSE,TRUE,TRUE,TRUE,TRUE,advance_criteria,TRUE,"Proposes and defines a set of ethical design patterns as its contribution, plausibly satisfying C2 and C3, but full text needed to confirm synthesis from prior work.","The contribution is a structural and signature-based detection method for recovering software design patterns from code, so it advances an algorithmic technique rather than understanding design knowledge."
06f1ec637cbe,Game Design Patterns,missing_pdf,Staffan Björk; S. Lundgren; J. Holopainen,"We present a model to support the design, analysis, and comparison of games through the use of game design patterns, descriptions of reoccurring interaction relevant to game play. The model consists of a structural framework to describe the components of games, and patterns of interaction that describes how components are used by players (or a computer) to affect various aspects of the game play. Focusing on the patterns and identified methods for using them, we describe the development of the model and how we are currently working to enlarge and validate the collection of patterns.",,2003,DiGRA Conference,https://www.semanticscholar.org/paper/19a722333e6778c225190783157d4de2f6bc6d2d,Design Patterns,design_patterns.csv,semantic_scholar,full,FALSE,FALSE,TRUE,TRUE,FALSE,TRUE,advance_criteria,TRUE,"Develops a model and framework of game design patterns as recurring interactions, defining and categorizing the construct, satisfying C2 and C3.","The abstract presents game design patterns as recurring interaction descriptions within a model, giving a clear definitional framing of the construct, but it does not explicitly describe a literature-based synthesis or taxonomy from prior work."
001fdbe8c5a1,Giving “the quality” a name: precise specification of design patterns−a second look at the manuscripts,missing_pdf,"Eden, A.H. (1)","There is widespread interest in design patterns, and in the “pattern” form as a means of conveying expertise in software design. In particular, the universal applicability of the constructs listed in the Design Patterns book (E. Gemma et al., 1995) took over the industry's attention and grew to serve as building blocks in the documentation, reasoning, and construction of object oriented software. Design patterns convey regularities, plans, aspects, or abstractions of programs rather than concrete instances. Therefore, most design patterns have an unbounded number of implementations, usually in various programming languages and application domains. Though lacking a dedicated specification language, design patterns are invariably communicated through a list of prototypical instances, source code of simplified implementations, and class (or object) diagrams. As specific instances of design patterns cannot account for the generalizations intended, specification manuscripts consist mostly of natural language narrative. As a result, “clients” of design patterns are compelled to project from the given examples or interpret the designation of the verbal description that should apply to their context of interest. To summarize, the prevalent means of specification are not sufficiently rigorous to allow unambiguous interpretation of design patterns.",,,JOOP,,Design Patterns,design_patterns.csv,engineering_village,full,FALSE,FALSE,TRUE,TRUE,TRUE,TRUE,advance_criteria,TRUE,"Examines the pattern form as a means of conveying design expertise and discusses precise specification/definition of design patterns, addressing the construct as topic of study.","The abstract explicitly classifies design patterns relative to programming language features and discusses abstraction, patterns, and idioms, suggesting categorization of design-knowledge constructs, but any explicit definition is not clear from the abstract alone."
015c4a80cae3,Grounded design: design patterns as the link between theory and practice,missing_pdf,"van Diggelen, W. (1); Overdijk, M. (1)",The process of designing a networked learning environment can be characterized by a high degree of uncertainty. This is especially true when the design includes innovative technologies. It is difficult to design a networked learning environment that closely fits the requirements of the educational practice. Often the technology seems leading in the design process because it is the most tangible aspect of the e-learning environment. This brings along the risk that the technology becomes detached from its context of use. Design patterns are a means to overcome this problem of detachment between design and practice. Design patterns make the tight relationship between the two more explicit. In this paper we further elaborate on the relationship between design and practice. We stress the importance of theory in the development of design patterns. Theory development is an essential aspect of our approach to the development of design patterns. The approach is oriented towards a systematic analysis of problems and the development of conceptual models that guide the definition and evaluation of design patterns. In this paper we present a case study of how the approach was used to develop design patterns for networked learning in the classroom. [All rights reserved Elsevier].,10.1016/j.chb.2009.01.005,,Computers in Human Behavior,,Design Patterns,design_patterns.csv,engineering_village,full,FALSE,FALSE,TRUE,TRUE,TRUE,TRUE,advance_criteria,TRUE,"Positions design patterns as the link between theory and practice and discusses what they mean as a construct, plausibly satisfying C2 and C3; flagged to confirm in full text.","The contribution is a formal extension of the Object-Z specification language for static class elements, with design patterns mentioned only incidentally as a programming context rather than as the object of design-knowledge study."
4911e795230f,Implementing patterns,missing_pdf,"Soukup, J.","The idea of using patterns represents one of the most significant advances in software design over the past few years. When using patterns, software architects can work with higher-level concepts, while improving communication among all people participating in the design. The problem with patterns is that people have become excited about them and now apply them to everything possible. I limit the discussion to what I consider “real” patterns−design patterns for software architecture. This is the group of patterns that roughly overlaps with “structural patterns” from Gamma et al. (1995) I view these patterns as a generalization of classical data structures where, in addition to pointers and arrays, I also use inheritance as a part of the data organization. Instead of using the term “patterns”, you can just call them “object-oriented data structures”.",,,C++ Report,,Design Patterns,design_patterns.csv,engineering_village,full,FALSE,FALSE,TRUE,TRUE,TRUE,TRUE,advance_criteria,TRUE,"Discusses and limits the definition of 'real' design patterns for software architecture, treating patterns as a topic of study and proposing the author's own scoping definition, plausibly satisfying C2/C3.","The paper appears to discuss what counts as 'real' software design patterns as a knowledge construct, but the truncated abstract does not clearly show a literature synthesis or explicit definition, so full text is needed."
d56cd856926c,Pedagogical patterns: picking up the design patterns approach,missing_pdf,"Abreu, F.B.E. (1)","Faced with a lack of pedagogical help, the OO education and training community has organised several birds of a feather meetings such as the Educators' Symposium at the OOPSLX conferences, and the Symposium on Teaching Object Technology at TOOLS conferences. Although many interesting ideas are suggested in such meetings as well as in education and training columns in journals such as JOOP or OBJECT MAGAZINE, very little has been done to produce an homogeneous and condensed repository of best practices. Pedagogical patterns are a breakthrough in this status quo. Their best contribution is not the originality of the approaches they advocate, but the simple documentation of solutions that have been proven to do a good job in solving common problems in a reusable and adaptable format. In a catalogue of pedagogical patterns, even experienced professors will find useful hints from other colleagues. Any instructor should be able to instantiate a pedagogical pattern for different lessons or adapt it using his or her accumulated knowledge.",,,Object Expert,,Design Patterns,design_patterns.csv,engineering_village,full,FALSE,FALSE,TRUE,TRUE,TRUE,TRUE,advance_criteria,TRUE,"Introduces pedagogical patterns as a construct extending the design patterns approach, plausibly defining and synthesizing this form of design knowledge from prior work.","This paper treats pedagogical patterns and best practices as its topic, but the truncated abstract does not clearly confirm a synthesis from prior literature or an explicit definition, warranting full-text review."
efcb681fe67a,Principles versus patterns,missing_pdf,"Pescio, C.","Early in the history of programming, brilliant people realized that every good software system has some desirable properties: It should be extensible; parts of it should be modifiable without major impact on other parts; and so on. Because of the Feigenbaum Bottleneck, it is very hard to describe precise, step-by-step instructions to build systems with such properties. It is easier to articulate the desirable properties in the form of design principles. Over the years, the wealth of knowledge accumulated as design principles has reached a critical mass. Entire books are now dedicated to the subject. Still, despite this body of knowledge, design remains difficult. A major problem is that principles are ambiguous and not very constructive. In more recent times, design patterns have emerged as a valid alternative to the principles-driven approach. If principles represent the “say-what” approach to design, patterns are the “show-how” way.",10.1109/2.612257,,Computer,,Design Patterns,design_patterns.csv,engineering_village|ieee,full,FALSE,FALSE,TRUE,TRUE,TRUE,TRUE,advance_criteria,TRUE,"Compares and articulates design principles versus patterns, discussing accumulated design knowledge as its topic, likely synthesizing and defining these constructs; flag to confirm in full text.","Uses everyday examples to illustrate software design patterns for communication and understanding, but does not synthesize literature or explicitly define design-knowledge constructs."
042d03d821d0,"Situation, Patterns, Exploration, and Exploitation in Engineering Design",missing_pdf,C. McMahon,"Abstract In this article, I argue for an inclusive view of engineering design, and posit designing along with making, operating, maintaining, and disposing as key descriptors of humankind’s relationship with artifacts. Engineering design contributes to the definition of artifact characteristics to achieve desired artifact behavior, and includes outcomes ranging from the routine to the highly innovative. I argue for a worldview of engineering design that places greater emphasis on the routine, and suggest three directions that may guide us towards developing a better understanding of this based on a study of literature from design, management, and the history and philosophy of technology. First, we should explore the elements and practices used in different design situations, and the impact of differences in contextual factors. Second, design exploits the reuse and development of design patterns; understanding and exploiting such patterns is an important skill. I make the case that we might focus on distinctions—such as the one between exploiting old certainties and exploring new possibilities—to articulate our understanding of the differences between design activities with different degrees of novelty. Based on these arguments, I make suggestions regarding the relationship between design, science, and management, and for possible application of the arguments in wider design fields.",,2021,,https://www.semanticscholar.org/paper/fe78827c7f2f78ac1e2924d5dbfdb335af43ef6b,Design Patterns,design_patterns.csv,semantic_scholar,full,FALSE,FALSE,TRUE,TRUE,TRUE,TRUE,advance_criteria,TRUE,"Argues for an inclusive view of engineering design and posits definitional descriptors and patterns of designing, plausibly defining design knowledge constructs; flagged to confirm.","This is a software cost-analysis/components paper where mentions of analysis and design procedures are incidental to a technical software engineering contribution, not to understanding design knowledge."
2b7b4d1ed27a,Using design patterns: elements of reusable architectures,missing_pdf,"Vlissides, J. (1)","Design patterns such as Strategy document a recurring piece of object oriented design in a way that lets you understand and apply it in your own context. Design patterns also let you talk about design at a higher level than classes and objects. As a result, you can communicate design information more quickly and accurately−a boon both to the design process and to documentation. Strategy is just one of the design patterns we've isolated. The author's book contains 22 other common patterns that expert object oriented designers use, patterns that people have heard and learned about traditionally by word of mouth or by studying existing systems (E. Gamma et al., 1995). This should mark the start of a movement to document the expertise of software practitioners.",,,OOP '95. Conference Proceedings,,Design Patterns,design_patterns.csv,engineering_village,full,FALSE,FALSE,TRUE,TRUE,FALSE,TRUE,advance_criteria,TRUE,"Discusses design patterns as a form of documented recurring design knowledge and defines what a design pattern is, satisfying C2 and C3.","This paper analyzes how design patterns generate the architecture of a hypermedia framework, treating patterns as central, but the abstract does not confirm a synthesis from prior work or an explicit definition."
1217bfc6316e,Design research,missing_pdf,"Gosling, W.","A selective review of design research published in the last decade is given. A technical definition for the word `design' is discussed and a psychologically oriented solution is described. This model of design activity is then related to the classification of current design research. Areas where mechanisation of design is possible are defined. Study of design methodology both in the field and by simulation is reviewed, and the difficulties of both approaches are indicated. Tree and semi-lattice models of the design process are compared. Two major problems to be solved before design research can proceed are whether design activity is homogeneous, and if not what is the basis of a priori classification, and what criteria can be used to identify `good' designers and design procedures. Reference is made to the dangers of premature exploitation of design research results.",,,Conference on electronics design,,Design Procedures,design_procedures.csv,engineering_village,full,FALSE,FALSE,TRUE,TRUE,TRUE,TRUE,advance_criteria,TRUE,"Reviews design research, discusses a technical definition of 'design', and classifies design research and methodology, satisfying C2 and indicating a definitional contribution warranting full-text review.","This is a selective review of design research that classifies current work and explicitly discusses a technical definition of design, satisfying both synthesis/categorization and explicit definition."
202ec389a1a4,Design expertise,missing_pdf,"Lawson, Bryan ; Dorst, Kees","Design Expertise explores what it takes to become an expert designer.It examines the perception of expertise in design and asks what knowledge, skills, attributes and experiences are necessary in order to design well. Bryan Lawson and Kees Dorst develop a new model of design expertise and show how design expertise can be developed.This book is designed for all students, teachers, practitioners and researchers in architecture and design. To enable all readers to explore the book in a flexible way, the authors’ words are always found on the left hand page. On the right are diagrams, illustrations and the voices of designers, teachers and students and occasionally others too.'Design Expertise' provides a provocative new reading on the nature of design and creative thought. © 2009, Bryan Lawson and Kees Dorst. Published by Taylor & Francis. All rights reserved.",10.4324/9781315072043,2013,Design Expertise,,Design expertise,design_expertise.csv,engineering_village,full,FALSE,FALSE,TRUE,TRUE,FALSE,TRUE,advance_criteria,TRUE,"Explicitly examines what design expertise is and develops a new model of design expertise, synthesizing the knowledge/skills/attributes needed and defining the construct.","The contribution is a parametric modeling approach that embeds senior designers' expertise for automatic building-service-core generation, making it primarily a computational/design-automation method rather than a study of design knowledge."
64085b9b57e4,Towards an integrative approach to researching design expertise,missing_pdf,"Tan, Stella (1)","One of four models of expertise usually underpins contemporary design expertise studies – skill acquisition, deliberate practice, reflective practice, or communities of practice. While these studies have extensively mapped many aspects of design expertise, to date they offer only limited insight into the social context of design expertise development. While a useful lens for understanding design expertise, each model only accounts partially for how designers develop their expertise in practice. However, four themes drawn from the wider general expertise literature – experiential knowledge, adaptability, perceptiveness and motivational support – potentially provide a conceptual foundation on which to develop an integrative approach to researching design expertise, one that might coherently unify our existing accounts of designers' expertise development. © 2021 Elsevier Ltd",10.1016/j.destud.2021.101017,2021,Design Studies,,Design expertise,design_expertise.csv,engineering_village|semantic_scholar,full,FALSE,FALSE,TRUE,TRUE,TRUE,TRUE,advance_criteria,TRUE,"Reviews and categorizes four models of design expertise and proposes an integrative approach, synthesizing the construct of design expertise from prior literature.","The abstract compares existing models of design expertise and introduces themes from the broader expertise literature in an integrative framing, but it does not clearly provide an explicit definition in the abstract."
f51b21c51194,Understanding database design expertise,missing_pdf,"Storey, V.C. (1); Thompson, C.B.; Ram, S.","Database design is a complex and time-consuming process. In order to automate database design, an understanding of the nature of expertise that goes into the design process is needed. Although a number of expert systems have been developed to assist or replace a database designer, database design expertise has not been examined in any detail. This paper proposes a conceptual framework for explaining this type of expertise. The components of the framework are applied to each phase of the design process and used to provide guidelines for the level of expertise that developers might strive to obtain. Several representative systems are analyzed, based on the framework, to explore the degree to which expertise is being captured. Implications for the future development of database design expert systems are discussed.",10.1016/0169-023X(95)00012-H,,Data & Knowledge Engineering,,Design expertise,design_expertise.csv,engineering_village,full,FALSE,FALSE,TRUE,TRUE,TRUE,TRUE,advance_criteria,TRUE,"Proposes a conceptual framework explaining database design expertise and derives guidelines, treating design expertise as the topic of study (C2) with a likely original definitional framework (C3).","The paper centrally concerns database design expertise and proposes a conceptual framework and guidelines, but the abstract does not clearly show synthesis from prior literature or an explicit definition, so full text is needed."
173b24db7b5b,A Conceptual Framework for Conversational Human-AI Interaction Design (CHAI),missing_pdf,"Marri, Shridhar (1)","Artificial intelligence is transforming the sociocultural and economic fabric of the world today, paving the way to a new era of Conversational Human-AI Interaction (CHAI). Being embryonic in its evolution, CHAI poses a broad range of challenges, opportunities, and perspectives, rendering any existing general design frameworks, models and approaches insufficient and ineffective. With the advent of generative technologies such as ChatGPT built on Large Language Models, AI has begun to emulate human cognitive ability in handling seamless multi-turn conversations while traversing interchangeable contexts with humanlike dexterity. At this backdrop, Human-AI interaction has become one of the most complex emerging fields of design today with an urgency to prioritize widespread research studies. As the field lacks requisite standards, guidelines, and benchmarks, we have undertaken an exploratory study through qualitative methods and proposed a conceptual framework for Conversational Human-AI Interaction (CHAI) considering the challenges, opportunities, and perspectives surrounding this nascent yet invigorating field. The framework identifies and integrates the principles of CHAI within the larger latitude of contextual, sociocultural, and psychological dimensions. The proposed conceptual framework attempts to act as a stepping-stone for further research in validating and extending it to a broader range of industries, applications, and usage scenarios. © The Author(s), under exclusive license to Springer Nature Singapore Pte Ltd. 2023.",10.1007/978-981-99-0293-4_50,2023,"Smart Innovation, Systems and Technologies",,Design frameworks,design_frameworks.csv,engineering_village,full,FALSE,FALSE,TRUE,TRUE,TRUE,TRUE,advance_criteria,TRUE,"Proposes a conceptual framework for conversational AI interaction design, critiquing existing design frameworks/models and likely defining its own construct; flagged to confirm synthesis and definition.","The paper develops reliability-optimal offloading and corresponding design frameworks for MEC networks, which is a computational optimization contribution rather than a study of design knowledge."
58147c8cf4e1,In defense of coexisting engineering meanings of function,missing_pdf,"Van Eck, D. (1); Weber, E. (1)","Technical function is a key concept in engineering design. Despite the centrality of the concept, a systematic, rigorous analysis of the utility of function and its different conceptualizations is missing in the engineering design literature. This paper addresses this challenge. We investigate the utility of function and its different meanings in the following engineering design contexts: malfunction explanation, innovative design, redesign, and routine design. This analysis provides theoretical justification for the current engineering practice of accepting ambiguity of functional descriptions and for methods to translate and/or convert functional descriptions across engineering design frameworks. We show that the utility of specific meanings of function is highly task dependent, identify novel roles for functional descriptions in engineering design, and present methodological implications for translation methods for functional descriptions.",10.1017/S0890060416000172,,"Artificial Intelligence for Engineering Design, Analysis and Manufacturing",,Design frameworks,design_frameworks.csv,engineering_village,full,FALSE,FALSE,TRUE,TRUE,TRUE,TRUE,advance_criteria,TRUE,"Systematically analyzes the concept of 'function' and its different conceptualizations in engineering design, examining and defining a key design construct from the literature (C2/C3).","This is a materials-engineering study of laser surface modification and corrosion resistance, not a paper about design knowledge."
e3e8ab9fddf7,Toward a Mid-Range Design Theory for Developing Pedagogically Effective Serious Games,missing_pdf,"Schumacher, Tobias (1); Festing, Marion (1); Bick, Markus (2)","Serious games (SGs) represent promising digital learning tools. However, SG design frameworks frequently lack a comprehensive integration of pedagogical considerations, which might explain the observed variance in SG effectiveness. To address this research gap, we use a design science research approach to develop a mid-range design theory that translates pedagogy into SG design. We exemplify and empirically evaluate the application of our design theory with an SG designed for intercultural competency development with good results. © 2023 The Author(s). Published with license by Taylor & Francis Group, LLC.",10.1080/10580530.2023.2267762,2024,Information Systems Management,,Design frameworks,design_frameworks.csv,engineering_village,full,FALSE,FALSE,TRUE,TRUE,TRUE,TRUE,advance_criteria,TRUE,"Develops a mid-range design theory for serious games via DSR, addressing gaps in existing design frameworks, which plausibly synthesizes and defines a design construct; flagged to confirm in full text.","The abstract explicitly states that the authors develop a mid-range design theory for serious game design, which provides a design-knowledge construct definition/adaptation, but it does not indicate a synthesis or taxonomy from prior literature."
874b0e5bc4ea,A classification of design theories and methodologies,missing_pdf,"Tomiyama, Tetsuo (1)","This paper aims at providing a classification of various design theories and methodologies (DTM) based on a philosophically sound foundation. Such a classification is necessary in order to develop further, in particular, so-called descriptive and prescriptive theories and methodologies. As a scientific foundation, this paper chose General Design Theory (GDT) which is a theory of design knowledge based on axiomatic set theory. First, the paper briefly reviews GDT and establishes a knowledge-centric view of design. Then, it gives an alternative systematic categorization framework including (1) DTM to generate a new design solution (including creativity-based design and modification-based design), (2) DTM to enrich information about functional and attributive information, (3) DTM to manage design processes, and (4) DTM to represent design information and knowledge. Finally, the paper categorizes some representative work in DTM and further discusses educational implications of this categorization. Copyright © 2006 by ASME.",10.1115/detc2006-99444,2006,Proceedings of the ASME Design Engineering Technical Conference,,Design knowledge,design_knowledge.csv,engineering_village,full,FALSE,FALSE,TRUE,TRUE,FALSE,TRUE,advance_criteria,TRUE,"Provides a classification of design theories and methodologies grounded in General Design Theory and establishes a knowledge-centric view of design, satisfying both C2 and C3.","This is a teaching-model paper about architectural education and course structure, not a study that synthesizes or defines forms of design knowledge from prior literature."
01193dadeea5,Classifying architectural constraints as a basis for software quality assessment,missing_pdf,"Giesecke, S. (1); Hasselbring, W. (1); Riebisch, M.","Architectural styles and patterns have been studied since the inception of software architecture as a discipline. We generalise architectural styles, patterns and similar concepts by introducing the notion of architectural constraints. An architectural constraint is a vehicle for the reuse of architectural design knowledge and for the improvement of software quality. It may be used for improving architectural analyses of quality characteristics of the software system to be realised. We present the method for surveying the literature on architectural constraint concepts, and provide a taxonomy covering various definitions of architectural styles and patterns. [All rights reserved Elsevier].",10.1016/j.aei.2006.11.002,,Advanced Engineering Informatics,,Design knowledge,design_knowledge.csv,engineering_village,full,FALSE,FALSE,TRUE,TRUE,TRUE,TRUE,advance_criteria,TRUE,"Surveys the literature, generalizes architectural styles/patterns into the construct of 'architectural constraints,' and provides a taxonomy and its own definition, satisfying C2 and likely C3.","The contribution is a knowledge-based engineering system for automotive interior layout using representation and reasoning techniques, so it primarily advances a design-support system rather than understanding design knowledge itself."
58726078d0f2,Conceptualization of the Problem Space in Design Science Research,missing_pdf,"Maedche, A. (1); Gregor, S. (2); Morana, S. (1); Feine, J. (1)","Design science research (DSR) aims to deliver innovative solutions for real-world problems. DSR produces Information Systems (IS) artifacts and design knowledge describing means-end relationships between problem and solution spaces. A key success factor of any DSR research endeavor is an appropriate understanding and description of the underlying problem space. However, existing DSR literature lacks a solid conceptualization of the problem space in DSR. This paper addresses this gap and suggests a conceptualization of the problem space in DSR that builds on the four key concepts of stakeholders, needs, goals, and requirements. We showcase the application of our conceptualization in two published DSR projects. Our work contributes methodologically to the field of DSR as it helps DSR scholars to explore and describe the problem space in terms of a set of key concepts and their relationships.",10.1007/978-3-030-19504-5_2,,"Extending the Boundaries of Design Science Theory and Practice. 14th International Conference on Design Science Research in Information Systems and Technology, DESRIST 2019. Proceedings: Lecture Notes in Computer Science (LNCS 11491)",,Design knowledge,design_knowledge.csv,engineering_village,full,FALSE,FALSE,TRUE,TRUE,TRUE,TRUE,advance_criteria,TRUE,"Conceptualizes the problem space in DSR by synthesizing key concepts and producing definitional constructs, plausibly satisfying C2 and C3 but needing full text to confirm.","The abstract centers on design knowledge and explicitly suggests a conceptualization of the problem space in DSR, indicating an original definitional/conceptual contribution, but it does not clearly synthesize forms of design knowledge from prior literature."
fe2d6cd3e881,Design knowledge: theory is support of practice,missing_pdf,"Hubka, V. (1); Eder, W.E.","The study of specific design knowledge (SDK) is part of design science, and contains the knowledge of the specialist's domain or branch, and particularly the knowhow of realizing a technical system. SDK has a prescriptive character, and at present does not possess a fully developed and advantageous form and completeness. In particular, part of SDK consists of `personal, often unconscious knowledge' of design experts. The right content and form for presenting SDK is decisive for the quality of the designed product, the technical system (TS), and for the efficiency and effectiveness of the design process. Beyond that consideration, computer-based expert systems depend fully on the kind of knowledge available in SDK, and its form of presentation. The aspects to be discussed include the character, types, forms, and ways of obtaining the available SDK.",10.1080/09544829008901646,,Journal of Engineering Design,,Design knowledge,design_knowledge.csv,engineering_village,full,FALSE,FALSE,TRUE,TRUE,TRUE,TRUE,advance_criteria,TRUE,"Studies specific design knowledge as its topic, characterizing its prescriptive nature and forms, and appears to define/categorize SDK, plausibly satisfying C2/C3 but abstract is truncated so flagged.","The abstract treats specific design knowledge as the topic and appears to discuss its character and presentation, but it does not clearly show a synthesis from prior literature or an explicit operational definition, so full text is needed."
641046d46796,Designing for Big X: Characterizing Design for Major Challenges,missing_pdf,"Solis, Freddy (1); Sinfield, Joseph V. (1)","This paper codifies a form of expertise that is tailored to framing and addressing the classes of complex, multifaceted, multistakeholder challenges affecting organizations and society, here termed ''major challenges''. This type of expertise tends to be elusive because of the divergent schools of thought used to characterize major challenges, the seemingly serendipitous nature of the innovations needed to respond to these challenges, and the tacit and situated nature of the design knowledge and practices required to frame and address them. We develop a framework for this qualitatively distinct type of design-termed ''Design for Big X''. Our framework codifies a set of conceptual shifts in patterns of thought and action aligned with the properties of major challenges, relative to generic design practices. The framework provides new constructs for research on innovative thinking and the cultivation of talent in educational institutions and organizations working to address major challenges. © 2018 TEMPUS Publications.",,2018,International Journal of Engineering Education,,Design knowledge,design_knowledge.csv,engineering_village,full,FALSE,FALSE,TRUE,TRUE,FALSE,TRUE,advance_criteria,TRUE,"Codifies a form of design expertise and develops a framework characterizing design knowledge and practices for major challenges, satisfying both C2 and C3.","The paper describes spacecraft design methods and knowledge-engineering technologies for collaborative design and knowledge-base construction, which is a methods/system contribution rather than a study of design knowledge constructs."
739c04fa5456,From general design theory to knowledge-intensive engineering,missing_pdf,"Tomiyama, Tetsuo (1)","In the study, the contributions of general design theory (GDT) proposed by Yoshikawa for the development of advanced CAD and for innovative design from the research results of a group at the University of Tokyo are illustrated. First, the GDT that formalize design knowledge based on axiomatic set theory is reviewed. Second, this theoretical result is tested against experimental work on design problems. Although theoretical results agree with the experimental findings, some problems are described. A new design process model, called the refinement model is established from these problems which has a better agreement with the experimental findings.",,1994,"Artificial Intelligence for Engineering Design, Analysis and Manufacturing: AIEDAM",,Design knowledge,design_knowledge.csv,engineering_village|semantic_scholar,full,FALSE,FALSE,TRUE,TRUE,TRUE,TRUE,advance_criteria,TRUE,"Reviews general design theory that formalizes design knowledge and proposes a new design process model, engaging with definitions and synthesis of design-knowledge constructs; flagged to confirm in full text.","The paper presents an intelligent front end coupling design knowledge with algorithms for H∞ controller design, so the main contribution is a computational system for a design task rather than understanding design knowledge."
366aac984411,How do designers and engineers practice design while Making? A narrative inquiry of designers who Make,missing_pdf,"Hira, A. (1); Hynes, M. (2)","Purpose The purpose of this paper is to understand how designers and engineers practice design while Making. Motivated by their roots in constructionist learning principles, Makerspaces are increasingly used as sites to learn design, especially in undergraduate engineering education programs. However, there has been little work on how trained designers Make and how design emerges in their Maker practices. Design/methodology/approach In this paper, a conceptual framework is constructed to identify design practices within Making informed by theories of human-centered design and designerly ways of knowing. The framework is used to analyze narratives of ten experienced designers and Makers to understand how they enact design while they Make. Findings The rich and compelling narratives of the participants support the proposed conceptual framework, providing qualitative evidence for how designers practice and know design while Making. This study also reports on a strong theme of realizing purpose and personal meaning while Making across the participants' narratives that sheds light on the unique and educationally meaningful value of Making, as in Making being a venue for agentive constructivist learning. Research limitations/implications As an educationally meaningful practice, Making can be explored from several lenses, and this research solely uses a design lens. Practical implications The motivations of the study are twofold. First, to understand how designers practice human-centered design and use design knowledge while Making. Second, to support the epistemological legitimacy of Maker knowledge by establishing connections with design knowledge. Originality/value This paper contributes to the limited body of scholarly work to conceptualize experienced designers' Maker practices. Work in this area can inform learning outcomes and performance expectations in educational settings.",10.1108/ILS-08-2020-0195,,Information and Learning Science,,Design knowledge,design_knowledge.csv,engineering_village,full,FALSE,FALSE,TRUE,TRUE,TRUE,TRUE,advance_criteria,TRUE,"Constructs a conceptual framework of design practices drawing on theories of human-centered design and designerly ways of knowing, plausibly synthesizing and adapting design-knowledge constructs; flagged to confirm in full text.","The contribution is a data mining method for extracting dynamic user needs from online reviews, which is a computational technique for a design-adjacent task rather than a study of design knowledge."
65d0b9192291,Implementation of Typology Criteria for Design Knowledge Reflecting Design Diversification,missing_pdf,Hayoun Won; Y. Park,"Abstract As the design-related knowledge base grows to remain abreast of technological and scientific advancements, ‘Design Knowledge’ has emerged as a new genre of pragmatic design. Criteria need to be determined to establish a typology as a knowledge-based system supporting education, literature, and industrial organizations. To this end, this study establishes criteria for design knowledge typology while considering design diversification by applying existing topological criteria to the classification of books, industries, and academic disciplines along with new views of design theorists. A matrix analysis was conducted to test the applicability of the design knowledge language data by checking them against extracted and defined criteria. We found it impossible to consistently typify contemporary design concepts with single-attribute criteria; the multiple-criteria classification method is much more effective. Further, contemporary design language has evolved from object-based to concept-based terms. Our study lays the groundwork for a useful typology for a design study schema.",,2021,,https://www.semanticscholar.org/paper/48a2d634dc1a470d6057854a972ed4bc92c595b2,Design knowledge,design_knowledge.csv,semantic_scholar,full,FALSE,FALSE,TRUE,TRUE,FALSE,TRUE,advance_criteria,TRUE,"Establishes typology criteria for design knowledge by synthesizing existing topological criteria and theorists' views, satisfying C2 and providing its own definitional framework.","This is a literature-informed architectural concept paper promoting design knowledge in multifunctional structures, but it does not clearly synthesize, categorize, or define design knowledge or related constructs as its topic."
3505744025b0,"Improving OO design process using rules, patterns and refactoring",missing_pdf,"Garzás, Javier (1); Piattini, Mario (2)","In recent years different areas of knowledge related to the construction of object-oriented (OO) designs such as principles, heuristics, patterns, and refactoring techniques have been consolidated, but there is a lot of work still to be done in order to systematize and offer this knowledge to OO designers in such a way that it can be easily used in practical cases. In order to clarify this, we have defined an ontology of OO Micro Architectural Design Knowledge and the foundations of an OO design method based in the knowledge. © 2006, Idea Group Inc.",10.4018/978-1-59140-604-4.ch014,2005,Management of the Object-Oriented Development Process,,Design knowledge,design_knowledge.csv,engineering_village,full,FALSE,FALSE,TRUE,TRUE,TRUE,TRUE,advance_criteria,TRUE,"Defines an ontology of OO design knowledge consolidating principles, heuristics, patterns, and refactoring, synthesizing constructs (C2) and providing a structured definition (C3 plausible), flagged to confirm.","The paper's contribution is a visual design and verification approach for rule-based systems using XTT, focusing on knowledge representation and tool support rather than synthesizing or defining design knowledge."
dcbdeccbb96c,Is there a specific type of knowledge associated with design?,missing_pdf,A. Purcell; K. S. Sodersten,"This paper is concerned with the question of whether or not there are forms of knowledge that can be regarded as unique to design. On the basis of protocol studies of architects designing we identify three types of knowledge that may be considered as candidates for design knowledge. These we refer to as interpreted and embodied knowledge, compiled knowledge and strategic knowledge relating to the use of design representations. Each of the potential types of knowledge addresses a core problem in design how to move from knowledge that is abstract and conceptual to a representation of that knowledge in physical form.",,2002,Proceedings of DRS,https://www.semanticscholar.org/paper/51832372b50bbb3bb52d528c67d7b699133b0b02,Design knowledge,design_knowledge.csv,semantic_scholar,full,FALSE,FALSE,TRUE,TRUE,FALSE,TRUE,advance_criteria,TRUE,"Directly investigates whether knowledge unique to design exists and identifies/defines three types of design knowledge, satisfying both C2 and C3.","This appears to study design knowledge directly and proposes three types of design knowledge, which supports C3, but the abstract does not clearly indicate a synthesis from prior literature required for C2, so it should be checked in full text."
817a6d8c927b,KNOWLEDGE REPRESENTATION IN THE CONCEPTUAL DESIGN PROCESS FOR BUILDING ENERGY SYSTEMS.,missing_pdf,"Monaghan, Paul F. (1); Doheny, James G. (1)","This paper deals with knowledge representation of the conceptual design process for Building Energy Systems. The design problem is one of a set of problems where the objective is the design of a system that performs a certain function by selection and configuration of components whose characteristics and interrelationships are fixed and known. Domain, Constraint, Design, Analysis and Developing Solution knowledge are discussed in relation to the above problem. The need for heuristic design knowledge augmented by non-heuristic numerical knowledge is identified. Abstraction of knowledge into a modular and hierarchical form leads to efficient search for a design solution. This paper outlines the framework for a longer-term development of an expert system for conceptual design of Building Energy Systems.",10.1007/978-3-662-21626-2_97,1986,,,Design knowledge,design_knowledge.csv,engineering_village,full,FALSE,FALSE,TRUE,TRUE,TRUE,TRUE,advance_criteria,TRUE,"Discusses and categorizes types of design knowledge (domain, constraint, design, analysis, heuristic vs non-heuristic) for conceptual design, suggesting categorization and definitional framing; flagged for full-text confirmation.","Discusses types of knowledge in the conceptual design process and knowledge representation for building energy systems, but the abstract does not clearly show a literature-based synthesis or an explicit definition, so full text is needed."
37f353dbe230,Managing design knowledge,missing_pdf,"Neelamkavil, J. (1)","The great ancient philosopher Confucius once said: 'real knowledge is to know the extent of one's ignorance'. Industries are recognizing the strategic value of knowledge and the careful management and distribution of their intellectual assets across the company to create value and to gain/sustain competitive advantage. In any organization, the data, information and experience that make-up the knowledge repository is really corporate assets. So what is knowledge? The first part of this paper differentiates between the terms such as 'data', 'information' and 'knowledge'. It will also differentiate between 'explicit' vs. 'tacit' knowledge, and how to derive explicit knowledge from its tacit form. The second part of the paper addresses the important issue of design knowledge management. Study has indicated that design engineers spend, on average, about one quarter of their time searching for information. Managing design knowledge, how such knowledge can be identified, captured, represented and stored for future use are vital issues, as three-quarters of all engineering designs are variations of existing designs. The paper also outlines the architecture of the design knowledge management system that is being developed at IMTI.",,,Proceedings of the IASTED International Conference Intelligent Systems and Control,,Design knowledge,design_knowledge.csv,engineering_village,full,FALSE,FALSE,TRUE,TRUE,TRUE,TRUE,advance_criteria,TRUE,"Differentiates data/information/knowledge and addresses what design knowledge is, suggesting definitional and synthesis work, though full text would confirm.","This paper centers on learning design knowledge in situ and may discuss how such knowledge is represented, but the abstract does not clearly confirm synthesis from prior work or an explicit definition."
495817cc9c25,"Object-oriented design knowledge: Principles, heuristics and best practices",missing_pdf,"Garzás, Javier (1); Piattini, Mario (2)","In order to properly understand a field, a researcher has to first understand the accumulated knowledge of that field. Micro-architectural design has accumulated knowledge elements that are clearly defined. These elements, such as design patterns, are properly differentiated and generally understood, but other elements - such as heuristics, best practices, and others - are just vague concepts. Object-Oriented Design Knowledge: Principles, Heuristics and Best Practices provides a unified and global vision about the lesser-defined areas of micro-architectural design knowledge, exposing the main techniques, experiences, and methods in order to help researchers apply these concepts. Understanding the experiences presented in this book will help readers correctly apply design knowledge. © 2007 by Idea Group Inc. All rights reserved.",10.4018/978-1-59140-896-3,2006,"Object-Oriented Design Knowledge: Principles, Heuristics and Best Practices",,Design knowledge,design_knowledge.csv,engineering_village|semantic_scholar,full,FALSE,FALSE,TRUE,TRUE,TRUE,TRUE,advance_criteria,TRUE,"Provides a unified vision of object-oriented design knowledge, synthesizing and differentiating principles, heuristics, and best practices from accumulated field knowledge, satisfying C2 and likely C3.","The title and abstract indicate a unifying treatment of object-oriented design knowledge constructs such as principles, heuristics, and best practices, suggesting synthesis/classification from accumulated knowledge, but no explicit definition is clearly visible in the truncated abstract."
c8375326b367,Prototypes: A basis for knowledge-based design,missing_pdf,"Gero, John S. (1)",A new conceptual schema called a prototype for the representation of generalized design knowledge is proposed. It contains knowledge necessary for the commencement and the continuation of a design. This paper briefly presents the schema and describes its use in designing. Its use in categorizing design processes is presented.,,1989,"Acta Polytechnica Scandinavica, Civil Engineering and Building Construction Series",,Design knowledge,design_knowledge.csv,engineering_village,full,FALSE,FALSE,TRUE,TRUE,TRUE,TRUE,advance_criteria,TRUE,"Proposes a 'prototype' schema for representing generalized design knowledge and categorizing design processes, defining a construct for design knowledge, plausibly satisfying C2/C3 but warranting full-text confirmation.","This paper presents a prototype design shell and system architecture for coupling symbolic knowledge with simulation, so it advances a computational design method rather than synthesizing or defining design knowledge."
23d63cb34b3e,"Research methods for design knowledge: clarifying definitions, characteristics, and areas of confusion",missing_pdf,"Moore, S.L. (1); Howard, C.D. (2); Boling, E. (3); Leary, H. (4); Hodges, C.B. (5)","In the field of educational technology and instructional design, research methods are emerging that aim to curate different forms of knowledge and insights beyond traditional research studies, or what Reigeluth and An (in Reigeluth and Carr-Chellman (eds) Instructional-design theories and models: Building a common knowledge base, Lawrence Erlbaum Associates, Mahwah, 2009) refer to as 'research to prove.' As a result of evolving efforts in this area, editors of research journals in the field are receiving increased submissions employing these methods but have detected some persistent confusion among authors surrounding them. This has resulted in authors submitting articles with muddled methodologies and to outlets that may not be a fit for the work an author seeks to share. It can even be unclear whether authors intentionally employed a specific design-related method prior to reporting. In this piece, we will cover four methods—instructional design cases, case studies, design-based research, and formative evaluation of designs/products—to provide clarity for both graduate students and researchers. For each of these, we will provide definitions, discuss exemplars and features of exemplars, summarize key features that should be present in such a study and its reporting, and provide guidance on front-end intentional design and planning for research studies that employ these methodologies. Additional clarity on these methods can better support scholars and emerging scholars in their roles as researchers, authors, and reviewers.",10.1007/s11423-023-10271-8,,Educational Technology Research and Development,,Design knowledge,design_knowledge.csv,engineering_village,full,FALSE,FALSE,TRUE,TRUE,FALSE,TRUE,advance_criteria,TRUE,"Explicitly clarifies definitions, characteristics, and areas of confusion around research methods for design knowledge, satisfying both synthesis and definitional criteria.","The paper is about constructing and applying a knowledge graph in cultural and creative product design, which is primarily a technical knowledge-representation/application contribution rather than an examination of design knowledge as the object of study."
a8a02df6e7cc,Research on the Six-Dimension Knowledge Classification System and Model for Modern Product Design,missing_pdf,Xuefen Ma (1); Xudong Dai (2),"Based on the features of distributed knowledge resources environment and taking knowledge mobility in modern design as its supporting goal, this essay focuses on research into knowledge classification systems and representation models of product design. It proposes a six-dimension design knowledge classification system and a cubic knowledge representation model operating in an environment of distributed resources. The six dimensions of design knowledge classification are discipline, product, resource unit, application process, expression pattern, and design domain respectively. Accordingly, the six planes of the cubic knowledge representation model are, therefore, the discipline plane, expression pattern plane, resource unit plane, product plane, application process plane, and design domain plane, clearly represent the application profiles of design knowledge in six dimensions. The six-dimension design knowledge classification system and cubic model are applied to fluid simulation implicit knowledge (expert knowledge) as a real case, and are the basis upon which an application system of fluid emulation expert knowledge service is developed. The design knowledge classification system and representation model proposed in this essay are the theoretical foundations for knowledge flow model development in modern product design and the construction of knowledge management systems for modern design platforms.",10.4028/www.scientific.net/AMR.118-120.576,,Advanced Materials Research,,Design knowledge,design_knowledge.csv,engineering_village,full,FALSE,FALSE,TRUE,TRUE,TRUE,TRUE,advance_criteria,TRUE,"Proposes a six-dimension design knowledge classification system and representation model, treating design knowledge classification as the topic of study and likely defining the dimensions.","The paper's topic is design knowledge itself and it explicitly proposes a six-dimension classification system and representation model for product design knowledge, which satisfies C2, but the abstract does not clearly provide or adapt an explicit definition of design knowledge for C3."
e6f0ef40b6ba,Research perspectives: The anatomy of a design principle,missing_pdf,"Gregor, Shirley (1); Chandra Kruse, Leona (2); Seidel, Stefan (2)","This essay derives a schema for specifying design principles for information technology-based artifacts in sociotechnical systems. Design principles are used to specify design knowledge in an accessible form, but there is wide variation and lack of precision across views regarding their formulation. This variation is a sign of important issues that should be addressed, including a lack of attention to human actors and levels of complexity as well as differing views on causality, on the nature of the mechanisms used to achieve goals, and on the need for justificatory knowledge. The new schema includes the well-recognized elements of design principles, including goals in a specific context and the mechanisms to achieve the goal. In addition, the schema allows: (1) consideration of the varying roles of the human actors involved and the utility of design principles, (2) attending to the complexity of IT-based artifacts through decomposition, (3) distinction of the types of causation (i.e., deterministic versus probabilistic), (4) a variety of mechanisms in achieving aims, and (5) the optional definition of justificatory knowledge underlying the design principles. We illustrate the utility of the proposed schema by applying it to examples of published research. © 2020, Association for Information Systems. All rights reserved.",10.17705/1jais.00649,2020,Journal of the Association for Information Systems,,Design knowledge,design_knowledge.csv,engineering_village|semantic_scholar,full,FALSE,FALSE,TRUE,TRUE,FALSE,TRUE,advance_criteria,TRUE,"Derives a schema specifying design principles by synthesizing varied prior views, treating design principles as the topic and providing its own formulation, satisfying C2 and C3.","This paper primarily proposes a deep-learning named entity recognition method for extracting aircraft-design knowledge, so it advances an algorithmic technique rather than understanding design knowledge itself."
4cce12210dba,Review and classification of knowledge in engineering design,missing_pdf,"Carro Saavedra, Cristina (1); Serrano Villodres, Teresa (1); Lindemann, Udo (1)","Understanding what types of knowledge need to be managed is essential for researchers and practitioners in order to implement knowledge management within the engineering design process. However, obtaining a fast overview from literature of the types of knowledge to consider is not an easy task. In order to identify the types of knowledge in engineering design, we conducted a literature review searching for classifications of design knowledge. We analysed the types of knowledge from the literature and summarized them in a taxonomy to classify design knowledge. The taxonomy can be used as a theoretical base for researchers and practitioners dealing with knowledge management in engineering design, in order to support the understanding of the type of knowledge to consider for their purposes. It can be also used to classify the knowledge of a company in order to match it with the situations during the design process that each of the identified knowledge types can support. © Springer Nature Singapore Pte Ltd. 2017.",10.1007/978-981-10-3521-0_53,2017,"Smart Innovation, Systems and Technologies",,Design knowledge,design_knowledge.csv,engineering_village,full,FALSE,FALSE,TRUE,TRUE,FALSE,TRUE,advance_criteria,TRUE,"Conducts a literature review of classifications of design knowledge and produces a taxonomy, satisfying C2, and defines/classifies types of design knowledge, satisfying C3.","Explicitly conducts a literature review of classifications of design knowledge and summarizes them in a taxonomy, directly satisfying C2 without clearly providing an original definition in the abstract."
1b8c995dfc43,Seven design frames that teachers use when considering technological pedagogical content knowledge (TPACK),missing_pdf,"Koh, J.H.L. (1); Ching Sing Chai (1)","Technological pedagogical content knowledge (TPACK) encapsulates teachers' pedagogical knowledge for the integration of information and communications technologies (ICT). It is created as teachers engage in collaborative talk during the design of ICT lessons. Design frames characterize teachers' design reasoning and can substantially influence teachers' TPACK considerations. Yet, this aspect of teachers' TPACK is not well understood. This study examined the design talk conducted by 27 Singapore primary teachers as they worked in teams to integrate student-centered ICT lessons into their school curriculum. Through content analysis and chi-square analyses of about 35 h of coded design talk, it was found that teachers used seven design frames and predominantly considered pedagogical content knowledge, TPACK, and design knowledge when they engaged in ICT lesson design. Teachers' consideration of pedagogical content knowledge was driven by design frames related to idea development, perception, enactment, institutional considerations, and interpersonal factors. On the other hand, teachers emphasized idea development and enactment when they considered TPACK. Teachers also had to consider the management of design processes during ICT lesson design. The implications for teacher ICT professional development are discussed. [All rights reserved Elsevier].",10.1016/j.compedu.2016.09.003,,Computers & Education,,Design knowledge,design_knowledge.csv,engineering_village,full,FALSE,FALSE,TRUE,TRUE,TRUE,TRUE,advance_criteria,TRUE,"Identifies and characterizes seven 'design frames' that capture teachers' design reasoning, categorizing forms of design knowledge and defining the construct in its context; flagged to confirm from full text.","An empirical study of teachers' design talk and TPACK framing appears to study design reasoning rather than synthesize prior design-knowledge constructs, so C2/C3 are not confirmed from the abstract and it merits full-text review."
78ea04e5eaee,Socio-technical design principles for a multi-stakeholder agriculture extension information system in Ethiopia,missing_pdf,"Atinaf, M. (1); Anteneh, S. (1); Kifle, M. (1)","Though the importance of design knowledge is becoming critical the effort to producing prescriptive knowledge in the information and communication for development domain is limited. Such knowledge addresses the requirements of local development contexts, practices, and priorities and balance the issues of generalizability and specificity through contextualizing the design principles (DPs). This research shows how such contextualized design knowledge can be produced to address the challenges presented by socio-technical contexts in the Ethiopian agriculture extension information service system. The knowledge produced is grounded on insights from kernel/reference theories and complemented with knowledge from empirical observations. The research identified six DPs to address four design requirements: (1) supporting stakeholders' networking; (2) developing information content that meets the needs of the local context; (3) improving accessibility of agricultural extension information to stakeholders; and (4) enhancing adoption and effective use of the information system. The DPs to address the above socio-technical requirements fall into principles to improve: (1) actor-to-actor networking; (2) agriculture extension information system content development; (3) the accessibility of information; (4) device accessibility; (5) accessibility of interfaces; and (6) effective use and adoption of the (AEIS).",10.1080/02681102.2023.2279309,,Information Technology for Development,,Design knowledge,design_knowledge.csv,engineering_village,full,FALSE,FALSE,TRUE,TRUE,TRUE,TRUE,advance_criteria,TRUE,"Explicitly produces contextualized design principles and discusses prescriptive design knowledge, suggesting synthesis and definitional framing; flagged for full-text confirmation of C3.","The paper appears centrally concerned with constructive design knowledge and draws on prior feminist design and ambiguity literature, but the abstract does not clearly confirm a synthesis from prior work or an explicit definition, warranting full-text review."
49abb01daaab,Software creation: Cliché as intermediate knowledge in software design,missing_pdf,"Abolhassani, Hassan (1); Chen, Hui (1); Koono, Zenya (1)","This paper reports on cliché and related mechanisms appearing in a process of human design of software. During studies on human design knowledge, the authors found frequent instance of same pattern of detailing, named cliché. In our study, cliché is an intermediate level of design knowledge, during a hierarchical detailing step, residing in between simple reuse and creation by micro design rules, which have already been reported. These three kinds of design knowledge are of various types and have different complexities. Discussions on them, focusing on cliché type, with procedures of formation of a simple cliché skeleton and generation of a cliché are given. The studies show a working model of Zipf's principle, and are some trials to reveal a more detail of human designs.",,2002,IEICE Transactions on Information and Systems,,Design knowledge,design_knowledge.csv,engineering_village,full,FALSE,FALSE,TRUE,TRUE,TRUE,TRUE,advance_criteria,TRUE,"Studies and categorizes types of human design knowledge (cliché as intermediate knowledge between reuse and micro design rules), distinguishing and defining forms of design knowledge.","The paper studies software design knowledge directly and explicitly defines 'cliché' as an intermediate level of design knowledge, but it does not synthesize or categorize such constructs from prior literature."
01276f979d0b,"Space Agency': A 'Strong Concept' for Designing Socially Interactive, Robotic Environments",missing_pdf,"Wang, Yixiao (1); Green, Keith Evan (2)","What if our surrounding built environment could understand our emotions, predict our needs, and otherwise assist us, both physically and socially? What if we could interact with private and public spaces as if these were our friends, partners, and companions — 'Space Agents'? 'Space Agents' are here defined as robotic, smart built environments designed to be perceived or interacted with as socially intelligent agents. In this paper, we consider Space Agency both as a 'Strong Concept' (a category of generative, intermediate-level design knowledge), and as a new research field of 'socially interactive smart built environment' for Social Robotics, HAI, and HCI communities. 'Space Agency' is considered with respect to previous empirical and theoretical works of HCI and Architecture and also by our own recent work on a socially adaptive wall. We conclude this paper by advancing the generalizability, novelty, and substantivity of 'Space Agency' as a Strong Concept, abstracted beyond specific design instances which designers and researchers, in turn, can use to ideate and generate new design instances of social robots. © 2021, Springer Nature Switzerland AG.",10.1007/978-3-030-90525-5_25,2021,Lecture Notes in Computer Science (including subseries Lecture Notes in Artificial Intelligence and Lecture Notes in Bioinformatics),,Design knowledge,design_knowledge.csv,engineering_village,full,FALSE,FALSE,TRUE,TRUE,TRUE,TRUE,advance_criteria,TRUE,"Explicitly treats 'Strong Concept' as a category of intermediate-level design knowledge and defines Space Agency as such a construct, plausibly satisfying C2/C3 pending full text.","The paper presents a knowledge base management system for ship painting design and studies knowledge acquisition/representation for that system, not a synthesis or definition of design knowledge from prior work."
15f1d3f0d040,Special design knowledge,missing_pdf,"Hubka, V. (1); Eder, W.E.","Special design knowledge is qualitatively different from other (including scientific) knowledge. This paper shows the relationships between the various types of experiential and scientific knowledge, and knowledge useful for design application−the specific design knowledge. There is an urgent need to review and revise forms of information to provide direct assistance to designers.",,,Seventh International Conference on Information for Designers 1988,,Design knowledge,design_knowledge.csv,engineering_village,full,FALSE,FALSE,TRUE,TRUE,TRUE,TRUE,advance_criteria,TRUE,"Explicitly distinguishes special design knowledge from scientific knowledge and relates types of knowledge, defining the construct and characterizing forms, plausibly satisfying C2 and C3.","The paper explicitly characterizes and differentiates 'special design knowledge' from other kinds of knowledge, providing an original definitional account, but the abstract does not indicate a synthesis from prior literature."
92fb23753506,Statues and progress of research on users' tacit knowledge in product design,missing_pdf,"Luo, Shi-Jian (1); Zhu, Shang-Shang (2); Ying, Fang-Tian (1); Zhang, Jin-Song (3)","Based on the investigations of relevant literatures, the concepts and relationship of user' tacit knowledge and explicit knowledge in product design were introduced. The externalization model and gyroidal model of tacit knowledge transfer were put forward. Methodologies and key technologies such as protocol analysis, ethnography, graphic thinking, Kansei engineering, image scale were discussed, and the mapping of user' tacit knowledge and design knowledge was also analyzed. Finally, according to the integrated development of product design and information technology, some highlighted research issues on user' tacit knowledge were presented and the future development trend was outlined.",,2010,"Jisuanji Jicheng Zhizao Xitong/Computer Integrated Manufacturing Systems, CIMS",,Design knowledge,design_knowledge.csv,engineering_village,full,FALSE,FALSE,TRUE,TRUE,TRUE,TRUE,advance_criteria,TRUE,"Reviews literature on tacit/explicit knowledge in product design, introduces concepts and their relationship, and discusses mapping of user tacit knowledge to design knowledge, suggesting both C2 and definitional framing.","The paper treats design research processes as its topic and categorizes a multi-grounded approach from prior concerns and grounding types, but the abstract does not clearly state an explicit definition of a design-knowledge construct."
7f559689c730,Strong Technology-Enhanced Learning Concepts,missing_pdf,"Prieto, L.P. (1); Alavi, H. (2); Verma, H. (3)","Although not unheard of, there is a scarcity of intermediate-level concepts (not as generalizable as theories, but with an applicability wider than a single technology or intervention) in technology-enhanced learning (TEL) research. In this paper we propose ‘strong TEL concepts’, as intermediate-level bodies of design knowledge that are both grounded in research evidence from multiple technologies and contexts, and have clear theoretical connections. We describe the main features of this kind of concepts, along with a practical method for developing them as valuable research contributions. We also propose ‘purposeful disengagement’ as an example of strong TEL concept, to ignite the dialogue in our community about the necessity and benefits of this kind of knowledge to support both TEL design and theory advancement.",10.1007/978-3-319-66610-5_42,,"Data Driven Approaches in Digital Education. 12th European Conference on Technology Enhanced Learning, EC-TEL 2017. Proceedings: LNCS 10474",,Design knowledge,design_knowledge.csv,engineering_village,full,FALSE,FALSE,TRUE,TRUE,FALSE,TRUE,advance_criteria,TRUE,"Proposes and defines 'strong TEL concepts' as intermediate-level bodies of design knowledge grounded in multiple studies, both synthesizing constructs and providing an original definition.","The paper proposes and characterizes 'strong TEL concepts' as intermediate-level bodies of design knowledge grounded in prior research across contexts, thereby defining the construct and outlining a method for developing it from evidence."
c55894a018e8,The Relevance of Design Features: From Abstract Knowledge to Practical Implementation,missing_pdf,"Strohmann, T. (1); Khosrawi-Rad, B. (2)","Design Science Research (DSR) aims to create rigorous, innovative artifacts and produce actionable design knowledge, but translating high-level prescriptions like design principles into tangible implementations remains challenging. We position design features as mid-level constructs that operationalize abstract guidance into concrete functionalities. Drawing on a systematic review of 34 DSR studies contributing 233 design features, we show how inconsistent characterizations complicate their reuse. To address this gap, we propose a two-dimensional framework across six artifact layers and three levels of abstraction, clarifying how design features link theoretical prescriptions to real-world instantiations while retaining flexibility. Building on these insights, we offer guidelines for formulating design features to enhance traceability, foster reusability, and support iterative refinement. We then illustrate their application in one case. By systematically documenting design features with clarity and precision, DSR scholars can more effectively bridge abstract knowledge and practical development, ultimately strengthening the rigor and impact of DSR.",10.1007/978-3-031-93976-1_8,,"Local Solutions for Global Challenges: 20th International Conference on Design Science Research in Information Systems and Technology, DESRIST 2025. Lecture Notes in Computer Science (15703)",,Design knowledge,design_knowledge.csv,engineering_village,full,FALSE,FALSE,TRUE,TRUE,FALSE,TRUE,advance_criteria,TRUE,"Systematically reviews 34 DSR studies and proposes design features as mid-level constructs with its own framework/definition, satisfying both C2 and C3.","Although it includes a systematic literature review, the topic is classification of digital games rather than synthesis or definition of design knowledge constructs such as principles, heuristics, methods, or rationale."
a325f90a8913,The design ontology: foundation for the design knowledge exchange and management,missing_pdf,"Štorga, M. (1); Andreasen, M.M. (2); Marjanović, D. (1)","The article presents the research of the nature, building and practical role of a Design Ontology as a potential framework for the more efficient product development (PD) data-, information- and knowledge- description, -explanation, -understanding and -reusing. In the methodology for development of the ontology two steps could be identified: empirical research and computer implementation. Empirical research has included domain documentation analysis (Genetic Design Model System developed by Mortensen 1999), identification of the key concepts and relations between them, and categorisation of the concepts and relations into taxonomies. As an epistemological foundation for the concepts formalisation, The Suggested Upper Merged Ontology (SUMO) proposed by IEEE, was reused. As the result of the previously described process, the ontology content has been categorised into six main subcategories divided between physical and abstract world. As a next step the computer thesaurus has been created. Using the thesauri, the knowledge evolved during the PD has been described, and the set of the created concepts and relations instances has been used for the ontology model consistency checking and refinement. The Design Ontology was evaluated through test product examples and based on this evaluation and proposed implementation framework further research steps are proposed.",10.1080/09544820802322557,,Journal of Engineering Design,,Design knowledge,design_knowledge.csv,engineering_village,full,FALSE,FALSE,TRUE,TRUE,TRUE,TRUE,advance_criteria,TRUE,"Develops a design ontology framework via empirical research identifying key concepts and relations, treating design knowledge description as the object of study and defining concepts.",This appears to be an editorial introduction to a special issue summarizing submissions and topic areas rather than a paper that itself synthesizes or defines design-knowledge constructs from prior literature.
ae257f9a6d4d,The object-oriented design knowledge,missing_pdf,"Garzás, Javier (1); Piattini, Mario (2)","In order to establish itself as a branch of engineering, a profession must understand its accumulated knowledge. In this regard, software engineering has advanced greatly in recent years, but it still suffers from the lack of a structured classification of its knowledge. In this sense, in the field of object-oriented micro-architectural design designers have accumulated a large body of knowledge and it is still have not organized or unified. Therefore, items such as design patterns are the most popular example of accumulated knowledge, but other elements of knowledge exist such as principles, heuristics, best practices, bad smells, refactorings, and so on, which are not clearly differentiated; indeed, many are synonymous and others are just vague concepts. © 2007, Idea Group Inc.",10.4018/978-1-59140-896-3.ch001,2006,"Object-Oriented Design Knowledge: Principles, Heuristics and Best Practices",,Design knowledge,design_knowledge.csv,engineering_village,full,FALSE,FALSE,TRUE,TRUE,TRUE,TRUE,advance_criteria,TRUE,"Aims to organize and classify the accumulated body of OO design knowledge including patterns and principles, satisfying C2 and likely defining the constructs for C3.","The paper proposes a reusable rationale schema and explicitly defines an RRB in the abstract, satisfying C3, but it does not synthesize or categorize design-knowledge constructs from prior literature."
a140a90ce7b9,The object-oriented design knowledge ontology,missing_pdf,"Garzás, Javier (1); Piattini, Mario (2)","It has been a long time since the object-oriented (OO) paradigm appeared. From that moment, designers have accumulated much knowledge in design and construction of OO systems. Patterns are the most refined OO design knowledge. However, there are many others kinds of knowledge than are not yet classified and formalized. Therefore, we feel it necessary to define ontology in order to structure and unify such knowledge; a good understanding of practical experience is crucial to software engineers. Therefore, this chapter proposes an ontology for object-oriented design knowledge. © 2007, Idea Group Inc.",10.4018/978-1-59140-896-3.ch002,2006,"Object-Oriented Design Knowledge: Principles, Heuristics and Best Practices",,Design knowledge,design_knowledge.csv,engineering_village,full,FALSE,FALSE,TRUE,TRUE,TRUE,TRUE,advance_criteria,TRUE,"Proposes an ontology to structure, classify, and formalize object-oriented design knowledge from prior work, satisfying C2 and plausibly defining the construct for C3.","The paper treats object-oriented design knowledge as its topic and explicitly proposes an ontology to structure, unify, and formalize previously unclassified kinds of knowledge, which supports both synthesis/categorization and an explicit definitional framework."
86c052a239d1,Towards a formal definition of design and its possible applications,missing_pdf,"Ralph, Paul (1); Wand, Yair (1)","Studying and developing design practices and sharing design knowledge are of particular significance for systems development. Creating cumulative design knowledge requires that the subject of study - namely the concept of design in general - be well-defined. The literature usually assumes (implicitly) that 'design,' as a concept, is well-understoodwell understood. However, no generally-accepted, precise and useful definition of design is yet available. In this paper we describe work intended to develop a general definition of design. To develop the definition we conducted a survey of definitions of design in the literature. The definitions all referred to some aspects of design, but often suffered from ambiguity or from incomplete coverage of design phenomena. Moreover, while some common aspects of design seem to emerge from the surveyed definitions, lack of agreement on other aspects was also observed. Combining the aspects gleaned from these definitions, we propose a new definition of the concept of design. The definition is comprised of six elements. The proposed definition can be used for to supporting sharing of design knowledge and for informing research about design and design science.",,2007,DESRIST 2007 Conference Proceedings - 2nd International Conference on Design Science Research in Information Systems and Technology,,Design knowledge,design_knowledge.csv,engineering_village,full,FALSE,FALSE,TRUE,TRUE,FALSE,TRUE,advance_criteria,TRUE,"Surveys existing definitions of design to develop a general definition of the concept, synthesizing prior literature (C2) and providing its own definition (C3).","The paper surveys prior definitions of design in order to develop a general definition, so it both synthesizes definitional literature and explicitly provides a definition of design."
6391dee944e6,Understanding What Design Research Is and Is NOT,missing_pdf,"Gibson, Michael R. (1); Owens, Keith M. (1)","This chapter distinguishes legitimate design research from superficial inquiry, building on Cross’s definition as the 'development, articulation, and communication of design knowledge.' We critique 'swimming in the shallow end'—superficial approaches like basic interviews that generate only situational knowledge without systematic inquiry or hypothesis testing. We challenge 'faux design research' that misapplies scientific methods, creating false validity impressions while failing to assess improved sense-making or usability. Authentic design research employs methodologies like 'failure analysis' (examining the evolution of World War II prototypes and Ukrainian drone development are provided as examples) and 'research through design' that positions entire design processes as research enterprises. We argue that design research must prioritize practical relevance over traditional scientific validity, requiring evidence-based rationales, hypothesis testing, and systematic methodologies that advance theoretical understanding and practical application. © 2026 selection and editorial matter, Michael R. Gibson and Keith M. Owens; individual chapters, the contributors. All rights reserved.",10.4324/9781003489108-4,2026,Navigating the Landscapes of Design Research: Finding your way,,Design knowledge,design_knowledge.csv,engineering_village,full,FALSE,FALSE,TRUE,TRUE,FALSE,TRUE,advance_criteria,TRUE,"Distinguishes and defines design research building explicitly on Cross's definition of design knowledge, synthesizing and adapting constructs as the topic of study, satisfying C2 and C3.","The chapter appears to articulate and refine what counts as design research by building on Cross’s definition, so C3 is indicated, but the abstract does not clearly show a synthesis or categorization from prior literature needed to confirm C2."
31314745e651,Using Schema Theory to Construct the Designer's Knowledge Framework,missing_pdf,"Guo, S. (1)","Design knowledge is often categorized as tacit knowledge, but it is not randomly scattered within the designer's mind. Schema is used to capture the designer's knowledge, representing the structure of knowledge. This study explores the formation and use of design knowledge among designers through in-depth interviews, analysis of precedent works, and design task testing, outlining the structure of design knowledge frameworks. The research reveals that design knowledge is stored in the form of conceptual schema at different levels. The classification of conceptual schema is closely intertwined with the design process and outcomes. The structural framework of conceptual schema plays a crucial role in the retrieval of design knowledge, with different types of conceptual schemas able to retrieve different knowledge.",10.1007/978-3-031-61932-8_4,,"HCI International 2024 Posters: 26th International Conference on Human-Computer Interaction, HCII 2024, Proceedings. Communications in Computer and Information Science (2114)",,Design knowledge,design_knowledge.csv,engineering_village,full,FALSE,FALSE,TRUE,TRUE,TRUE,TRUE,advance_criteria,TRUE,"Explicitly studies the structure of design knowledge using schema theory, categorizing forms of design knowledge and defining it as conceptual schema, satisfying C2 and likely C3.","The paper directly studies designers' knowledge frameworks and schema structure, but from the abstract alone it is unclear whether it explicitly synthesizes prior literature or provides a clear adapted/original definition, warranting full-text review."
c058d036363a,What designers know,missing_pdf,B. Lawson,"Preface, 1- Uncovering design knowledge, 2- Why might design knowledge be special?3- Sources and types of knowledge, 4- Drawings and types of design knowledge, 5- Manipulating design knowledge embedded in drawings, 6- Exchanging design knowledge with computers Non-verbal communication. 7- Design Conversations, 8- Theoretical and experiential knowledge in design, 9- Expert Knowledge in Design",,2018,The Design Student’s Journey,https://www.semanticscholar.org/paper/c1f0c8baf4f3c8cddaae36f4100ec07bdde0e693,Design knowledge,design_knowledge.csv,semantic_scholar,full,FALSE,FALSE,TRUE,TRUE,TRUE,TRUE,advance_criteria,TRUE,"Book on what designers know that examines sources, types, and forms of design knowledge and expert knowledge, satisfying C2 and likely defining design knowledge; flagged for full-text confirmation of C3.","The title and chapter-like abstract strongly suggest design knowledge is the topic, but from the provided metadata alone it is unclear whether this is an archival research/synthesis work and whether it explicitly synthesizes or defines design knowledge, so full text is needed."
49c09c48cbf2,A conceptual framework of autonomous and automated agents,missing_pdf,"Kaber, D.B. (1)","Recent human-automation interaction research has confused concepts of automation and autonomy and has critiqued theories of automation in human-systems in terms of aspects of autonomy. This situation has led to inappropriate expectation for design and misdirected criticism of design methods. The situation is not new and has origins in historical human factors research. I differentiate the concepts of automation and autonomy with a new framework of agents. The framework is complemented by observations on characteristics of automated vs. autonomous systems, identification of error and failure modes, and formulation of a matrix of design constraints dictating possible applications of each type of agent. Discussion is provided on levels of automation, which have also been criticized in the literature, along with coverage of types of autonomy. A definition of autonomy is mutated throughout the paper to a form with utility for engineering. In general, demands of automated agents on the human-task-environment system should be absent from design of autonomous agents and design of automated systems is always automation-centric despite best efforts at human-centred approaches. Key requirements of design for autonomy include: agent viability in a target context, agent self-governance in goal formulation and fulfilment of roles, and independence in defined tasks performance.",10.1080/1463922X.2017.1363314,,Theoretical Issues in Ergonomics Science,,Design methods,design_methods.csv,engineering_village,full,FALSE,FALSE,TRUE,TRUE,TRUE,TRUE,advance_criteria,TRUE,"Differentiates and defines concepts of automation vs autonomy with a new framework drawn from prior research, plausibly satisfying C2 and offering original definitions; flagged for full-text confirmation.",This paper applies Gestalt principles to interface design cases rather than synthesizing or defining design knowledge constructs from prior literature.
ff329c2a7548,ARCTIC DESIGN: EXPERIENCE IN INTERDISCIPLINARY SHAPING OF THE SUBJECT AREA,missing_pdf,Svetlana Kravchuk; N. Korgin; Vladimir A. Sergeev,"The article presents the results of an interdisciplinary study aimed at the methodological conceptualization and disciplinary definition of Arctic design as an independent field of design practice. The relevance of this work is driven by the intensive development of northern regions, where traditional design methods conceived for temperate climates prove ineffective. Based on an extensive analysis of Russian and English text corpora, the study identifies and characterizes three regional approaches: the Russian approach, focusing on industrial design and indigenous experience; the Finnish approach, oriented towards art practices, service design, and sustainability; and the Canadian approach, specializing in architecture, urbanism, and the design of urban environments for long winter conditions. To identify key success criteria for Arctic projects, a forty-year sample of student projects (equipment, housing, transport) developed within the Ural School of Design was analyzed. Using complex evaluation methods that combine a human-centered approach with mathematical modeling, the study pinpointed relevance and technology as the primary drivers of success. The analysis also revealed a “mathematical paradox of Arctic design,” showing that projects with medium scores across all criteria receive a higher overall rating than projects with contrasting (high and low) scores. These key criteria were united by the concept of “local adequacy,” which led to a new definition: Arctic design is an activity focused on organizing autonomous life support in extreme environments by creating products and technologies that maintain minimal adequacy to both the environment and the user. The research findings lay the groundwork for training a new type of designers capable of recognizing and creatively utilizing the geographical, climatic, and cultural characteristics of the territory.",,2025,HSE University Journal of Art &amp; Design,https://www.semanticscholar.org/paper/00f2942a3cd4073eec6e1d215eab77b06c068206,Design methods,design_methods.csv,semantic_scholar,full,FALSE,FALSE,TRUE,TRUE,TRUE,TRUE,advance_criteria,TRUE,"Interdisciplinary study that conceptualizes and disciplinarily defines Arctic design, synthesizing regional approaches from text corpora and offering a definitional framework, satisfying C2 and plausibly C3.","This is an empirical study on designing immersive AR food experiences through participatory co-creation, not a synthesis or definitional study of design knowledge or related constructs."
27b32c0d515d,Advancing service design research with design science research,missing_pdf,J. Teixeira; L. Patrício; T. Tuunanen,"Service design is a multidisciplinary approach that is key to service innovation, as it brings new service ideas to life. In this context, the development of new service design methods and models for creating new service futures is an important stream of service design research. Such developments can benefit from a systematized research methodology that builds on existing knowledge and robustly evaluates the suitability of research contributions. To address this challenge, the purpose of this paper is to present design science research (DSR), an established methodology from the information systems field, and examine how it can be useful for service design research by supporting the development of new artifacts, such as service design constructs, methods and models.,This paper presents DSR and related literature and shows how DSR can support service design research through a step-by-step approach. A methodology to develop prescriptive-driven solutions for classes of problems, DSR can support service design research in developing rigorous and relevant research. One illustrative example of a service design research effort using the DSR approach is presented.,Building on DSR’s robust methodological background, this paper discusses how DSR can support service design research, namely, through the development of new methods and models, and how DSR can be adapted to leverage service design research participatory, iterative, human-centric and creative approach.,This paper provides an overview of DSR and proposes it as a methodology to conduct service design research, offering step-by-step guidance on the application of DSR in service design research and discussing how it can be adapted according to the specific characteristics of service design research and drive future research.",,2019,,https://www.semanticscholar.org/paper/f49d404b4031df752c7cb95c7b140dceff637616,Design methods,design_methods.csv,semantic_scholar,full,FALSE,FALSE,TRUE,TRUE,TRUE,TRUE,advance_criteria,TRUE,"Presents and adapts design science research methodology for service design research, potentially synthesizing and defining methods/constructs; flagged to confirm in full text.","The abstract presents design science research as a methodology for advancing service design research and may adapt or define methodological constructs, but it does not clearly confirm a synthesis or explicit definition of design knowledge from title and abstract alone."
9fbb38d67689,Analysis of methods of creating new technical systems,missing_pdf,R. Zinko; T. Kruts; Andriy P. Polyakov,"The creation of new technical systems takes place on the basis of design methods that take into account the psychological processes of human thinking (the main actions of division, union, comparison and permutation can be considered among them. Other actions are their derivatives), as well as the laws of the development of technical systems. The definition of these processes is given. The proposed classification of design (invention) methods, which may change depending on the selected criterion. According to the sign of generality, methods of invention can be divided into general, general and partial methods of invention. Universal methods of invention relate to the widest possible range of issues and are included among the strategic means of solving inventive tasks. General methods of invention are used to solve a wide range of inventive tasks in various fields of technology. Such methods include the methods of heuristic analogy, heuristic combination, heuristic inversion, etc. Partial methods of invention include methods designed to solve special inventive tasks or tasks in a defined, as a rule, narrow field of technology. They include, for example, the method of converting reciprocating motion into rotary motion, the remote hybridization method, the compounding method, etc. The process of creating new technical systems is generally divided into three phases (stages), which are called differently: 1) divergence, analysis, collection, accumulation of knowledge; 2) transformation, synthesis, maturation, incubation - ends with enlightenment; 3) convergence, assessment, control, verification. The stages of design are described from the point of view of the formation of the necessary direction of improvement of technical systems and the further formation of a rational structure using the mechanism of joint disjunction.",,2023,Journal of Mechanical Engineering and Transport,https://www.semanticscholar.org/paper/cf5c6ebb3656965e5eb2a4543c370e0a41f32df1,Design methods,design_methods.csv,semantic_scholar,full,FALSE,FALSE,TRUE,TRUE,TRUE,TRUE,advance_criteria,TRUE,"Proposes a classification of design/invention methods and gives definitions of underlying processes, plausibly synthesizing and defining design-knowledge constructs.","The abstract explicitly gives definitions of relevant psychological processes and proposes a classification of invention/design methods, indicating both synthesis/categorization of method knowledge and definitional treatment of the construct."
8ade38cacb53,Architectural Design Method of Architectural Engineering,missing_pdf,Jingtang He; K. Xiang,": After clearly defining the basic concept and category of architectural engineering and architectural design, this paper proposes basic requirements, and principles and mastery methods of design concept of architectural design, and describes dialectical thinking, system thinking and creative thinking method required in architectural design. To set up systematic architectural design methods, this paper explains the focus and require-ments of the four stages of the architectural design: conceptual design, preliminary design, detailed design, and construction. Taking the China Pavilion at Expo 2010 Shanghai as an example, this paper analyzes design methods to solve the different problems in different design stages.",,2016,JOURNAL OF ENGINEERING STUDIES,https://www.semanticscholar.org/paper/b60bd5a5811c98785d060b818ae48da7474ea5e7,Design methods,design_methods.csv,semantic_scholar,full,FALSE,FALSE,TRUE,TRUE,TRUE,TRUE,advance_criteria,TRUE,"Defines concepts of architectural design and proposes principles, methods, and design stages, plausibly satisfying C2 and C3; flagged to confirm in full text.","The abstract discusses concepts, principles, and methods of architectural design and stages of the process, but it is unclear from the abstract alone whether these are synthesized from prior literature or originally defined, so full text is needed."
4934044e5959,Constraint management for concept ideation in conceptual design,missing_pdf,"Liu, Ang (1); Wang, Yuchen (1); Teo, Ivan (1); Lu, Stephen (2)","Constraint plays a critical role in swaying the direction of concept ideation in conceptual design. Design constraints should be differentiated from design objectives because they play different roles in influencing ideation. Constraint management is a very challenging task in conceptual design because they are mostly abstract, subjective, and dynamic. This paper focuses on constraint management for the sake of concept ideation. In this work, design constraints are modeled as the initial and boundary conditions of concept ideation. A new classification scheme is proposed to classify various design constraints into four categories: input internal constraint, system internal constraint, input external constraint, and system external constraint. A new concept ideation process is prescribed to generate more constraint-compliant concepts, through biologically inspired design. Some existing design methods, such as Domain Structure Matrix and Concept Map, are incorporated into the proposed process. A case study is presented to showcase how to follow the proposed method to redesign a robotic vacuum cleaner to make it more compliant with stricter design constraints. © 2018 CIRP",10.1016/j.cirpj.2018.11.006,2019,CIRP Journal of Manufacturing Science and Technology,,Design methods,design_methods.csv,engineering_village|semantic_scholar,full,FALSE,FALSE,TRUE,TRUE,TRUE,TRUE,advance_criteria,TRUE,"Studies design constraints in conceptual design, proposes a new classification scheme and differentiates/defines constraints versus objectives, plausibly satisfying C2 and C3.","The paper appears centrally concerned with conceptual design constraints and proposes a classification scheme for constraints, but the abstract truncation does not let us confirm whether this is a synthesis from prior work or an original definitional treatment, so full text is needed."
66218ff443f6,Deliberated Evolution: Stalking the View Matcher in Design Space,missing_pdf,John Millar Carroll; M. Rosson,"Technology development in HCI can be interpreted as a co-evolution of tasks and artifacts. The tasks people actually engage in (successfully or problematically) and those they wish to engage in (or perhaps merely to imagine) define requirements for future technology, and specifically for new HCI artifacts. These artifacts, in turn, open up new possibilities for human tasks, new ways to do familiar things, entirely new kinds of things to do. In this paper we describe psychological design rationale as an approach to augmenting HCI technology development and to clarifying the sense in which HCI artifacts embody psychological theory. A psychological design rationale is an enumeration of the psychological claims embodied by an artifact for the situations in which it is used. As an example, we present our design work with the View Matcher, a Smalltalk programming environment for coordinating multiple views of an example application. In particular, we show how psychological design rationale was used to develop a view matcher for code reuse from prior design rationales for related programming tasks and environments. 1. TASKS AND ARTIFACTS In 1605, Sir Francis Bacon called for a “natural history of trades.” He urged that technical tools, techniques and processes be made more public and explicit. This was one element in his broader project of developing practical science, and hinged on the assumption that if such knowledge could be more systematically considered and integrated, human progress would necessarily result. Thus, Bacon suggested that new concepts and inventions would result “by a connexion and transferring of the observations of one Arte, to the use of another, when the experiences of several misteries shall fall under the consideration of one man’s minde.” (1970: Book 2, p. 10) Half a century later, when the Royal Society of London and the French Académie des Sciences were established, Bacon’s proposal was high on their agendas. However, the Royal Society quietly but promptly abandoned the project. And the Académie pursued it rather haltingly over the next century, culminating in the publication of Diderot’s Encyclopédie ou dictionaire raissoné des science, des artes, et des métiers. Though Diderot’s objectives were explicitly those Bacon had originally articulated, the final product of the Encyclopédie substantially lagged the leading edge of technology and its directive impacts on technological evolution were relatively minor. In this paper we are disciples of Bacon in an approach to HCI that we call “deliberated evolution”: we want to integrate understanding systems and building systems within a single framework of research-development. Our focus is on the psychological import of HCI artifacts (workstation hardware, operating systems, application programs, user interface displays and devices, and so forth). We are exploring the directive role that psychological design rationales of HCI artifacts can play in design work. In Bacon’s terms, our interest is in the connection and transferring of one design to a use in another design by means of explicit design rationale and systematic design methods. There are many reasons why Bacon’s original proposal failed to effectively guide seventeenth-century technology evolution (Ferguson, 1977). One factor is that it just took 1 Current address: Center for Human-Computer Interaction, 660 McBryde Hall, Virginia Tech, Blacksburg,",,1996,Hum. Comput. Interact.,https://www.semanticscholar.org/paper/7396740affd17f5cc3db5d1a68c15af8c79cb17e,Design methods,design_methods.csv,semantic_scholar,full,FALSE,FALSE,TRUE,TRUE,TRUE,TRUE,advance_criteria,TRUE,"Presents psychological design rationale as an approach within design space, treating design rationale as a construct and offering its own framing, satisfying C2 and plausibly C3; flagged for full-text confirmation.","The paper appears centrally concerned with psychological design rationale in HCI and may define or adapt a design-knowledge construct, but the truncated abstract is insufficient to confirm C2 or C3 without full text."
a89a42a794f9,Design Methodology,missing_pdf,"Lutters, Eric (1)","In order to adequately address the definition of 'design methodology,' the relation with a number of other definitions is important. From generic to more specific, these definitions are: Design model: A simplified and abstract view of the development process. Design methodology: The way in which design methods are used in the context of the organi-zation, the project, the product, all stake-holders, and all other aspects that influence the development cycle. Design method: A model that employs a series of steps to prescribe the development process. Design tool: An instrument that enables performing a certain process within the overall development process. These definitions are indeed subjective, and many variants can be found in literature. There is no unequivocal and generally accepted definition of 'design methodology' available. © CIRP 2014, 2019.",,2019,CIRP Encyclopedia of Production Engineering,,Design methods,design_methods.csv,engineering_village,full,FALSE,FALSE,TRUE,TRUE,TRUE,TRUE,advance_criteria,TRUE,"Explicitly defines design methodology, design model, design method, and design tool as a definitional framework, satisfying C2 and C3.","The abstract explicitly defines design methodology and related constructs such as design model, design method, and design tool, satisfying C3, but it does not clearly synthesize these constructs from prior literature in the abstract."
b841f16ac5b3,Design methods for real time software,missing_pdf,K. Jackson,"A definition of the term 'design' and its application to real time software, is given. A group of well known software design methods are analysed, including: Yourdon, SSADM, CORE, JSD, HOOD, MASCOT3. The author concludes that most design methods ignore architectural design, attempt to bypass it, or have just a single form of it. MASCOT and HOOD are the only two which address architectural design directly. Of these, HOOD provides only a limited subset of MASCOT. MASCOT itself has potential for enhancement to enable it to cope with the very largest of embedded real time systems.<>",,1990,,,Design methods,design_methods.csv,ieee|semantic_scholar,full,FALSE,FALSE,TRUE,TRUE,FALSE,TRUE,advance_criteria,TRUE,"Defines the term 'design' and analyzes/compares a set of named software design methods, treating design methods as the topic of study and providing a definition.","This appears to discuss a user interface design methodology and its implications for systems design methods, with design methods as the topic, but the abstract only summarizes ongoing study findings and does not clearly show synthesis or explicit definitions."
da4f2e110bcf,Design theory: Methods and organization for innovation,missing_pdf,"Le Masson, Pascal (1); Weil, Benoit (1); Hatchuel, Armand (1)","This textbook presents the core of recent advances in design theory and its implications for design methods and design organization. Providing a unified perspective on different design methods and approaches, from the most classic (systematic design) to the most advanced (C-K theory), it offers a unique and integrated presentation of traditional and contemporary theories in the field. Examining the principles of each theory, this guide utilizes numerous real life industrial applications, with clear links to engineering design, industrial design, management, economics, psychology and creativity. Containing a section of exams with detailed answers, it is useful for courses in design theory, engineering design and advanced innovation management. 'Students and professors, practitioners and researchers in diverse disciplines, interested in design, will find in this book a rich and vital source for studying fundamental design methods and tools as well as the most advanced design theories that work in practice'. Professor Yoram Reich, Tel Aviv University, Editor-in-Chief, Research In Engineering Design. 'Twenty years of research in design theory and engineering have shown that training in creative design is indeed possible and offers remarkably operational methods - this book is indispensable for all leaders and practitioners who wish to strengthen theinnovation capacity of their company.' Pascal Daloz, Executive Vice President, Dassault Systèmes © Springer International Publishing AG 2017. All Rights Reserved.",10.1007/978-3-319-50277-9,2017,Design Theory: Methods and Organization for Innovation,,Design methods,design_methods.csv,engineering_village|semantic_scholar,full,FALSE,FALSE,TRUE,TRUE,FALSE,TRUE,advance_criteria,TRUE,"Textbook synthesizing and unifying multiple design theories and methods (systematic design to C-K theory), examining principles of each, satisfying C2 and likely C3 definitional framing.","The contribution is a test-pattern generation technique for integrated circuits, with 'design methods' only incidental background language rather than the object of study."
65fad5fc22ab,Discovery of Two Latent Loops of Designer-User Interaction in the Design Process,missing_pdf,"Park, Jaehyun (1); Boland, Richard (2)","In this paper, we explore patterns of interaction between designers and users in the design process and synthesize an expanded design vocabulary, which identifies two latent learning loops based on Bourdieu’s theory of practice. To address this, this study conducted three stages of progressively deeper qualitative research on designer-user interaction: (Stage 1) field studies of seven user centered design projects; (Stage 2) interviews with 35 designers collecting 59 project narratives of direct user interaction during a design project; and (Stage 3) interviews with 20 additional designers collecting 40 additional project narratives of co-creation with users in the design process. Our findings include proposing a theoretical framework to understand users’ roles in existing design methods, and this model demonstrates how designers could explicitly communicate with users at three learning levels: bringing users into design, interacting with users, and co-creating with users in the design process.",,2018,ICIS 2017: Transforming Society with Digital Innovation,,Design methods,design_methods.csv,engineering_village,full,FALSE,FALSE,TRUE,TRUE,TRUE,TRUE,advance_criteria,TRUE,"Synthesizes an expanded design vocabulary and identifies latent learning loops in designer-user interaction grounded in theory, satisfying C2 and plausibly C3; flagged to confirm definitional contribution.","The contribution is topology optimization of bridge structures for flexure mechanisms, an engineering optimization method rather than a synthesis or definition of design knowledge."
03ce61847eb3,Emotion Semantics Construction in Industrial Product Application,missing_pdf,Wenhao Jiang,"The theory of emotion semantics constitution put forward in this study aims to explore on how to convey emotions in product design. First, the development of emotion expression methods is reviewed, to point out the trend from physiological aspect to psychological activities and bring up a double-layer research framework composed of expression communication and sensory reception. The study has made a profound discussion on how to convey emotions in product design with sensory elements such as vision, hearing and touch, and to rouse the users’ emotional resonance with multiple elements in product design. On theoretical level, this study has discussed how to construct visual symbols and apply concepts such as “emotional bionics” and product semantics, so as to optimize the function of sensory elements in regulating emotions by combining morphological aesthetics and semantic representations. In terms of practice, this study puts forward the visual modelling construction theory for “allomorphic” product, corresponds visual symbols such as product modelling, color design and material with emotional conveyance semantics, and highlights the users’ unique emotional experience facilitated by art and sensory experience, so that the viewers can be greatly impressed by the product. The study also emphasizes the key role of design in promoting emotional resonance and sensory experience, and brings forward a series of design methods and technological innovation including emotion analysis, multimedia interaction, multi-element integration, introduction of cultural symbols and the incorporation of knowledge of applied psychology and physiology, aiming at enhancing positive interaction in the users’ emotion and psychology via a full range of sensory stimulation.",,2024,Spectrum of Art,https://www.semanticscholar.org/paper/6f02f16a16473889b3ceea6c87a753d0886a0bc5,Design methods,design_methods.csv,semantic_scholar,full,FALSE,FALSE,TRUE,TRUE,TRUE,TRUE,advance_criteria,TRUE,"Reviews emotion expression methods and puts forward an emotion semantics theory/framework for product design, suggesting synthesis and original definition; flagged to confirm.","The paper reviews prior emotion-expression methods in product design, develops a research framework, and explicitly states a theory of emotion semantics constitution, satisfying both synthesis and definitional criteria."
c825a5e5ab08,Functional design framework for innovative design thinking in product development,missing_pdf,Ang Liu; S. Lu,"Abstract Functional design means the process of formulating a unique design problem by mapping a set of customer needs to a set of functional requirements. In the context of product development, functional design is one of the most challenging but rewarding design activities. On the one hand, designers must extract useful information from a large amount of diversified, unstructured, and even inconsistent customer voices. On the other hand, designers must formulate a set of functional requirements that are inherently intangible, solution-neutral, and arguably subjective. Functional design exerts great impacts on the formation of innovative design thinking. It is especially difficult for novice designers who are naturally inclined to rapidly dive into the solution space with little exploration of the problem space. This paper presents a systematic functional design framework to guide novice designers, through a step-by-step process, to sequentially investigate the customer domain, explore the functional domain, and manage design couplings between customer needs and functional requirements. A collection of existing design methods is incorporated, in an adaptive manner, into the framework to facilitate the execution of each step. To date, the proposed framework has been iteratively taught, practiced, and refined based on two engineering design courses since 2013.",,2020,,https://www.semanticscholar.org/paper/1af6479afed41181f7b7d7c315f80b691cb038f1,Design methods,design_methods.csv,semantic_scholar,full,FALSE,FALSE,TRUE,TRUE,TRUE,TRUE,advance_criteria,TRUE,"Proposes a functional design framework and defines functional design as a construct, plausibly satisfying C2/C3; flagged to confirm synthesis and definition in full text.","The abstract explicitly defines functional design in the product development context, satisfying C3, but it is unclear from the truncated abstract whether the paper synthesizes or categorizes design knowledge from prior literature, so it should be checked in full text."
991b603c9750,Movement-based design methods: A typology for designers,missing_pdf,"Andersen, Rasmus Vestergaard (1); Lekbo, Søren (1); Hansen, René Engelhardt (1); Elbæk, Lars (1)","The perspective that the human body is not only an object in the world, but a lived body with feelings and sensations that creates meaning in interaction with the world is emerging in interaction design. Utilising movement as a part of the design process is a new discipline in the field of design. Movement-based design methods (MbDM's) are techniques, procedures or tools that contain movement to stimulate experience, understanding, or creativity within the design process. MbDM can be situated, enacted, context specific or, but not limited to, the use of somaesthetics to gain insights in designing services and products. Although differences exist between these movement-based approaches, they share the commonality of conceptualising physical movement as a material in the design process. Utilising MbDM in a design process can be a daunting task, and with no existing overview of MbDM the development of a practical tool which provides an overview of existing MbDM's and supports the planning of design activities. The aim of this paper is to present a typology of movement-based design methods to be used as a practical tool for designers and facilitators. Through an overarching constructive design research approach, we first did a search in literature and identified seven articles and 23 MbDM. With a phenomenological hermeneutic analysis and critical discussion, we created a typology for mapping identified MbDMs. The 'movement-based design method'-typology consists of two dimensions: 1) seven submediums that stimulate, form or catalyse movement and 2) the type of design stage for which the movement will gain insights. By displaying the 23 identified MbDMs in the typology, a structured overview gives a practical tool for design professionals, practitioners, and educators to plan a design process with movement. By using the typology as a guide, the designer gets an overview of available methods in different mediums and design stages. © ECGBL 2020.All right reserved.",10.34190/GBL.20.082,2020,"Proceedings of the 14th International Conference on Game Based Learning, ECGBL 2020",,Design methods,design_methods.csv,engineering_village|semantic_scholar,full,FALSE,FALSE,TRUE,TRUE,TRUE,TRUE,advance_criteria,TRUE,"Develops a typology of movement-based design methods and defines what they are, satisfying C2 and C3 around design methods as the topic.","The paper introduces a technical design method for an optical baffle system, with design used in the engineering sense rather than as the object of design-knowledge study."
721f009574ce,On integration of interface design methods: Can debates be resolved?,missing_pdf,Y. Lin; W. J. Zhang; R. J. Koubek; R. R. Mourant,"There have been many debates on how to design the human–computer interface (HCI). Often, one can find that different views in a debate are simply because these views are attached to different aspects which embody the same thing. In other words, prior to giving an effective judgment of a debate, one needs to establish an understanding of the ‘total’ aspects of a thing the debate is about. Following this line of thinking, in this paper, we propose an understanding of the ‘total’ aspects of designing HCI, which is called the total interface design framework. We then judge several debates under this framework with the purpose of exemplifying the judgment process for any other debate related to designing HCI. At the end, the debates used for exemplifying our judgment process can be resolved. The effectiveness of the total interface design framework for integrating the different HCI approaches is also demonstrated.",10.1016/j.intcom.2005.11.008,2006,,,Design methods,design_methods.csv,ieee|semantic_scholar,full,FALSE,FALSE,TRUE,TRUE,TRUE,TRUE,advance_criteria,TRUE,"Proposes a 'total interface design framework' to integrate and reconcile HCI design method debates, synthesizing across views and offering its own framework definition.","Proposes a total interface design framework to integrate and judge debates among HCI design methods, suggesting synthesis of design-method perspectives, but whether it explicitly defines or adapts a design-knowledge construct is unclear from the abstract alone."
49719118a4a0,Progressive collapse of structures – review and outlook,missing_pdf,"Starossek, U. (1)","The difference between progressive collapse, related to mechanisms of collapse, and disproportionate collapse, related to design, is outlined. Various mechanisms of collapse are described, which helps to clarify conceptual relationships. Ordinary design procedures are inadequate for preventing disproportionate collapse. The reasons for this are explained. After defining the terms collapse resistance and robustness, a pragmatic design approach for achieving collapse resistance of general structures is outlined. In this approach, the design objectives are established in a decision-making process. Concerning design methods, segmentation is available in addition to alternative load paths. The former method can be preferable in case of large initial local failure. This pragmatic approach can be developed into model guidelines for the design of general structures against disproportionate collapse. In contrast, it is found that current design regulations apply only to buildings of small to medium size and not to structures in general. © 2019 Taylor & Francis Group, London, UK.",10.1201/9780429426506-364,2019,"Advances in Engineering Materials, Structures and Systems: Innovations, Mechanics and Applications - Proceedings of the 7th International Conference on Structural Engineering, Mechanics and Computation, 2019",,Design methods,design_methods.csv,engineering_village,full,FALSE,FALSE,TRUE,TRUE,TRUE,TRUE,advance_criteria,TRUE,"Reviews and clarifies conceptual distinctions and definitions (collapse resistance, robustness) and outlines design approaches, plausibly synthesizing and defining constructs; flagged to confirm from full text.","This review explicitly clarifies and defines collapse-related concepts, describes conceptual relationships, and outlines a pragmatic design approach, satisfying both synthesis/definition and explicit definitional criteria."
da2bb1488305,Rigor in MIS Survey Research: In Search of Ideal Survey Methodological Attributes,missing_pdf,Teresa L. Ju; Yue Chen; Szu-Yuan Sun; Chang-Yao Wu,"A researcher in the Management Information Systems (MIS) field entertains a hope that his or her research will contribute significantly to the field. Although arguably no study can be perfect in research design, and every study is susceptible to random error and foreseen or unforeseen bias, nonetheless, the more rigorous, or ideal, a study's methodology has been, the more likely meaningful results will be achieved. Accordingly, a set of nine attributes, called survey methodological attributes (SMA), have been developed for use in assessing published surveys, essentially serving as criteria to identify methodologically sound survey research. This article reports on the results of meta-analysis, using SMA criteria, of three publications - the Management Information Systems Quarterly (MISQ), the Journal of Management Information Systems (JMIS), and Information Systems Research (ISR) – from the time of their inauguration through 2004, so as to provide insights into the rigor of MIS survey research. We discovered that, although all three journals publish studies that are methodologically sound, two frequently reoccurring problems were 1) failure to perform statistical tests to evaluate the effects of non-response errors; and 2) not using multiple collection methods. These findings indicate a need for greater attention to survey design methods among empirical studies in the MIS field.",,2006,Journal of Computational Information Systems,https://www.semanticscholar.org/paper/56503943bd26382896ce79aa8996e559b19ad0cd,Design methods,design_methods.csv,semantic_scholar,full,FALSE,FALSE,TRUE,TRUE,TRUE,TRUE,advance_criteria,TRUE,"Develops a set of survey methodological attributes/criteria from prior work, synthesizing methodological knowledge and defining attributes, plausibly satisfying C2/C3.","It develops and presents a set of survey methodological attributes as criteria for assessing published surveys, indicating categorization/definition of a research-method knowledge construct from prior work, but any explicit definitional adaptation is not clearly stated in the abstract."
e65ee8e07d98,The experience engineering framework applied in two contexts,missing_pdf,"Spencer, Rick and Hammontree, Monty and Wallace, Donna","Analysis of existing User-centered Design methods revealed an underlying common framework consisting of three components and three principles. The components are (1) a multi-faceted view of experience, (2) a set of goal driven phases, and (3) a repository of best practices for navigating those phases. The principles are (1) team-based design, (2) facilitation of divergence and then convergence of ideasce, and (3) alignment of teams and phases. We call this framework the Experience Engineering Framework (EEF) and use it to construct a UCD process tailored for each project or design problem by using the right components and principles for that project. This abstract briefly presents two applications of the EEF in two very different contexts.",10.1145/1125451.1125478,2006,CHI '06 Extended Abstracts on Human Factors in Computing Systems,https://doi.org/10.1145/1125451.1125478,Design methods,design_methods.bib,acm,full,FALSE,FALSE,TRUE,TRUE,TRUE,TRUE,advance_criteria,TRUE,"Analyzes existing UCD methods to derive a common framework of components and principles, satisfying C2, and appears to define the Experience Engineering Framework, warranting full-text confirmation.","The contribution is a web application redesign framework and transaction design model for legacy systems, i.e., a technical design method rather than a synthesis or definition of design knowledge."
4592ed134f14,The relation between brain-learning physiology and conceptualization methods in the design process of architecture students1,missing_pdf,A. Mahmoodi; Mahyar Bastani,"The importance of the design process in architecture is one of the most popular subjects for the researchers in this field. By reviewing the literature on the subject of design methods in architecture, the authors suggested a model of four types of conceptual design: analogical, typological, pragmatic and theoretical. Also, based on the previous studies of brain dominancy, individuals can be divided into four main groups. In order to find the relation between brain dominancy of architecture students and their preferred conceptualization methods in design, over 350 students of architecture participated in this research in Iran. Using Ned Herrmann’s brain physiology model, the findings concluded that the participants who use their A quadrant of brain prefer pragmatic and theoretical approaches. The preference of participants with B and C quarter-brain dominance is respectively typological and theoretical methods. Participants who use their D quadrant of brain prefer analogical and theoretical methods.",,2023,"Art, Design &amp; Communication in Higher Education",https://www.semanticscholar.org/paper/c5082819981d9c379c06ad40e4e00d558456836b,Design methods,design_methods.csv,semantic_scholar,full,FALSE,FALSE,TRUE,TRUE,TRUE,TRUE,advance_criteria,TRUE,"Reviews design methods in architecture and proposes a model of four conceptual design types, synthesizing and defining a typology of design constructs (C2 and C3).","The abstract suggests a design case study on co-evaluating emergency signage in response to complex societal problems, but it does not clearly show a literature synthesis or explicit definition of design-knowledge constructs from the truncated text, so full-text review is warranted."
9de0e13a7156,Towards functional de novo designed proteins.,missing_pdf,W. Dawson; G. G. Rhys; D. Woolfson,"Our ability to design completely de novo proteins is improving rapidly. This is true of all three main approaches to de novo protein design, which we define as: minimal, rational and computational design. Together, these have delivered a variety of protein scaffolds characterised to high resolution. This is truly impressive and a major advance from where the field was a decade or so ago. That all said, significant challenges in the field remain. Chief amongst these is the need to deliver functional de novo proteins. Such designs might include selective and/or tight binding of specified small molecules, or the catalysis of entirely new chemical transformations. We argue that, whilst progress is being made, solving such problems will require more than simply adding functional side chains to extant de novo structures. New approaches will be needed to target and build structure, stability and function simultaneously. Moreover, if we are to match the exquisite control and subtlety of natural proteins, design methods will have to incorporate multi-state modelling and dynamics. This will require more than black-box methodology, specifically increased understanding of protein conformational changes and dynamics will be needed.",,2019,Current Opinion in Chemical Biology,https://www.semanticscholar.org/paper/4c8fc56c0f81ebbdc38feccc5c71e2ef2926cfba,Design methods,design_methods.csv,semantic_scholar,full,FALSE,FALSE,TRUE,TRUE,TRUE,TRUE,advance_criteria,TRUE,"Reviews and explicitly defines three approaches (minimal, rational, computational) to de novo protein design, synthesizing and defining design constructs from the field.","The abstract discusses how graphs should be designed for human perception and decision-making, but from the available text it is unclear whether the paper synthesizes or defines design principles from prior literature, so full text is needed."
a0bac1579403,Analysing adaptive gamification design principles for online courses,missing_pdf,"Sezgin, S. (1); Yüzer, T.V. (2)","This study defines and analyses adaptive gamification design principles for online courses. It was conducted as a holistic single case study framed by two theoretical approaches, namely, gamification and adaptive learning. The first part of the study establishes a theoretical matrix with its contents converted into a questionnaire which includes nine semi-structured questions. Following this, a four-round Delphi panel with 12 field experts was performed. In the second part, the design principle proposition checklist was presented to a focus group of six formed by experts in the field of open and distance education to obtain their feedback on its usability, applicability and significance. The qualitative data obtained in the first phase was analysed by using content analysis while the quantitative data obtained in the other phases were analysed by calculating the distribution of frequencies and measures of central tendency. Results of the Delphi rounds and the focus group interview yielded a checklist of adaptive gamification design principles for online courses comprising 102 design principles under 11 themes.",10.1080/0144929X.2020.1817559,,Behaviour & Information Technology,,Design principles,design_principles.csv,engineering_village,full,FALSE,FALSE,TRUE,TRUE,FALSE,TRUE,advance_criteria,TRUE,"Defines and analyses adaptive gamification design principles from theory via Delphi panel, satisfying C2, and explicitly defines the principles for its context, satisfying C3.","The study develops and iteratively refines an instructional model and a set of principles in maker education, suggesting possible design-knowledge relevance, but the abstract does not clearly show a literature synthesis or explicit definition and warrants full-text review."
d10d759497e7,Design for resilient performance: Concept and principles,missing_pdf,"Maria Dias Guerra Disconzi, C. (1); Saurin, T.A. (1)","Resilient performance in socio-technical systems is usually described as stemming from people's self-organization and spur-of-the-moment actions and decisions. However, this is not exclusive with work system design ahead of time, with the deliberate intention of influencing resilient performance. This paper proposes a concept and principles of Design for Resilient Performance (DfRP), making explicit contributions that had been concealed and fragmented in the literature. Based on a literature review of influential human factors studies, 23 design principles were identified and set a basis for a Delphi study with 27 experts from nine countries. After three Delphi rounds, consensus was obtained and the DfRP concept was defined as well as seven design principles, namely: (i) there must be functional models of the system; (ii) make variations in performance visible; (iii) use the type of standardization that best fits the nature of the function; (iv) design slack resources and strategies; (v) design for acceptable performance even under degraded conditions; (vi) design must involve leveraging diverse perspectives; and (vii) design to support continuous learning at the individual and organisational level. The applicability of the principles is demonstrated through an exploratory case study of the rapid response team in a hospital. The principles of DfRP are contributions of prescriptive nature, which might give rise to more resilient socio-technical systems. All rights reserved Elsevier.",10.1016/j.apergo.2022.103707,,Applied Ergonomics,,Design principles,design_principles.csv,engineering_village,full,FALSE,FALSE,TRUE,TRUE,TRUE,TRUE,advance_criteria,TRUE,"Reviews influential human factors studies to identify 23 design principles and proposes a concept and principles of Design for Resilient Performance, satisfying C2 and plausibly defining DfRP.","The paper studies REST API quality and conformance to design principles in a software engineering artifact domain, not the synthesis or definition of design knowledge itself."
83aa5bd0e6f8,Designing Embodied Sonic Meditation,missing_pdf,"Wu, Jiayue Cecilia (1)","This article narrates my practice-based research in Embodied Sonic Meditation, both as a Digital Musical Instrument (DMI) designer, a vocalist, a composer, a media artist, and a long-term meditation practitioner. I develop a methodological framework for Embodied Sonic Meditation practice with three case studies, using a sensor-augmented body as an instrument to create sound and sonic awareness. First, I suggest 15 design principles for Embodied Sonic Meditation HCI systems, based on my own Embodied Sonic Meditation design practice and previous research in DMI design principles, neuroscience research in meditation, Crikszentmihalyi’s Flow Theory, and the criteria of efficiency, music subjectivity, affordance, culture constraints, and meaning-making. I then make reference to three proof-of-concept case studies that have explored these ideas. I argue that Embodied Sonic Meditation affords an opportunity for sound art to mediate cultures, improve people’s wellbeing, and better connect people to their inner peace and the outer world. © 2020 Wu.",,2021,ICMC 2021 - Proceedings of the International Computer Music Conference 2021,,Design principles,design_principles.csv,engineering_village,full,FALSE,FALSE,TRUE,TRUE,TRUE,TRUE,advance_criteria,TRUE,"Develops a methodological framework and synthesizes/proposes 15 design principles for Embodied Sonic Meditation from prior DMI design principles research, plausibly satisfying C2 and C3.","It proposes a methodological framework and 15 design principles grounded in the author's practice and previous research, indicating synthesis of design-knowledge constructs, but no explicit definition is clearly stated in the abstract."
d98d3e1b6edc,Introduction to Initial HCI Engineering Design Principles for Business-to-Consumer Electronic Commerce,missing_pdf,"Long, J. (1); Cummaford, S. (2); Stork, A. (3)",This chapter introduces HCI-EDPs for the domain of business-to-consumer electronic commerce. The introduction comprises: a conception of declarative and procedural HCI-EDPs; a class-first strategy for developing such principles; a method for operationalising the 'class-first' strategy; and the identification of class design problems. This chapter constitutes the basis for the following chapter on the development of initial HCI-EDPs to support the more effective design of interactive business-to-consumer electronic commerce systems.,10.1007/978-3-031-79215-1_7,,Toward Engineering Design Principles for HCI. Synthesis Lectures on Human-Centered Informatics,,Design principles,design_principles.csv,engineering_village,full,FALSE,FALSE,TRUE,TRUE,TRUE,TRUE,advance_criteria,TRUE,"Introduces a conception of declarative and procedural HCI-EDPs and a class-first strategy, indicating it defines and categorizes the design-principle construct, satisfying C2 and likely C3.","This is an empirical comparative study applying Mayer's multimedia design principles to evaluate electronic courses, not a paper whose topic is synthesizing or defining design knowledge constructs."
2d47b6d1002a,A framework for constructive design rationale,missing_pdf,"Kannengiesser, Udo (1, 2); Gero, John S. (3, 4)","This paper proposes a framework for describing design rationale as a constructive notion rather than a fixed record of design reasoning. The framework is based on two views: an instance-based view of design rationale as an ordered set of decisions, and a state-space view of design rationale as a space of solution alternatives. The two views are connected with each other using the function-behaviour-structure (FBS) ontology. Constructive design rationale is defined and categorised based on reformulations of the function, behaviour or structure of the rationale. The drivers of the different reformulations are represented in the situated FBS framework.",10.1007/978-94-007-0510-4_8,2011,Design Computing and Cognition '10,,Design rationale,design_rationale.csv,engineering_village,full,FALSE,FALSE,TRUE,TRUE,FALSE,TRUE,advance_criteria,TRUE,"Proposes a framework that defines and categorizes design rationale as a construct based on the FBS ontology, satisfying both C2 and C3.","Here 'design rationale' refers to chemical/molecular design justification, and the contribution is a materials/chemistry application rather than advancing understanding of design knowledge as a topic."
acbc78e3036a,Argumentation-based design rationale: what use at what cost?,missing_pdf,"Buckingham Shum, S. (1); Hammond, N. (1)","A design rationale (DR) is a representation of the reasoning behind the design of an artifact. In recent years, the use of semiformal notations for structuring arguments about design decisions has attracted much interest within the human-computer interaction and software engineering communities, leading to a number of DR notations and support environments. This paper examines two foundational claims made by argumentation-based DR approaches: that expressing DR as argumentation is useful, and that designers can use such notations. The conceptual and empirical basis for these claims is examined, firstly by surveying relevant literature on the use of argumentation in non-design contexts (from which current DR efforts draw much inspiration), and secondly, by surveying DR work. Evidence is classified according to the research contribution it makes, the kind of data on which claims are based (anecdotal or experimental), the extent to which the claims made are substantiated, and whether or not the users of the approach were also the researchers.",10.1006/ijhc.1994.1029,,International Journal of Human-Computer Studies,,Design rationale,design_rationale.csv,engineering_village,full,FALSE,FALSE,TRUE,TRUE,TRUE,TRUE,advance_criteria,TRUE,"Examines foundational claims of argumentation-based design rationale, defines DR and synthesizes the conceptual/empirical basis across notations, satisfying C2 and likely C3.","Focuses on computational data and models for nanotechnology safety assessment, so any design-related language is incidental rather than a study of design knowledge."
e875047efc35,Design rationale capture as knowledge acquisition: tradeoffs in the design of interactive tools,missing_pdf,"Gruber, T. (1); Baudin, C.; Boose, J.; Weber, J.","This paper introduces the problem of acquiring design rationale knowledge from humans for later reuse. The design of tools for design rationale capture reveals several fundamental issues for knowledge acquisition, such as the relationships among formality and expressiveness of representations, and kinds of automated support for elicitation and analysis of knowledge. This paper sets the background for discussion by identifying dimensions of a design space for design rationale tools.",,,Machine Learning. Proceedings of the Eighth International Workshop on Machine Learning (ML91),,Design rationale,design_rationale.csv,engineering_village,full,FALSE,FALSE,TRUE,TRUE,TRUE,TRUE,advance_criteria,TRUE,"Examines design rationale as a knowledge construct and defines a design space for capture tools, plausibly satisfying C2/C3 with definitional framing of design rationale knowledge.","Focuses on constructing a psychological design rationale from empirical observations, making design rationale central, but the abstract does not clearly show a literature synthesis or explicit definition and thus merits full-text screening."
0c97b40952ed,Design rationale knowledge management: A survey,missing_pdf,"Yue, Gaofeng (1); Liu, Jihong (2); Hou, Yongzhu (2)","Design rationale is an explicit expression of the reasons behind decision making when designing an artifact. Despite its potential wide usage recognized by researchers and practitioners, it is still hard to be captured in practice. Most of research considered design rationale as a kind of tool from the scientific and engineering view and ignored humanity factor from the management view. From the perspective of knowledge management, we provide an introduction to the definition, acquisition, representation, integration, application of design rationale in this paper. We conclude with a discussion about the potential causes why the design rationale is hard to capture. © Springer Nature Switzerland AG 2018.",10.1007/978-3-030-00560-3_33,2018,Lecture Notes in Computer Science (including subseries Lecture Notes in Artificial Intelligence and Lecture Notes in Bioinformatics),,Design rationale,design_rationale.csv,engineering_village|semantic_scholar,full,FALSE,FALSE,TRUE,TRUE,TRUE,TRUE,advance_criteria,TRUE,"A survey that introduces the definition, acquisition, and representation of design rationale from prior work, synthesizing the construct (C2) and providing/adapting its definition (C3).","The contribution is a product-scheme group decision-making method using feature vectors and fuzzy evaluation based on design rationale, so it advances a decision method rather than understanding design knowledge itself."
24bfa2182839,Designing claims for reuse in interactive systems design,missing_pdf,"Sutcliffe, A.G. (1); Carroll, J.M.","Claims have been proposed as a means of expressing HCI knowledge that is associated with a specific artifact and usage context. Claims describe design trade-offs and record HCI knowledge related to a specific design, or artifact, as psychological design rationale. Claims are created in the task-artifact cycle of interactive design and evaluation. Usability evaluation establishes a claim for a specific usage context, but this can restrict subsequent reuse of claims-related knowledge. To widen the scope of reuse the knowledge contained within claims and their associated artifacts has to be classified and generalized. To address this problem a schema and method for classifying claims is introduced. The schema elaborates the description of HCI knowledge in claims and enables reuse by describing the assumptions and dependencies upon which a claim rests. Methods for generalising claims and discovering new claims from existing claims and artifacts were investigated. A factoring method for evolving child claims from parent claims and their usage scenarios is described. This employs a walkthrough technique based on Norman's model of action with questions directed at the contributions a claim makes to usability at different stages in interaction. Factoring promotes evolution of child claims that either address different aspects of task support in the same domain as the parent claim, or development of more general child claims for user-interface design.",10.1006/ijhc.1999.0245,,International Journal of Human-Computer Studies,,Design rationale,design_rationale.csv,engineering_village,full,FALSE,FALSE,TRUE,TRUE,TRUE,TRUE,advance_criteria,TRUE,"Treats claims as a means of expressing/classifying HCI design knowledge and design rationale, defining the construct and its reuse, satisfying C2 and likely C3.","This paper focuses on recording and using design process records/design rationale to support software modification, suggesting design knowledge is central, but the abstract does not clearly show a literature synthesis or explicit definition."
a60240423604,"Reviewing the state-of-the-art design rationale definitions, representations and capabilities",missing_pdf,"Sagoo, J. (1); Tiwari, A. (1); Alcock, J. (1)","This paper aims to identify how researchers have defined the concept of design rationale, report on the state-of-the-art design rationale representations and categorise the capabilities that design rationale currently has to offer. To guide this review of the literature, three research questions have been posed each addressing the specified aims of this paper. Design rationale is inherently linked to the explanation of a set of reasons or a logical basis for a course of action in the generic context of design. New methods for representing design rationale have been developed since year 2000, many extending the seminal issue-based information system method. There are 13 categories of design rationale capabilities that have been identified in this review.",10.1504/IJDE.2014.062377,,International Journal of Design Engineering,,Design rationale,design_rationale.csv,engineering_village,full,FALSE,FALSE,TRUE,TRUE,FALSE,TRUE,advance_criteria,TRUE,"Explicitly reviews how researchers define design rationale and categorizes its representations and capabilities from prior literature, satisfying both C2 and C3.","This is explicitly a literature review that identifies definitions, reviews representations, and categorizes capabilities of design rationale, and it also states a definition of the concept in the abstract."
19c286f4e44f,Scientific design rationale,missing_pdf,"Haynes, Steven R. (1, 2); Bach, Paula M. (1); Carroll, John M. (1)","Design rationale should be regarded both as a tool for the practice of design, and as a method to enable the science of design. Design rationale answers questions about why a given design takes the form that it does. Answers to these why questions represent a significant portion of the knowledge generated from design research. This knowledge, along with that from empirical studies of designs in use, contributes to what Simon called the sciences of the artificial. Most research on the nature and use of design rationale has been analytic or theoretical. In this article, we describe an empirical study of the roles that design rationale can play in the conduct of design research. We report results from an interview study with 16 design researchers investigating how they construe and carry out design as research. The results include an integrated framework of the affordances design rationale can contribute to design research. The framework and supporting qualitative data provide insight into how design rationale might be more effectively leveraged as a first-class methodology for research into the creation and use of artifacts. Copyright © 2008 Cambridge University Press.",10.1017/S0890060408000243,2008,"Artificial Intelligence for Engineering Design, Analysis and Manufacturing: AIEDAM",,Design rationale,design_rationale.csv,engineering_village,full,FALSE,FALSE,TRUE,TRUE,TRUE,TRUE,advance_criteria,TRUE,"Treats design rationale as the object of study, discussing it as knowledge from design research and likely defining it, satisfying C2 and plausibly C3.","Focuses on design rationale as a knowledge-generating concept and reports empirical work, but the abstract does not clearly show a synthesis from prior literature or an explicit definition, so full text is needed."
6d339b25d458,Shared Mental Models for Collaborative Mechanical Design in Mechanical Engineering,missing_pdf,Junmin Du (1),"Collaborative mechanical design in mechanical engineering means the collaborative design for mechanical engineering or mechanical product. Collaborative mechanical design is the process in which actors from different disciplines share their knowledge about the mechanical product design process and content. Shared mental models are considered to facilitate the creation of shared understanding among actors, which is critical for collaborative mechanical design. After a review of shared mental models, we discuss the shared mental models in design. We propose shared design mental models(SDMM) as the core component of shared mental models from a design perspective, which is about design rationale of collaborative design. Design thinking process model(DTPM) has been proposed to represent SDMM.",10.4028/www.scientific.net/AMR.644.378,,Advanced Materials Research,,Design rationale,design_rationale.csv,engineering_village,full,FALSE,FALSE,TRUE,TRUE,TRUE,TRUE,advance_criteria,TRUE,"Reviews shared mental models and proposes its own construct (shared design mental models) for collaborative design, indicating synthesis and an original definition.","It reviews shared mental models and discusses them in design before proposing shared design mental models, indicating synthesis/categorization of a design-related knowledge construct, but the abstract does not clearly provide an explicit adapted or original definition."
5a2a6b8628c4,A Design-Driven Epistemology for Organization Design,missing_pdf,R. Magalhães,"It is argued that the epistemological foundations of organization design can be built on a dual theoretical base: design-as-practice and design-as-meaning. The first is founded upon practice as part of current sociological theory applied to organizations (Schatzki, 2001; Nicolini, 2012) and the second is based on design theory (Krippendorff, 2006). If designing is defined as ‘to create meaning’ and if the symbolic action of managers plays a central role in the social construction of organizational reality, then meaning becomes a central concern for organization designing. On the other hand, while asserting that practice provides an ontological foundation for the artefacts which constitute the organization’s design, practice theory does not contain the mechanisms of intentionality and direction required by managerial action. The chapter ends with a broad interpretation of Davidson’s (2001) three types of knowledge—subjective, objective, and intersubjective—in terms of three broad groups of meanings found in organizations: managerially generated intended meanings, organizationally generated emergent meanings, and stakeholder generated perceived meanings.",,2020,,https://www.semanticscholar.org/paper/2dc5cd0505fff69e98c7822b6bb0e4201112328e,Design theory,design_theory.csv,semantic_scholar,full,FALSE,FALSE,TRUE,TRUE,FALSE,TRUE,advance_criteria,TRUE,"Builds an epistemological foundation for organization design drawing on design-as-practice and design-as-meaning, synthesizing and defining design constructs from prior theory.","The abstract explicitly proposes an epistemological foundation for organization design and defines designing as 'to create meaning,' which satisfies C3 but does not indicate a synthesis or categorization of design-knowledge constructs from prior work."
f652405808cb,A Theory of Decision Support System Design for User Calibration,missing_pdf,"Kasper, George M. (1)","A theory is proposed for designing decision support systems (DSS) so that the confidence a decision maker has in a decision made using the aid equals the quality of that decision. The DSS design theory for user calibration prescribes properties of a DSS needed for users to achieve perfect calibration. Relevant calibration, decision making, and DSS literatures are synthesized; and related behavioral theories are borrowed to identify the properties of expressiveness, visibility, and inquirability as requisite components of the DSS design theory for user calibration.",10.1287/isre.7.2.215,1996,Information Systems Research,,Design theory,design_theory.csv,engineering_village,full,FALSE,FALSE,TRUE,TRUE,FALSE,TRUE,advance_criteria,TRUE,"Proposes a DSS design theory synthesizing relevant literatures and prescribing requisite properties, defining the construct for user calibration, satisfying C2 and C3.","The paper synthesizes calibration, decision-making, and DSS literatures to propose a DSS design theory with specified properties, so it appears to study design-knowledge constructs from prior work, but the abstract does not clearly state an explicit definition of design knowledge or related constructs."
b3376ed9ed88,A view of design theory and methodology from the standpoint of design freedom,missing_pdf,"Wood, William H. (1)","While significant progress has been made in design theory and methodology research, no unifying theories have resulted. This paper proposes a preliminary definition of design freedom and uses it as a frame of reference for relating various design theories and methods. This exercise produces two main findings: first, that design freedom is a central concept to most design theories, and second that few design methods deal explicitly with design freedom. A design process model that explicitly includes design freedom is proposed as a unifying framework for design theory and methodology. Copyright © 2001 by ASME.",10.1115/DETC2001/DTM-21717,2001,Proceedings of the ASME Design Engineering Technical Conference,,Design theory,design_theory.csv,engineering_village,full,FALSE,FALSE,TRUE,TRUE,FALSE,TRUE,advance_criteria,TRUE,"Relates various design theories/methods via a proposed concept and provides its own preliminary definition of design freedom, satisfying both C2 and C3.","The abstract clearly proposes a preliminary definition of 'design freedom' and uses it to relate design theories and methods, satisfying C3, but it does not primarily present a synthesis or categorization from prior bodies of work sufficient for C2."
d0542b397a2a,An ontological foundation for information systems design theory,missing_pdf,"Wand, Y. (1)","Methodologies and techniques for systems analysis and design are based on practice and experience rather than being anchored in a theory. This work suggests that a conceptual foundation for systems design can be based on ontological concepts. An information system is viewed as a representation of a real world system. The process of development is a transformation from user perceptions of the real system into a working information system. For the information system to be a `good' representation, there must exist some invariants of the transformation that will capture the essence of the real system. It is proposed that the basic invariants are states that describe the statics and laws that represent the dynamics of the system. This approach leads to some observations regarding the roles of data and software and the meaning of decomposition, module independence and abstract data types. Some suggestions are made as to the process of systems analysis.",,,Office Information Systems: The Design Process. Proceedings of the IFIP WG 8.4 Working Conference,,Design theory,design_theory.csv,engineering_village,full,FALSE,FALSE,TRUE,TRUE,TRUE,TRUE,advance_criteria,TRUE,"Proposes an ontological foundation/theory for information systems design, defining a conceptual framework for design as its topic, plausibly satisfying C2 and C3.","The paper proposes an ontological conceptual foundation for systems design theory and explicitly frames what information systems design should be based on, providing a definitional/theoretical account rather than a literature synthesis."
1e3836bc80cb,Business Intelligence Conceptual Model,missing_pdf,"Glancy, F.H. (1); Yadav, S.B. (2)","A business intelligence conceptual model (BISCOM) is proposed as a process-focused design theory for developing, understanding, and evaluating business intelligence (BI) systems. Previous work has concentrated on subsets of the BI systems, use of BI tools, and specific business functional area requirements. BISCOM provides a unified and comprehensive design theory that integrates and synthesizes existing research. It ex- tends existing research by proposing functionality that does not currently exist in BI systems. The BISCOM is validated through descriptive methods that demonstrate the model utility and through prototype creation to demonstrate the need for BISCOM.",10.4018/jbir.2011040104,,International Journal of Business Intelligence Research,,Design theory,design_theory.csv,engineering_village,full,FALSE,FALSE,TRUE,TRUE,TRUE,TRUE,advance_criteria,TRUE,"Proposes a BI conceptual model as a design theory that integrates and synthesizes existing research, suggesting synthesis (C2) and a definitional contribution (C3) warranting full-text review.","This is a technical microwave filter design paper whose contribution is an engineered component and resonance method, not an advance in understanding design knowledge."
8abe5ed83bac,"DESIGN PROCESS: FRAMES, METAPHORS, AND GAMES.",missing_pdf,"Lanzara, Giovan Francesco (1)","A perspective on the design process is here presented and discussed emphasizing design as a problem-setting activity. It is argued that the functional analysis and the problem-solving models of design do not give account of some of the most crucial aspects of a designer's work. Design is here considered to be a process of creative inquiry taking place through transactions and conversations among multiple social actors in cooperative or competitive situations. Cognitive activities such as framing, evoking, metaphor-making, and behavioral strategies such as bargaining, concerting, reconciling, transacting are shown to be relevant to a sound design theory and practice.",,1983,,,Design theory,design_theory.csv,engineering_village,full,FALSE,FALSE,TRUE,TRUE,TRUE,TRUE,advance_criteria,TRUE,"Presents and discusses a perspective on the design process as problem-setting, framing design knowledge as the topic and offering its own conceptualization; flagged to confirm synthesis/definition in full text.","This appears to be a conceptual/theoretical discussion of design as problem-setting involving frames, metaphors, and games, but the abstract does not clearly show a synthesis from prior literature or an explicit definition, so full text is needed."
f0eab2f851e8,Design science−the need for a scientific basis for engineering design methodology,missing_pdf,"Beitz, W. (1)","The terminology associated with engineering design and its conceptual basis varies. Frequently used expressions are design science, design methodology, design theory, scientific design and science of design. There are some overlaps and no really distinctive borders between these terms and their meanings. Hubka and Eder (1992) were instrumental in introducing 'design science' as a generic term to describe the contents and knowledge of the scientific background for design methodology (design theory, scientific design, science of design). Here, the goals, fundamentals, historical development and future role of design science are outlined.",10.1080/09544829408907878,,Journal of Engineering Design,,Design theory,design_theory.csv,engineering_village,full,FALSE,FALSE,TRUE,TRUE,TRUE,TRUE,advance_criteria,TRUE,"Explicitly examines and disambiguates terminology like design science, design methodology, and design theory from prior work, satisfying C2 and likely providing definitions.","The paper appears to analyze and clarify overlapping terms such as design science, design methodology, design theory, and science of design, indicating a synthesis/characterization of design-knowledge constructs, but the truncated abstract does not clearly confirm an explicit definition by the authors."
0a130c0971e9,Feedforward as an essential active principle of engagement in computer games,missing_pdf,"Swan, Richard H. (1)","Learner engagement is important for learning, yet the question of how to design engaging learning experiences still lingers. One of the facets of computer games is that they tend to be engaging. In addition, they are designed experiences. By examining computer games as examples of the design of engaging experiences through the lens of design theory, it may be possible to extract more fundamental principles for the design of engagement. Such principles could inform the design of serious games and other learning experiences. This chapter uses Vincenti's fundamental design concept of operational principle to identify the core components and active principle that underlie the design of engagement in games. The chapter also introduces the concept of feedforward to describe the continual elicitation of anticipatory cognition and behavior by players/learners. This feedforward effect in the context of player/learner agency is essential to the active principle of engagement in computer games. © 2010, IGI Global.",10.4018/978-1-61520-717-6.ch005,2010,Gaming and Cognition: Theories and Practice from the Learning Sciences,,Design theory,design_theory.csv,engineering_village,full,FALSE,FALSE,TRUE,TRUE,TRUE,TRUE,advance_criteria,TRUE,"Uses design theory (Vincenti's operational principle) to extract fundamental design principles for engagement, examining design-knowledge constructs as its topic and applying a defined design concept.","This chapter appears to extract engagement principles from computer games through a design-theory lens, making design principles central, but the abstract does not clearly confirm a literature synthesis or an explicit definition, so full text is needed."
6cf8e8b74543,On the pattern of reasoning in innovative design,missing_pdf,"Roozenburg, N.F.M. (1)","Simulating the design process of artefacts by computers requires the modelling of design reasoning in a logical formalism. Much of the reasoning in design is plausible reasoning, in particular the reasoning towards tentative solutions for design problems. Many authors see in Peirce's `abduction' the characteristic pattern of reasoning for this crucial step in design. But, Peirce subsumes two different patterns under the name `abduction': explanatory abduction and innovative abduction. What is usually understood by `abduction' in the context of design theory and knowledge-based design systems, appears to be explanatory abduction. However, the reasoning towards new solutions for design problems follows the pattern of Peirce's innovative abduction. So, automating design requires the modelling of innovative abduction. But is that possible?",10.1016/S0142-694X(05)80002-X,,Design Studies,,Design theory,design_theory.csv,engineering_village,full,FALSE,FALSE,TRUE,TRUE,TRUE,TRUE,advance_criteria,TRUE,"Analyzes patterns of reasoning in design theory and distinguishes/defines forms of abduction in design, engaging with design knowledge constructs definitionally.","This paper proposes an experiment-design-theory method for estimating semiconductor device parameters, so the main contribution is a measurement/optimization technique rather than understanding design knowledge."
7fb79f6d2f73,"PEDAGOGICAL DESIGN: CONCEPT, PRINCIPLES, MODELS",missing_pdf,G.М. Ussainova; V. I. Kazarenkov,"The article describes the issues of developing the learning process through digital technologies. The concept of"" pedagogical design"" is analyzed, the definitions given to this term are differentiated, and the basic principles are described. Several samples of foreign models necessary for the development of pedagogical design are given. In particular, the specific features and effectiveness of the ADDIE model in education are analyzed. A model of pedagogical design of a course consisting of 4 modules based on the ADDIE model is shown. Also, the pedagogical designer classifies the tasks to be solved and defines them. Reigeluth identifies three main characteristics that meet all the principles of pedagogical design theory. In the article, the concept of pedagogical design is considered, first of all, the creative activity of a teacher in creating, transforming and accompanying an information and educational environment in which the student is convenient to develop his psychological individual characteristics and achieve high results. And, secondly, this is the direction of pedagogical science associated with the study and development of strategies, learning scenarios and the creation of conditions for managing educational events with the help of various tools that ensure the mandatory achievement of the set goal with successful training. The article presents the structure and content of pedagogical design in the course of training from the author's point of view.",,2023,"МАТЕМАТИКАНЫ, ФИЗИКАНЫ ЖӘНЕ ИНФОРМАТИКАНЫ ОҚЫТУДЫҢ ӨЗЕКТІ МӘСЕЛЕЛЕРІ",https://www.semanticscholar.org/paper/1a8fe4b63d8b32fd0df817839f391b3a8d909fb4,Design theory,design_theory.csv,semantic_scholar,full,FALSE,FALSE,TRUE,TRUE,TRUE,TRUE,advance_criteria,TRUE,"Analyzes the concept of pedagogical design, differentiates definitions, and describes principles/models, satisfying C2 and likely C3; flagged to confirm definitional adaptation.","The article analyzes and differentiates definitions of pedagogical design, describes principles, reviews models, and presents its own model, so it clearly synthesizes and defines design-related constructs."
f0dd2d28f3d2,Research methods for design theory,missing_pdf,"Tate, Derrick (1); Nordlund, Mats (2)","This paper is about the development of design theory, about how research in design theory is-and should be-done. Important works in design theory since 1850 are identified. The current state of design as a pre-paradigm science is explained, motivating the need for a unifying view of design. Given the state of the field, a framework for design theory is presented, and a research process model is proposed as a scientific way of doing research in design theory. These are discussed in light of modern views in the philosophy of science and their criteria for theory evaluation and scientific progress. Research in design can be treated in a scientific manner, but this must be done from a sophisticated view of scientific practice, one with the proper criteria for evaluating progress: at the level of the research program. © 2001 American Society of Mechanical Engineers (ASME). All rights reserved.",10.1115/DETC2001/DTM-21694,2001,Proceedings of the ASME Design Engineering Technical Conference,,Design theory,design_theory.csv,engineering_village,full,FALSE,FALSE,TRUE,TRUE,TRUE,TRUE,advance_criteria,TRUE,"Reviews important works in design theory and proposes a unifying framework and research process model, synthesizing and defining design-theory constructs from prior literature.","The paper identifies important works and presents a framework and research process model for design theory, indicating synthesis of prior literature, but the abstract does not clearly state an explicit definition of design knowledge-related constructs."
8c5a51d3193f,Some basic concepts in modern design theory,missing_pdf,Xie Youbai (1),"In the long march of development of design theories, many terms have been coined for explaining their new ideas. Some times one term is used by different authors with different definitions or different means, say concepts. Other times different terms are used by different authors with the same mean or concept. It is rational and necessary for the modern design theory in the way of its growth to examine the definitions, means and concepts of all these terms. In considering the character of global economy and the change in manufacturing, some new definitions, means and concepts have been given to the terms for working with the theory and related methodology, and form a base of the development of the theory. The purpose of the paper is to summarize existed results and call further study on the definitions, means and concepts of such terms to match the state-of-the-art requirements. Insufficient in precision use of a term will occasionally lead to a different result in theoretical research. The concepts of performance, function, quality, constrain, requirements, features, requirement driving, state etc. studied and used previously in the modern design theory are collected and discussed.",10.3901/JME.2007.11.007,,Chinese Journal of Mechanical Engineering,,Design theory,design_theory.csv,engineering_village,full,FALSE,FALSE,TRUE,TRUE,TRUE,TRUE,advance_criteria,TRUE,"Explicitly examines and synthesizes definitions, terms, and concepts in modern design theory and proposes new definitions, satisfying C2 and C3.","The contribution is a theory-based framework for studying coordination effects of mobile ICT in organizations, which is outside the review's focus on design knowledge as the object of study."
6ecb18a5b139,TO THE PROBLEM OF FORMING THE CATEGORIAL AND CONCEPTUAL APPARATUS OF THE COURSE “HISTORY AND METHODOLOGY OF DESIGN DESIGN”,missing_pdf,N. Aganina; D. D.Filonenko,"The relevance of the study is due to the inevitable obsolescence of fixed concepts and categories of design theory that make up the theoretical foundation of the master's course “History and Methodology of Design”, which is associated with the closeness of the resulting categorical-conceptual systems. 
The aim of the study is to create a dynamic structure of concepts and design categories that form the categorical-conceptual apparatus of the course. 
As a methodological basis of the study, a cultural approach is used that allows one to ""practically implement a systematic view"" on a design that is in the process of constant development and updating. In the course of work, the following research methods are used: problem statement, definition and systematization of concepts and categories, comparative method, historical and cultural analysis. 
As a result of the study, the authors of the article propose to consider the system of concepts and categories of the course in the form of a “network” formed around the concept of “design culture”, the content of which is revealed using the category of “proektnost”. The proposed structure allows us to preserve the fundamental plurality of interpretations of the concept of design and justify the methodological pluralism of design practice.",,2020,,https://www.semanticscholar.org/paper/7d824a6668b58b3a5799c88bdd089a659751a214,Design theory,design_theory.csv,semantic_scholar,full,FALSE,FALSE,TRUE,TRUE,TRUE,TRUE,advance_criteria,TRUE,"Aims to construct a dynamic structure of design concepts and categories forming a categorical-conceptual apparatus, which both synthesizes and defines design-knowledge constructs.","The paper aims to create a dynamic structure of design concepts and categories for a methodology course, which suggests categorization/synthesis of design-theory constructs, but the abstract does not clearly state an explicit definition or adaptation of a design-knowledge construct."
554b27236356,Technique Innovation,missing_pdf,D. Harhoff; K. R. Lakhani,"This chapter contains sections titled: Defining Technique Innovation, User Innovation Literature Dealing with the Development of Novel Techniques, A Framework of Technique Innovation and Product Innovation, A Case of Technique Innovation Following Product Innovation: Impressionist Painters, A Case of Equipment Innovation Following Technique Innovation: The Development of Anesthetic Treatment, Main Case Study: Development of Whitewater Kayaking Technique and Equipment, A Description of Development Phases in the Whitewater Kayaking Industry, Discussion of Development Scenarios and Relevance, Discussion of Economic Importance of Technique Innovation, Discussion of Implications for Industry Evolution and Design Theory, Implications for Further Research on Design and Industry Evolution, Conclusion, References",,2016,,,Design theory,design_theory.csv,ieee,full,FALSE,FALSE,TRUE,TRUE,TRUE,TRUE,advance_criteria,TRUE,"Proposes a framework of technique innovation and defines technique innovation drawing on user innovation literature, plausibly satisfying C2/C3 but needs full text to confirm.","This chapter explicitly includes defining technique innovation and presenting a framework relating technique and product innovation, indicating both definitional treatment and synthesis/categorization of related constructs."
27dca069171d,"The Bridge Between Theory and Practice is Not More Theory: 
Replacing “Prescriptive Instructional Design Theory” with “Recommendation”",missing_pdf,Elizabeth Brott,"A deep-rooted tradition in instructional design (ID) claims the production of “prescriptive instructional design theory” for practitioners as a major goal for scholarship. Against that tradition, this paper argues it was a mistake to conceive of ID scholarship’s most action-oriented knowledge products as “theories.” For one, it puts unnecessary distance between them and their intended practitioner users. As an alternative: this paper argues that ID can, like medicine, honor a generalized “recommendation” layer between theory and practice. A second consequence of the same misguided tradition threatens the long-term success of ID’s research agenda: ID scholars may erroneously proceed as if recommendations for practitioners are built, challenged, and justified in the same manner as standard scientific theories – and so fail, in multiple ways, to produce meaningful practitioner-facing knowledge products. The discussion should concern both ID scholars and the practitioners who wish to be discerning consumers of practitioner-facing ID scholarship.",,2025,Journal of Applied Instructional Design,https://www.semanticscholar.org/paper/82c3aa4120cb651552030734d4db78c9cbeb4abf,Design theory,design_theory.csv,semantic_scholar,full,FALSE,FALSE,TRUE,TRUE,FALSE,TRUE,advance_criteria,TRUE,"Critically examines and redefines 'prescriptive instructional design theory' as 'recommendation', synthesizing and proposing definitions of design-knowledge constructs from prior scholarship.","The paper explicitly argues for replacing one instructional design knowledge construct ('prescriptive instructional design theory') with another ('recommendation'), thereby clearly adapting and redefining a related construct, but it is not presented as a synthesis from prior literature."
057bbf472430,Toward an Integrated Theory of Task Design,missing_pdf,"Griffin, R. W.; Daft, R. L.","Study of individual tasks in organizational settings has long been of interest to organizational scientists. Frequently subsumed under the labels of 'task' or 'job' design, theory and research in the area has attempted to describe strategies for changing or refining jobs so as to enhance such organizationally relevant criterion variables as performance, motivation, satisfaction, absenteeism, and so forth. At present, the study of task design lacks a clear and demonstrable focus. The reasons relate to controversies and contradictions surrounding the dominant models and theories in the area. In an effort to reestablish focus and direction, the author proposes an integrated theory of task design which is viewed as a natural extension of existing models. After a brief review of the literature, several emerging questions and issues about the current viewpoints are explicated and discussed. The integrated theory is presented and its major concepts are identified and defined. The boundaries of the theory are delineated, system state dynamics are summarized and the nomological network among three central concepts of the theory is discussed. Each broad category of related variables is then introduced and appropriate interrelationships noted. The major elements of the theory are summarized as propositional statements and an overview of implications for future theory and research concludes the presentation.",,Apr 1986,,,Design theory,design_theory.csv,engineering_village,full,FALSE,FALSE,TRUE,TRUE,TRUE,TRUE,advance_criteria,TRUE,"Synthesizes dominant models/theories of task design and works toward an integrated theory, treating design theory constructs as the topic and likely offering definitions.","This appears to describe case studies aimed at documenting procedures and basic design theory, but the abstract is too limited to confirm a synthesis or explicit definition without full text."
75ffc50a1708,Transformation design theory: A meta-analogical framework,missing_pdf,"Weaver, Jason (1); Wood, Kristin (1); Crawford, Richard (1); Jensen, Dan (2)","Electromechanical products and systems are often designed to transform or reconfigure between two or more states. Each state is customized to fulfill a specific set of functions, and the transformation between these multiple states allows for greater functionality and the elimination of many trade-offs between conflicting needs. Empirical examination of existing transforming systems and their similarities has led to a foundational transformation design theory, with meta-analogies and guidelines that explain how transformation processes occur, when they are useful, and how the designer can ensure their maximum benefit. The foundation of these principles and guidelines forms a meta-analogical framework for designing transformers and transformational systems. This paper presents a history of the development of transformational design theory, including the relationship of the research to case-based reasoning in other fields. Ideation methods are presented that specifically exploit the meta-analogies, i.e., categories of transformers. An example design problem is considered to illustrate the potential utility of this design-by-analogy approach. © 2010 American Society of Mechanical Engineers.",10.1115/1.3470028,2010,Journal of Computing and Information Science in Engineering,,Design theory,design_theory.csv,engineering_village|semantic_scholar,full,FALSE,FALSE,TRUE,TRUE,FALSE,TRUE,advance_criteria,TRUE,"Develops a transformation design theory with meta-analogies and guidelines from empirical examination of existing systems, synthesizing and defining design knowledge constructs.","The paper reports an empirical examination of transforming systems that yields a foundational design theory with meta-analogies and guidelines, suggesting synthesis of design knowledge, but the abstract does not clearly present an explicit definition or adaptation of the construct."
56da61efca6b,Transitional Theory,missing_pdf,J. Redstrom,"This book opened with the suggestion that as design research engages in the making of many different kinds of things, design theory might well be one of those things it could be making. Whereas a theory of design would take design and designing as its subject, the notion of design theory seems to call for an inquiry into theory as something developed in and through design.",,2017,,,Design theory,design_theory.csv,ieee,full,FALSE,FALSE,TRUE,TRUE,TRUE,TRUE,advance_criteria,TRUE,"Inquires into design theory as something made in and through design, treating design theory as the object of study and offering a conceptual framing, plausibly satisfying C2/C3.","The abstract explicitly reflects on what 'design theory' means and appears to offer a definitional framing, but it does not clearly show a synthesis from prior literature, so full text is needed to assess C2."
d37cc6beee51,Two laws of design,missing_pdf,"Dasgupta, S. (1)","One of the major aims of design theory is to construct explanatory models that further enhance understanding of design as a cognitive act. The search for such models raises the question as to whether there are, in fact, laws of design that are valid across the `sciences of the artificial'. This paper, presents two such qualitative laws. The ideas embedded in these laws have long been part of the `folk theory' of design. Their main significance as stated here lies in the fact that the laws have been derived systematically from, and are supported by, well known knowledge level constructs; and in the conciseness, unambiguity and testability of their presentation.",10.1049/ise.1992.0013,,Intelligent Systems Engineering,,Design theory,design_theory.csv,engineering_village,full,FALSE,FALSE,TRUE,TRUE,TRUE,TRUE,advance_criteria,TRUE,"Aims to build explanatory models of design as cognitive act and derives laws of design from knowledge-level constructs, treating design theory as topic and offering its own formulations.","The abstract presents a rigorous CAD method for waveguide structures based on mode-matching and S-matrix techniques, making it a technical computational design paper outside the review's scope."
ad8d60b9d2e6,WAR GAMES CLASSIFICATION SYSTEMS,missing_pdf,D.S. Beshevliev,"War games, which according to NATO’s definition are “simulation of a military operation in which participants seek to achieve a specified objective, given pre- established resources and constraints”, in addition to playing a key role in professional military education and the analysis of defense and military operations, are a widespread form of entertainment and recreation. Due to the diverse applications, environments, and structural components of the genre, an accurate classification of war games requires a multidimensional framework that goes beyond single-meaning labels. This report synthesizes established military doctrines, canonical game design theory, and practical mechanisms to outline the main vectors for the classification of war games: purpose (application), scope (command and control level), structure, mechanism, and domain.",,2025,БЛИЗКИЯТ КОСМОС – ОБЩА ЦЕЛ,https://www.semanticscholar.org/paper/743559a4001fce97fd25fa318029682742e28f45,Design theory,design_theory.csv,semantic_scholar,full,FALSE,FALSE,TRUE,TRUE,TRUE,TRUE,advance_criteria,TRUE,Synthesizes a multidimensional classification framework for war games and works from a definition; C2 met and possible definitional adaptation warrants full-text review.,"The abstract explicitly says the report synthesizes war-game classification systems into a multidimensional framework, which fits C2, but no clear definition/adaptation of a design-knowledge construct is stated in the abstract, so C3 needs full-text checking."
