k,average_silhouette,min_cluster_size,max_cluster_size,cluster_sizes,negative_silhouette_count
2,0.15627911249811802,2,9,0:9; 1:2,2
3,0.18962075505112289,2,6,0:6; 1:2; 2:3,2
4,0.2616578896812057,2,5,0:2; 1:5; 2:2; 3:2,0
5,0.30071161528588447,2,3,0:3; 1:2; 2:2; 3:2; 4:2,0
6,0.27087815945436783,1,2,0:2; 1:2; 2:2; 3:2; 4:2; 5:1,0
7,0.22253284536084664,1,2,0:1; 1:2; 2:2; 3:2; 4:2; 5:1; 6:1,0
8,0.18624188383352402,1,2,0:1; 1:2; 2:1; 3:2; 4:1; 5:2; 6:1; 7:1,0
