k,average_silhouette,min_cluster_size,max_cluster_size,cluster_sizes,negative_silhouette_count
2,0.1836011044387165,2,9,0:9; 1:2,2
3,0.23124772440941063,2,7,0:2; 1:7; 2:2,1
4,0.2844866391608838,2,5,0:2; 1:2; 2:5; 3:2,0
5,0.29553809288216965,2,3,0:3; 1:2; 2:2; 3:2; 4:2,0
6,0.26455936400164537,1,2,0:2; 1:2; 2:2; 3:2; 4:2; 5:1,0
7,0.2337679938822972,1,2,0:2; 1:2; 2:1; 3:2; 4:1; 5:2; 6:1,0
8,0.19746785678304926,1,2,0:1; 1:2; 2:2; 3:2; 4:1; 5:1; 6:1; 7:1,0
