k,average_silhouette,min_cluster_size,max_cluster_size,cluster_sizes,negative_silhouette_count
2,0.04482148026164148,18,69,0:69; 1:18,12
3,0.037845441923296926,15,44,0:28; 1:44; 2:15,28
4,0.04595955776937545,13,29,0:28; 1:29; 2:17; 3:13,23
5,0.05157770142948003,7,33,0:11; 1:14; 2:22; 3:33; 4:7,28
6,0.058526169265363436,9,20,0:17; 1:12; 2:10; 3:20; 4:19; 5:9,28
7,0.06812888680962671,6,21,0:21; 1:7; 2:16; 3:11; 4:12; 5:14; 6:6,23
8,0.09127452534859903,2,27,0:2; 1:27; 2:18; 3:8; 4:11; 5:11; 6:8; 7:2,30
