paper_id,keyword,title,authors,year,venue,doi,url,cluster,cluster_label_candidate,distinguishing_evidence_terms,cluster_summary_candidate,distance_to_centroid,representative_rank,is_representative_top3,umap_x,umap_y,discussion_found,discussion_paragraph_count,discussion_summary,discussion_excerpt
0050f73e4373,Design rationale,Integrating different perspective on design rationale: Supporting the emergence of design rationale from design communication,"Shipman III, Frank M. (1); McCall, Raymond J. (1)",1997,"Artificial Intelligence for Engineering Design, Analysis and Manufacturing: AIEDAM",,,0,Knowledge · Patterns · Theory,"knowledge, patterns, theory, design knowledge, pattern, research","This exploratory cluster contains 340 papers. Frequent terms include knowledge, patterns, theory, design knowledge, pattern, research. Representative papers include A conceptual framework for design science research; Towards a Method for Design Principle Development in Information Systems; Towards normal design for safety-critical systems.",0.1166723370552063,66,False,-0.9277146,5.4073834,False,0,,
00781ed0e844,Design theory,Cognitive Point of View in Recursive Design,Evan Barba,2019,"She Ji: The Journal of Design, Economics and Innovation",,https://www.semanticscholar.org/paper/cd9c2c3812ad8a7feccea4741cea6b98dd33a007,0,Knowledge · Patterns · Theory,"knowledge, patterns, theory, design knowledge, pattern, research","This exploratory cluster contains 340 papers. Frequent terms include knowledge, patterns, theory, design knowledge, pattern, research. Representative papers include A conceptual framework for design science research; Towards a Method for Design Principle Development in Information Systems; Towards normal design for safety-critical systems.",0.12961572408676147,113,False,1.3679008,6.6846795,False,0,,
00d7fbafe65f,Design Guidelines,"Demystifying Tacit Knowledge in Graphic Design: Characteristics, Instances, Approaches, and Guidelines","Son, Kihoon and Choi, DaEun and Kim, Tae Soo and Kim, Juho",2024,Proceedings of the 2024 CHI Conference on Human Factors in Computing Systems,10.1145/3613904.3642886,https://doi.org/10.1145/3613904.3642886,0,Knowledge · Patterns · Theory,"knowledge, patterns, theory, design knowledge, pattern, research","This exploratory cluster contains 340 papers. Frequent terms include knowledge, patterns, theory, design knowledge, pattern, research. Representative papers include A conceptual framework for design science research; Towards a Method for Design Principle Development in Information Systems; Towards normal design for safety-critical systems.",0.16212600469589233,242,False,1.8122778,8.460136,False,0,,
00e42ae113b8,Design knowledge,Utilization of design principles for hybrid learning configurations by interprofessional design teams,Petra H. M. Cremers; A. Wals; R. Wesselink; M. Mulder,2016,Instructional Science,,https://www.semanticscholar.org/paper/c789600c7369bddaf982676630fa98befecacde6,0,Knowledge · Patterns · Theory,"knowledge, patterns, theory, design knowledge, pattern, research","This exploratory cluster contains 340 papers. Frequent terms include knowledge, patterns, theory, design knowledge, pattern, research. Representative papers include A conceptual framework for design science research; Towards a Method for Design Principle Development in Information Systems; Towards normal design for safety-critical systems.",0.15448057651519775,220,False,0.6910743,6.867963,False,0,,
01467836cecf,Design principles,Design principles for human-computer interfaces,"Norman, Donald A.",1983,Proceedings of the SIGCHI Conference on Human Factors in Computing Systems,10.1145/800045.801571,https://doi.org/10.1145/800045.801571,0,Knowledge · Patterns · Theory,"knowledge, patterns, theory, design knowledge, pattern, research","This exploratory cluster contains 340 papers. Frequent terms include knowledge, patterns, theory, design knowledge, pattern, research. Representative papers include A conceptual framework for design science research; Towards a Method for Design Principle Development in Information Systems; Towards normal design for safety-critical systems.",0.14818263053894043,192,False,1.8705133,4.501081,False,0,,
0176348439b8,Design Guidelines,A Comparative Study of Chinese and American Rural Design Guidelines,D. Chu; R. Li,2019,International Journal of Structural and Civil Engineering Research,,https://www.semanticscholar.org/paper/af67c18e22e351362a73fa3cb1d997e238f8c3d7,-1,Noise / weak affinity,"patterns, knowledge, framework, user, learning, human",114 papers were left unassigned by the density model. They are retained as evidence of weak affinity rather than treated as an algorithm failure.,0.270139217376709,112,False,0.5469725,7.0158553,False,0,,
022ee7cf2e4e,Design Heuristics,Introduction of a standardized Notation of Design Heuristics for Knowledge Formalization,"Kremer, Gerald (1); Peters, Ina (1); Bingoel, Berkay (1); Stark, Rainer (1)",2022,"Proceedings of the 33rd Symposium Design for X, DFX 2022",10.35199/dfx2022.08,,0,Knowledge · Patterns · Theory,"knowledge, patterns, theory, design knowledge, pattern, research","This exploratory cluster contains 340 papers. Frequent terms include knowledge, patterns, theory, design knowledge, pattern, research. Representative papers include A conceptual framework for design science research; Towards a Method for Design Principle Development in Information Systems; Towards normal design for safety-critical systems.",0.13254386186599731,120,False,3.4594984,6.6634865,False,0,,
02381ea80183,Design knowledge,A design theory for data quality tools in data ecosystems: Findings from three industry cases,"Altendeitering, M. (1, 2); Guggenberger, T.M. (1, 2); Möller, F. (1, 3)",,Data & Knowledge Engineering,10.1016/j.datak.2024.102333,,0,Knowledge · Patterns · Theory,"knowledge, patterns, theory, design knowledge, pattern, research","This exploratory cluster contains 340 papers. Frequent terms include knowledge, patterns, theory, design knowledge, pattern, research. Representative papers include A conceptual framework for design science research; Towards a Method for Design Principle Development in Information Systems; Towards normal design for safety-critical systems.",0.19610095024108887,315,False,0.123877235,5.285951,False,0,,
02f3ae017acb,Design theory,Design Theory and Method of Complex Products: A Review,Chan Qiu; Jianrong Tan; Zhen-yu Liu; Haoyang Mao; Weifei Hu,2022,Chinese Journal of Mechanical Engineering,,https://www.semanticscholar.org/paper/11b673bc049bd6075777c1697de805d195198e5b,0,Knowledge · Patterns · Theory,"knowledge, patterns, theory, design knowledge, pattern, research","This exploratory cluster contains 340 papers. Frequent terms include knowledge, patterns, theory, design knowledge, pattern, research. Representative papers include A conceptual framework for design science research; Towards a Method for Design Principle Development in Information Systems; Towards normal design for safety-critical systems.",0.10626590251922607,40,False,0.4556136,5.681913,False,0,,
03adadfa0ad4,Design knowledge,"Design Principles: Literature Review, Analysis, and Future Directions","Fu, K.K. (1); Yang, M.C. (2); Wood, K.L. (3)",,Journal of Mechanical Design,10.1115/1.4034105,,0,Knowledge · Patterns · Theory,"knowledge, patterns, theory, design knowledge, pattern, research","This exploratory cluster contains 340 papers. Frequent terms include knowledge, patterns, theory, design knowledge, pattern, research. Representative papers include A conceptual framework for design science research; Towards a Method for Design Principle Development in Information Systems; Towards normal design for safety-critical systems.",0.0840873122215271,4,False,0.5146892,6.8467865,False,0,,
03fd54829f02,Design theory,Digisprudence: the design of legitimate code,Laurence Diver,2020,"Law, Innovation and Technology",,https://www.semanticscholar.org/paper/b7a97635870c5a15c94ff83c2036a3f4466ac1b3,-1,Noise / weak affinity,"patterns, knowledge, framework, user, learning, human",114 papers were left unassigned by the density model. They are retained as evidence of weak affinity rather than treated as an algorithm failure.,0.200372576713562,68,False,2.3033602,6.7313313,False,0,,
0512599e76df,Design Heuristics,What is the content of 'design thinking'? Design Heuristics as conceptual repertoire,"Gray, Colin M. (1); Seifert, Colleen M. (2); Yilmaz, Seda (3); Daly, Shanna R. (4); Gonzalez, Richard (2)",2016,International Journal of Engineering Education,,,0,Knowledge · Patterns · Theory,"knowledge, patterns, theory, design knowledge, pattern, research","This exploratory cluster contains 340 papers. Frequent terms include knowledge, patterns, theory, design knowledge, pattern, research. Representative papers include A conceptual framework for design science research; Towards a Method for Design Principle Development in Information Systems; Towards normal design for safety-critical systems.",0.12583976984024048,98,False,3.4467974,6.7613287,False,0,,
056ae4e01610,Design theory,Beyond the old game design: a new design paradigm in Game Studies through C-K Theory,Enrique Perez,2023,Digra,,https://www.semanticscholar.org/paper/e2519811712840d36f7232cb309002293ed1ff8d,0,Knowledge · Patterns · Theory,"knowledge, patterns, theory, design knowledge, pattern, research","This exploratory cluster contains 340 papers. Frequent terms include knowledge, patterns, theory, design knowledge, pattern, research. Representative papers include A conceptual framework for design science research; Towards a Method for Design Principle Development in Information Systems; Towards normal design for safety-critical systems.",0.1724773645401001,277,False,-1.2478619,7.5687995,False,0,,
0783409933b4,Design Patterns,A Two-Dimensional Framework for AI Agent Design Patterns: Cognitive Function and Execution Topology,Jia Huang; J. Zhou,2026,,,https://www.semanticscholar.org/paper/67855ed25bb27f6a2f8bae704fdd2d35c8891262,0,Knowledge · Patterns · Theory,"knowledge, patterns, theory, design knowledge, pattern, research","This exploratory cluster contains 340 papers. Frequent terms include knowledge, patterns, theory, design knowledge, pattern, research. Representative papers include A conceptual framework for design science research; Towards a Method for Design Principle Development in Information Systems; Towards normal design for safety-critical systems.",0.18687409162521362,304,False,1.4090376,3.7300792,False,0,,
07eb3166d706,Design knowledge,A Typology of Knowledge Creation in Design Science Research Projects,"Chatterjee, S. (1); Bhattacherjee, A. (2); Gilb, T. (3)",,"Design Science Research for a Resilient Future: 19th International Conference on Design Science Research in Information Systems and Technology, DESRIST 2024, Proceedings. Lecture Notes in Computer Science (14621)",10.1007/978-3-031-61175-9_10,,0,Knowledge · Patterns · Theory,"knowledge, patterns, theory, design knowledge, pattern, research","This exploratory cluster contains 340 papers. Frequent terms include knowledge, patterns, theory, design knowledge, pattern, research. Representative papers include A conceptual framework for design science research; Towards a Method for Design Principle Development in Information Systems; Towards normal design for safety-critical systems.",0.09376662969589233,10,False,0.84799826,8.383714,False,0,,
0842498049c7,Design Guidelines,The Extended Likeability Framework: A Theoretical Framework for and a Practical Case of Designing Likeable Media Applications for Preschoolers,V. Abeele; B. Zaman,2008,Adv. Hum. Comput. Interact.,,https://www.semanticscholar.org/paper/e2837ac0465e8cea18f2ab5b2f9f12f874ddbe1f,-1,Noise / weak affinity,"patterns, knowledge, framework, user, learning, human",114 papers were left unassigned by the density model. They are retained as evidence of weak affinity rather than treated as an algorithm failure.,0.18877077102661133,45,False,-0.8739712,3.1630836,False,0,,
09055cc69e8c,Design Patterns,A Theoretical Model for Game Mechanics: Bridging Design Practice and Education,Rafael Marques de Albuquerque; Flávio Anthero Nunes Vianna dos Santos,2025,European Conference on Games Based Learning,,https://www.semanticscholar.org/paper/7f6e881f023b0fe5f2281893261c1c7df62ed203,0,Knowledge · Patterns · Theory,"knowledge, patterns, theory, design knowledge, pattern, research","This exploratory cluster contains 340 papers. Frequent terms include knowledge, patterns, theory, design knowledge, pattern, research. Representative papers include A conceptual framework for design science research; Towards a Method for Design Principle Development in Information Systems; Towards normal design for safety-critical systems.",0.13668209314346313,146,False,-0.64673716,2.703405,False,0,,
098637c0f9ae,Design Patterns,Pattern design in the context space: paco - a methodological framework for designing auditory display with patterns,"Frauenberger, C. and Stockman, T. and Bourguet, M. L.",2007,Proceedings of the 14th Conference on Pattern Languages of Programs,10.1145/1772070.1772091,https://doi.org/10.1145/1772070.1772091,0,Knowledge · Patterns · Theory,"knowledge, patterns, theory, design knowledge, pattern, research","This exploratory cluster contains 340 papers. Frequent terms include knowledge, patterns, theory, design knowledge, pattern, research. Representative papers include A conceptual framework for design science research; Towards a Method for Design Principle Development in Information Systems; Towards normal design for safety-critical systems.",0.17259299755096436,278,False,2.569164,3.2350044,False,0,,
098c9db1090d,Design Patterns,A semantic representation for domain-specific patterns,"Montero, S. (1); Diaz, P. (1); Aedo, I. (1)",,"Metainformatics. International Symposium, MIS 2004. Revised Selected Papers (Lecture Notes in Computer Science Vol. 3511)",,,0,Knowledge · Patterns · Theory,"knowledge, patterns, theory, design knowledge, pattern, research","This exploratory cluster contains 340 papers. Frequent terms include knowledge, patterns, theory, design knowledge, pattern, research. Representative papers include A conceptual framework for design science research; Towards a Method for Design Principle Development in Information Systems; Towards normal design for safety-critical systems.",0.14486229419708252,180,False,1.8561805,2.6742013,False,0,,
09e4195a775c,Design Patterns,BIOPHILIC DESIGN PATTERNS: Emerging Nature-Based Parameters for Health and Well-Being in the Built Environment,Catherine O. Ryan; W. Browning; Joseph Clancy; Scott L Andrews; Namita B Kallianpurkar,2014,,,https://www.semanticscholar.org/paper/f2f43cc85573cfe8f7a2770354fbea84c95e0f36,-1,Noise / weak affinity,"patterns, knowledge, framework, user, learning, human",114 papers were left unassigned by the density model. They are retained as evidence of weak affinity rather than treated as an algorithm failure.,0.19467532634735107,54,False,-0.3101649,6.219506,False,0,,
0a373ca87142,Design methods,Surveying a Landscape of Ethics-Focused Design Methods,"Chivukula, Shruthi Sai and Gray, Colin and Li, Ziqing and Pivonka, Anne C. and Chen, Jingning",2024,ACM J. Responsib. Comput.,10.1145/3678988,https://doi.org/10.1145/3678988,0,Knowledge · Patterns · Theory,"knowledge, patterns, theory, design knowledge, pattern, research","This exploratory cluster contains 340 papers. Frequent terms include knowledge, patterns, theory, design knowledge, pattern, research. Representative papers include A conceptual framework for design science research; Towards a Method for Design Principle Development in Information Systems; Towards normal design for safety-critical systems.",0.1414203643798828,169,False,0.9637144,6.3247247,False,0,,
0b35e34543e2,Design principles,Designing Artificial Identity: The Identity Design Framework and Research Agenda,"Bransky, Karla and Sweetser, Penny and Holthaus, Patrick and Laban, Guy and Winkle, Katie and Akalin, Neziha and Ashok, Ashita and Lee, Jihye and Khot, Rucha and Bejarano, Alexandra and Thijn, Jorrit and Moore, Roger K. and Jang, Minsu and Fischer, Joel E and Lee, Minha",2026,Proceedings of the 2026 Designing Interactive Systems Conference,10.1145/3800645.3812962,https://doi.org/10.1145/3800645.3812962,-1,Noise / weak affinity,"patterns, knowledge, framework, user, learning, human",114 papers were left unassigned by the density model. They are retained as evidence of weak affinity rather than treated as an algorithm failure.,0.164356529712677,10,False,1.7809966,4.953145,False,0,,
0b7e6111aa14,Design knowledge,Synthesizing a Solution Space for Prescriptive Design Knowledge Codification,"Möller, F. (1); Hansen, M.R.P. (2); Schoormann, T. (3)",,Scandinavian Journal of Information Systems,,,0,Knowledge · Patterns · Theory,"knowledge, patterns, theory, design knowledge, pattern, research","This exploratory cluster contains 340 papers. Frequent terms include knowledge, patterns, theory, design knowledge, pattern, research. Representative papers include A conceptual framework for design science research; Towards a Method for Design Principle Development in Information Systems; Towards normal design for safety-critical systems.",0.14058160781860352,164,False,1.1711946,8.46418,False,0,,
0bca44c18d6c,Design theory,"Tinkering, tailoring, and bricolage: Implications for theories of Design","Hovorka, Dirk S. (1); Germonprez, Matt (2)",2009,"15th Americas Conference on Information Systems 2009, AMCIS 2009",,,0,Knowledge · Patterns · Theory,"knowledge, patterns, theory, design knowledge, pattern, research","This exploratory cluster contains 340 papers. Frequent terms include knowledge, patterns, theory, design knowledge, pattern, research. Representative papers include A conceptual framework for design science research; Towards a Method for Design Principle Development in Information Systems; Towards normal design for safety-critical systems.",0.1233971118927002,87,False,-0.77419,7.174964,False,0,,
0cbc36913472,Design Heuristics,Dialogue Appropriate to Assistive Technology Product Design: A Taxonomy of Communication Formats in Relation to Modes of Sensory Perception,"Torrens, G.E. (1)",,"She Ji: The Journal of Design, Economics, and Innovation",10.1016/j.sheji.2018.01.001,,0,Knowledge · Patterns · Theory,"knowledge, patterns, theory, design knowledge, pattern, research","This exploratory cluster contains 340 papers. Frequent terms include knowledge, patterns, theory, design knowledge, pattern, research. Representative papers include A conceptual framework for design science research; Towards a Method for Design Principle Development in Information Systems; Towards normal design for safety-critical systems.",0.15573716163635254,225,False,1.8071332,5.9926605,False,0,,
0e02199ea150,Design theory,The Inspiration of Design Affairology to Hcd in Post Humanism Era,Bai Yu,2021,International Journal of Frontiers in Sociology,,https://www.semanticscholar.org/paper/f10d15a36e1a2d6f31eb975c6a8223f94685740f,-1,Noise / weak affinity,"patterns, knowledge, framework, user, learning, human",114 papers were left unassigned by the density model. They are retained as evidence of weak affinity rather than treated as an algorithm failure.,0.23381781578063965,98,False,2.1025527,6.2308083,False,0,,
0ecb6c9b7eeb,Design theory,Pluralism in Knowledge Management: a Review,"Sheffield, J. (1)",,Electronic Journal of Knowledge Management,,,-1,Noise / weak affinity,"patterns, knowledge, framework, user, learning, human",114 papers were left unassigned by the density model. They are retained as evidence of weak affinity rather than treated as an algorithm failure.,0.229284405708313,96,False,1.0429521,8.843875,False,0,,
0ef759265f23,Design Guidelines,The equitable use concept in sidewalk design,Mahdi Aghaabbasi; M. Moeinaddini; Zohreh Asadi-Shekari; M. Z. Shah,2019,Cities,,https://www.semanticscholar.org/paper/5a686e01a536a318c32f70e8b1eb114fd34c05de,-1,Noise / weak affinity,"patterns, knowledge, framework, user, learning, human",114 papers were left unassigned by the density model. They are retained as evidence of weak affinity rather than treated as an algorithm failure.,0.20987695455551147,77,False,1.8045979,5.871697,False,0,,
103eb1a8586b,Design theory,Incommensurability and multi-paradigm grounding in design science research: Implications for creating knowledge,"Hovorka, Dirk S. (1)",2010,IFIP Advances in Information and Communication Technology,10.1007/978-3-642-12113-5_2,,0,Knowledge · Patterns · Theory,"knowledge, patterns, theory, design knowledge, pattern, research","This exploratory cluster contains 340 papers. Frequent terms include knowledge, patterns, theory, design knowledge, pattern, research. Representative papers include A conceptual framework for design science research; Towards a Method for Design Principle Development in Information Systems; Towards normal design for safety-critical systems.",0.1166144609451294,65,False,0.28685963,8.408928,False,0,,
114973fd100e,Design knowledge,Identification and management of the near-field knowledge of industrial design for innovative product shapes,JinTao He (1); Qian Yang (1); MengYa Zhu (1),,Advances in Mechanical Engineering,10.1177/1687814018816574,,0,Knowledge · Patterns · Theory,"knowledge, patterns, theory, design knowledge, pattern, research","This exploratory cluster contains 340 papers. Frequent terms include knowledge, patterns, theory, design knowledge, pattern, research. Representative papers include A conceptual framework for design science research; Towards a Method for Design Principle Development in Information Systems; Towards normal design for safety-critical systems.",0.17445051670074463,284,False,1.72477,8.247021,False,0,,
1151f6830f77,Design Patterns,Design patterns in intelligent systems,"Peters, J.F. (1)",,"Foundations of Intelligent Systems. 14th International Symposium, ISMIS 2003. Proceedings (Lecture Notes in Artificial Intelligence Vol.2871)",,,0,Knowledge · Patterns · Theory,"knowledge, patterns, theory, design knowledge, pattern, research","This exploratory cluster contains 340 papers. Frequent terms include knowledge, patterns, theory, design knowledge, pattern, research. Representative papers include A conceptual framework for design science research; Towards a Method for Design Principle Development in Information Systems; Towards normal design for safety-critical systems.",0.13605576753616333,143,False,1.7105019,3.5969067,False,0,,
12568f76ff90,Design rationale,Patterns or claims: do they help in communicating design advice?,"Abraham, George and Atwood, Michael E.",2009,Proceedings of the 21st Annual Conference of the Australian Computer-Human Interaction Special Interest Group: Design: Open 24/7,10.1145/1738826.1738831,https://doi.org/10.1145/1738826.1738831,0,Knowledge · Patterns · Theory,"knowledge, patterns, theory, design knowledge, pattern, research","This exploratory cluster contains 340 papers. Frequent terms include knowledge, patterns, theory, design knowledge, pattern, research. Representative papers include A conceptual framework for design science research; Towards a Method for Design Principle Development in Information Systems; Towards normal design for safety-critical systems.",0.1506749391555786,199,False,2.5387518,2.9038413,False,0,,
139a1e71d8dc,Design Guidelines,Separation of Modeling Principles and Design Principles in Enterprise Engineering,Tetsuya Suga; Peter De Bruyn; Philip Huysmans; J. Verelst; H. Mannaert,2016,The Practice of Enterprise Modeling,,https://www.semanticscholar.org/paper/05ace0f237feda9c4e4dd78cdc60b3dd91738543,0,Knowledge · Patterns · Theory,"knowledge, patterns, theory, design knowledge, pattern, research","This exploratory cluster contains 340 papers. Frequent terms include knowledge, patterns, theory, design knowledge, pattern, research. Representative papers include A conceptual framework for design science research; Towards a Method for Design Principle Development in Information Systems; Towards normal design for safety-critical systems.",0.15092283487319946,200,False,0.39259458,6.0088134,False,0,,
1416cd2b88de,Design methods,Cross-disciplinary system value overview towards value-oriented design,Emilia Lavi; Y. Reich,2023,Research in Engineering Design,,https://www.semanticscholar.org/paper/e973cd46b42f3c987ddf80186b3d6c1ba79263b4,0,Knowledge · Patterns · Theory,"knowledge, patterns, theory, design knowledge, pattern, research","This exploratory cluster contains 340 papers. Frequent terms include knowledge, patterns, theory, design knowledge, pattern, research. Representative papers include A conceptual framework for design science research; Towards a Method for Design Principle Development in Information Systems; Towards normal design for safety-critical systems.",0.17568325996398926,286,False,0.7976479,6.2367735,False,0,,
141f85abba0a,Design theory,How to Define Design in Industrial Control and Automation Software,Aydin Homay,2025,arXiv.org,,https://www.semanticscholar.org/paper/cbb4104ae7d335b7082069b705d473ed76b53b60,0,Knowledge · Patterns · Theory,"knowledge, patterns, theory, design knowledge, pattern, research","This exploratory cluster contains 340 papers. Frequent terms include knowledge, patterns, theory, design knowledge, pattern, research. Representative papers include A conceptual framework for design science research; Towards a Method for Design Principle Development in Information Systems; Towards normal design for safety-critical systems.",0.11582756042480469,64,False,0.34989437,6.221203,False,0,,
1445730be68b,Design principles,A problem-based approach to the advancement of heuristics for socio-technical evaluation,"Herrmann, T. (1); Jahnke, I. (2); Nolte, A. (3, 4)",,Behaviour & Information Technology,10.1080/0144929X.2021.1972157,,0,Knowledge · Patterns · Theory,"knowledge, patterns, theory, design knowledge, pattern, research","This exploratory cluster contains 340 papers. Frequent terms include knowledge, patterns, theory, design knowledge, pattern, research. Representative papers include A conceptual framework for design science research; Towards a Method for Design Principle Development in Information Systems; Towards normal design for safety-critical systems.",0.17290985584259033,279,False,3.4925673,6.582068,False,0,,
14dcaf15aa66,Design Guidelines,Terminologia kohtaa käytettävyyden. Terminologisen käytettävyyden ydintä rakentamassa,Suvi Isohella; Anita Nuopponen,2016,VAKKI Publications,,https://www.semanticscholar.org/paper/11c6a0fa8fc166972194899f747f6bd2d3e40b34,-1,Noise / weak affinity,"patterns, knowledge, framework, user, learning, human",114 papers were left unassigned by the density model. They are retained as evidence of weak affinity rather than treated as an algorithm failure.,0.17343461513519287,17,False,1.8739604,4.438846,False,0,,
16b7f7939f93,Design rationale,Characterizing Design Rationales Using Computational Linguistics and Human Evaluations,"Mirabito, Yakira (1); Liu, Xiaowen (2); Goucher-Lambert, Kosa (1)",2025,Journal of Mechanical Design,10.1115/1.4069232,,0,Knowledge · Patterns · Theory,"knowledge, patterns, theory, design knowledge, pattern, research","This exploratory cluster contains 340 papers. Frequent terms include knowledge, patterns, theory, design knowledge, pattern, research. Representative papers include A conceptual framework for design science research; Towards a Method for Design Principle Development in Information Systems; Towards normal design for safety-critical systems.",0.1680433750152588,260,False,-0.7842882,5.284461,False,0,,
1728dd2afe4b,Design theory,Design theory in practice – Making design science research more transparent,"Piirainen, Kalle A. (1, 2); Briggs, Robert O. (3)",2011,Lecture Notes in Computer Science (including subseries Lecture Notes in Artificial Intelligence and Lecture Notes in Bioinformatics),10.1007/978-3-642-20633-7_4,,0,Knowledge · Patterns · Theory,"knowledge, patterns, theory, design knowledge, pattern, research","This exploratory cluster contains 340 papers. Frequent terms include knowledge, patterns, theory, design knowledge, pattern, research. Representative papers include A conceptual framework for design science research; Towards a Method for Design Principle Development in Information Systems; Towards normal design for safety-critical systems.",0.12929338216781616,111,False,0.10504968,8.364037,False,0,,
18d57211cb40,Design knowledge,Object oriented design knowledge: ontology and measurement of impact,"Garzas, J. (1); Piattini, M.",,"Object-Oriented Information Systems. 8th International Conference, OOIS 2002. Proceedings (Lecture Notes in Computer Science Vol.2425)",,,-1,Noise / weak affinity,"patterns, knowledge, framework, user, learning, human",114 papers were left unassigned by the density model. They are retained as evidence of weak affinity rather than treated as an algorithm failure.,0.2508162260055542,110,False,1.4487289,7.606774,False,0,,
19dd6ec0253e,Design knowledge,A principle-based philosophical framework for fashion design praxis and education in new design landscapes,"Harvey, N. (1); Ankiewicz, P. (2)",,International Journal of Technology and Design Education,10.1007/s10798-022-09794-7,,0,Knowledge · Patterns · Theory,"knowledge, patterns, theory, design knowledge, pattern, research","This exploratory cluster contains 340 papers. Frequent terms include knowledge, patterns, theory, design knowledge, pattern, research. Representative papers include A conceptual framework for design science research; Towards a Method for Design Principle Development in Information Systems; Towards normal design for safety-critical systems.",0.13384366035461426,127,False,0.19403288,7.2921805,False,0,,
1c04ffa25528,Design methods,The implications of improvisational acting and role-playing on design methodologies,"Medler, Ben and Magerko, Brian",2010,Proceedings of the SIGCHI Conference on Human Factors in Computing Systems,10.1145/1753326.1753398,https://doi.org/10.1145/1753326.1753398,-1,Noise / weak affinity,"patterns, knowledge, framework, user, learning, human",114 papers were left unassigned by the density model. They are retained as evidence of weak affinity rather than treated as an algorithm failure.,0.1898619532585144,48,False,-0.12065729,3.3489797,False,0,,
1c7fa3f7d73a,Design knowledge,A theoretical framework for the studio as a learning environment,"Brandt, Carol B. (1); Cennamo, Katherine (2); Douglas, Sarah (3); Vernon, Mitzi (4); McGrath, Margarita (5); Reimer, Yolanda (6)",2013,International Journal of Technology and Design Education,10.1007/s10798-011-9181-5,,0,Knowledge · Patterns · Theory,"knowledge, patterns, theory, design knowledge, pattern, research","This exploratory cluster contains 340 papers. Frequent terms include knowledge, patterns, theory, design knowledge, pattern, research. Representative papers include A conceptual framework for design science research; Towards a Method for Design Principle Development in Information Systems; Towards normal design for safety-critical systems.",0.15296930074691772,211,False,3.6689699,4.4915695,False,0,,
1d033f71eb02,Design Rules,"Soft, Flexible, and Stretchable Platforms for Tissue-Interfaced Bioelectronics",Kento Yamagishi; Sunghoon Lee; Tomoyuki Yokota; Takao Someya,2026,Advancement of science,,https://www.semanticscholar.org/paper/c3374b7851bf707048b3359556ab8226b87eea9d,-1,Noise / weak affinity,"patterns, knowledge, framework, user, learning, human",114 papers were left unassigned by the density model. They are retained as evidence of weak affinity rather than treated as an algorithm failure.,0.24108487367630005,101,False,1.581973,4.280464,False,0,,
1e7ab64c6cf9,Design frameworks,Commentary: Strength-based co-design that EMPOWERs – Lessons from codesigning with older adults,Bernardo Figueiredo; T. Aleti; Diane M. Martin; Mike Reid; Jacob Sheahan; Larissa Hjorth,2023,Journal of Services Marketing,,https://www.semanticscholar.org/paper/66872f88e4301696a2c140413d0072fc0e04dd88,0,Knowledge · Patterns · Theory,"knowledge, patterns, theory, design knowledge, pattern, research","This exploratory cluster contains 340 papers. Frequent terms include knowledge, patterns, theory, design knowledge, pattern, research. Representative papers include A conceptual framework for design science research; Towards a Method for Design Principle Development in Information Systems; Towards normal design for safety-critical systems.",0.19630366563796997,316,False,1.8227082,6.273385,False,0,,
1e8f1494fc78,Design theory,Collaboration Engineering Methodology: Horizontal Extension to Accommodate Project and Program Concerns,Nils L. Randrup; R. Briggs,2017,Hawaii International Conference on System Sciences,,https://www.semanticscholar.org/paper/fe77a2730aafcb45ea2ce433da64b4122ef0b7ed,-1,Noise / weak affinity,"patterns, knowledge, framework, user, learning, human",114 papers were left unassigned by the density model. They are retained as evidence of weak affinity rather than treated as an algorithm failure.,0.19687438011169434,59,False,0.96483606,4.7842293,False,0,,
1fda49b32463,Design Patterns,A Pattern-Oriented Approach to a Methodical Evaluation of Modeling Methods,M. Amberg,1996,Australasian Journal of Information Systems,,https://www.semanticscholar.org/paper/5e199da79d0144ff9979ccc095e49b10504d7504,0,Knowledge · Patterns · Theory,"knowledge, patterns, theory, design knowledge, pattern, research","This exploratory cluster contains 340 papers. Frequent terms include knowledge, patterns, theory, design knowledge, pattern, research. Representative papers include A conceptual framework for design science research; Towards a Method for Design Principle Development in Information Systems; Towards normal design for safety-critical systems.",0.1527622938156128,210,False,1.006275,5.56563,False,0,,
2042efa7e455,Design knowledge,The DSR grid: six core dimensions for effectively planning and communicating design science research projects,J. Brocke; A. Maedche,2019,Electronic Markets,,https://www.semanticscholar.org/paper/b4891a8c14bc74a60e95cce3915a3efae59ff889,0,Knowledge · Patterns · Theory,"knowledge, patterns, theory, design knowledge, pattern, research","This exploratory cluster contains 340 papers. Frequent terms include knowledge, patterns, theory, design knowledge, pattern, research. Representative papers include A conceptual framework for design science research; Towards a Method for Design Principle Development in Information Systems; Towards normal design for safety-critical systems.",0.18269306421279907,298,False,0.49527046,8.643992,False,0,,
20f56bbbd10c,Design theory,2. Interstitial Design Processes: How Design Thinking and Social Design Processes Bridge Theory and Practice in TPC Pedagogy,L. Lane,2020,"Effective Teaching of Technical Communication: Theory, Practice, and Application",,https://www.semanticscholar.org/paper/6df8482c73b59f082fea220e6f8aebb62906723a,0,Knowledge · Patterns · Theory,"knowledge, patterns, theory, design knowledge, pattern, research","This exploratory cluster contains 340 papers. Frequent terms include knowledge, patterns, theory, design knowledge, pattern, research. Representative papers include A conceptual framework for design science research; Towards a Method for Design Principle Development in Information Systems; Towards normal design for safety-critical systems.",0.16508781909942627,253,False,3.5673683,4.4099855,False,0,,
215d4603e3c7,Design methods,A case study of the extension of floorplan flexibility using sector margins,Marie Kim; C. Yoon,2020,,,https://www.semanticscholar.org/paper/9fc959bade7102e255548fbbb86b7e325126e9fd,-1,Noise / weak affinity,"patterns, knowledge, framework, user, learning, human",114 papers were left unassigned by the density model. They are retained as evidence of weak affinity rather than treated as an algorithm failure.,0.24904334545135498,109,False,1.6716815,4.1897187,False,0,,
2280b868ea5f,Design principles,Form and Function: Toward a Better Understanding of Design-Based Games,"Sullivan, Anne and Stanfill, Mel and Salter, Anastasia and Wardrip-Fruin, Noah",2025,Proceedings of the 20th International Conference on the Foundations of Digital Games,10.1145/3723498.3723814,https://doi.org/10.1145/3723498.3723814,0,Knowledge · Patterns · Theory,"knowledge, patterns, theory, design knowledge, pattern, research","This exploratory cluster contains 340 papers. Frequent terms include knowledge, patterns, theory, design knowledge, pattern, research. Representative papers include A conceptual framework for design science research; Towards a Method for Design Principle Development in Information Systems; Towards normal design for safety-critical systems.",0.14858543872833252,195,False,-0.6970195,2.7600715,False,0,,
232abf4e9e91,Design theory,The Conceptual Design of Mechanical Products,Ambrose Edward Irudayaraj; V. Anbumalar,2022,Periodico,,https://www.semanticscholar.org/paper/0397508218bbb477dc15863a74245d3c12b1eb0e,0,Knowledge · Patterns · Theory,"knowledge, patterns, theory, design knowledge, pattern, research","This exploratory cluster contains 340 papers. Frequent terms include knowledge, patterns, theory, design knowledge, pattern, research. Representative papers include A conceptual framework for design science research; Towards a Method for Design Principle Development in Information Systems; Towards normal design for safety-critical systems.",0.13649284839630127,145,False,0.36205986,5.5684147,False,0,,
242644458c6e,Design Patterns,A pattern approach to interaction design,"Horchers, Jan O. (1, 2)",2001,AI and Society,10.1007/bf01206115,,0,Knowledge · Patterns · Theory,"knowledge, patterns, theory, design knowledge, pattern, research","This exploratory cluster contains 340 papers. Frequent terms include knowledge, patterns, theory, design knowledge, pattern, research. Representative papers include A conceptual framework for design science research; Towards a Method for Design Principle Development in Information Systems; Towards normal design for safety-critical systems.",0.10439229011535645,34,False,2.6098711,3.3772354,False,0,,
268903a30da5,Design frameworks,Systematic Review of Systemic Design Frameworks for Complex Challenges,Skye Smith; Eleni Kalantidou,2025,Strategic Design Research Journal,,https://www.semanticscholar.org/paper/0ad5afc83d67ef0110cda1d9f605336b53447b1a,0,Knowledge · Patterns · Theory,"knowledge, patterns, theory, design knowledge, pattern, research","This exploratory cluster contains 340 papers. Frequent terms include knowledge, patterns, theory, design knowledge, pattern, research. Representative papers include A conceptual framework for design science research; Towards a Method for Design Principle Development in Information Systems; Towards normal design for safety-critical systems.",0.10130453109741211,24,False,0.60077775,6.1787906,False,0,,
287b2d823523,Design Patterns,Architecture pattern organization,"Kapadia, Riaz (1); Sarkar, Santonu (1); Modi, Reva (1)",2004,"Proceedings of the International Conference on Software Engineering Research and Practice, SERP'04",,,0,Knowledge · Patterns · Theory,"knowledge, patterns, theory, design knowledge, pattern, research","This exploratory cluster contains 340 papers. Frequent terms include knowledge, patterns, theory, design knowledge, pattern, research. Representative papers include A conceptual framework for design science research; Towards a Method for Design Principle Development in Information Systems; Towards normal design for safety-critical systems.",0.15125131607055664,201,False,2.0658238,3.0544465,False,0,,
288676f720a1,Design theory,A design theory for digital platforms supporting online communities: a multiple case study,P. Spagnoletti; A. Resca; Gwanhoo Lee,2015,Journal of Information and Technology,,https://www.semanticscholar.org/paper/e0e64fb553b44ffc85c79f32f7fa53c7f7583af4,0,Knowledge · Patterns · Theory,"knowledge, patterns, theory, design knowledge, pattern, research","This exploratory cluster contains 340 papers. Frequent terms include knowledge, patterns, theory, design knowledge, pattern, research. Representative papers include A conceptual framework for design science research; Towards a Method for Design Principle Development in Information Systems; Towards normal design for safety-critical systems.",0.16816580295562744,261,False,-1.0987172,6.329934,False,0,,
296e021afe91,Design rationale,A generic model for reflective design,"Louridas, Panagiotis and Loucopoulos, Pericles",2000,ACM Trans. Softw. Eng. Methodol.,10.1145/350887.350895,https://doi.org/10.1145/350887.350895,0,Knowledge · Patterns · Theory,"knowledge, patterns, theory, design knowledge, pattern, research","This exploratory cluster contains 340 papers. Frequent terms include knowledge, patterns, theory, design knowledge, pattern, research. Representative papers include A conceptual framework for design science research; Towards a Method for Design Principle Development in Information Systems; Towards normal design for safety-critical systems.",0.09692049026489258,16,False,-0.38300142,5.725242,False,0,,
29a8891f4c02,Design knowledge,The Need for Design Cases: Disseminating Design Knowledge,E. Boling,2010,,,https://www.semanticscholar.org/paper/b924e7e2da2b5dfae02528ebbb53b209e8077c32,0,Knowledge · Patterns · Theory,"knowledge, patterns, theory, design knowledge, pattern, research","This exploratory cluster contains 340 papers. Frequent terms include knowledge, patterns, theory, design knowledge, pattern, research. Representative papers include A conceptual framework for design science research; Towards a Method for Design Principle Development in Information Systems; Towards normal design for safety-critical systems.",0.11896669864654541,73,False,0.7923249,7.387851,False,0,,
2a22a314dcfb,Design Rules,Studying Software Architecture Through Design Spaces and Rules,"Lane, T. G.",Nov 1990,,,,0,Knowledge · Patterns · Theory,"knowledge, patterns, theory, design knowledge, pattern, research","This exploratory cluster contains 340 papers. Frequent terms include knowledge, patterns, theory, design knowledge, pattern, research. Representative papers include A conceptual framework for design science research; Towards a Method for Design Principle Development in Information Systems; Towards normal design for safety-critical systems.",0.10573512315750122,38,False,1.7174207,4.2394814,False,0,,
2a3139d14895,Design knowledge,What is design knowledge from the viewpoint of CPM/PDD?,"Conrad, J. (1); Köhler, C. (1); Wanke, S. (1); Weber, C. (1)",2008,"Proceedings DESIGN 2008, the 10th International Design Conference",,,0,Knowledge · Patterns · Theory,"knowledge, patterns, theory, design knowledge, pattern, research","This exploratory cluster contains 340 papers. Frequent terms include knowledge, patterns, theory, design knowledge, pattern, research. Representative papers include A conceptual framework for design science research; Towards a Method for Design Principle Development in Information Systems; Towards normal design for safety-critical systems.",0.16968154907226562,268,False,1.6303116,8.254926,False,0,,
2ba0daf07e8e,Design principles,Engineering design principles as patterns of relationships in frame creation,"Rodriguez, J.B. (1); Benavides, E.M. (1)",,Research in Engineering Design,10.1007/s00163-021-00362-z,,0,Knowledge · Patterns · Theory,"knowledge, patterns, theory, design knowledge, pattern, research","This exploratory cluster contains 340 papers. Frequent terms include knowledge, patterns, theory, design knowledge, pattern, research. Representative papers include A conceptual framework for design science research; Towards a Method for Design Principle Development in Information Systems; Towards normal design for safety-critical systems.",0.1535022258758545,215,False,0.24478102,6.687984,False,0,,
2c8a6e74557f,Design theory,"The tacit knowledge of entrepreneurial design: Interrelating theory, practice and prescription in entrepreneurship research",P. Selden; D. Fletcher,2019,Journal of Business Venturing Insights,,https://www.semanticscholar.org/paper/befeef12bbd0366a0c81034c7f964b82b76b220f,0,Knowledge · Patterns · Theory,"knowledge, patterns, theory, design knowledge, pattern, research","This exploratory cluster contains 340 papers. Frequent terms include knowledge, patterns, theory, design knowledge, pattern, research. Representative papers include A conceptual framework for design science research; Towards a Method for Design Principle Development in Information Systems; Towards normal design for safety-critical systems.",0.17783749103546143,290,False,1.9231046,8.51824,False,0,,
2efb92894924,Design Patterns,Particles of a Whole: Design Patterns for Transparent and Auditable AI-Systems,"Fa\ssbender, Judith",2021,Adjunct Proceedings of the 2021 ACM International Joint Conference on Pervasive and Ubiquitous Computing and Proceedings of the 2021 ACM International Symposium on Wearable Computers,10.1145/3460418.3479345,https://doi.org/10.1145/3460418.3479345,0,Knowledge · Patterns · Theory,"knowledge, patterns, theory, design knowledge, pattern, research","This exploratory cluster contains 340 papers. Frequent terms include knowledge, patterns, theory, design knowledge, pattern, research. Representative papers include A conceptual framework for design science research; Towards a Method for Design Principle Development in Information Systems; Towards normal design for safety-critical systems.",0.1676551103591919,258,False,1.7626565,3.986974,False,0,,
2faef10b819d,Design theory,A design theory for software engineering,Jon G. Hall; L. Rapanotti,2017,Information and Software Technology,,https://www.semanticscholar.org/paper/01d6dabb554091dd3a9d65f13a80ead9b166bd79,0,Knowledge · Patterns · Theory,"knowledge, patterns, theory, design knowledge, pattern, research","This exploratory cluster contains 340 papers. Frequent terms include knowledge, patterns, theory, design knowledge, pattern, research. Representative papers include A conceptual framework for design science research; Towards a Method for Design Principle Development in Information Systems; Towards normal design for safety-critical systems.",0.10343772172927856,29,False,-0.51706606,6.6319427,False,0,,
3058799f63c1,Design knowledge,Using Schema to Inform Method Design Practices,"Chivukula, Shruthi Sai (1); Gray, Colin M. (2)",2024,arXiv,10.48550/arXiv.2405.00901,,0,Knowledge · Patterns · Theory,"knowledge, patterns, theory, design knowledge, pattern, research","This exploratory cluster contains 340 papers. Frequent terms include knowledge, patterns, theory, design knowledge, pattern, research. Representative papers include A conceptual framework for design science research; Towards a Method for Design Principle Development in Information Systems; Towards normal design for safety-critical systems.",0.13434481620788574,131,False,0.9017568,6.15407,False,0,,
31bdafb1fc73,Design principles,Explainable Medical Imaging AI Needs Human-Centered Design: Guidelines and Evidence from a Systematic Review,"Chen, Haomin (1); Gomez, Catalina (1); Huang, Chien-Ming (1); Unberath, Mathias (1)",2021,arXiv,,,-1,Noise / weak affinity,"patterns, knowledge, framework, user, learning, human",114 papers were left unassigned by the density model. They are retained as evidence of weak affinity rather than treated as an algorithm failure.,0.17923814058303833,30,False,1.5365587,4.758068,False,0,,
3269f651fd9c,Design Patterns,"Designing AI-Enabled Engineering Courses: E-AIP Framework for Learning Outcomes, Process Evidence, and Integrity",Abdullah Khataan; G. Bapat; S. Rahaman; Anuj Kumar,2025,Int. J. Eng. Pedagog.,,https://www.semanticscholar.org/paper/2ab5c1476d21b2dedf95b4e208bae1ed432bf6b2,-1,Noise / weak affinity,"patterns, knowledge, framework, user, learning, human",114 papers were left unassigned by the density model. They are retained as evidence of weak affinity rather than treated as an algorithm failure.,0.15382182598114014,3,True,1.2023383,4.529525,False,0,,
33444d31c6dc,Design knowledge,A design theory for visual inquiry tools,"Avdiji, Hazbi (1); Elikan, Dina (2); Missonier, Stephanie (2); Pigneur, Yves (2)",2020,Journal of the Association for Information Systems,10.17705/1jais.00617,,0,Knowledge · Patterns · Theory,"knowledge, patterns, theory, design knowledge, pattern, research","This exploratory cluster contains 340 papers. Frequent terms include knowledge, patterns, theory, design knowledge, pattern, research. Representative papers include A conceptual framework for design science research; Towards a Method for Design Principle Development in Information Systems; Towards normal design for safety-critical systems.",0.125282883644104,95,False,-0.010927958,7.0865445,False,0,,
3524dd73bb30,Design Patterns,Design Patterns of Biological Cells,Steven S. Andrews; H. Wiley; Herbert M. Sauro,2024,Bioessays,,https://www.semanticscholar.org/paper/f26d25a6933311f0177bd3d7b18af01927b69ba8,0,Knowledge · Patterns · Theory,"knowledge, patterns, theory, design knowledge, pattern, research","This exploratory cluster contains 340 papers. Frequent terms include knowledge, patterns, theory, design knowledge, pattern, research. Representative papers include A conceptual framework for design science research; Towards a Method for Design Principle Development in Information Systems; Towards normal design for safety-critical systems.",0.2060266137123108,324,False,1.4417964,3.8890803,False,0,,
35874d939f8d,Design Patterns,"Patterns, anticipation and participatory futures",R. Puzio; Paola Ricaurte; Charles Jeffrey Danoff; Charlotte Pierce; Analua Dutka-Chirichetti; Vitor Bruno; H. Cintra; J. Corneli,2020,arXiv.org,,https://www.semanticscholar.org/paper/d906be0109cf9b217d62a8aff8e74aa2173985ee,0,Knowledge · Patterns · Theory,"knowledge, patterns, theory, design knowledge, pattern, research","This exploratory cluster contains 340 papers. Frequent terms include knowledge, patterns, theory, design knowledge, pattern, research. Representative papers include A conceptual framework for design science research; Towards a Method for Design Principle Development in Information Systems; Towards normal design for safety-critical systems.",0.13515806198120117,137,False,2.8904781,3.3133216,False,0,,
363ca9685308,Design theory,Cognitive Architecture and Instructional Design: 20 Years Later,J. Sweller; J. V. van Merriënboer; F. Paas,2019,Educational Psychology Review,,https://www.semanticscholar.org/paper/e28d73214751d51c3f46a867920be41c49c45130,-1,Noise / weak affinity,"patterns, knowledge, framework, user, learning, human",114 papers were left unassigned by the density model. They are retained as evidence of weak affinity rather than treated as an algorithm failure.,0.1811070442199707,33,False,0.9491178,4.781493,False,0,,
368e4036648e,Design Patterns,From Directional Stimuli to Prompt Architectures: Documenting the Practice of Meta-Prompting,D. Ligot,2026,Social Science Research Network,,https://www.semanticscholar.org/paper/cc6622c7b5aec35fb3b4174aa730a28c6c5c0844,-1,Noise / weak affinity,"patterns, knowledge, framework, user, learning, human",114 papers were left unassigned by the density model. They are retained as evidence of weak affinity rather than treated as an algorithm failure.,0.18909746408462524,46,False,0.9360357,4.258403,False,0,,
38f057747444,Design knowledge,Reusable design: A proposed approach to Public Health Informatics system design,B. Reeder; Rebecca A. Hills; G. Demiris; D. Revere; Jamie Pina,2011,BMC Public Health,,https://www.semanticscholar.org/paper/9c8b1c67ac970533f6aee74d608749c545113cdd,0,Knowledge · Patterns · Theory,"knowledge, patterns, theory, design knowledge, pattern, research","This exploratory cluster contains 340 papers. Frequent terms include knowledge, patterns, theory, design knowledge, pattern, research. Representative papers include A conceptual framework for design science research; Towards a Method for Design Principle Development in Information Systems; Towards normal design for safety-critical systems.",0.1791214942932129,292,False,1.5169207,6.0751357,False,0,,
39fee30eb03c,Design knowledge,Cutting Cubes Out of Fog: The Whole View of Design,P. Whitney; André Nogueira,2020,"She Ji: The Journal of Design, Economics and Innovation",,https://www.semanticscholar.org/paper/435277a3e5471ed7631d518071836b93944925b0,0,Knowledge · Patterns · Theory,"knowledge, patterns, theory, design knowledge, pattern, research","This exploratory cluster contains 340 papers. Frequent terms include knowledge, patterns, theory, design knowledge, pattern, research. Representative papers include A conceptual framework for design science research; Towards a Method for Design Principle Development in Information Systems; Towards normal design for safety-critical systems.",0.10652995109558105,42,False,1.714278,6.316186,False,0,,
3a87795ac48c,Design Patterns,Framework for Designing and Evaluating Game Achievements,Juho Hamari; V. Eranti,2011,DiGRA Conference,,https://www.semanticscholar.org/paper/4de775e4ffb6e1457af1e816baaa8c99cc4a0def,0,Knowledge · Patterns · Theory,"knowledge, patterns, theory, design knowledge, pattern, research","This exploratory cluster contains 340 papers. Frequent terms include knowledge, patterns, theory, design knowledge, pattern, research. Representative papers include A conceptual framework for design science research; Towards a Method for Design Principle Development in Information Systems; Towards normal design for safety-critical systems.",0.21018320322036743,329,False,-0.92254645,2.878659,False,0,,
3f7b5dc9fc40,Design theory,Concerning the Epistemology of Design: The Role of the Eco-Cognitive Model of Abduction in Pragmatism,Alger Sans Pinillos; A. Estany,2023,Philosophies,,https://www.semanticscholar.org/paper/7e135cc8cc3f2977f008136b33bf88e38576edcc,0,Knowledge · Patterns · Theory,"knowledge, patterns, theory, design knowledge, pattern, research","This exploratory cluster contains 340 papers. Frequent terms include knowledge, patterns, theory, design knowledge, pattern, research. Representative papers include A conceptual framework for design science research; Towards a Method for Design Principle Development in Information Systems; Towards normal design for safety-critical systems.",0.16053366661071777,239,False,-0.046118848,8.010567,False,0,,
4000c6073b5d,Design Patterns,Design Principles for Internal Domain-Specific Languages: A Pattern Catalog Illustrated by Ruby,S. Günther,2013,,,https://www.semanticscholar.org/paper/f87e9b8e062bd9dbd0d055a23d6168ba5f260157,0,Knowledge · Patterns · Theory,"knowledge, patterns, theory, design knowledge, pattern, research","This exploratory cluster contains 340 papers. Frequent terms include knowledge, patterns, theory, design knowledge, pattern, research. Representative papers include A conceptual framework for design science research; Towards a Method for Design Principle Development in Information Systems; Towards normal design for safety-critical systems.",0.19570744037628174,314,False,1.5634447,2.8088253,False,0,,
40034332988c,Design rationale,Redesigning the rationale for design rationale,"Atwood, Michael E. (1); Horner, John (1)",2007,Lecture Notes in Computer Science (including subseries Lecture Notes in Artificial Intelligence and Lecture Notes in Bioinformatics),10.1007/978-3-540-73105-4_2,,0,Knowledge · Patterns · Theory,"knowledge, patterns, theory, design knowledge, pattern, research","This exploratory cluster contains 340 papers. Frequent terms include knowledge, patterns, theory, design knowledge, pattern, research. Representative papers include A conceptual framework for design science research; Towards a Method for Design Principle Development in Information Systems; Towards normal design for safety-critical systems.",0.11408412456512451,56,False,-0.7694536,5.575896,False,0,,
4025e28730c1,Design theory,Conceptual foundations of design problem solving,"Smith, G.F. (1); Browne, G.J.",,"IEEE Transactions on Systems, Man and Cybernetics",10.1109/21.260655,,0,Knowledge · Patterns · Theory,"knowledge, patterns, theory, design knowledge, pattern, research","This exploratory cluster contains 340 papers. Frequent terms include knowledge, patterns, theory, design knowledge, pattern, research. Representative papers include A conceptual framework for design science research; Towards a Method for Design Principle Development in Information Systems; Towards normal design for safety-critical systems.",0.08649826049804688,5,False,0.37976095,6.3395576,False,0,,
40668e23fbab,Design knowledge,Dimensions of knowledge in prototyping: A review and characterisation of prototyping methods and their contributions to design knowledge,"Real, Ricardo (1); C., Snider; M., Goudswaard; B., Hicks",2021,Proceedings of the Design Society,10.1017/pds.2021.130,,0,Knowledge · Patterns · Theory,"knowledge, patterns, theory, design knowledge, pattern, research","This exploratory cluster contains 340 papers. Frequent terms include knowledge, patterns, theory, design knowledge, pattern, research. Representative papers include A conceptual framework for design science research; Towards a Method for Design Principle Development in Information Systems; Towards normal design for safety-critical systems.",0.1655256152153015,254,False,1.4821984,8.118656,False,0,,
40a2d86cd488,Design methods,Elements of a design method - a basis for describing and evaluating design methods,"Gericke, K. (1); Eckert, C. (2); Stacey, M. (3)",,Design Science,10.1017/dsj.2022.23,,0,Knowledge · Patterns · Theory,"knowledge, patterns, theory, design knowledge, pattern, research","This exploratory cluster contains 340 papers. Frequent terms include knowledge, patterns, theory, design knowledge, pattern, research. Representative papers include A conceptual framework for design science research; Towards a Method for Design Principle Development in Information Systems; Towards normal design for safety-critical systems.",0.11302614212036133,53,False,0.9117508,5.848184,False,0,,
41443180c5b4,Design theory,"Service Ecosystem Design: Propositions, Process Model, and Future Research Agenda",J. Vink; Kaisa Koskela-Huotari; B. Tronvoll; B. Edvardsson; Katarina Wetter-Edman,2020,Journal of services research,,https://www.semanticscholar.org/paper/ac1bd39fb2c3e185247823c8a846c9829bb5ce27,0,Knowledge · Patterns · Theory,"knowledge, patterns, theory, design knowledge, pattern, research","This exploratory cluster contains 340 papers. Frequent terms include knowledge, patterns, theory, design knowledge, pattern, research. Representative papers include A conceptual framework for design science research; Towards a Method for Design Principle Development in Information Systems; Towards normal design for safety-critical systems.",0.17035353183746338,271,False,0.15758961,5.978597,False,0,,
42c66c187222,Design principles,Toward an effective approach to collaboration education: A taxonomy for game design,A. Loparev; C. A. Egert,2015,,10.1109/GEM.2015.7377203,,0,Knowledge · Patterns · Theory,"knowledge, patterns, theory, design knowledge, pattern, research","This exploratory cluster contains 340 papers. Frequent terms include knowledge, patterns, theory, design knowledge, pattern, research. Representative papers include A conceptual framework for design science research; Towards a Method for Design Principle Development in Information Systems; Towards normal design for safety-critical systems.",0.1701885461807251,270,False,3.093889,3.97216,False,0,,
43856ed76df1,Design Rules,Hybrid Prototyping: Pure Theory or a Practical Solution to Accelerating Prototyping Tasks?,David Mathias; C. Snider; B. Hicks,2019,Proceedings of the Design Society,,https://www.semanticscholar.org/paper/9f9e2a02a0991265112e3a3b729389070bdb496f,-1,Noise / weak affinity,"patterns, knowledge, framework, user, learning, human",114 papers were left unassigned by the density model. They are retained as evidence of weak affinity rather than treated as an algorithm failure.,0.2457982301712036,105,False,0.7140335,5.079173,False,0,,
43fee329f83e,Design theory,Process design theory for digital information services,"Wijnhoven, Fons (1)",2008,Methods and Tools for Effective Knowledge Life-Cycle-Management,10.1007/978-3-540-78431-9_31,,0,Knowledge · Patterns · Theory,"knowledge, patterns, theory, design knowledge, pattern, research","This exploratory cluster contains 340 papers. Frequent terms include knowledge, patterns, theory, design knowledge, pattern, research. Representative papers include A conceptual framework for design science research; Towards a Method for Design Principle Development in Information Systems; Towards normal design for safety-critical systems.",0.1047595739364624,35,False,-0.51574224,6.014116,False,0,,
44848ca19e31,Design principles,"Design Obligations for Software, with Examples from Data Abstraction and Adaptive Systems",M. Shaw,2025,,10.1109/Designing66910.2025.00016,,0,Knowledge · Patterns · Theory,"knowledge, patterns, theory, design knowledge, pattern, research","This exploratory cluster contains 340 papers. Frequent terms include knowledge, patterns, theory, design knowledge, pattern, research. Representative papers include A conceptual framework for design science research; Towards a Method for Design Principle Development in Information Systems; Towards normal design for safety-critical systems.",0.14507275819778442,181,False,1.8410391,3.9322057,False,0,,
4567075d70b4,Design rationale,Making Argumentation Serve Design,G. Fischer; A. C. Lemke; Ray McCall; A. Mørch,1996,Hum. Comput. Interact.,,https://www.semanticscholar.org/paper/3030e27be928a7240a7e390ad8a09ba979d0cac9,0,Knowledge · Patterns · Theory,"knowledge, patterns, theory, design knowledge, pattern, research","This exploratory cluster contains 340 papers. Frequent terms include knowledge, patterns, theory, design knowledge, pattern, research. Representative papers include A conceptual framework for design science research; Towards a Method for Design Principle Development in Information Systems; Towards normal design for safety-critical systems.",0.11530828475952148,61,False,-0.91474956,5.517782,False,0,,
48af90d5dfe7,Design Guidelines,Design Guidelines for Domain Specific Languages,Gabor Karsai; Holger Krahn; Claas Pinkernell; Bernhard Rumpe; Martin Schindler; Steven Völkel,2014,arXiv.org,,https://www.semanticscholar.org/paper/26640e6ab9ea74e28d9401eaf3f66a78a2ab19b7,0,Knowledge · Patterns · Theory,"knowledge, patterns, theory, design knowledge, pattern, research","This exploratory cluster contains 340 papers. Frequent terms include knowledge, patterns, theory, design knowledge, pattern, research. Representative papers include A conceptual framework for design science research; Towards a Method for Design Principle Development in Information Systems; Towards normal design for safety-critical systems.",0.176782488822937,288,False,1.4506677,2.8618252,False,0,,
498a6aa649eb,Design Patterns,Service engineering design patterns,"Milanovic, N. (1)",,2006 2nd IEEE International Symposium on Service-oriented System Engineering,,,0,Knowledge · Patterns · Theory,"knowledge, patterns, theory, design knowledge, pattern, research","This exploratory cluster contains 340 papers. Frequent terms include knowledge, patterns, theory, design knowledge, pattern, research. Representative papers include A conceptual framework for design science research; Towards a Method for Design Principle Development in Information Systems; Towards normal design for safety-critical systems.",0.16134870052337646,241,False,1.4496667,3.4356542,False,0,,
49d75437fd07,Design Patterns,A Framework for Design Patterns in TROPOS,T. Do; Manuel Kolp; T. Hoang; A. Pirotte,2003,Brazilian Symposium on Software Engineering,,https://www.semanticscholar.org/paper/27c4d424b3d562fdc6dd87d6f06badce56f21ee7,-1,Noise / weak affinity,"patterns, knowledge, framework, user, learning, human",114 papers were left unassigned by the density model. They are retained as evidence of weak affinity rather than treated as an algorithm failure.,0.18089067935943604,31,False,1.5390462,3.411697,False,0,,
4a9c96b6c482,Design Patterns,Meta patternsma means for capturing the essentials of reusable object-oriented design,"Pree, Wolfgang (1)",1994,Lecture Notes in Computer Science (including subseries Lecture Notes in Artificial Intelligence and Lecture Notes in Bioinformatics),,,0,Knowledge · Patterns · Theory,"knowledge, patterns, theory, design knowledge, pattern, research","This exploratory cluster contains 340 papers. Frequent terms include knowledge, patterns, theory, design knowledge, pattern, research. Representative papers include A conceptual framework for design science research; Towards a Method for Design Principle Development in Information Systems; Towards normal design for safety-critical systems.",0.16238415241241455,243,False,2.0594485,2.6506464,False,0,,
4ac74ce3f335,Design rationale,Towards a framework for documentation design: an abstract model of computer-mediated activity,"van Loggem, Brigit",2013,Proceedings of the 31st European Conference on Cognitive Ergonomics,10.1145/2501907.2501953,https://doi.org/10.1145/2501907.2501953,0,Knowledge · Patterns · Theory,"knowledge, patterns, theory, design knowledge, pattern, research","This exploratory cluster contains 340 papers. Frequent terms include knowledge, patterns, theory, design knowledge, pattern, research. Representative papers include A conceptual framework for design science research; Towards a Method for Design Principle Development in Information Systems; Towards normal design for safety-critical systems.",0.14082396030426025,166,False,1.0610679,4.645808,False,0,,
4b599d3e2eb0,Design knowledge,Immodest Proposals: Research Through Design and Knowledge,"Bardzell, Jeffrey and Bardzell, Shaowen and Koefoed Hansen, Lone",2015,Proceedings of the 33rd Annual ACM Conference on Human Factors in Computing Systems,10.1145/2702123.2702400,https://doi.org/10.1145/2702123.2702400,0,Knowledge · Patterns · Theory,"knowledge, patterns, theory, design knowledge, pattern, research","This exploratory cluster contains 340 papers. Frequent terms include knowledge, patterns, theory, design knowledge, pattern, research. Representative papers include A conceptual framework for design science research; Towards a Method for Design Principle Development in Information Systems; Towards normal design for safety-critical systems.",0.1186712384223938,70,False,-0.02768842,8.059096,False,0,,
4c8bdfbd1309,Design rationale,Integrating different perspectives on design rationale: supporting the emergence of design rationale from design communication,"Shipman, F.M., III (1); McCall, R.J.",,"(AI EDAM) Artificial Intelligence for Engineering Design, Analysis and Manufacturing",10.1017/S089006040000192X,,0,Knowledge · Patterns · Theory,"knowledge, patterns, theory, design knowledge, pattern, research","This exploratory cluster contains 340 papers. Frequent terms include knowledge, patterns, theory, design knowledge, pattern, research. Representative papers include A conceptual framework for design science research; Towards a Method for Design Principle Development in Information Systems; Towards normal design for safety-critical systems.",0.11528563499450684,60,False,-0.9742672,5.4388156,False,0,,
4db508a9681a,Design theory,Philosophy of design: A meta-theoretical structure for design theory,"Love, Terence",2000,Design Studies,10.1016/S0142-694X(99)00012-5,,0,Knowledge · Patterns · Theory,"knowledge, patterns, theory, design knowledge, pattern, research","This exploratory cluster contains 340 papers. Frequent terms include knowledge, patterns, theory, design knowledge, pattern, research. Representative papers include A conceptual framework for design science research; Towards a Method for Design Principle Development in Information Systems; Towards normal design for safety-critical systems.",0.1067243218421936,43,False,-0.29231313,7.447379,False,0,,
4e727e38805c,Design Patterns,"Visualization Atlases: Explaining and Exploring Complex Topics Through Data, Visualization, and Narration",J. Wang; X. Shu; B. Bach; U. Hinrichs,2025,,10.1109/TVCG.2024.3456311,,1,Visualization · Visualizations · Composite,"visualization, visualizations, composite, composite visualization, data, patterns","This exploratory cluster contains 5 papers. Frequent terms include visualization, visualizations, composite, composite visualization, data, patterns. Representative papers include Revisiting the Design Patterns of Composite Visualizations; Exploring the design space of composite visualization; Visualization Atlases: Explaining and Exploring Complex Topics Through Data, Visualization, and Narration.",0.09205085039138794,3,True,-0.83593124,4.404477,False,0,,
4effa8e553a8,Design knowledge,Toward Engineering Design Principles for HCI,"Long, John (1); Cummaford, Steve (2); Stork, Adam (3)",2022,Synthesis Lectures on Human-Centered Informatics,10.2200/s01172ed1v02y202202hci055,,0,Knowledge · Patterns · Theory,"knowledge, patterns, theory, design knowledge, pattern, research","This exploratory cluster contains 340 papers. Frequent terms include knowledge, patterns, theory, design knowledge, pattern, research. Representative papers include A conceptual framework for design science research; Towards a Method for Design Principle Development in Information Systems; Towards normal design for safety-critical systems.",0.1644291877746582,251,False,5.4118595,5.421537,False,0,,
4fb2c242dfee,Design Patterns,Coupling of design patterns: common practices and their benefits,"McNatt, W.B. (1); Bieman, J.M. (1)",,25th Annual International Computer Software and Applications Conference. COMPSAC 2001,10.1109/CMPSAC.2001.960670,,0,Knowledge · Patterns · Theory,"knowledge, patterns, theory, design knowledge, pattern, research","This exploratory cluster contains 340 papers. Frequent terms include knowledge, patterns, theory, design knowledge, pattern, research. Representative papers include A conceptual framework for design science research; Towards a Method for Design Principle Development in Information Systems; Towards normal design for safety-critical systems.",0.15636688470840454,228,False,2.1737082,2.9440362,False,0,,
5000c5049cbd,Design knowledge,Learning design knowledge as generalization,"Li, Heng (1); Wu, Xindong (1)",1998,Cybernetics and Systems,,,-1,Noise / weak affinity,"patterns, knowledge, framework, user, learning, human",114 papers were left unassigned by the density model. They are retained as evidence of weak affinity rather than treated as an algorithm failure.,0.20285910367965698,70,False,1.3157288,8.466481,False,0,,
50c94f5857d8,Design theory,Eight Components of a Design Theory of Sonification,M. Nees,2019,Proceedings of the 25th International Conference on Auditory Display (ICAD 2019),,https://www.semanticscholar.org/paper/5e41b7e4f9a1804f3369a8815558f7989daff1df,0,Knowledge · Patterns · Theory,"knowledge, patterns, theory, design knowledge, pattern, research","This exploratory cluster contains 340 papers. Frequent terms include knowledge, patterns, theory, design knowledge, pattern, research. Representative papers include A conceptual framework for design science research; Towards a Method for Design Principle Development in Information Systems; Towards normal design for safety-critical systems.",0.18816018104553223,306,False,-0.5182766,7.0631304,False,0,,
5389fb1cc38b,Design methods,Elements of a design method – a basis for describing and evaluating design methods,K. Gericke; C. Eckert; M. Stacey,2022,Design Science,,https://www.semanticscholar.org/paper/c6983d646df77563eea8dc5d05abb895c9c8b87f,0,Knowledge · Patterns · Theory,"knowledge, patterns, theory, design knowledge, pattern, research","This exploratory cluster contains 340 papers. Frequent terms include knowledge, patterns, theory, design knowledge, pattern, research. Representative papers include A conceptual framework for design science research; Towards a Method for Design Principle Development in Information Systems; Towards normal design for safety-critical systems.",0.11424398422241211,57,False,0.92530394,5.8782916,False,0,,
53adec5acee6,Design knowledge,Mapping design knowledge: 36 years of Design Studies,K. Burns; Jack Ingram; L. Annable,2016,,,https://www.semanticscholar.org/paper/a749b4fe5ef70d2391f17102eab0671f5d3f3dc1,0,Knowledge · Patterns · Theory,"knowledge, patterns, theory, design knowledge, pattern, research","This exploratory cluster contains 340 papers. Frequent terms include knowledge, patterns, theory, design knowledge, pattern, research. Representative papers include A conceptual framework for design science research; Towards a Method for Design Principle Development in Information Systems; Towards normal design for safety-critical systems.",0.12920242547988892,110,False,1.5034977,8.136603,False,0,,
560be0c20de7,Design frameworks,"Designing for Trust, Progress, and Dignity: A Conceptual Framework for Reliability, Responsiveness, and Relational Quality in AI-Enabled Service Systems",M. Colgate; Orla Colgate,2026,Information,,https://www.semanticscholar.org/paper/51493efcd757168bfe90566436e0982efe07bfd9,-1,Noise / weak affinity,"patterns, knowledge, framework, user, learning, human",114 papers were left unassigned by the density model. They are retained as evidence of weak affinity rather than treated as an algorithm failure.,0.15271174907684326,2,True,1.4483844,4.9110546,False,0,,
5611cdb5c33a,Design methods,Generating implications for design through design research,"Sas, Corina and Whittaker, Steve and Dow, Steven and Forlizzi, Jodi and Zimmerman, John",2014,Proceedings of the SIGCHI Conference on Human Factors in Computing Systems,10.1145/2556288.2557357,https://doi.org/10.1145/2556288.2557357,0,Knowledge · Patterns · Theory,"knowledge, patterns, theory, design knowledge, pattern, research","This exploratory cluster contains 340 papers. Frequent terms include knowledge, patterns, theory, design knowledge, pattern, research. Representative papers include A conceptual framework for design science research; Towards a Method for Design Principle Development in Information Systems; Towards normal design for safety-critical systems.",0.11989784240722656,79,False,0.12054101,7.5789905,False,0,,
5a05967135ba,Design Patterns,Cross-cultural adaptation of educational design patterns at scale,Carmen Jane Vallis; Huyen Thi Ngoc Nguyen; Adrian Norman,2024,Journal of Work-Applied Management,,https://www.semanticscholar.org/paper/a289e650dcf66ee89360651d91afbb407cca0c77,0,Knowledge · Patterns · Theory,"knowledge, patterns, theory, design knowledge, pattern, research","This exploratory cluster contains 340 papers. Frequent terms include knowledge, patterns, theory, design knowledge, pattern, research. Representative papers include A conceptual framework for design science research; Towards a Method for Design Principle Development in Information Systems; Towards normal design for safety-critical systems.",0.20768195390701294,326,False,3.358406,3.8989031,False,0,,
5a716d80ac6b,Design knowledge,Towards a Method for Design Principle Development in Information Systems,"Möller, F. (1); Guggenberger, T.M. (1); Otto, B. (1)",,"Designing for Digital Transformation. Co-Creating Services with Citizens and Industry. 15th International Conference on Design Science Research in Information Systems and Technology, DESRIST 2020. Proceedings. Lecture Notes in Computer Science (LNCS 12388)",10.1007/978-3-030-64823-7_20,,0,Knowledge · Patterns · Theory,"knowledge, patterns, theory, design knowledge, pattern, research","This exploratory cluster contains 340 papers. Frequent terms include knowledge, patterns, theory, design knowledge, pattern, research. Representative papers include A conceptual framework for design science research; Towards a Method for Design Principle Development in Information Systems; Towards normal design for safety-critical systems.",0.06905579566955566,2,True,0.3517696,6.994713,False,0,,
5a973fb8ae6f,Design theory,ICT-Enabled Self-Management of Chronic Diseases: Literature Review and Analysis Using Value-Sensitive Design,M. Dadgar; K. D. Joshi,2015,,10.1109/HICSS.2015.388,,-1,Noise / weak affinity,"patterns, knowledge, framework, user, learning, human",114 papers were left unassigned by the density model. They are retained as evidence of weak affinity rather than treated as an algorithm failure.,0.24067306518554688,100,False,1.4596771,6.046413,False,0,,
5b3b013c191d,Design theory,Towards a unified terminology for sonification and visualization,K. Enge; A. Rind; Michael Iber; Robert Höldrich; W. Aigner,2023,Personal and Ubiquitous Computing,,https://www.semanticscholar.org/paper/79f758f21333f7a0a552329d1b8ad8cf8bfd0154,0,Knowledge · Patterns · Theory,"knowledge, patterns, theory, design knowledge, pattern, research","This exploratory cluster contains 340 papers. Frequent terms include knowledge, patterns, theory, design knowledge, pattern, research. Representative papers include A conceptual framework for design science research; Towards a Method for Design Principle Development in Information Systems; Towards normal design for safety-critical systems.",0.2593255043029785,339,False,-0.85239524,4.3988934,False,0,,
5b52ec143fa6,Design theory,The ECC Methodology for Architecture Design Theory and Practices Research,Fathi Bashier,2021,IOP Conference Series: Materials Science and Engineering,,https://www.semanticscholar.org/paper/e2e838097c3370c8b6bf8c86a344609304d86bac,0,Knowledge · Patterns · Theory,"knowledge, patterns, theory, design knowledge, pattern, research","This exploratory cluster contains 340 papers. Frequent terms include knowledge, patterns, theory, design knowledge, pattern, research. Representative papers include A conceptual framework for design science research; Towards a Method for Design Principle Development in Information Systems; Towards normal design for safety-critical systems.",0.1271611452102661,102,False,0.63172394,7.1710653,False,0,,
5ba50396ff25,Design methods,What is a Convention in Interactive Narrative Design?,"Koenitz, H. (1); Roth, C. (1); Dubbelman, T. (1); Knoller, N. (1)",,"Interactive Storytelling. 10th International Conference on Interactive Digital Storytelling, ICIDS 2017. Proceedings: LNCS 10690",10.1007/978-3-319-71027-3_29,,0,Knowledge · Patterns · Theory,"knowledge, patterns, theory, design knowledge, pattern, research","This exploratory cluster contains 340 papers. Frequent terms include knowledge, patterns, theory, design knowledge, pattern, research. Representative papers include A conceptual framework for design science research; Towards a Method for Design Principle Development in Information Systems; Towards normal design for safety-critical systems.",0.16405141353607178,250,False,-0.28477573,2.9635787,False,0,,
5c096c480387,Design Rules,User interfaces of information retrieval systems and user friendliness,P. Vilar; M. Žumer,2013,Knjižnica,,https://www.semanticscholar.org/paper/9aa514c3ca92faefeccdf83e91e0ddef127ac487,-1,Noise / weak affinity,"patterns, knowledge, framework, user, learning, human",114 papers were left unassigned by the density model. They are retained as evidence of weak affinity rather than treated as an algorithm failure.,0.17554771900177002,22,False,1.9881493,4.5387626,False,0,,
5f6661254e39,Design Patterns,Ethical Encounters in Design Practice: A Framework Grounded in Practitioner Experience,"\""Oz, Gizem and Dindler, Christian and Gall Krogh, Peter and Lindberg, Sharon",2026,Proceedings of the 2026 CHI Conference on Human Factors in Computing Systems,10.1145/3772318.3791435,https://doi.org/10.1145/3772318.3791435,0,Knowledge · Patterns · Theory,"knowledge, patterns, theory, design knowledge, pattern, research","This exploratory cluster contains 340 papers. Frequent terms include knowledge, patterns, theory, design knowledge, pattern, research. Representative papers include A conceptual framework for design science research; Towards a Method for Design Principle Development in Information Systems; Towards normal design for safety-critical systems.",0.16555297374725342,255,False,1.0384253,6.305469,False,0,,
5ffd963397c9,Design theory,THEORY OF TECHNICAL SYSTEMS - PREREQUISITE TO DESIGN THEORY.,"Eder, W.Ernst",1987,,,,0,Knowledge · Patterns · Theory,"knowledge, patterns, theory, design knowledge, pattern, research","This exploratory cluster contains 340 papers. Frequent terms include knowledge, patterns, theory, design knowledge, pattern, research. Representative papers include A conceptual framework for design science research; Towards a Method for Design Principle Development in Information Systems; Towards normal design for safety-critical systems.",0.1879061460494995,305,False,-0.53716797,6.881439,False,0,,
60c69d24c5a3,Design methods,Evaluating the efficacy and effectiveness of design methods: A systematic review and assessment framework,"Cash, Philip (1); Daalhuizen, Jaap (2); Hekkert, Paul (3)",2023,Design Studies,10.1016/j.destud.2023.101204,,0,Knowledge · Patterns · Theory,"knowledge, patterns, theory, design knowledge, pattern, research","This exploratory cluster contains 340 papers. Frequent terms include knowledge, patterns, theory, design knowledge, pattern, research. Representative papers include A conceptual framework for design science research; Towards a Method for Design Principle Development in Information Systems; Towards normal design for safety-critical systems.",0.1256551742553711,97,False,0.9353674,5.8413963,False,0,,
615169de6f0e,Design Guidelines,From interaction to trajectories: designing coherent journeys through user experiences,"Benford, Steve and Giannachi, Gabriella and Koleva, Boriana and Rodden, Tom",2009,Proceedings of the SIGCHI Conference on Human Factors in Computing Systems,10.1145/1518701.1518812,https://doi.org/10.1145/1518701.1518812,-1,Noise / weak affinity,"patterns, knowledge, framework, user, learning, human",114 papers were left unassigned by the density model. They are retained as evidence of weak affinity rather than treated as an algorithm failure.,0.17524224519729614,19,False,2.4560843,4.972465,False,0,,
6194ef223969,Design theory,A typology of Urban Design theories and its application to the shared body of knowledge,Hooman Foroughmand Araabi,2015,Urban Design International,,https://www.semanticscholar.org/paper/89914fef1674939de30d51f67c4e54d2aee8e0dd,0,Knowledge · Patterns · Theory,"knowledge, patterns, theory, design knowledge, pattern, research","This exploratory cluster contains 340 papers. Frequent terms include knowledge, patterns, theory, design knowledge, pattern, research. Representative papers include A conceptual framework for design science research; Towards a Method for Design Principle Development in Information Systems; Towards normal design for safety-critical systems.",0.167547345161438,257,False,-0.48889667,7.214023,False,0,,
65c31c577170,Design Guidelines,The Rough Mile: Testing a Framework of Immersive Practice,"Spence, Jocelyn and Hazzard, Adrian and McGrath, Sean and Greenhalgh, Chris and Benford, Steve",2017,Proceedings of the 2017 Conference on Designing Interactive Systems,10.1145/3064663.3064756,https://doi.org/10.1145/3064663.3064756,-1,Noise / weak affinity,"patterns, knowledge, framework, user, learning, human",114 papers were left unassigned by the density model. They are retained as evidence of weak affinity rather than treated as an algorithm failure.,0.21509891748428345,83,False,2.4582906,5.003257,False,0,,
660ca24145b2,Design frameworks,The E-Design Assessment Tool: an evidence-informed approach towards a consistent terminology for quantifying online distance learning activities,Helen Walmsley-Smith; Lynn Machin; G. Walton,2019,Research in Learning Technology,,https://www.semanticscholar.org/paper/b16b678f10cc89599644f2c85895dbff730b3569,-1,Noise / weak affinity,"patterns, knowledge, framework, user, learning, human",114 papers were left unassigned by the density model. They are retained as evidence of weak affinity rather than treated as an algorithm failure.,0.17673081159591675,24,False,3.606899,4.266842,False,0,,
66d4b9b36f31,Design theory,"SHEAFIFICATION AS A DESIGN TECHNIQUE FOR CREATIVE PRESERVATION – PRINCIPLES, ILLUSTRATIONS, AND FIRST APPLICATIONS",P. le Masson; A. Hatchuel; B. Weil,2023,Proceedings of the Design Society,,https://www.semanticscholar.org/paper/d28da3cd68003e5f171ae5f7535602430cfc0ad5,0,Knowledge · Patterns · Theory,"knowledge, patterns, theory, design knowledge, pattern, research","This exploratory cluster contains 340 papers. Frequent terms include knowledge, patterns, theory, design knowledge, pattern, research. Representative papers include A conceptual framework for design science research; Towards a Method for Design Principle Development in Information Systems; Towards normal design for safety-critical systems.",0.23751485347747803,338,False,-0.79636467,7.618054,False,0,,
677c4dc89d1d,Design Patterns,Elemental design patterns: A formal semantics for composition of OO software architecture,"McC Smith, J. (1); Stotts, D. (1)",2003,"Proceedings - 27th Annual NASA Goddard / IEEE Software Engineering Workshop, SEW 2002",10.1109/SEW.2002.1199472,,0,Knowledge · Patterns · Theory,"knowledge, patterns, theory, design knowledge, pattern, research","This exploratory cluster contains 340 papers. Frequent terms include knowledge, patterns, theory, design knowledge, pattern, research. Representative papers include A conceptual framework for design science research; Towards a Method for Design Principle Development in Information Systems; Towards normal design for safety-critical systems.",0.11874252557754517,71,False,1.8614287,2.8330095,False,0,,
67d72b35ce6b,Design theory,A nascent design theory for explainable intelligent systems,L. Herm; Th. Steinbach; Jonas Wanner; Christian Janiesch,2022,Electronic Markets,,https://www.semanticscholar.org/paper/edb6c93255bbaa879f6d4af173a947a2026ed4c6,0,Knowledge · Patterns · Theory,"knowledge, patterns, theory, design knowledge, pattern, research","This exploratory cluster contains 340 papers. Frequent terms include knowledge, patterns, theory, design knowledge, pattern, research. Representative papers include A conceptual framework for design science research; Towards a Method for Design Principle Development in Information Systems; Towards normal design for safety-critical systems.",0.134402334690094,132,False,-1.1893167,6.5239315,False,0,,
6aeae7ccf85b,Design knowledge,Toward a Framework for the Design of Interactive Technology for Nature Recreation,Michael D. Jones; Tuomas Kari; Daniel Reich; Barrett Ens; Siyi Liu; Solomon B. Pobee; F. Mueller,2025,International journal of human computer interactions,,https://www.semanticscholar.org/paper/27eb58f9f616fb54aae331fcbec9abdb5496f5e0,-1,Noise / weak affinity,"patterns, knowledge, framework, user, learning, human",114 papers were left unassigned by the density model. They are retained as evidence of weak affinity rather than treated as an algorithm failure.,0.1625053882598877,8,False,2.3034923,5.2328777,False,0,,
6b9f020cd024,Design knowledge,Design knowledge for decision-making process in a DFX product design approach,"Wang, Keqin (1); Roucoules, Lionel (2); Tong, Shurong (1); Eynard, Benoit (2); Matta, Nada (2)",2008,Global Design to Gain a Competitive Edge: An Holistic and Collaborative Design Approach Based on Computational Tools,10.1007/978-1-84800-239-5_13,,0,Knowledge · Patterns · Theory,"knowledge, patterns, theory, design knowledge, pattern, research","This exploratory cluster contains 340 papers. Frequent terms include knowledge, patterns, theory, design knowledge, pattern, research. Representative papers include A conceptual framework for design science research; Towards a Method for Design Principle Development in Information Systems; Towards normal design for safety-critical systems.",0.1445314884185791,179,False,1.6482344,8.197832,False,0,,
6d926f3c4a97,Design knowledge,A domain reference ontology for design science research knowledge bases,"Piest, Jean Paul Sebastian (1); Jales de Oliviera, Victor Benoiston (2); de Alencar Silva, Patrício (2); Ricardo da Cunha, Manoel (2); van Sinderen, Marten (1)",2024,CEUR Workshop Proceedings,,,0,Knowledge · Patterns · Theory,"knowledge, patterns, theory, design knowledge, pattern, research","This exploratory cluster contains 340 papers. Frequent terms include knowledge, patterns, theory, design knowledge, pattern, research. Representative papers include A conceptual framework for design science research; Towards a Method for Design Principle Development in Information Systems; Towards normal design for safety-critical systems.",0.17955803871154785,294,False,0.72098905,8.653242,False,0,,
6e06768bb26b,Design methods,Design as Research in Landscape Architecture,S. Nijhuis; Jeroen de Vries,2020,Landscape Journal,,https://www.semanticscholar.org/paper/9ccbde1f4c0beea16f19aefd301adc55e39d9928,0,Knowledge · Patterns · Theory,"knowledge, patterns, theory, design knowledge, pattern, research","This exploratory cluster contains 340 papers. Frequent terms include knowledge, patterns, theory, design knowledge, pattern, research. Representative papers include A conceptual framework for design science research; Towards a Method for Design Principle Development in Information Systems; Towards normal design for safety-critical systems.",0.12559282779693604,96,False,0.059329126,7.857045,False,0,,
6e7959c82d5f,Design knowledge,The anatomy of HCI design patterns,"Kruschitz, Christian (1); Hitz, Martin (1)",2009,"Computation World: Future Computing, Service Computation, Adaptive, Content, Cognitive, Patterns, ComputationWorld 2009",10.1109/ComputationWorld.2009.45,,0,Knowledge · Patterns · Theory,"knowledge, patterns, theory, design knowledge, pattern, research","This exploratory cluster contains 340 papers. Frequent terms include knowledge, patterns, theory, design knowledge, pattern, research. Representative papers include A conceptual framework for design science research; Towards a Method for Design Principle Development in Information Systems; Towards normal design for safety-critical systems.",0.11707431077957153,69,False,2.4014554,3.3466873,False,0,,
6ea89aad84f6,Design Procedures,Development of Sustainable Integrated Design Framework for Stream Restoration,Kidoo Park; Kil-Seong Lee,2019,Sustainability,,https://www.semanticscholar.org/paper/2d6d2d98a2743302a62da00967844cdc92ff28c4,-1,Noise / weak affinity,"patterns, knowledge, framework, user, learning, human",114 papers were left unassigned by the density model. They are retained as evidence of weak affinity rather than treated as an algorithm failure.,0.24799013137817383,108,False,-0.012505638,5.8293476,False,0,,
6f114a6d29d1,Design Rules,Toward a Conceptualization of Organizational Modularity,Ayberk Soyer; U. Asan; Özgür Eriş,2019,"Advances in Logistics, Operations, and Management Science",,https://www.semanticscholar.org/paper/fcc6161b8680d7a12b3a2153bdee6188488ffd1b,0,Knowledge · Patterns · Theory,"knowledge, patterns, theory, design knowledge, pattern, research","This exploratory cluster contains 340 papers. Frequent terms include knowledge, patterns, theory, design knowledge, pattern, research. Representative papers include A conceptual framework for design science research; Towards a Method for Design Principle Development in Information Systems; Towards normal design for safety-critical systems.",0.1925516128540039,311,False,0.46757466,4.644624,False,0,,
6f73a944b8d6,Design Patterns,Video collaboratories for research and education: An analysis of collaboration design patterns,"Pea, Roy (1); Lindgren, Robb (1)",2008,IEEE Transactions on Learning Technologies,10.1109/TLT.2009.5,,-1,Noise / weak affinity,"patterns, knowledge, framework, user, learning, human",114 papers were left unassigned by the density model. They are retained as evidence of weak affinity rather than treated as an algorithm failure.,0.1904311180114746,50,False,3.4225433,4.0900655,False,0,,
714b3f6f8ac7,Design methods,Degrees of Interaction: Towards a Classification,H. Achten,2011,Proceedings of the 29th International Conference on Education and Research in Computer Aided Architectural Design in Europe (eCAADe),,https://www.semanticscholar.org/paper/0e9390e0acbae28af61e300fca19b7e400e6a211,0,Knowledge · Patterns · Theory,"knowledge, patterns, theory, design knowledge, pattern, research","This exploratory cluster contains 340 papers. Frequent terms include knowledge, patterns, theory, design knowledge, pattern, research. Representative papers include A conceptual framework for design science research; Towards a Method for Design Principle Development in Information Systems; Towards normal design for safety-critical systems.",0.19543671607971191,313,False,2.155352,4.24143,False,0,,
73537bfbe719,Design knowledge,A taxonomy and ontology for digital platforms,"Derave, T. (1); Gailly, F. (1); Sales, T.P. (2); Poels, G. (1)",,Information Systems,10.1016/j.is.2023.102293,,-1,Noise / weak affinity,"patterns, knowledge, framework, user, learning, human",114 papers were left unassigned by the density model. They are retained as evidence of weak affinity rather than treated as an algorithm failure.,0.2115524411201477,80,False,0.61711097,3.2785435,False,0,,
75731fe2e6d1,Design rationale,"Feature, specification and evidence framework for communicating design rationale","Mirabito, Y. (1); Tchatchouang Kayo, M.A. (2); Goucher-Lambert, K. (1)",,Design Science,10.1017/dsj.2024.19,,0,Knowledge · Patterns · Theory,"knowledge, patterns, theory, design knowledge, pattern, research","This exploratory cluster contains 340 papers. Frequent terms include knowledge, patterns, theory, design knowledge, pattern, research. Representative papers include A conceptual framework for design science research; Towards a Method for Design Principle Development in Information Systems; Towards normal design for safety-critical systems.",0.1426529884338379,172,False,-0.86784923,5.3213325,False,0,,
75f43821c56f,Design Guidelines,Towards a Model of Information Aesthetics in Information Visualization,A. Lau; A. Vande Moere,2007,,10.1109/IV.2007.114,,1,Visualization · Visualizations · Composite,"visualization, visualizations, composite, composite visualization, data, patterns","This exploratory cluster contains 5 papers. Frequent terms include visualization, visualizations, composite, composite visualization, data, patterns. Representative papers include Revisiting the Design Patterns of Composite Visualizations; Exploring the design space of composite visualization; Visualization Atlases: Explaining and Exploring Complex Topics Through Data, Visualization, and Narration.",0.09637606143951416,4,False,-0.81272644,4.3551526,False,0,,
76669ffc8981,Design methods,A Framework for Effective Virtual Commissioning: Guiding Principles for Seamless System Integration,Richárd Korpai; Norbert Szántó; Á. Csapó,2024,Journal of Manufacturing and Materials Processing,,https://www.semanticscholar.org/paper/97c9a4799592ce42d22539428acaa5f9ab544e51,-1,Noise / weak affinity,"patterns, knowledge, framework, user, learning, human",114 papers were left unassigned by the density model. They are retained as evidence of weak affinity rather than treated as an algorithm failure.,0.203069269657135,71,False,0.686438,4.521532,False,0,,
76d309f713b9,Design knowledge,How industrial design knowledge differs from engineering design knowledge,"Wölfel, Christian (1)",2008,"DS 46: Proceedings of E and PDE 2008, the 10th International Conference on Engineering and Product Design Education",,,0,Knowledge · Patterns · Theory,"knowledge, patterns, theory, design knowledge, pattern, research","This exploratory cluster contains 340 papers. Frequent terms include knowledge, patterns, theory, design knowledge, pattern, research. Representative papers include A conceptual framework for design science research; Towards a Method for Design Principle Development in Information Systems; Towards normal design for safety-critical systems.",0.15469658374786377,223,False,1.5076389,8.012792,False,0,,
774e05395765,Design Patterns,Understanding and using patterns in software development,"Riehle, D. (1); Zullighoven, H. (1)",1996,Theory and Practice of Object Systems,10.1002/(SICI)1096-9942(1996)2:13.0.CO;2-%23,,0,Knowledge · Patterns · Theory,"knowledge, patterns, theory, design knowledge, pattern, research","This exploratory cluster contains 340 papers. Frequent terms include knowledge, patterns, theory, design knowledge, pattern, research. Representative papers include A conceptual framework for design science research; Towards a Method for Design Principle Development in Information Systems; Towards normal design for safety-critical systems.",0.11673235893249512,67,False,2.2798212,2.824744,False,0,,
77b350f029e7,Design knowledge,A taxonomy and ontology for digital platforms,Thomas Derave; F. Gailly; T. P. Sales; G. Poels,2023,Information Systems,,https://www.semanticscholar.org/paper/a9332bbc8582c4f0033949a3b7f7f447b5654b6b,-1,Noise / weak affinity,"patterns, knowledge, framework, user, learning, human",114 papers were left unassigned by the density model. They are retained as evidence of weak affinity rather than treated as an algorithm failure.,0.19591867923736572,57,False,0.6283664,3.2988565,False,0,,
77ba97562fe7,Design Patterns,Teachers’ Collaborative Pattern Language Design,Ola Knutsson; R. Ramberg,2018,,,https://www.semanticscholar.org/paper/a61eca6d22ff2d451e296be24f69dcfa9aed96fd,0,Knowledge · Patterns · Theory,"knowledge, patterns, theory, design knowledge, pattern, research","This exploratory cluster contains 340 papers. Frequent terms include knowledge, patterns, theory, design knowledge, pattern, research. Representative papers include A conceptual framework for design science research; Towards a Method for Design Principle Development in Information Systems; Towards normal design for safety-critical systems.",0.1637263298034668,248,False,3.1738336,3.5568519,False,0,,
799b06403189,Design methods,State of the Art on Robust Design Methods for Additive Manufacturing,Y. Malyani; M. Orquéra; D. Millet,2020,Lecture Notes in Mechanical Engineering,,https://www.semanticscholar.org/paper/5d5004424041e3ab71ae951f9013b54439ee2cf7,-1,Noise / weak affinity,"patterns, knowledge, framework, user, learning, human",114 papers were left unassigned by the density model. They are retained as evidence of weak affinity rather than treated as an algorithm failure.,0.20720934867858887,75,False,0.47972286,5.3567696,False,0,,
79abc1449981,Design Patterns,Thriving Systems Theory: An Emergent Information Systems Design Theory,L. J. Waguespack; W. T. Schiano,2013,,10.1109/HICSS.2013.550,,0,Knowledge · Patterns · Theory,"knowledge, patterns, theory, design knowledge, pattern, research","This exploratory cluster contains 340 papers. Frequent terms include knowledge, patterns, theory, design knowledge, pattern, research. Representative papers include A conceptual framework for design science research; Towards a Method for Design Principle Development in Information Systems; Towards normal design for safety-critical systems.",0.10897481441497803,47,False,-0.60125023,6.4287615,False,0,,
79d31b954d2a,Design theory,THE LOGICS OF DOUBLE PROOF IN PROOF OF CONCEPT: A DESIGN THEORY-BASED MODEL OF EXPERIMENTATION IN THE UNKNOWN,Caroline Jobin; S. Hooge; P. le Masson,2021,Proceedings of the Design Society,,https://www.semanticscholar.org/paper/2f013a55be5284205856b2e343329e282bcbdb09,-1,Noise / weak affinity,"patterns, knowledge, framework, user, learning, human",114 papers were left unassigned by the density model. They are retained as evidence of weak affinity rather than treated as an algorithm failure.,0.1822373867034912,34,False,0.058007922,8.133835,False,0,,
7a42dd52852e,Design rationale,What's in design rationale?,"Lee, Jintae (1); Lai, Kum-Yew (1)",1991,Human-Computer Interaction,,,0,Knowledge · Patterns · Theory,"knowledge, patterns, theory, design knowledge, pattern, research","This exploratory cluster contains 340 papers. Frequent terms include knowledge, patterns, theory, design knowledge, pattern, research. Representative papers include A conceptual framework for design science research; Towards a Method for Design Principle Development in Information Systems; Towards normal design for safety-critical systems.",0.12143826484680176,84,False,-0.657599,5.5171146,False,0,,
7afa6519f6fc,Design frameworks,"The experience, dynamics and artifacts framework: towards a holistic model for designing serious and entertainment games","Natucci, G.C. (1); Borges, M.A.F. (1)",,2021 IEEE Conference on Games (CoG),10.1109/CoG52621.2021.9619144,,0,Knowledge · Patterns · Theory,"knowledge, patterns, theory, design knowledge, pattern, research","This exploratory cluster contains 340 papers. Frequent terms include knowledge, patterns, theory, design knowledge, pattern, research. Representative papers include A conceptual framework for design science research; Towards a Method for Design Principle Development in Information Systems; Towards normal design for safety-critical systems.",0.16817891597747803,262,False,-0.9182642,2.8050663,False,0,,
7b15d81000db,Design knowledge,The anatomy of a design theory,"Gregor, Shirley (1); Jones, David (2)",2007,Journal of the Association for Information Systems,10.17705/1jais.00129,,0,Knowledge · Patterns · Theory,"knowledge, patterns, theory, design knowledge, pattern, research","This exploratory cluster contains 340 papers. Frequent terms include knowledge, patterns, theory, design knowledge, pattern, research. Representative papers include A conceptual framework for design science research; Towards a Method for Design Principle Development in Information Systems; Towards normal design for safety-critical systems.",0.0934305191040039,9,False,-0.63331974,7.134883,False,0,,
7c4d2eb91f51,Design knowledge,Using a Visual Abstract as a Lens for Communicating and Promoting Design Science Research in Software Engineering,"Storey, Margaret-Anne (1); Engstrom, Emelie (2); Host, Martin (2); Runeson, Per (2); Bjarnason, Elizabeth (2)",2017,International Symposium on Empirical Software Engineering and Measurement,10.1109/ESEM.2017.28,,-1,Noise / weak affinity,"patterns, knowledge, framework, user, learning, human",114 papers were left unassigned by the density model. They are retained as evidence of weak affinity rather than treated as an algorithm failure.,0.19542837142944336,55,False,0.18279266,6.7852507,False,0,,
7cb073ebacac,Design Heuristics,Formal system for the expression of target-oriented design heuristics,"Bonvoisin, J. (1); Buchert, T. (1); Stark, R. (1)",2018,"Proceedings of International Design Conference, DESIGN",10.21278/idc.2018.0120,,0,Knowledge · Patterns · Theory,"knowledge, patterns, theory, design knowledge, pattern, research","This exploratory cluster contains 340 papers. Frequent terms include knowledge, patterns, theory, design knowledge, pattern, research. Representative papers include A conceptual framework for design science research; Towards a Method for Design Principle Development in Information Systems; Towards normal design for safety-critical systems.",0.13675439357757568,147,False,3.510227,6.666514,False,0,,
7d99b05f405e,Design Patterns,Design Patterns for AI-based Systems: A Multivocal Literature Review and Pattern Repository,L. Heiland; M. Hauser; J. Bogner,2023,,10.1109/CAIN58948.2023.00035,,0,Knowledge · Patterns · Theory,"knowledge, patterns, theory, design knowledge, pattern, research","This exploratory cluster contains 340 papers. Frequent terms include knowledge, patterns, theory, design knowledge, pattern, research. Representative papers include A conceptual framework for design science research; Towards a Method for Design Principle Development in Information Systems; Towards normal design for safety-critical systems.",0.16913306713104248,264,False,1.9058679,3.6341517,False,0,,
7e095752d24c,Design methods,Think-4-EmCoDe framework: Highlighting key qualities in embodied co-design techniques for children,"Schaper, M.-M. (1); Márquez Segura, E. (2); Malinverni, L. (3); Pares, N. (4)",,International Journal of Human-Computer Studies,10.1016/j.ijhcs.2023.103065,,-1,Noise / weak affinity,"patterns, knowledge, framework, user, learning, human",114 papers were left unassigned by the density model. They are retained as evidence of weak affinity rather than treated as an algorithm failure.,0.19112849235534668,52,False,2.1513684,6.3855257,False,0,,
7ebbe03ea0d8,Design methods,Autobiographical design in HCI research: designing and learning through use-it-yourself,"Neustaedter, Carman and Sengers, Phoebe",2012,Proceedings of the Designing Interactive Systems Conference,10.1145/2317956.2318034,https://doi.org/10.1145/2317956.2318034,-1,Noise / weak affinity,"patterns, knowledge, framework, user, learning, human",114 papers were left unassigned by the density model. They are retained as evidence of weak affinity rather than treated as an algorithm failure.,0.19935739040374756,63,False,5.2638946,5.3343134,False,0,,
7f7baeb83bac,Design knowledge,A theoretical framework on embodiment in digital design,S. Aşut; A. Erdem,2024,Journal of Design for Resilience in Architecture and Planning,,https://www.semanticscholar.org/paper/999c3e425c176f6b5edd863d167d256744852b1e,0,Knowledge · Patterns · Theory,"knowledge, patterns, theory, design knowledge, pattern, research","This exploratory cluster contains 340 papers. Frequent terms include knowledge, patterns, theory, design knowledge, pattern, research. Representative papers include A conceptual framework for design science research; Towards a Method for Design Principle Development in Information Systems; Towards normal design for safety-critical systems.",0.12787270545959473,104,False,2.3153296,5.544411,False,0,,
804431d6f285,Design theory,Concepts and definitions for product recovery: Analysis and clarification of the terminology used in academia and industry,"Lindahl, M. (1, 2); Sundin, E. (1, 2); Östlin, J. (1, 2); Björkman, M. (1, 2)",2006,Innovation in Life Cycle Engineering and Sustainable Development,10.1007/1-4020-4617-0_8,,-1,Noise / weak affinity,"patterns, knowledge, framework, user, learning, human",114 papers were left unassigned by the density model. They are retained as evidence of weak affinity rather than treated as an algorithm failure.,0.241965651512146,102,False,0.34167728,5.520921,False,0,,
8107b8d7a099,Design theory,Analyzing Initial Design Theory Components for Developing Information Security Laboratories,S. Iqbal,2022,,10.1109/CSP55486.2022.00015,,0,Knowledge · Patterns · Theory,"knowledge, patterns, theory, design knowledge, pattern, research","This exploratory cluster contains 340 papers. Frequent terms include knowledge, patterns, theory, design knowledge, pattern, research. Representative papers include A conceptual framework for design science research; Towards a Method for Design Principle Development in Information Systems; Towards normal design for safety-critical systems.",0.15413373708724976,217,False,-0.8148292,6.4266953,False,0,,
82f49b5a1905,Design knowledge,SOLUTION REPERTOIRE,"van Turnhout, Koen (1); Smits, Aletta (1)",2021,"Proceedings of the 23rd International Conference on Engineering and Product Design Education, E and PDE 2021",,,0,Knowledge · Patterns · Theory,"knowledge, patterns, theory, design knowledge, pattern, research","This exploratory cluster contains 340 papers. Frequent terms include knowledge, patterns, theory, design knowledge, pattern, research. Representative papers include A conceptual framework for design science research; Towards a Method for Design Principle Development in Information Systems; Towards normal design for safety-critical systems.",0.12141621112823486,83,False,1.1672014,7.172476,False,0,,
8393d36cff90,Design Patterns,An overview of human-computer interaction patterns in pervasive systems,"Wilde, Adriana G. (1); Bruegger, Pascal (1); Hirsbrunner, Béat (1)",2010,"Proceedings - 2010 International Conference on User Science and Engineering, i-USEr 2010",10.1109/IUSER.2010.5716740,,0,Knowledge · Patterns · Theory,"knowledge, patterns, theory, design knowledge, pattern, research","This exploratory cluster contains 340 papers. Frequent terms include knowledge, patterns, theory, design knowledge, pattern, research. Representative papers include A conceptual framework for design science research; Towards a Method for Design Principle Development in Information Systems; Towards normal design for safety-critical systems.",0.1554182767868042,224,False,2.5107203,4.6645436,False,0,,
83d1ebe7d6c0,Design theory,Design Theory in Information Systems,S. Gregor,2002,Australasian Journal of Information Systems,,https://www.semanticscholar.org/paper/aa849c3dea50cd7496aac43c8aea0c53fc070505,0,Knowledge · Patterns · Theory,"knowledge, patterns, theory, design knowledge, pattern, research","This exploratory cluster contains 340 papers. Frequent terms include knowledge, patterns, theory, design knowledge, pattern, research. Representative papers include A conceptual framework for design science research; Towards a Method for Design Principle Development in Information Systems; Towards normal design for safety-critical systems.",0.09481418132781982,11,False,-0.7986379,6.8826585,False,0,,
85ba95ab4fa0,Design Guidelines,"Six Guidelines for Trustworthy, Ethical and Responsible Automation Design","Jelínek, Matouš ; Schlicker, Nadine ; de Visser, Ewart",2025,arXiv,10.48550/arXiv.2508.02371,,-1,Noise / weak affinity,"patterns, knowledge, framework, user, learning, human",114 papers were left unassigned by the density model. They are retained as evidence of weak affinity rather than treated as an algorithm failure.,0.1714038848876953,16,False,1.0042288,4.633018,False,0,,
85c3a6761bcc,Design theory,Designing Process Guidance Systems,Stefan Morana; Julia Krönung; A. Maedche; Silvia Schacht,2019,Journal of the AIS,,https://www.semanticscholar.org/paper/5e51d43088f2281205feb89ba8a66707f5498104,0,Knowledge · Patterns · Theory,"knowledge, patterns, theory, design knowledge, pattern, research","This exploratory cluster contains 340 papers. Frequent terms include knowledge, patterns, theory, design knowledge, pattern, research. Representative papers include A conceptual framework for design science research; Towards a Method for Design Principle Development in Information Systems; Towards normal design for safety-critical systems.",0.15129625797271729,203,False,-0.012236815,5.493429,False,0,,
866322a64dc5,Design Guidelines,Healthy Eating Design Guidelines for School Architecture,T. Huang; D. Sørensen; Steven Davis; L. Frerichs; Jeri Brittin; Joseph Celentano; Kelly Callahan; M. Trowbridge,2013,Preventing Chronic Disease,,https://www.semanticscholar.org/paper/8cf045de91534b74094162cb036d8acb5a6c74c4,-1,Noise / weak affinity,"patterns, knowledge, framework, user, learning, human",114 papers were left unassigned by the density model. They are retained as evidence of weak affinity rather than treated as an algorithm failure.,0.3083394765853882,114,False,1.5072765,6.369017,False,0,,
866d8935b9e0,Design rationale,"Issues critical to the development of design history, design rationale and design intent systems","Ullman, David G. (1)",1994,"American Society of Mechanical Engineers, Design Engineering Division (Publication) DE",,,0,Knowledge · Patterns · Theory,"knowledge, patterns, theory, design knowledge, pattern, research","This exploratory cluster contains 340 papers. Frequent terms include knowledge, patterns, theory, design knowledge, pattern, research. Representative papers include A conceptual framework for design science research; Towards a Method for Design Principle Development in Information Systems; Towards normal design for safety-critical systems.",0.10425305366516113,33,False,-0.8296189,6.030223,False,0,,
878cf959ac53,Design methods,Designerly Research Methods and Researcherly Design Methods,R. Sosa,2020,,,https://www.semanticscholar.org/paper/3c1e79eab204a59ccd27f91f5c60a8bc77fd660a,0,Knowledge · Patterns · Theory,"knowledge, patterns, theory, design knowledge, pattern, research","This exploratory cluster contains 340 papers. Frequent terms include knowledge, patterns, theory, design knowledge, pattern, research. Representative papers include A conceptual framework for design science research; Towards a Method for Design Principle Development in Information Systems; Towards normal design for safety-critical systems.",0.12508344650268555,94,False,0.276368,7.833619,False,0,,
885a1eee70e3,Design methods,"The Design of Business Models: What, How and Why",Lorenzo Massa,2024,Journal of Business Models,,https://www.semanticscholar.org/paper/4ddeee32ce878180b4aa8e380f01a51103dc9b26,0,Knowledge · Patterns · Theory,"knowledge, patterns, theory, design knowledge, pattern, research","This exploratory cluster contains 340 papers. Frequent terms include knowledge, patterns, theory, design knowledge, pattern, research. Representative papers include A conceptual framework for design science research; Towards a Method for Design Principle Development in Information Systems; Towards normal design for safety-critical systems.",0.12825119495391846,106,False,0.64330447,5.8839054,False,0,,
892ad7622adf,Design Rules,"Modularity Design Rules for Architecture Development: Theory, Implementation, and Evidence from the Development of the Renault–Nissan Alliance “Common Module Family” Architecture",R. Sanchez; T. Shibata,2018,"Journal of Open Innovation: Technology, Market and Complexity",,https://www.semanticscholar.org/paper/f0c8dde0db23ccabc0cd5d3499399bdb253bdf5c,-1,Noise / weak affinity,"patterns, knowledge, framework, user, learning, human",114 papers were left unassigned by the density model. They are retained as evidence of weak affinity rather than treated as an algorithm failure.,0.21064472198486328,79,False,0.5014742,4.507226,False,0,,
8aeb26c1e21d,Design Rules,Steps toward a cognitive engineering: Design rules based on analyses of human error,"Norman, Donald A.",1982,Proceedings of the 1982 Conference on Human Factors in Computing Systems,10.1145/800049.801815,https://doi.org/10.1145/800049.801815,0,Knowledge · Patterns · Theory,"knowledge, patterns, theory, design knowledge, pattern, research","This exploratory cluster contains 340 papers. Frequent terms include knowledge, patterns, theory, design knowledge, pattern, research. Representative papers include A conceptual framework for design science research; Towards a Method for Design Principle Development in Information Systems; Towards normal design for safety-critical systems.",0.1334620714187622,126,False,1.1744301,4.539585,False,0,,
8eb8539b9712,Design principles,Designing Dialogic Disclaimers: Principles for Ethical Conversational Design in LLM Interfaces,"Cheng, Theodore H",2025,Proceedings of the 7th ACM Conference on Conversational User Interfaces,10.1145/3719160.3737640,https://doi.org/10.1145/3719160.3737640,-1,Noise / weak affinity,"patterns, knowledge, framework, user, learning, human",114 papers were left unassigned by the density model. They are retained as evidence of weak affinity rather than treated as an algorithm failure.,0.18817752599716187,42,False,1.4470991,5.158204,False,0,,
8f065cfd18a4,Design knowledge,Pattern language: A framework for learning,A. Jessop,2004,European Journal of Operational Research,,https://www.semanticscholar.org/paper/22ed7807be2712d6f37c6d4ad6b09ffb3525480e,0,Knowledge · Patterns · Theory,"knowledge, patterns, theory, design knowledge, pattern, research","This exploratory cluster contains 340 papers. Frequent terms include knowledge, patterns, theory, design knowledge, pattern, research. Representative papers include A conceptual framework for design science research; Towards a Method for Design Principle Development in Information Systems; Towards normal design for safety-critical systems.",0.13648533821105957,144,False,2.8121061,3.022455,False,0,,
9020aa145571,Design Guidelines,A Process Framework for Designing Software Reference Architectures for Providing Tools as a Service,Muhammad Aufeef Chauhan; M. Babar; Christian W. Probst,2016,International Conference on Product Focused Software Process Improvement,,https://www.semanticscholar.org/paper/67ea5b36bfc4ea94e7fb7aa36c54bef831deb69e,-1,Noise / weak affinity,"patterns, knowledge, framework, user, learning, human",114 papers were left unassigned by the density model. They are retained as evidence of weak affinity rather than treated as an algorithm failure.,0.21008086204528809,78,False,0.869279,4.0689745,False,0,,
9049c4d2bbec,Design theory,Towards a design theory of blended learning curriculum,Ronghuai Huang (1); Ding Ma (1); Haisen Zhang (1),,"Hybrid Learning and Education. First International Conference, ICHL 2008",10.1007/978-3-540-85170-7_6,,0,Knowledge · Patterns · Theory,"knowledge, patterns, theory, design knowledge, pattern, research","This exploratory cluster contains 340 papers. Frequent terms include knowledge, patterns, theory, design knowledge, pattern, research. Representative papers include A conceptual framework for design science research; Towards a Method for Design Principle Development in Information Systems; Towards normal design for safety-critical systems.",0.1790112853050232,291,False,3.714067,4.2666893,False,0,,
91ac41f73380,Design theory,Knowing the Unknowable: Understanding and Measuring Design Impact Across Disciplines and Scale,Ashreya M. Venkatesh; Arianne X. Collopy; G. Loo; K. Sng; Daniel D. Jensen; Kris Wood,2021,,,https://www.semanticscholar.org/paper/f8112d8b9e2da1801b40f5ecf119a41f9b7d6a78,0,Knowledge · Patterns · Theory,"knowledge, patterns, theory, design knowledge, pattern, research","This exploratory cluster contains 340 papers. Frequent terms include knowledge, patterns, theory, design knowledge, pattern, research. Representative papers include A conceptual framework for design science research; Towards a Method for Design Principle Development in Information Systems; Towards normal design for safety-critical systems.",0.1397007703781128,161,False,1.6128957,6.729137,False,0,,
92fd41483399,Design theory,Design exemplars for synchronous e-learning: A design theory approach,"Hrastinski, S. (1); Keller, C. (2); Carlsson, S.A. (3)",,Computers & Education,10.1016/j.compedu.2010.02.025,,-1,Noise / weak affinity,"patterns, knowledge, framework, user, learning, human",114 papers were left unassigned by the density model. They are retained as evidence of weak affinity rather than treated as an algorithm failure.,0.16606217622756958,14,False,3.498179,4.146583,False,0,,
93bb03ac03b6,Design principles,Design principles for data analysis,"McGowan, Lucy DAgostino (1); Peng, Roger D. (2); Hicks, Stephanie C. (2)",2021,arXiv,,,0,Knowledge · Patterns · Theory,"knowledge, patterns, theory, design knowledge, pattern, research","This exploratory cluster contains 340 papers. Frequent terms include knowledge, patterns, theory, design knowledge, pattern, research. Representative papers include A conceptual framework for design science research; Towards a Method for Design Principle Development in Information Systems; Towards normal design for safety-critical systems.",0.13503849506378174,136,False,0.5537239,6.6320453,False,0,,
94347a49c12b,Design methods,Using System Dynamics to Construct Design Theory for Community Information Systems,A. Moor,2007,Journal of Community Informatics,,https://www.semanticscholar.org/paper/9898a05d24456f06fae80b2792799f42c78e97c2,0,Knowledge · Patterns · Theory,"knowledge, patterns, theory, design knowledge, pattern, research","This exploratory cluster contains 340 papers. Frequent terms include knowledge, patterns, theory, design knowledge, pattern, research. Representative papers include A conceptual framework for design science research; Towards a Method for Design Principle Development in Information Systems; Towards normal design for safety-critical systems.",0.14581245183944702,184,False,-1.1397727,6.48693,False,0,,
94bc88b88ae6,Design knowledge,Design knowledge in the artistic–aesthetic development and transformation of the world,Charikova Irina; Zhadanov Viktor; Kiryakova Aida,2019,MATEC Web of Conferences,,https://www.semanticscholar.org/paper/4ed4e5d7bea333c04880c9e67cd730ee9463610f,0,Knowledge · Patterns · Theory,"knowledge, patterns, theory, design knowledge, pattern, research","This exploratory cluster contains 340 papers. Frequent terms include knowledge, patterns, theory, design knowledge, pattern, research. Representative papers include A conceptual framework for design science research; Towards a Method for Design Principle Development in Information Systems; Towards normal design for safety-critical systems.",0.13843989372253418,157,False,1.6305511,8.051998,False,0,,
95c2b3d44aff,Design methods,Multiple forms of applications and impacts of a design theory -ten years of industrial applications of C-K theory,A. Hatchuel; P. Masson; B. Weil; Marine Agogué; A. Kazakçi; S. Hooge,2016,,,https://www.semanticscholar.org/paper/5975acb4d5d895ad651694e7ae4694f8abac61d2,0,Knowledge · Patterns · Theory,"knowledge, patterns, theory, design knowledge, pattern, research","This exploratory cluster contains 340 papers. Frequent terms include knowledge, patterns, theory, design knowledge, pattern, research. Representative papers include A conceptual framework for design science research; Towards a Method for Design Principle Development in Information Systems; Towards normal design for safety-critical systems.",0.15219271183013916,208,False,-1.1048757,7.5905933,False,0,,
95eee570b8f1,Design knowledge,Accumulating design knowledge: A mechanisms-based approach,"Rothe, Hannes (1); Wessel, Lauri (2); Barquet, Ana Paula (3)",2020,Journal of the Association for Information Systems,10.17705/1jais.00619,,0,Knowledge · Patterns · Theory,"knowledge, patterns, theory, design knowledge, pattern, research","This exploratory cluster contains 340 papers. Frequent terms include knowledge, patterns, theory, design knowledge, pattern, research. Representative papers include A conceptual framework for design science research; Towards a Method for Design Principle Development in Information Systems; Towards normal design for safety-critical systems.",0.13397318124771118,128,False,0.9938403,8.807834,False,0,,
96dd29c8f345,Design principles,Data Mesh: A Systematic Gray Literature Review,"Goedegebuure, Abel and Kumara, Indika and Driessen, Stefan and Van Den Heuvel, Willem-Jan and Monsieur, Geert and Tamburri, Damian Andrew and Nucci, Dario Di",2024,ACM Comput. Surv.,10.1145/3687301,https://doi.org/10.1145/3687301,-1,Noise / weak affinity,"patterns, knowledge, framework, user, learning, human",114 papers were left unassigned by the density model. They are retained as evidence of weak affinity rather than treated as an algorithm failure.,0.1873316764831543,40,False,0.21671233,5.1252975,False,0,,
994d28d55eb8,Design Heuristics,From human factors to human actors to human crafters,"Maceli, Monica and Atwood, Michael",2011,Proceedings of the 2011 IConference,10.1145/1940761.1940775,https://doi.org/10.1145/1940761.1940775,0,Knowledge · Patterns · Theory,"knowledge, patterns, theory, design knowledge, pattern, research","This exploratory cluster contains 340 papers. Frequent terms include knowledge, patterns, theory, design knowledge, pattern, research. Representative papers include A conceptual framework for design science research; Towards a Method for Design Principle Development in Information Systems; Towards normal design for safety-critical systems.",0.13516336679458618,138,False,2.3265464,5.768294,False,0,,
9d158233f041,Design knowledge,Guidelines supporting the formulation of design principles,"Cronholm, Stefan (1); Göbel, Hannes (1)",2018,ACIS 2018 - 29th Australasian Conference on Information Systems,10.5130/acis2018.ak,,0,Knowledge · Patterns · Theory,"knowledge, patterns, theory, design knowledge, pattern, research","This exploratory cluster contains 340 papers. Frequent terms include knowledge, patterns, theory, design knowledge, pattern, research. Representative papers include A conceptual framework for design science research; Towards a Method for Design Principle Development in Information Systems; Towards normal design for safety-critical systems.",0.09996533393859863,23,False,0.4970303,7.0457206,False,0,,
9ddabd46988b,Design Patterns,Towards project communication management patterns,Karolina Muszyńska,2016,,,https://www.semanticscholar.org/paper/32151fad667b576649833919a71f37d315c43c48,0,Knowledge · Patterns · Theory,"knowledge, patterns, theory, design knowledge, pattern, research","This exploratory cluster contains 340 papers. Frequent terms include knowledge, patterns, theory, design knowledge, pattern, research. Representative papers include A conceptual framework for design science research; Towards a Method for Design Principle Development in Information Systems; Towards normal design for safety-critical systems.",0.1427900791168213,174,False,2.6593046,3.1170554,False,0,,
9eda131748eb,Design knowledge,Engineering Design Principles for HCI as a Way Forward for HCI Design Knowledge,"Long, J. (1); Cummaford, S. (2); Stork, A. (3)",,"HCI Design Knowledge: Critique, Challenge, and a Way Forward. Synthesis Lectures on Human-Centered Informatics",10.1007/978-3-031-79209-0_10,,0,Knowledge · Patterns · Theory,"knowledge, patterns, theory, design knowledge, pattern, research","This exploratory cluster contains 340 papers. Frequent terms include knowledge, patterns, theory, design knowledge, pattern, research. Representative papers include A conceptual framework for design science research; Towards a Method for Design Principle Development in Information Systems; Towards normal design for safety-critical systems.",0.16306662559509277,246,False,5.3705373,5.392341,False,0,,
9eecf23c4ce7,Design Heuristics,Design Heuristics for Web-Based Severe Weather Risk Communication,"Jit, Sophia and Leiva, Amanda and Bicksler, Rebecca and Soden, Robert",2025,Proceedings of the 2025 ACM SIGCAS/SIGCHI Conference on Computing and Sustainable Societies,10.1145/3715335.3735482,https://doi.org/10.1145/3715335.3735482,0,Knowledge · Patterns · Theory,"knowledge, patterns, theory, design knowledge, pattern, research","This exploratory cluster contains 340 papers. Frequent terms include knowledge, patterns, theory, design knowledge, pattern, research. Representative papers include A conceptual framework for design science research; Towards a Method for Design Principle Development in Information Systems; Towards normal design for safety-critical systems.",0.22588860988616943,334,False,3.5291271,6.627603,False,0,,
9f4dbd790fe7,Design Heuristics,Design Heuristics in Innovative Products,"Yilmaz, S.; Seifert, C. (1); Daly, S.R. (2); Gonzalez, R. (1)",,Journal of Mechanical Design,10.1115/1.4032219,,0,Knowledge · Patterns · Theory,"knowledge, patterns, theory, design knowledge, pattern, research","This exploratory cluster contains 340 papers. Frequent terms include knowledge, patterns, theory, design knowledge, pattern, research. Representative papers include A conceptual framework for design science research; Towards a Method for Design Principle Development in Information Systems; Towards normal design for safety-critical systems.",0.16934239864349365,265,False,3.5521696,6.707451,False,0,,
9f9f7295ec8c,Design theory,Affordance based design: a relational theory for design,"Maier, J. (1); Fadel, G. (1)",,Research in Engineering Design,10.1007/s00163-008-0060-3,,0,Knowledge · Patterns · Theory,"knowledge, patterns, theory, design knowledge, pattern, research","This exploratory cluster contains 340 papers. Frequent terms include knowledge, patterns, theory, design knowledge, pattern, research. Representative papers include A conceptual framework for design science research; Towards a Method for Design Principle Development in Information Systems; Towards normal design for safety-critical systems.",0.16355204582214355,247,False,-0.54956794,6.403612,False,0,,
a0d1057f0acb,Design Patterns,Pattern approach to interaction design,"Borchers, Jan O. (1)",2000,"Proceedings of the Conference on Designing Interactive Systems: Processes, Practices, Methods, and Techniques, DIS",,,0,Knowledge · Patterns · Theory,"knowledge, patterns, theory, design knowledge, pattern, research","This exploratory cluster contains 340 papers. Frequent terms include knowledge, patterns, theory, design knowledge, pattern, research. Representative papers include A conceptual framework for design science research; Towards a Method for Design Principle Development in Information Systems; Towards normal design for safety-critical systems.",0.16284382343292236,244,False,2.6047046,3.6391585,False,0,,
a1a2a51ae22e,Design theory,Incommensurability in design science: Which comes first-Theory or artefact?,"Davern, Michael (1); Parkes, Alison (1)",2010,Information Systems Foundations: The Role of Design Science,10.22459/isf.12.2010.04,,0,Knowledge · Patterns · Theory,"knowledge, patterns, theory, design knowledge, pattern, research","This exploratory cluster contains 340 papers. Frequent terms include knowledge, patterns, theory, design knowledge, pattern, research. Representative papers include A conceptual framework for design science research; Towards a Method for Design Principle Development in Information Systems; Towards normal design for safety-critical systems.",0.157109797000885,231,False,-0.32816926,7.708063,False,0,,
a21900f84443,Design theory,Undesigning technology: considering the negation of design by design,"Pierce, James",2012,Proceedings of the SIGCHI Conference on Human Factors in Computing Systems,10.1145/2207676.2208540,https://doi.org/10.1145/2207676.2208540,0,Knowledge · Patterns · Theory,"knowledge, patterns, theory, design knowledge, pattern, research","This exploratory cluster contains 340 papers. Frequent terms include knowledge, patterns, theory, design knowledge, pattern, research. Representative papers include A conceptual framework for design science research; Towards a Method for Design Principle Development in Information Systems; Towards normal design for safety-critical systems.",0.18355154991149902,300,False,2.4012628,6.096318,False,0,,
a3bc8ece9d73,Design Patterns,Use of design patterns in analogy-based design,"Goel, A.K. (1); Bhatta, S.R.",,Advanced Engineering Informatics,10.1016/j.aei.2004.09.003,,-1,Noise / weak affinity,"patterns, knowledge, framework, user, learning, human",114 papers were left unassigned by the density model. They are retained as evidence of weak affinity rather than treated as an algorithm failure.,0.1752588152885437,20,False,0.8623581,3.6456964,False,0,,
a707fd62833a,Design knowledge,Tracing the tensions surrounding understandings of agency and knowledge in technology design,Ruth Neubauer; E. Bohemia; K. Harman,2019,Conference Proceedings of the Academy for Design Innovation Management,,https://www.semanticscholar.org/paper/4acc5b8aa733c7fa82f49703473735aeb54c7095,0,Knowledge · Patterns · Theory,"knowledge, patterns, theory, design knowledge, pattern, research","This exploratory cluster contains 340 papers. Frequent terms include knowledge, patterns, theory, design knowledge, pattern, research. Representative papers include A conceptual framework for design science research; Towards a Method for Design Principle Development in Information Systems; Towards normal design for safety-critical systems.",0.12959915399551392,112,False,2.3497143,6.152989,False,0,,
a74bec243b7f,Design Patterns,Universal Structural-Semantic Model of Design Patterns,S. Vlajic; A. Trujic; M. Milic; D. Savic; A. Poledica,2026,,10.1109/IT67293.2026.11435724,,-1,Noise / weak affinity,"patterns, knowledge, framework, user, learning, human",114 papers were left unassigned by the density model. They are retained as evidence of weak affinity rather than treated as an algorithm failure.,0.22155117988586426,92,False,1.7310002,3.1003165,False,0,,
a7e06450729f,Design knowledge,Game Design as an Autonomous Research Subject,"Neves, P.P. (1); Zagalo, N. (2)",,Information,10.3390/info12090367,,0,Knowledge · Patterns · Theory,"knowledge, patterns, theory, design knowledge, pattern, research","This exploratory cluster contains 340 papers. Frequent terms include knowledge, patterns, theory, design knowledge, pattern, research. Representative papers include A conceptual framework for design science research; Towards a Method for Design Principle Development in Information Systems; Towards normal design for safety-critical systems.",0.1356525421142578,142,False,-0.7898443,2.7427645,False,0,,
a883ec94b37a,Design knowledge,Causal design knowledge: Alternative representation method for product development knowledge management,Kyoung-Yun Kim (1); Yun Seon Kim (1),,Computer Aided Design,10.1016/j.cad.2011.05.005,,0,Knowledge · Patterns · Theory,"knowledge, patterns, theory, design knowledge, pattern, research","This exploratory cluster contains 340 papers. Frequent terms include knowledge, patterns, theory, design knowledge, pattern, research. Representative papers include A conceptual framework for design science research; Towards a Method for Design Principle Development in Information Systems; Towards normal design for safety-critical systems.",0.17925488948822021,293,False,1.4310052,8.57189,False,0,,
a9303960f19a,Design Patterns,Abstraction in computer science,"Colburn, Timothy (1); Shute, Gary (1)",2007,Minds and Machines,10.1007/s11023-007-9061-7,,0,Knowledge · Patterns · Theory,"knowledge, patterns, theory, design knowledge, pattern, research","This exploratory cluster contains 340 papers. Frequent terms include knowledge, patterns, theory, design knowledge, pattern, research. Representative papers include A conceptual framework for design science research; Towards a Method for Design Principle Development in Information Systems; Towards normal design for safety-critical systems.",0.198527991771698,317,False,1.535956,3.9741552,False,0,,
ab97fa9e6ec7,Design rationale,"""Argumentative Design Rationale and the Object-Oriented Development Process: better analysis, better design""",L. Bronner; Jerry-Daryl Fletcher,2011,2006 Fall ASEE Middle Atlantic Section Conference Proceedings,,https://www.semanticscholar.org/paper/40f61a83349d805ce7200a1424e4aa6df3e58313,0,Knowledge · Patterns · Theory,"knowledge, patterns, theory, design knowledge, pattern, research","This exploratory cluster contains 340 papers. Frequent terms include knowledge, patterns, theory, design knowledge, pattern, research. Representative papers include A conceptual framework for design science research; Towards a Method for Design Principle Development in Information Systems; Towards normal design for safety-critical systems.",0.1302863359451294,115,False,-0.86671454,5.4237757,False,0,,
ac2f5510db32,Design methods,Beyond geometric complexity: a critical review of complexity theory and how it relates to architecture engineering and construction,Evangelos Pantazis; D. Gerber,2019,Architectural Science Review,,https://www.semanticscholar.org/paper/b50cc2220c9a692e8c31e6465f08e7008ae10dbf,0,Knowledge · Patterns · Theory,"knowledge, patterns, theory, design knowledge, pattern, research","This exploratory cluster contains 340 papers. Frequent terms include knowledge, patterns, theory, design knowledge, pattern, research. Representative papers include A conceptual framework for design science research; Towards a Method for Design Principle Development in Information Systems; Towards normal design for safety-critical systems.",0.14870810508728027,196,False,0.46261886,6.179044,False,0,,
ade4419d3095,Design Patterns,Hybrid modeling design patterns,M. Rudolph; Stefan Kurz; Barbara Rakitsch,2023,Journal of Mathematics in Industry,,https://www.semanticscholar.org/paper/d1798033cdc2d510fec08ea61044d91d10061c67,0,Knowledge · Patterns · Theory,"knowledge, patterns, theory, design knowledge, pattern, research","This exploratory cluster contains 340 papers. Frequent terms include knowledge, patterns, theory, design knowledge, pattern, research. Representative papers include A conceptual framework for design science research; Towards a Method for Design Principle Development in Information Systems; Towards normal design for safety-critical systems.",0.14287245273590088,175,False,1.0879906,3.6898813,False,0,,
ade78c466271,Design knowledge,Revised set of usability heuristics for the evaluation of interactive systems,"Pribeanu, C. (1)",,Informatica Economica,10.12948/issn14531305/21.3.2017.03,,0,Knowledge · Patterns · Theory,"knowledge, patterns, theory, design knowledge, pattern, research","This exploratory cluster contains 340 papers. Frequent terms include knowledge, patterns, theory, design knowledge, pattern, research. Representative papers include A conceptual framework for design science research; Towards a Method for Design Principle Development in Information Systems; Towards normal design for safety-critical systems.",0.18568575382232666,303,False,3.3857012,6.414503,False,0,,
af4a4237d98a,Design knowledge,Utilization of design principles for hybrid learning configurations by interprofessional design teams,Petra H. M. Cremers; A. Wals; R. Wesselink; M. Mulder,2017,,,https://www.semanticscholar.org/paper/283b7871f4761ad84513199e4f22100232b20a4b,0,Knowledge · Patterns · Theory,"knowledge, patterns, theory, design knowledge, pattern, research","This exploratory cluster contains 340 papers. Frequent terms include knowledge, patterns, theory, design knowledge, pattern, research. Representative papers include A conceptual framework for design science research; Towards a Method for Design Principle Development in Information Systems; Towards normal design for safety-critical systems.",0.15448057651519775,221,False,0.65105766,6.965294,False,0,,
af66a447ca7c,Design theory,Digital Panopticon: How Remote Work Monitoring Shapes Employee Behavior and Motivation,Aleksandar Nikodinovski; Darjan Karabašević; Vuk Mirčetić,2026,Businesses,,https://www.semanticscholar.org/paper/dcae6e93cb73b5532913f20f88311ba7d2aabcc4,-1,Noise / weak affinity,"patterns, knowledge, framework, user, learning, human",114 papers were left unassigned by the density model. They are retained as evidence of weak affinity rather than treated as an algorithm failure.,0.2204764485359192,89,False,1.1056502,4.722159,False,0,,
b077c606da41,Design Guidelines,Classification approach for hybrid components in mechanical engineering with a focus on additive manufacturing,M. Ley; Ali Al-Zuhairi; R. Teutsch,2021,,,https://www.semanticscholar.org/paper/059e9cf8f5148cf9c2aa96430fa38ec930824191,-1,Noise / weak affinity,"patterns, knowledge, framework, user, learning, human",114 papers were left unassigned by the density model. They are retained as evidence of weak affinity rather than treated as an algorithm failure.,0.24599575996398926,106,False,0.65087605,5.0393486,False,0,,
b0fe7e080516,Design knowledge,Design knowledge representation: An ontological perspective,"Sanfilippo, Emilio M. (1, 2); Masolo, Claudio (1); Porello, Daniele (1)",2015,CEUR Workshop Proceedings,,,0,Knowledge · Patterns · Theory,"knowledge, patterns, theory, design knowledge, pattern, research","This exploratory cluster contains 340 papers. Frequent terms include knowledge, patterns, theory, design knowledge, pattern, research. Representative papers include A conceptual framework for design science research; Towards a Method for Design Principle Development in Information Systems; Towards normal design for safety-critical systems.",0.09556782245635986,13,False,1.3439174,7.72337,False,0,,
b14f85b19a87,Design Guidelines,Design Study Methodology: Reflections from the Trenches and the Stacks,M. Sedlmair; M. Meyer; T. Munzner,2012,,10.1109/TVCG.2012.213,,0,Knowledge · Patterns · Theory,"knowledge, patterns, theory, design knowledge, pattern, research","This exploratory cluster contains 340 papers. Frequent terms include knowledge, patterns, theory, design knowledge, pattern, research. Representative papers include A conceptual framework for design science research; Towards a Method for Design Principle Development in Information Systems; Towards normal design for safety-critical systems.",0.10802584886550903,45,False,0.2410661,6.5521607,False,0,,
b21a9b4cc5ef,Design theory,C-K design theory: an advanced formulation,"Hatchuel, A. (1); Weil, B. (1)",,Research in Engineering Design,10.1007/s00163-008-0043-4,,0,Knowledge · Patterns · Theory,"knowledge, patterns, theory, design knowledge, pattern, research","This exploratory cluster contains 340 papers. Frequent terms include knowledge, patterns, theory, design knowledge, pattern, research. Representative papers include A conceptual framework for design science research; Towards a Method for Design Principle Development in Information Systems; Towards normal design for safety-critical systems.",0.15129458904266357,202,False,-1.0808852,7.58403,False,0,,
b2234ef79a5a,Design methods,Tracing situated effects of innovative design methods: inexperienced designers' practices,"Lee, Jung-Joo and Vaajakallio, Kirsikka and Mattelm\""aki, Tuuli",2011,Procedings of the Second Conference on Creativity and Innovation in Design,10.1145/2079216.2079231,https://doi.org/10.1145/2079216.2079231,0,Knowledge · Patterns · Theory,"knowledge, patterns, theory, design knowledge, pattern, research","This exploratory cluster contains 340 papers. Frequent terms include knowledge, patterns, theory, design knowledge, pattern, research. Representative papers include A conceptual framework for design science research; Towards a Method for Design Principle Development in Information Systems; Towards normal design for safety-critical systems.",0.15574640035629272,226,False,1.2252839,6.410809,False,0,,
b227e604cd40,Design knowledge,"The Dark Patterns Knowledge Stack: Exploring New Ways to Negotiate Context, Law, and Design","Gray, Colin M.",2026,Proceedings of the 2026 CHI Conference on Human Factors in Computing Systems,10.1145/3772318.3791264,https://doi.org/10.1145/3772318.3791264,0,Knowledge · Patterns · Theory,"knowledge, patterns, theory, design knowledge, pattern, research","This exploratory cluster contains 340 papers. Frequent terms include knowledge, patterns, theory, design knowledge, pattern, research. Representative papers include A conceptual framework for design science research; Towards a Method for Design Principle Development in Information Systems; Towards normal design for safety-critical systems.",0.18283796310424805,299,False,0.9041514,2.5590591,False,0,,
b256aafa902e,Design knowledge,A Multi-Grounded Design Research Process,"Goldkuhl, G. (1); Lind, M. (2)",,"Global Perspectives on Design Science Research. Proceedings 5th International Conference, DESRIST 2010",,,0,Knowledge · Patterns · Theory,"knowledge, patterns, theory, design knowledge, pattern, research","This exploratory cluster contains 340 papers. Frequent terms include knowledge, patterns, theory, design knowledge, pattern, research. Representative papers include A conceptual framework for design science research; Towards a Method for Design Principle Development in Information Systems; Towards normal design for safety-critical systems.",0.09991884231567383,22,False,0.8122661,8.189435,False,0,,
b357bc5a3d3b,Design Guidelines,Towards Canonical Task Types for User Interface Design,J. M. Gonzalez-Calleros; J. Guerrero-Garcia; J. Vanderdonckt; J. Munoz-Arteaga,2009,,10.1109/LA-WEB.2009.33,,-1,Noise / weak affinity,"patterns, knowledge, framework, user, learning, human",114 papers were left unassigned by the density model. They are retained as evidence of weak affinity rather than treated as an algorithm failure.,0.17630642652511597,23,False,1.9884946,4.192591,False,0,,
b42559e0a5d5,Design Patterns,ICT Systems Security and Privacy Protection,N. Cuppens-Boulahia; F. Cuppens; S. Jajodia; A. A. E. Kalam; Thierry Sans,2014,IFIP Advances in Information and Communication Technology,,https://www.semanticscholar.org/paper/83a4fbd1050484c5a9c2242d844bef1cc34ac89c,-1,Noise / weak affinity,"patterns, knowledge, framework, user, learning, human",114 papers were left unassigned by the density model. They are retained as evidence of weak affinity rather than treated as an algorithm failure.,0.2759683132171631,113,False,0.4155998,4.9091444,False,0,,
b5d968168f35,Design methods,A Framework of Design Method Corroboration,"Thoring, Katja (1); Mueller, Roland M. (2); Lecuna, Alejandro (3); Badke-Schaub, Petra (4)",2023,Proceedings of the Annual Hawaii International Conference on System Sciences,,,0,Knowledge · Patterns · Theory,"knowledge, patterns, theory, design knowledge, pattern, research","This exploratory cluster contains 340 papers. Frequent terms include knowledge, patterns, theory, design knowledge, pattern, research. Representative papers include A conceptual framework for design science research; Towards a Method for Design Principle Development in Information Systems; Towards normal design for safety-critical systems.",0.1329219937324524,121,False,0.94446075,5.852714,False,0,,
b73f2343e274,Design knowledge,Let's Get Divorced: Constructing Knowledge Outcomes for Critical Design and Constructive Design Research,"Forlizzi, Jodi and Zimmerman, John and Hekkert, Paul and Koskinen, Ilpo",2018,Proceedings of the 2018 ACM Conference Companion Publication on Designing Interactive Systems,10.1145/3197391.3197395,https://doi.org/10.1145/3197391.3197395,-1,Noise / weak affinity,"patterns, knowledge, framework, user, learning, human",114 papers were left unassigned by the density model. They are retained as evidence of weak affinity rather than treated as an algorithm failure.,0.1775423288345337,25,False,0.66927505,7.9055853,False,0,,
b77e7d67555e,Design principles,USSF: A Unified Framework for Screen Standardization in Software Systems,H. Hristov,2025,,10.1109/CIEES66347.2025.11300084,,-1,Noise / weak affinity,"patterns, knowledge, framework, user, learning, human",114 papers were left unassigned by the density model. They are retained as evidence of weak affinity rather than treated as an algorithm failure.,0.2214874029159546,91,False,1.2132277,4.3074355,False,0,,
b967c3a334ff,Design Patterns,Industrial experience with design patterns,"Beck, Kent (1); Coplien, James O. (1); Crocker, Ron (1); Dominick, Lutz (1); Meszaros, Gerard (1); Paulisch, Frances (1); Vlissides, John (1)",1995,Proceedings - International Conference on Software Engineering,,,0,Knowledge · Patterns · Theory,"knowledge, patterns, theory, design knowledge, pattern, research","This exploratory cluster contains 340 papers. Frequent terms include knowledge, patterns, theory, design knowledge, pattern, research. Representative papers include A conceptual framework for design science research; Towards a Method for Design Principle Development in Information Systems; Towards normal design for safety-critical systems.",0.0916597843170166,8,False,2.3525743,3.0545998,False,0,,
b9f64070ed9a,Design Patterns,“Modeling-by-Patterns” of Web applications,"Garzotto, F. (1); Paolinil, P. (1); Bolchini, D.; Valenti, S.",,"Advances in Conceptual Modeling. ER'99 Workshop on Evolution and Change in Data Management, Reverse Engineering in Information Systems, and the World Wide Web and Conceptual Modeling. Proceedings (Lecture Notes in Computer Science Vol.1727)",,,0,Knowledge · Patterns · Theory,"knowledge, patterns, theory, design knowledge, pattern, research","This exploratory cluster contains 340 papers. Frequent terms include knowledge, patterns, theory, design knowledge, pattern, research. Representative papers include A conceptual framework for design science research; Towards a Method for Design Principle Development in Information Systems; Towards normal design for safety-critical systems.",0.09815704822540283,19,False,2.3097675,2.7716942,False,0,,
ba03a17bc120,Design Rules,"The Good, the Bad, and the Ugly: A Theoretical Framework for the Assessment of Continuous Colormaps",R. Bujack; T. L. Turton; F. Samsel; C. Ware; D. H. Rogers; J. Ahrens,2018,,10.1109/TVCG.2017.2743978,,-1,Noise / weak affinity,"patterns, knowledge, framework, user, learning, human",114 papers were left unassigned by the density model. They are retained as evidence of weak affinity rather than treated as an algorithm failure.,0.19581109285354614,56,False,1.2104588,3.713768,False,0,,
bacdc4f76eea,Design theory,Work system principles: towards a justified design theory on the grounds of socio-instrumental pragmatism,"Petersson, Johan",2008,Proceedings of the 3rd International Conference on the Pragmatic Web: Innovating the Interactive Society,10.1145/1479190.1479200,https://doi.org/10.1145/1479190.1479200,0,Knowledge · Patterns · Theory,"knowledge, patterns, theory, design knowledge, pattern, research","This exploratory cluster contains 340 papers. Frequent terms include knowledge, patterns, theory, design knowledge, pattern, research. Representative papers include A conceptual framework for design science research; Towards a Method for Design Principle Development in Information Systems; Towards normal design for safety-critical systems.",0.15686964988708496,230,False,-0.6987872,6.934265,False,0,,
bc6d0afdec8f,Design Patterns,Design patterns for component-oriented software development,"Rege, Karl (1)",1999,Conference Proceedings of the EUROMICRO,10.1109/EURMIC.1999.794784,,0,Knowledge · Patterns · Theory,"knowledge, patterns, theory, design knowledge, pattern, research","This exploratory cluster contains 340 papers. Frequent terms include knowledge, patterns, theory, design knowledge, pattern, research. Representative papers include A conceptual framework for design science research; Towards a Method for Design Principle Development in Information Systems; Towards normal design for safety-critical systems.",0.13794565200805664,153,False,1.5286051,3.2413795,False,0,,
bdf1addf5a10,Design knowledge,Contestable AI by Design: Towards a Framework,"Alfrink, Kars (1); Keller, Ianus (2); Kortuem, Gerd (1); Doorn, Neelke (3)",2023,Minds and Machines,10.1007/s11023-022-09611-z,,0,Knowledge · Patterns · Theory,"knowledge, patterns, theory, design knowledge, pattern, research","This exploratory cluster contains 340 papers. Frequent terms include knowledge, patterns, theory, design knowledge, pattern, research. Representative papers include A conceptual framework for design science research; Towards a Method for Design Principle Development in Information Systems; Towards normal design for safety-critical systems.",0.1700039505958557,269,False,1.5083082,4.823977,False,0,,
beaf258777e6,Design theory,What is the value of design theory?,Yoram Reich; Emilia Lavi; Kuti Shoham,2025,Proceedings of the Design Society,,https://www.semanticscholar.org/paper/0d7e7fd02d0d2f8d7ef7f2409b371e3896b739b8,0,Knowledge · Patterns · Theory,"knowledge, patterns, theory, design knowledge, pattern, research","This exploratory cluster contains 340 papers. Frequent terms include knowledge, patterns, theory, design knowledge, pattern, research. Representative papers include A conceptual framework for design science research; Towards a Method for Design Principle Development in Information Systems; Towards normal design for safety-critical systems.",0.15345054864883423,214,False,-0.38404533,7.3668427,False,0,,
bee7b59885fa,Design methods,Adapting the FBS Model of Designing for Usage-Driven Innovation Processes,B. Yannou; François Cluzel; G. Lamé,2018,Volume 7: 30th International Conference on Design Theory and Methodology,,https://www.semanticscholar.org/paper/eca62463fe663c3015618cf05fc19693f7cec6fa,-1,Noise / weak affinity,"patterns, knowledge, framework, user, learning, human",114 papers were left unassigned by the density model. They are retained as evidence of weak affinity rather than treated as an algorithm failure.,0.18305957317352295,35,False,0.56233764,5.3660865,False,0,,
c0372ed4d123,Design theory,Web-based information systems: Developing a design theory,"Siau, Keng (1); Chen, Xiaofeng (1); Tan, Xin (2)",2007,"Association for Information Systems - 13th Americas Conference on Information Systems, AMCIS 2007: Reaching New Heights",,,0,Knowledge · Patterns · Theory,"knowledge, patterns, theory, design knowledge, pattern, research","This exploratory cluster contains 340 papers. Frequent terms include knowledge, patterns, theory, design knowledge, pattern, research. Representative papers include A conceptual framework for design science research; Towards a Method for Design Principle Development in Information Systems; Towards normal design for safety-critical systems.",0.10348206758499146,30,False,-0.9385455,6.351957,False,0,,
c0efa7750b45,Design knowledge,Forms of reasoning in the design science research process,"Fischer, Christian (1, 2); Gregor, Shirley (2)",2011,Lecture Notes in Computer Science (including subseries Lecture Notes in Artificial Intelligence and Lecture Notes in Bioinformatics),10.1007/978-3-642-20633-7_2,,0,Knowledge · Patterns · Theory,"knowledge, patterns, theory, design knowledge, pattern, research","This exploratory cluster contains 340 papers. Frequent terms include knowledge, patterns, theory, design knowledge, pattern, research. Representative papers include A conceptual framework for design science research; Towards a Method for Design Principle Development in Information Systems; Towards normal design for safety-critical systems.",0.12813067436218262,105,False,0.19747753,8.392197,False,0,,
c216cc01fe23,Design Guidelines,A Preliminary Proposal Towards Unambiguous Definitions for Modular Interfaces and Interactions,Lorenzo Fiorineschi; F. Rotini,2019,Proceedings of the Design Society,,https://www.semanticscholar.org/paper/fac005c1d5ad4e966d06ca69426e26c52795b094,0,Knowledge · Patterns · Theory,"knowledge, patterns, theory, design knowledge, pattern, research","This exploratory cluster contains 340 papers. Frequent terms include knowledge, patterns, theory, design knowledge, pattern, research. Representative papers include A conceptual framework for design science research; Towards a Method for Design Principle Development in Information Systems; Towards normal design for safety-critical systems.",0.20028191804885864,320,False,1.9271386,4.247211,False,0,,
c2c57ac5453e,Design theory,"Theory construction in design research. Criteria, approaches, and methods.",K. Friedman,2002,Proceedings of DRS,,https://www.semanticscholar.org/paper/77be0017d3222a9d67af14b59218c4c05d5fd16a,0,Knowledge · Patterns · Theory,"knowledge, patterns, theory, design knowledge, pattern, research","This exploratory cluster contains 340 papers. Frequent terms include knowledge, patterns, theory, design knowledge, pattern, research. Representative papers include A conceptual framework for design science research; Towards a Method for Design Principle Development in Information Systems; Towards normal design for safety-critical systems.",0.1120140552520752,52,False,-0.48798347,7.496483,False,0,,
c3005cf4cf75,Design theory,Design as interactions of problem framing and problem solving,"Dzbor, M. (1); Zdrahal, Z. (1)",,ECAI 2002. 15th European Conference on Artificial Intelligence Proceedings,,,0,Knowledge · Patterns · Theory,"knowledge, patterns, theory, design knowledge, pattern, research","This exploratory cluster contains 340 papers. Frequent terms include knowledge, patterns, theory, design knowledge, pattern, research. Representative papers include A conceptual framework for design science research; Towards a Method for Design Principle Development in Information Systems; Towards normal design for safety-critical systems.",0.10291105508804321,28,False,0.19322965,6.4500995,False,0,,
c5d4c66275a8,Design knowledge,Towards a Theory Driven Foundational Model for Design: Rethinking Requirement Elicitation for Special Needs,K. Venkatesh; Shakuntala Acharya; J. Allen; F. Mistree,2025,Digital Enterprise Computing,,https://www.semanticscholar.org/paper/a02bcc09b09789ba51cd5bf0e57da568c03c8021,0,Knowledge · Patterns · Theory,"knowledge, patterns, theory, design knowledge, pattern, research","This exploratory cluster contains 340 papers. Frequent terms include knowledge, patterns, theory, design knowledge, pattern, research. Representative papers include A conceptual framework for design science research; Towards a Method for Design Principle Development in Information Systems; Towards normal design for safety-critical systems.",0.13973557949066162,162,False,1.1712985,7.796796,False,0,,
c6955d14d66c,Design Heuristics,Dialogue appropriate to assistive technology product design: A taxonomy of communication formats in relation to modes of sensory perception,G. Torrens,2017,,,https://www.semanticscholar.org/paper/e3863795197b4a7168ac1c641588497ad18d3671,0,Knowledge · Patterns · Theory,"knowledge, patterns, theory, design knowledge, pattern, research","This exploratory cluster contains 340 papers. Frequent terms include knowledge, patterns, theory, design knowledge, pattern, research. Representative papers include A conceptual framework for design science research; Towards a Method for Design Principle Development in Information Systems; Towards normal design for safety-critical systems.",0.16465657949447632,252,False,1.7853839,6.0363965,False,0,,
c6e7060b0fa0,Design Patterns,LabelPatterns.org: A comprehensive pattern library for consumer-decision labels,D. K. Farkas; J. Larson; S. J. Naranjo,2011,,10.1109/IPCC.2011.6087185,,0,Knowledge · Patterns · Theory,"knowledge, patterns, theory, design knowledge, pattern, research","This exploratory cluster contains 340 papers. Frequent terms include knowledge, patterns, theory, design knowledge, pattern, research. Representative papers include A conceptual framework for design science research; Towards a Method for Design Principle Development in Information Systems; Towards normal design for safety-critical systems.",0.17979884147644043,295,False,2.4614477,2.775832,False,0,,
c7afdd089fdd,Design Patterns,Toward patterns for collaborative knowledge creation,"Haoxiang, Xia (1); Zhaoguo, Xuan (1); Taketoshi, Yosbida (2); Zhongtuo, Wang (1)",2007,Lecture Notes in Computer Science (including subseries Lecture Notes in Artificial Intelligence and Lecture Notes in Bioinformatics),,,0,Knowledge · Patterns · Theory,"knowledge, patterns, theory, design knowledge, pattern, research","This exploratory cluster contains 340 papers. Frequent terms include knowledge, patterns, theory, design knowledge, pattern, research. Representative papers include A conceptual framework for design science research; Towards a Method for Design Principle Development in Information Systems; Towards normal design for safety-critical systems.",0.13337010145187378,125,False,2.859465,3.271204,False,0,,
c7ed46400a28,Design Patterns,Exploring the design space of composite visualization,W. Javed; N. Elmqvist,2012,,10.1109/PacificVis.2012.6183556,,1,Visualization · Visualizations · Composite,"visualization, visualizations, composite, composite visualization, data, patterns","This exploratory cluster contains 5 papers. Frequent terms include visualization, visualizations, composite, composite visualization, data, patterns. Representative papers include Revisiting the Design Patterns of Composite Visualizations; Exploring the design space of composite visualization; Visualization Atlases: Explaining and Exploring Complex Topics Through Data, Visualization, and Narration.",0.0565418004989624,2,True,-0.8078953,4.366249,False,0,,
c90163fa7f57,Design knowledge,A new model to express and capture the design rationale in the documents,Jihong Liu (1); Jiaji Wang (1); Kejian Wang (1),,MATEC Web of Conferences,10.1051/matecconf/201713900016,,0,Knowledge · Patterns · Theory,"knowledge, patterns, theory, design knowledge, pattern, research","This exploratory cluster contains 340 papers. Frequent terms include knowledge, patterns, theory, design knowledge, pattern, research. Representative papers include A conceptual framework for design science research; Towards a Method for Design Principle Development in Information Systems; Towards normal design for safety-critical systems.",0.13135385513305664,117,False,-0.99557555,5.4318123,False,0,,
c9175ef9ebfe,Design theory,Management design theories,"Pries-Heje, Jan (1); Baskerville, Richard L. (2)",2010,IFIP Advances in Information and Communication Technology,10.1007/978-3-642-12113-5_16,,0,Knowledge · Patterns · Theory,"knowledge, patterns, theory, design knowledge, pattern, research","This exploratory cluster contains 340 papers. Frequent terms include knowledge, patterns, theory, design knowledge, pattern, research. Representative papers include A conceptual framework for design science research; Towards a Method for Design Principle Development in Information Systems; Towards normal design for safety-critical systems.",0.09547001123428345,12,False,0.35063538,5.0138965,False,0,,
ca185d91b684,Design Guidelines,Embracing Non-Natural Design in Human-Computer Interaction,"Vatavu, Radu-Daniel",2024,Proceedings of the 2024 International Conference on Advanced Visual Interfaces,10.1145/3656650.3660545,https://doi.org/10.1145/3656650.3660545,-1,Noise / weak affinity,"patterns, knowledge, framework, user, learning, human",114 papers were left unassigned by the density model. They are retained as evidence of weak affinity rather than treated as an algorithm failure.,0.20547711849212646,73,False,2.3743877,5.058264,False,0,,
cb7daae2b94f,Design Guidelines,User Experience Design in Professional Map-Based Geo-Portals,Bernd Resch; B. Zimmer,2013,ISPRS Int. J. Geo Inf.,,https://www.semanticscholar.org/paper/f2125c2a28765c33506f17f80c8f8098c4408196,-1,Noise / weak affinity,"patterns, knowledge, framework, user, learning, human",114 papers were left unassigned by the density model. They are retained as evidence of weak affinity rather than treated as an algorithm failure.,0.2135298252105713,82,False,2.0169668,4.588232,False,0,,
cc5e9fe45cc6,Design knowledge,A study of practice based design research models from knowledge integration perspective,Honghai Li; Jun Cai,2019,,,https://www.semanticscholar.org/paper/9f26e050d534e82159a5fa1af1f865603733aa49,0,Knowledge · Patterns · Theory,"knowledge, patterns, theory, design knowledge, pattern, research","This exploratory cluster contains 340 papers. Frequent terms include knowledge, patterns, theory, design knowledge, pattern, research. Representative papers include A conceptual framework for design science research; Towards a Method for Design Principle Development in Information Systems; Towards normal design for safety-critical systems.",0.13548904657363892,140,False,1.1511079,8.200098,False,0,,
ccc616a68c38,Design knowledge,Towards Creating a Body of Evidence-based Interactive Digital Narrative Design Knowledge: Approaches and Challenges,"Roth, Christian and Koenitz, Hartmut",2017,Proceedings of the 2nd International Workshop on Multimedia Alternate Realities,10.1145/3132361.3133942,https://doi.org/10.1145/3132361.3133942,0,Knowledge · Patterns · Theory,"knowledge, patterns, theory, design knowledge, pattern, research","This exploratory cluster contains 340 papers. Frequent terms include knowledge, patterns, theory, design knowledge, pattern, research. Representative papers include A conceptual framework for design science research; Towards a Method for Design Principle Development in Information Systems; Towards normal design for safety-critical systems.",0.15443050861358643,219,False,-0.39602476,3.0724032,False,0,,
cd211147691a,Design Heuristics,Design heuristics set for X: A design aid for assistive product concept generation,"Hwang, Dongwook (1); Park, Woojin (2)",2018,Design Studies,10.1016/j.destud.2018.04.003,,0,Knowledge · Patterns · Theory,"knowledge, patterns, theory, design knowledge, pattern, research","This exploratory cluster contains 340 papers. Frequent terms include knowledge, patterns, theory, design knowledge, pattern, research. Representative papers include A conceptual framework for design science research; Towards a Method for Design Principle Development in Information Systems; Towards normal design for safety-critical systems.",0.22842687368392944,337,False,3.5628288,6.646422,False,0,,
cd42a6611470,Design Patterns,"Principles, patterns, and techniques for designing and implementing practical fluent interfaces in Java","Xie, Haochen",2017,"Proceedings Companion of the 2017 ACM SIGPLAN International Conference on Systems, Programming, Languages, and Applications: Software for Humanity",10.1145/3135932.3135948,https://doi.org/10.1145/3135932.3135948,-1,Noise / weak affinity,"patterns, knowledge, framework, user, learning, human",114 papers were left unassigned by the density model. They are retained as evidence of weak affinity rather than treated as an algorithm failure.,0.23360759019851685,97,False,1.5143595,2.8048432,False,0,,
cda6c6785f0a,Design knowledge,The design of social drones: a review of studies on autonomous flyers in inhabited environments,"Baytas, M.A. (1); Çay, D. (1); Zhang, Y. (2); Obaid, M. (3); Yantaç, A.E. (1); Fjeld, M. (2)",,CHI '19: Proceedings of the 2019 CHI Conference on Human Factors in Computing Systems,10.1145/3290605.3300480,,-1,Noise / weak affinity,"patterns, knowledge, framework, user, learning, human",114 papers were left unassigned by the density model. They are retained as evidence of weak affinity rather than treated as an algorithm failure.,0.19938063621520996,65,False,2.7192676,4.353237,False,0,,
cdd6de21b74b,Design Heuristics,Evidence-based design heuristics for idea generation,"Yilmaz, Seda (1); Daly, Shanna R. (2); Seifert, Colleen M. (2); Gonzalez, Richard (2)",2016,Design Studies,10.1016/j.destud.2016.05.001,,0,Knowledge · Patterns · Theory,"knowledge, patterns, theory, design knowledge, pattern, research","This exploratory cluster contains 340 papers. Frequent terms include knowledge, patterns, theory, design knowledge, pattern, research. Representative papers include A conceptual framework for design science research; Towards a Method for Design Principle Development in Information Systems; Towards normal design for safety-critical systems.",0.17085671424865723,274,False,3.4934654,6.706974,False,0,,
ceac90427122,Design theory,Design-oriented human-computer interaction,"Fallman, Daniel",2003,Proceedings of the SIGCHI Conference on Human Factors in Computing Systems,10.1145/642611.642652,https://doi.org/10.1145/642611.642652,0,Knowledge · Patterns · Theory,"knowledge, patterns, theory, design knowledge, pattern, research","This exploratory cluster contains 340 papers. Frequent terms include knowledge, patterns, theory, design knowledge, pattern, research. Representative papers include A conceptual framework for design science research; Towards a Method for Design Principle Development in Information Systems; Towards normal design for safety-critical systems.",0.09666299819946289,15,False,2.4639342,5.9454837,False,0,,
cf2ee8097a06,Design Rules,"Design Rules, Volume 2: Chapter 4—The Mirroring Hypothesis: Linkages Inside and Across Transaction Free Zones",Carliss Y. Baldwin,2020,Social Science Research Network,,https://www.semanticscholar.org/paper/b2acd9c3d6ff7edde932d69118071e11ebd21892,-1,Noise / weak affinity,"patterns, knowledge, framework, user, learning, human",114 papers were left unassigned by the density model. They are retained as evidence of weak affinity rather than treated as an algorithm failure.,0.18479681015014648,37,False,0.48922285,4.683728,False,0,,
d0a17557440f,Design Guidelines,Avoiding virtual dystopia: A design theory for emancipatory participatory immersive platforms,Fabian Tingelhoff; Jens Joachim Marga,2025,Journal of strategic information systems,,https://www.semanticscholar.org/paper/0118e4e235a32b2389d0a4caf0344774b888ca5c,-1,Noise / weak affinity,"patterns, knowledge, framework, user, learning, human",114 papers were left unassigned by the density model. They are retained as evidence of weak affinity rather than treated as an algorithm failure.,0.20269155502319336,69,False,1.9915812,5.3541074,False,0,,
d0a936b480d4,Design principles,Acquiring educational access for neurodiverse learners through multisensory design principles,"Puccini, Angela M. and Puccini, Marisa and Chang, Angela",2013,Proceedings of the 12th International Conference on Interaction Design and Children,10.1145/2485760.2485848,https://doi.org/10.1145/2485760.2485848,-1,Noise / weak affinity,"patterns, knowledge, framework, user, learning, human",114 papers were left unassigned by the density model. They are retained as evidence of weak affinity rather than treated as an algorithm failure.,0.18876266479492188,44,False,3.7286553,4.2244816,False,0,,
d19f5f66d2ba,Design theory,A Survey of Definition and its Role in Strengthening Design Theory,Robert Andruchow,2010,Proceedings of DRS,,https://www.semanticscholar.org/paper/66340bc794b9f491a7459ed19271054c66ec0735,0,Knowledge · Patterns · Theory,"knowledge, patterns, theory, design knowledge, pattern, research","This exploratory cluster contains 340 papers. Frequent terms include knowledge, patterns, theory, design knowledge, pattern, research. Representative papers include A conceptual framework for design science research; Towards a Method for Design Principle Development in Information Systems; Towards normal design for safety-critical systems.",0.1199415922164917,80,False,-0.07791625,7.330187,False,0,,
d250dc6eb9d9,Design theory,Systems Thinking and Design Thinking: The Search for Principles in the World We Are Making,Richard Buchanan,2019,"She Ji: The Journal of Design, Economics and Innovation",,https://www.semanticscholar.org/paper/d64394099025a58afe7de86086203be82f736091,0,Knowledge · Patterns · Theory,"knowledge, patterns, theory, design knowledge, pattern, research","This exploratory cluster contains 340 papers. Frequent terms include knowledge, patterns, theory, design knowledge, pattern, research. Representative papers include A conceptual framework for design science research; Towards a Method for Design Principle Development in Information Systems; Towards normal design for safety-critical systems.",0.10549050569534302,37,False,0.47958076,6.564084,False,0,,
d2fba2826d90,Design theory,Design Principles for Platform-Enabled Knowledge Commons with an Expository Instantiation,M. Ramakrishnan; Shirley Gregor; Anup Shrestha; J. Soar,2023,Journal of the AIS,,https://www.semanticscholar.org/paper/3e67cd0d0c79603b5118e7a44b1153b4cd7553ad,-1,Noise / weak affinity,"patterns, knowledge, framework, user, learning, human",114 papers were left unassigned by the density model. They are retained as evidence of weak affinity rather than treated as an algorithm failure.,0.16439825296401978,11,False,0.77664816,8.447594,False,0,,
d4ef8c48ded5,Design knowledge,"Toward an Inventory of Plans and Patterns, and Their Use to Foster Strategic Knowledge in Programming Novices","Costantini, Umberto and Lonati, Violetta and Morpurgo, Anna",2020,Proceedings of the 2020 ACM Conference on International Computing Education Research,10.1145/3372782.3408115,https://doi.org/10.1145/3372782.3408115,-1,Noise / weak affinity,"patterns, knowledge, framework, user, learning, human",114 papers were left unassigned by the density model. They are retained as evidence of weak affinity rather than treated as an algorithm failure.,0.22796964645385742,95,False,2.9234178,3.0878122,False,0,,
d5d39efbe945,Design rationale,Method rationale in method engineering,"Rossi, M. (1); Tolvanen, J.-P.; Ramesh, B.; Lyytinen, K.; Kaipala, J.",,Proceedings of the 33rd Annual Hawaii International Conference on System Sciences,,,0,Knowledge · Patterns · Theory,"knowledge, patterns, theory, design knowledge, pattern, research","This exploratory cluster contains 340 papers. Frequent terms include knowledge, patterns, theory, design knowledge, pattern, research. Representative papers include A conceptual framework for design science research; Towards a Method for Design Principle Development in Information Systems; Towards normal design for safety-critical systems.",0.13953638076782227,159,False,0.91130805,5.602137,False,0,,
d893185b7873,Design principles,Introduction to Initial HCI Engineering Design Principles for Domestic Energy Planning and Control,"Long, J. (1); Cummaford, S. (2); Stork, A. (3)",,Toward Engineering Design Principles for HCI. Synthesis Lectures on Human-Centered Informatics,10.1007/978-3-031-79215-1_2,,0,Knowledge · Patterns · Theory,"knowledge, patterns, theory, design knowledge, pattern, research","This exploratory cluster contains 340 papers. Frequent terms include knowledge, patterns, theory, design knowledge, pattern, research. Representative papers include A conceptual framework for design science research; Towards a Method for Design Principle Development in Information Systems; Towards normal design for safety-critical systems.",0.18011033535003662,296,False,5.3555627,5.345262,False,0,,
da5dd15cd345,Design Patterns,A functional theory of design patterns,"Bhatta, S.R. (1); Goel, A.K.",,IJCAI-97. Proceedings of the Fifteenth International Joint Conference on Artificial Intelligence,,,-1,Noise / weak affinity,"patterns, knowledge, framework, user, learning, human",114 papers were left unassigned by the density model. They are retained as evidence of weak affinity rather than treated as an algorithm failure.,0.16103696823120117,7,False,0.72680825,3.72783,False,0,,
dbc171dde63a,Design Rules,Perfect Eudaimonic User Experience Design That Aristotle Would Have Wanted,"Joers, Julian Marvin and De Luca, Ernesto William",2024,Companion Publication of the 2024 ACM Designing Interactive Systems Conference,10.1145/3656156.3663737,https://doi.org/10.1145/3656156.3663737,-1,Noise / weak affinity,"patterns, knowledge, framework, user, learning, human",114 papers were left unassigned by the density model. They are retained as evidence of weak affinity rather than treated as an algorithm failure.,0.15467095375061035,5,False,2.1006207,5.2054696,False,0,,
dbf31702e533,Design methods,Patterns for living lab practice: describing key know-how to promote service co-creation with users,"Akasaka, Fumiya (1); Yasuoka, Mika (2); Nakatani, Momoko (1); Kimura, Atsunobu (1); Ihara, Masayuki (1)",2020,International Journal of Automation Technology,10.20965/ijat.2020.p0769,,0,Knowledge · Patterns · Theory,"knowledge, patterns, theory, design knowledge, pattern, research","This exploratory cluster contains 340 papers. Frequent terms include knowledge, patterns, theory, design knowledge, pattern, research. Representative papers include A conceptual framework for design science research; Towards a Method for Design Principle Development in Information Systems; Towards normal design for safety-critical systems.",0.19250261783599854,310,False,3.0338752,2.9660122,False,0,,
dc61c8a1dcd6,Design theory,Multiscale Design Strategies in a Landscape Architecture Classroom,"Lupfer, Nic and Fowler, Hannah and Valdez, Alyssa and Webb, Andrew and Merrill, Jeremy and Newman, Galen and Kerne, Andruid",2018,Proceedings of the 2018 Designing Interactive Systems Conference,10.1145/3196709.3196812,https://doi.org/10.1145/3196709.3196812,-1,Noise / weak affinity,"patterns, knowledge, framework, user, learning, human",114 papers were left unassigned by the density model. They are retained as evidence of weak affinity rather than treated as an algorithm failure.,0.16528058052062988,12,False,1.1252683,6.66989,False,0,,
ddcb3ba05227,Design Patterns,Design patterns for sociality in human-robot interaction,"Kahn, Peter H. and Freier, Nathan G. and Kanda, Takayuki and Ishiguro, Hiroshi and Ruckert, Jolina H. and Severson, Rachel L. and Kane, Shaun K.",2008,Proceedings of the 3rd ACM/IEEE International Conference on Human Robot Interaction,10.1145/1349822.1349836,https://doi.org/10.1145/1349822.1349836,0,Knowledge · Patterns · Theory,"knowledge, patterns, theory, design knowledge, pattern, research","This exploratory cluster contains 340 papers. Frequent terms include knowledge, patterns, theory, design knowledge, pattern, research. Representative papers include A conceptual framework for design science research; Towards a Method for Design Principle Development in Information Systems; Towards normal design for safety-critical systems.",0.17436397075653076,283,False,2.7225928,4.030591,False,0,,
ddf4ea43a777,Design knowledge,Adaptation of Toulmin’s Model of Argumentation for Establishing Rigour and Relevance in Design Research,"Khambete, P. (1)",,"Research into Design for a Connected World. Proceedings of ICoRD 2019. Smart Innovation, Systems and Technologies (SIST 134)",10.1007/978-981-13-5974-3_1,,-1,Noise / weak affinity,"patterns, knowledge, framework, user, learning, human",114 papers were left unassigned by the density model. They are retained as evidence of weak affinity rather than treated as an algorithm failure.,0.17546385526657104,21,False,-0.6253193,5.706229,False,0,,
e09769771b82,Design frameworks,"The Experience, Dynamics and Artifacts Framework: Towards a Holistic Model for Designing Serious and Entertainment Games",Gabriel C. Natucci; M. A. Borges,2021,2021 IEEE Conference on Games (CoG),,https://www.semanticscholar.org/paper/c99ce43ca2809df3634eb95801e9f47fa335d56f,0,Knowledge · Patterns · Theory,"knowledge, patterns, theory, design knowledge, pattern, research","This exploratory cluster contains 340 papers. Frequent terms include knowledge, patterns, theory, design knowledge, pattern, research. Representative papers include A conceptual framework for design science research; Towards a Method for Design Principle Development in Information Systems; Towards normal design for safety-critical systems.",0.16379696130752563,249,False,-0.8546449,2.904359,False,0,,
e105857da02d,Design knowledge,Designerly Ways of Knowing in HRI: Broadening the Scope of Design-oriented HRI Through the Concept of Intermediate-level Knowledge,"Lupetti, Maria Luce and Zaga, Cristina and Cila, Nazli",2021,Proceedings of the 2021 ACM/IEEE International Conference on Human-Robot Interaction,10.1145/3434073.3444668,https://doi.org/10.1145/3434073.3444668,0,Knowledge · Patterns · Theory,"knowledge, patterns, theory, design knowledge, pattern, research","This exploratory cluster contains 340 papers. Frequent terms include knowledge, patterns, theory, design knowledge, pattern, research. Representative papers include A conceptual framework for design science research; Towards a Method for Design Principle Development in Information Systems; Towards normal design for safety-critical systems.",0.15332067012786865,213,False,4.9405856,5.2158976,False,0,,
e47202a23273,Design theory,Toward a design theory of strategic enterprise management business intelligence (SEMBI) capability maturity model,X. Luo; Fang-Kai Chang,2023,Journal of Electronic Business &amp; Digital Economics,,https://www.semanticscholar.org/paper/fd5b0d221b29d73fcc3b280b0b40943ee25dd98b,-1,Noise / weak affinity,"patterns, knowledge, framework, user, learning, human",114 papers were left unassigned by the density model. They are retained as evidence of weak affinity rather than treated as an algorithm failure.,0.2122725248336792,81,False,0.40319857,4.9423156,False,0,,
e4c9f86a6933,Design Patterns,Design patterns for exploring and prototyping human-robot interactions,"Saupp\'e, Allison and Mutlu, Bilge",2014,Proceedings of the SIGCHI Conference on Human Factors in Computing Systems,10.1145/2556288.2557057,https://doi.org/10.1145/2556288.2557057,0,Knowledge · Patterns · Theory,"knowledge, patterns, theory, design knowledge, pattern, research","This exploratory cluster contains 340 papers. Frequent terms include knowledge, patterns, theory, design knowledge, pattern, research. Representative papers include A conceptual framework for design science research; Towards a Method for Design Principle Development in Information Systems; Towards normal design for safety-critical systems.",0.17627489566802979,287,False,2.721463,3.9768095,False,0,,
e7091fbecdfa,Design knowledge,"Utilizing, Producing, and Contributing Design Knowledge in DSR Projects","Drechsler, A. (1); Hevner, A.R. (2)",,"Designing for a Digital and Globalized World. 13th International Conference, DESRIST 2018. Proceedings: LNCS 10844",10.1007/978-3-319-91800-6_6,,0,Knowledge · Patterns · Theory,"knowledge, patterns, theory, design knowledge, pattern, research","This exploratory cluster contains 340 papers. Frequent terms include knowledge, patterns, theory, design knowledge, pattern, research. Representative papers include A conceptual framework for design science research; Towards a Method for Design Principle Development in Information Systems; Towards normal design for safety-critical systems.",0.12375545501708984,88,False,0.8924813,8.626011,False,0,,
e763873f823a,Design Patterns,Formalising design patterns,K. Lano; J. Bicarregui; S. Goldsack,1996,FME 1996,,https://www.semanticscholar.org/paper/42d183baa4bedc79c05bc4e3d59a929ce9aab935,0,Knowledge · Patterns · Theory,"knowledge, patterns, theory, design knowledge, pattern, research","This exploratory cluster contains 340 papers. Frequent terms include knowledge, patterns, theory, design knowledge, pattern, research. Representative papers include A conceptual framework for design science research; Towards a Method for Design Principle Development in Information Systems; Towards normal design for safety-critical systems.",0.15592914819717407,227,False,1.5628891,2.733362,False,0,,
e8a17b6120e4,Design knowledge,Designing as reflective conversation with the materials of a design situation,"Schon, D.A. (1)",,Knowledge-Based Systems,10.1016/0950-7051(92)90020-G,,0,Knowledge · Patterns · Theory,"knowledge, patterns, theory, design knowledge, pattern, research","This exploratory cluster contains 340 papers. Frequent terms include knowledge, patterns, theory, design knowledge, pattern, research. Representative papers include A conceptual framework for design science research; Towards a Method for Design Principle Development in Information Systems; Towards normal design for safety-critical systems.",0.10279905796051025,27,False,1.6989645,6.8446035,False,0,,
e8f4a7417bf7,Design knowledge,Toward a Method for Design Science Research Meta-Studies to Improve the Reusability of Design Principles,"Khosrawi-Rad, B. (1); Grogorick, L. (1); Strohmann, T. (1); Robra-Bissantz, S. (1)",,"Design Science Research for a Resilient Future: 19th International Conference on Design Science Research in Information Systems and Technology, DESRIST 2024, Proceedings. Lecture Notes in Computer Science (14621)",10.1007/978-3-031-61175-9_13,,0,Knowledge · Patterns · Theory,"knowledge, patterns, theory, design knowledge, pattern, research","This exploratory cluster contains 340 papers. Frequent terms include knowledge, patterns, theory, design knowledge, pattern, research. Representative papers include A conceptual framework for design science research; Towards a Method for Design Principle Development in Information Systems; Towards normal design for safety-critical systems.",0.14835280179977417,194,False,0.61502326,8.50312,False,0,,
e958310acab5,Design knowledge,"Prescriptive knowledge in IS research: Conceptualizing design principles in terms of materiality, action, and boundary conditions","Chandra, Leona (1); Seidel, Stefan (1); Gregor, Shirley (2)",2015,Proceedings of the Annual Hawaii International Conference on System Sciences,10.1109/HICSS.2015.485,,0,Knowledge · Patterns · Theory,"knowledge, patterns, theory, design knowledge, pattern, research","This exploratory cluster contains 340 papers. Frequent terms include knowledge, patterns, theory, design knowledge, pattern, research. Representative papers include A conceptual framework for design science research; Towards a Method for Design Principle Development in Information Systems; Towards normal design for safety-critical systems.",0.13762235641479492,151,False,0.2801366,7.2066307,False,0,,
e9826a1c57b0,Design Patterns,In Search of Living Law: How Should We Design for (Digital) Legal Interaction?,Riikka Koulu,2024,Digital Society,,https://www.semanticscholar.org/paper/1011c572d0207c2203619839525ce10850c028e4,0,Knowledge · Patterns · Theory,"knowledge, patterns, theory, design knowledge, pattern, research","This exploratory cluster contains 340 papers. Frequent terms include knowledge, patterns, theory, design knowledge, pattern, research. Representative papers include A conceptual framework for design science research; Towards a Method for Design Principle Development in Information Systems; Towards normal design for safety-critical systems.",0.1920420527458191,309,False,2.4025493,6.5619874,False,0,,
ec380d04cf61,Design theory,GENERAL DESIGN THEORY.,"Yoshikawa, Hiroyuki (1); Tomiyama, Tetsuo (1); Kumazawa, Masami (1)",1985,"Journal of the Faculty of Engineering, the University of Tokyo, Series A",,,0,Knowledge · Patterns · Theory,"knowledge, patterns, theory, design knowledge, pattern, research","This exploratory cluster contains 340 papers. Frequent terms include knowledge, patterns, theory, design knowledge, pattern, research. Representative papers include A conceptual framework for design science research; Towards a Method for Design Principle Development in Information Systems; Towards normal design for safety-critical systems.",0.15361380577087402,216,False,-0.35149252,6.76143,False,0,,
edde6dc75b19,Design rationale,The language of design: Theory and computation,"Dong, Andy (1)",2009,The Language of Design: Theory and Computation,10.1007/978-1-84882-021-0,,0,Knowledge · Patterns · Theory,"knowledge, patterns, theory, design knowledge, pattern, research","This exploratory cluster contains 340 papers. Frequent terms include knowledge, patterns, theory, design knowledge, pattern, research. Representative papers include A conceptual framework for design science research; Towards a Method for Design Principle Development in Information Systems; Towards normal design for safety-critical systems.",0.1210780143737793,82,False,1.0032052,6.520367,False,0,,
ee0a5b26f6dc,Design Guidelines,Formalizing Visualization Design Knowledge as Constraints: Actionable and Extensible Models in Draco,Dominik Moritz; Chenglong Wang; Greg L. Nelson; Halden Lin; Adam M. Smith; Bill Howe; Jeffrey Heer,2018,IEEE Transactions on Visualization and Computer Graphics,,https://www.semanticscholar.org/paper/8db0faf2764f8b578c5d702989d437ff8bea9f14,-1,Noise / weak affinity,"patterns, knowledge, framework, user, learning, human",114 papers were left unassigned by the density model. They are retained as evidence of weak affinity rather than treated as an algorithm failure.,0.19904577732086182,62,False,-0.7650425,4.732993,False,0,,
ef3a9300a2f3,Design knowledge,Developing a competency taxonomy for teacher design knowledge in technology-enhanced learning environments: a literature review,Mi Song Kim,2019,Research and Practice in Technology Enhanced Learning,,https://www.semanticscholar.org/paper/b2c846608aefa5aa21c43b4819c02c7bcc295e5c,0,Knowledge · Patterns · Theory,"knowledge, patterns, theory, design knowledge, pattern, research","This exploratory cluster contains 340 papers. Frequent terms include knowledge, patterns, theory, design knowledge, pattern, research. Representative papers include A conceptual framework for design science research; Towards a Method for Design Principle Development in Information Systems; Towards normal design for safety-critical systems.",0.13924872875213623,158,False,3.5081544,4.380887,False,0,,
f02904f836be,Design methods,Universal Participatory Design: Achievements and Challenges,R. Bonacin; Júlio Cesar dos Reis; M. Baranauskas,2019,,,https://www.semanticscholar.org/paper/06bb9a92fbf53b9d7a93c86acc244c380656fc1f,-1,Noise / weak affinity,"patterns, knowledge, framework, user, learning, human",114 papers were left unassigned by the density model. They are retained as evidence of weak affinity rather than treated as an algorithm failure.,0.16307944059371948,9,False,1.8847841,5.974848,False,0,,
f0b2517a04a4,Design Guidelines,Don't Do That! Hunting Down Visual Design Smells in Complex UIs against Design Guidelines,"Yang, Bo and Xing, Zhenchang and Xia, Xin and Chen, Chunyang and Ye, Deheng and Li, Shanping",2021,Proceedings of the 43rd International Conference on Software Engineering,10.1109/icse43902.2021.00075,https://doi.org/10.1109/ICSE43902.2021.00075,-1,Noise / weak affinity,"patterns, knowledge, framework, user, learning, human",114 papers were left unassigned by the density model. They are retained as evidence of weak affinity rather than treated as an algorithm failure.,0.24413979053497314,104,False,2.0270944,3.8309019,False,0,,
f16832406221,Design methods,A Framework for Systemic Design,A. Ryan,2014,,,https://www.semanticscholar.org/paper/e7cf73c02d6b1359d48322826cd202eb83161e7a,0,Knowledge · Patterns · Theory,"knowledge, patterns, theory, design knowledge, pattern, research","This exploratory cluster contains 340 papers. Frequent terms include knowledge, patterns, theory, design knowledge, pattern, research. Representative papers include A conceptual framework for design science research; Towards a Method for Design Principle Development in Information Systems; Towards normal design for safety-critical systems.",0.1037939190864563,31,False,0.67436016,6.3339467,False,0,,
f1a4dde3d156,Design Patterns,Catalogue of general-purpose software design patterns,"Tichy, Walter F. (1)",1997,"Proceedings of the Conference on Technology of Object-Oriented Languages and Systems, TOOLS",,,0,Knowledge · Patterns · Theory,"knowledge, patterns, theory, design knowledge, pattern, research","This exploratory cluster contains 340 papers. Frequent terms include knowledge, patterns, theory, design knowledge, pattern, research. Representative papers include A conceptual framework for design science research; Towards a Method for Design Principle Development in Information Systems; Towards normal design for safety-critical systems.",0.17062795162200928,273,False,1.675672,3.861177,False,0,,
f47226c43979,Design methods,The Human-Centredness Metric: Early Assessment of the Quality of Human-Centred Design Activities,O. Sankowski; Dieter Krause,2023,Applied Sciences,,https://www.semanticscholar.org/paper/e5f6abe0431dd1e20d6c555a3cdf31e1a8d632e9,-1,Noise / weak affinity,"patterns, knowledge, framework, user, learning, human",114 papers were left unassigned by the density model. They are retained as evidence of weak affinity rather than treated as an algorithm failure.,0.15464961528778076,4,False,2.3799496,5.6859665,False,0,,
f50a79b2d7e1,Design knowledge,Towards scaling expertise with generative AI: design principles for governing AI-Mediated knowledge capture and transfer,"O’Sullivan, Philip (1); Seppälä, Selja (1); Feller, Joseph (1)",2026,Journal of Decision Systems,10.1080/12460125.2026.2669855,,-1,Noise / weak affinity,"patterns, knowledge, framework, user, learning, human",114 papers were left unassigned by the density model. They are retained as evidence of weak affinity rather than treated as an algorithm failure.,0.16567230224609375,13,False,1.2769548,4.937759,False,0,,
f56243f52335,Design theory,"Theory construction in design research Criteria: Approaches, and methods","Friedman, Ken (1)",2003,Design Studies,10.1016/S0142-694X(03)00039-5,,0,Knowledge · Patterns · Theory,"knowledge, patterns, theory, design knowledge, pattern, research","This exploratory cluster contains 340 papers. Frequent terms include knowledge, patterns, theory, design knowledge, pattern, research. Representative papers include A conceptual framework for design science research; Towards a Method for Design Principle Development in Information Systems; Towards normal design for safety-critical systems.",0.11886018514633179,72,False,-0.55471826,7.5089035,False,0,,
f6ba28a6efeb,Design knowledge,ON the HIERARCHICAL LEVELS of DESIGN KNOWLEDGE,"Kolarić, S. (1); Beck, J. (2); Stolterman, E. (3)",2020,Proceedings of the Design Society: DESIGN Conference,10.1017/dsd.2020.330,,0,Knowledge · Patterns · Theory,"knowledge, patterns, theory, design knowledge, pattern, research","This exploratory cluster contains 340 papers. Frequent terms include knowledge, patterns, theory, design knowledge, pattern, research. Representative papers include A conceptual framework for design science research; Towards a Method for Design Principle Development in Information Systems; Towards normal design for safety-critical systems.",0.13478541374206543,134,False,1.4942182,8.370289,False,0,,
f941f0424e1a,Design Rules,"Design Rules, Volume 2: Chapter 6—The Value Structure of Technologies, Part 1: Mapping Functional Components",Carliss Y. Baldwin,2020,Social Science Research Network,,https://www.semanticscholar.org/paper/abcbcc31184f047ab91479bf2dc56bd1a2def833,0,Knowledge · Patterns · Theory,"knowledge, patterns, theory, design knowledge, pattern, research","This exploratory cluster contains 340 papers. Frequent terms include knowledge, patterns, theory, design knowledge, pattern, research. Representative papers include A conceptual framework for design science research; Towards a Method for Design Principle Development in Information Systems; Towards normal design for safety-critical systems.",0.14078933000564575,165,False,0.4675542,4.670188,False,0,,
fc4c2b9d38d7,Design knowledge,A framework for supporting architecture knowledge and rationale management,"Babar, Muhammad Ali (1); Gorton, Ian (1); Kitchenham, Barbara (1)",2006,Rationale Management in Software Engineering,10.1007/978-3-540-30998-7_11,,0,Knowledge · Patterns · Theory,"knowledge, patterns, theory, design knowledge, pattern, research","This exploratory cluster contains 340 papers. Frequent terms include knowledge, patterns, theory, design knowledge, pattern, research. Representative papers include A conceptual framework for design science research; Towards a Method for Design Principle Development in Information Systems; Towards normal design for safety-critical systems.",0.13402330875396729,129,False,-1.0366169,5.3519063,False,0,,
fd05a25a5e94,Design theory,Four Criteria for Design Theories,P. Hodges; Stan Ruecker; C. Scaletsky; Jaime Rivera; R. Faller; A. Geppert,2017,,,https://www.semanticscholar.org/paper/4c0eb75439b4fdadc1743f7ff41d8e9adb2c7eb8,0,Knowledge · Patterns · Theory,"knowledge, patterns, theory, design knowledge, pattern, research","This exploratory cluster contains 340 papers. Frequent terms include knowledge, patterns, theory, design knowledge, pattern, research. Representative papers include A conceptual framework for design science research; Towards a Method for Design Principle Development in Information Systems; Towards normal design for safety-critical systems.",0.0989919900894165,20,False,-0.19522503,7.3439813,False,0,,
fd2392ff2aff,Design knowledge,Surveying a Landscape of Ethics-Focused Design Methods,"Chivukula, Shruthi Sai (1); Li, Ziqing (2); Pivonka, Anne C. (2); Chen, Jingning (2); Gray, Colin M. (2)",2021,arXiv,10.48550/arXiv.2102.08909,,0,Knowledge · Patterns · Theory,"knowledge, patterns, theory, design knowledge, pattern, research","This exploratory cluster contains 340 papers. Frequent terms include knowledge, patterns, theory, design knowledge, pattern, research. Representative papers include A conceptual framework for design science research; Towards a Method for Design Principle Development in Information Systems; Towards normal design for safety-critical systems.",0.14658021926879883,188,False,0.9763577,6.2431083,False,0,,
fda0636dbea5,Design knowledge,Design Research: Aesthetic Epistemology and Explanatory Knowledge,P. Murphy,2017,,,https://www.semanticscholar.org/paper/b8368428524409fb5ce01bc510bb3e1c79eff1b9,0,Knowledge · Patterns · Theory,"knowledge, patterns, theory, design knowledge, pattern, research","This exploratory cluster contains 340 papers. Frequent terms include knowledge, patterns, theory, design knowledge, pattern, research. Representative papers include A conceptual framework for design science research; Towards a Method for Design Principle Development in Information Systems; Towards normal design for safety-critical systems.",0.12153631448745728,85,False,-0.11546287,7.7667165,False,0,,
fee96194a322,Design principles,Personalising learning: towards a coherent learning design framework,"Zalavra, E. (1); Papanikolaou, K. (2); Dimitriadis, Y. (3); Sgouropoulou, C. (1)",,2022 International Conference on Advanced Learning Technologies (ICALT),10.1109/ICALT55010.2022.00030,,0,Knowledge · Patterns · Theory,"knowledge, patterns, theory, design knowledge, pattern, research","This exploratory cluster contains 340 papers. Frequent terms include knowledge, patterns, theory, design knowledge, pattern, research. Representative papers include A conceptual framework for design science research; Towards a Method for Design Principle Development in Information Systems; Towards normal design for safety-critical systems.",0.17688673734664917,289,False,3.6971352,4.184157,False,0,,
fffe50e033fa,Design knowledge,Activity as the ultimate particular of interaction design,"Waern, Annika (1); Back, Jon (1)",2017,Conference on Human Factors in Computing Systems - Proceedings,10.1145/3025453.3025990,,0,Knowledge · Patterns · Theory,"knowledge, patterns, theory, design knowledge, pattern, research","This exploratory cluster contains 340 papers. Frequent terms include knowledge, patterns, theory, design knowledge, pattern, research. Representative papers include A conceptual framework for design science research; Towards a Method for Design Principle Development in Information Systems; Towards normal design for safety-critical systems.",0.15325450897216797,212,False,2.4738123,5.92793,False,0,,
013a50a2a9b4,Design Patterns,Towards a Pattern Language for Creative Affordances,Zhu Dan; Kohls Christian,2024,European Conference on Pattern Languages of Programs,,https://www.semanticscholar.org/paper/66dfe3ae172704590981a8b8dfd7bb15356ac248,0,Knowledge · Patterns · Theory,"knowledge, patterns, theory, design knowledge, pattern, research","This exploratory cluster contains 340 papers. Frequent terms include knowledge, patterns, theory, design knowledge, pattern, research. Representative papers include A conceptual framework for design science research; Towards a Method for Design Principle Development in Information Systems; Towards normal design for safety-critical systems.",0.17047691345214844,272,False,2.8891568,3.5926878,False,0,,
021b68e369b1,Design Patterns,Live Coding Patterns and a Toolkit for Pure Data,Andrew R. Brown,2023,Organised Sound,,https://www.semanticscholar.org/paper/eebd672cfc8af2495a4b3b5bc55787d56654c007,-1,Noise / weak affinity,"patterns, knowledge, framework, user, learning, human",114 papers were left unassigned by the density model. They are retained as evidence of weak affinity rather than treated as an algorithm failure.,0.2206147313117981,90,False,1.429589,3.1256025,False,0,,
02c538fcc8a0,Design Patterns,Design patterns for wildlife‐related camera trap image analysis,S. Greenberg; Theresa Godin; J. Whittington,2019,Ecology and Evolution,,https://www.semanticscholar.org/paper/924ed789da77daf2c22dc5dbc5141591e4dceb8e,0,Knowledge · Patterns · Theory,"knowledge, patterns, theory, design knowledge, pattern, research","This exploratory cluster contains 340 papers. Frequent terms include knowledge, patterns, theory, design knowledge, pattern, research. Representative papers include A conceptual framework for design science research; Towards a Method for Design Principle Development in Information Systems; Towards normal design for safety-critical systems.",0.20230144262313843,322,False,1.8759518,3.231259,False,0,,
0334252e4adb,Design knowledge,A post-positivism view of function behaviour structure,"Wang, Wenjuan (1); Duffy, Alex (1); Haffey, Mark (1)",2007,"Proceedings of ICED 2007, the 16th International Conference on Engineering Design",,,-1,Noise / weak affinity,"patterns, knowledge, framework, user, learning, human",114 papers were left unassigned by the density model. They are retained as evidence of weak affinity rather than treated as an algorithm failure.,0.19816040992736816,61,False,-0.09527309,7.6770782,False,0,,
06e8b19b5894,Design theory,Game design values,"Kultima, Annakaisa and Sandovar, Alyea",2016,Proceedings of the 20th International Academic Mindtrek Conference,10.1145/2994310.2994362,https://doi.org/10.1145/2994310.2994362,0,Knowledge · Patterns · Theory,"knowledge, patterns, theory, design knowledge, pattern, research","This exploratory cluster contains 340 papers. Frequent terms include knowledge, patterns, theory, design knowledge, pattern, research. Representative papers include A conceptual framework for design science research; Towards a Method for Design Principle Development in Information Systems; Towards normal design for safety-critical systems.",0.18237239122390747,297,False,-0.8399782,2.814359,False,0,,
07395d6487e7,Design Patterns,Design Patterns for the Development of Electronic Health Record-Driven Phenotype Extraction Algorithms,L. Rasmussen; William K. Thompson; J. Pacheco; A. Kho; D. Carrell; Jyotishman Pathak; P. Peissig; G. Tromp; J. Denny; J. Starren,2014,Journal of Biomedical Informatics,,https://www.semanticscholar.org/paper/eeb1f98309de6932b91712b62bba895e16428683,-1,Noise / weak affinity,"patterns, knowledge, framework, user, learning, human",114 papers were left unassigned by the density model. They are retained as evidence of weak affinity rather than treated as an algorithm failure.,0.1785578727722168,28,False,1.3100796,3.6067703,False,0,,
07efc8033023,Design Guidelines,Scaffolding Complex Learning: The Mechanisms of Structuring and Problematizing Student Work,B. Reiser,2004,The Journal of the Learning Sciences,,https://www.semanticscholar.org/paper/c240f0f654766ce30cf3f6ecad448bb0cceb2402,-1,Noise / weak affinity,"patterns, knowledge, framework, user, learning, human",114 papers were left unassigned by the density model. They are retained as evidence of weak affinity rather than treated as an algorithm failure.,0.17767316102981567,26,False,3.7828624,4.4652944,False,0,,
080c04a1507a,Design knowledge,Caution - Principle Under Construction' a Visual Inquiry Tool for Developing Design Principles,"Möller, F. (1, 2); Schoormann, T. (3); Otto, B. (1, 2)",,"The Next Wave of Sociotechnical Design: 16th International Conference on Design Science Research in Information Systems and Technology, DESRIST 2021, Proceedings. Lecture Notes in Computer Science, Information Systems and Applications, incl. Internet/Web, and HCI (12807)",10.1007/978-3-030-82405-1_23,,0,Knowledge · Patterns · Theory,"knowledge, patterns, theory, design knowledge, pattern, research","This exploratory cluster contains 340 papers. Frequent terms include knowledge, patterns, theory, design knowledge, pattern, research. Representative papers include A conceptual framework for design science research; Towards a Method for Design Principle Development in Information Systems; Towards normal design for safety-critical systems.",0.11552238464355469,63,False,0.346171,7.212248,False,0,,
0b002633de00,Design Patterns,A security design pattern taxonomy based on attack patterns: Findings of a systematic literature review,"Wiesauer, Andreas (1); Sametinger, Johannes (1)",2009,"SECRYPT 2009 - International Conference on Security and Cryptography, Proceedings",,,0,Knowledge · Patterns · Theory,"knowledge, patterns, theory, design knowledge, pattern, research","This exploratory cluster contains 340 papers. Frequent terms include knowledge, patterns, theory, design knowledge, pattern, research. Representative papers include A conceptual framework for design science research; Towards a Method for Design Principle Development in Information Systems; Towards normal design for safety-critical systems.",0.16297012567520142,245,False,2.1872954,2.6960015,False,0,,
0c3ae5c60e89,Design theory,Logic for accumulation of design science research theory,J. Holmström; T. Tuunanen; J. Kauremaa,2014,,10.1109/HICSS.2014.460,,0,Knowledge · Patterns · Theory,"knowledge, patterns, theory, design knowledge, pattern, research","This exploratory cluster contains 340 papers. Frequent terms include knowledge, patterns, theory, design knowledge, pattern, research. Representative papers include A conceptual framework for design science research; Towards a Method for Design Principle Development in Information Systems; Towards normal design for safety-critical systems.",0.12859070301055908,107,False,0.36056337,8.64333,False,0,,
0c63b5d36c1b,Design knowledge,A User-Oriented Design Knowledge Reuse Model,J. Hao; Yan Yan; Guoxin Wang; Lin Gong; Jianjun Lin,2013,,,https://www.semanticscholar.org/paper/60299c00ce85d14fb2759dbf17bffdd19e2431d7,0,Knowledge · Patterns · Theory,"knowledge, patterns, theory, design knowledge, pattern, research","This exploratory cluster contains 340 papers. Frequent terms include knowledge, patterns, theory, design knowledge, pattern, research. Representative papers include A conceptual framework for design science research; Towards a Method for Design Principle Development in Information Systems; Towards normal design for safety-critical systems.",0.12648558616638184,100,False,1.2644154,8.52318,False,0,,
102689fab8b6,Design knowledge,A Design Theory for Transparency of Information Privacy Practices,"Dehling, Tobias (1, 2); Sunyaev, Ali (1, 2)",2024,Information Systems Research,10.1287/isre.2019.0239,,-1,Noise / weak affinity,"patterns, knowledge, framework, user, learning, human",114 papers were left unassigned by the density model. They are retained as evidence of weak affinity rather than treated as an algorithm failure.,0.19040167331695557,49,False,-0.8828423,6.793736,False,0,,
12a0faff1d0d,Design theory,A new approach of innovative design: An introduction to C-K theory,"Hatchuel, Armand (1); Weil, Benoît (1)",2003,Proceedings of the Design Society: International Conference on Engineering Design,,,0,Knowledge · Patterns · Theory,"knowledge, patterns, theory, design knowledge, pattern, research","This exploratory cluster contains 340 papers. Frequent terms include knowledge, patterns, theory, design knowledge, pattern, research. Representative papers include A conceptual framework for design science research; Towards a Method for Design Principle Development in Information Systems; Towards normal design for safety-critical systems.",0.1439201831817627,177,False,-1.0941497,7.5934625,False,0,,
12cb05e5e8ec,Design rationale,"The ""physics"" of notations: a scientific approach to designing visual notations in software engineering","Moody, Daniel L.",2010,Proceedings of the 32nd ACM/IEEE International Conference on Software Engineering - Volume 2,10.1145/1810295.1810442,https://doi.org/10.1145/1810295.1810442,-1,Noise / weak affinity,"patterns, knowledge, framework, user, learning, human",114 papers were left unassigned by the density model. They are retained as evidence of weak affinity rather than treated as an algorithm failure.,0.17907452583312988,29,False,0.30744624,6.843825,False,0,,
1499477f6cda,Design principles,Design Principles for Industrie 4.0 Scenarios,M. Hermann; T. Pentek; B. Otto,2016,,10.1109/HICSS.2016.488,,0,Knowledge · Patterns · Theory,"knowledge, patterns, theory, design knowledge, pattern, research","This exploratory cluster contains 340 papers. Frequent terms include knowledge, patterns, theory, design knowledge, pattern, research. Representative papers include A conceptual framework for design science research; Towards a Method for Design Principle Development in Information Systems; Towards normal design for safety-critical systems.",0.17190396785736084,275,False,0.10032513,5.975626,False,0,,
15f17a542ff6,Design theory,Epistemological aspects of participatory design studies conducted in the field of health science,C. Nielsen; C. Jensen; B. Trettin,2024,Journal of Advanced Nursing,,https://www.semanticscholar.org/paper/2bdecad1b5932fe0776bcaa97d6d76fd7694d1e6,0,Knowledge · Patterns · Theory,"knowledge, patterns, theory, design knowledge, pattern, research","This exploratory cluster contains 340 papers. Frequent terms include knowledge, patterns, theory, design knowledge, pattern, research. Representative papers include A conceptual framework for design science research; Towards a Method for Design Principle Development in Information Systems; Towards normal design for safety-critical systems.",0.1892228126525879,308,False,1.7545165,6.1655064,False,0,,
166efc8ac468,Design knowledge,HCI Design Knowledge,"Long, J. (1); Cummaford, S. (2); Stork, A. (3)",,"HCI Design Knowledge: Critique, Challenge, and a Way Forward. Synthesis Lectures on Human-Centered Informatics",10.1007/978-3-031-79209-0_4,,0,Knowledge · Patterns · Theory,"knowledge, patterns, theory, design knowledge, pattern, research","This exploratory cluster contains 340 papers. Frequent terms include knowledge, patterns, theory, design knowledge, pattern, research. Representative papers include A conceptual framework for design science research; Towards a Method for Design Principle Development in Information Systems; Towards normal design for safety-critical systems.",0.1348806619644165,135,False,5.3112307,5.3276863,False,0,,
17ad371dac5e,Design Heuristics,Rethinking User Interface and Experience Design: Heuristic Insights from Makeup and Stage Performance,B. Iyamah; C. Iyamah; A. E. Okpako; D. Ojie; Ufuoma Samuel Okperigho,2026,Faculty of Natural and Applied Sciences Journal of Scientific Innovations,,https://www.semanticscholar.org/paper/4d0f8a0b110ecdc8030a1cadf15717375d39d9b3,-1,Noise / weak affinity,"patterns, knowledge, framework, user, learning, human",114 papers were left unassigned by the density model. They are retained as evidence of weak affinity rather than treated as an algorithm failure.,0.16748124361038208,15,False,2.4836974,5.0118885,False,0,,
1826e718712a,Design knowledge,Analyzing Design Knowledge Representation in Design Science Research and Deriving Recommendations to Support Design Knowledge Codification,"Dickhaut, E. (1); Janson, A. (2); Marco Leimeister, J. (1, 2)",,"The Transdisciplinary Reach of Design Science Research: 17th International Conference on Design Science Research in Information Systems and Technology, DESRIST 2022, Proceedings. Lecture Notes in Computer Science (13229)",10.1007/978-3-031-06516-3_31,,0,Knowledge · Patterns · Theory,"knowledge, patterns, theory, design knowledge, pattern, research","This exploratory cluster contains 340 papers. Frequent terms include knowledge, patterns, theory, design knowledge, pattern, research. Representative papers include A conceptual framework for design science research; Towards a Method for Design Principle Development in Information Systems; Towards normal design for safety-critical systems.",0.14721626043319702,190,False,1.1574332,8.608681,False,0,,
1d3cca16fcd2,Design knowledge,Legitimating design: a sociology of knowledge account of the field,"Carvalho, L. (1); Dong, A. (1); Maton, K. (2)",,Design Studies,10.1016/j.destud.2008.11.005,,0,Knowledge · Patterns · Theory,"knowledge, patterns, theory, design knowledge, pattern, research","This exploratory cluster contains 340 papers. Frequent terms include knowledge, patterns, theory, design knowledge, pattern, research. Representative papers include A conceptual framework for design science research; Towards a Method for Design Principle Development in Information Systems; Towards normal design for safety-critical systems.",0.11904746294021606,75,False,1.7591522,7.8669915,False,0,,
1d529e097d58,Design knowledge,Design Space and Design Rules for User Interface Software Architecture,"Lane, T. G.",Nov-90,,,,0,Knowledge · Patterns · Theory,"knowledge, patterns, theory, design knowledge, pattern, research","This exploratory cluster contains 340 papers. Frequent terms include knowledge, patterns, theory, design knowledge, pattern, research. Representative papers include A conceptual framework for design science research; Towards a Method for Design Principle Development in Information Systems; Towards normal design for safety-critical systems.",0.1395481824874878,160,False,1.9326048,4.2815566,False,0,,
1fec06501110,Design Patterns,System Interaction Patterns,S. Alter,2016,,10.1109/CBI.2016.11,,0,Knowledge · Patterns · Theory,"knowledge, patterns, theory, design knowledge, pattern, research","This exploratory cluster contains 340 papers. Frequent terms include knowledge, patterns, theory, design knowledge, pattern, research. Representative papers include A conceptual framework for design science research; Towards a Method for Design Principle Development in Information Systems; Towards normal design for safety-critical systems.",0.15143036842346191,204,False,2.2690122,3.9481642,False,0,,
2085391360fa,Design Heuristics,"Elephants, patterns, and heuristics","Wirfs-Brock, Rebecca and Kohls, Christian",2021,Proceedings of the 26th Conference on Pattern Languages of Programs,,,0,Knowledge · Patterns · Theory,"knowledge, patterns, theory, design knowledge, pattern, research","This exploratory cluster contains 340 papers. Frequent terms include knowledge, patterns, theory, design knowledge, pattern, research. Representative papers include A conceptual framework for design science research; Towards a Method for Design Principle Development in Information Systems; Towards normal design for safety-critical systems.",0.20106381177902222,321,False,2.4108183,2.8641717,False,0,,
22988d4cc335,Design knowledge,Strong concepts: Intermediate-level knowledge in interaction design research,"H\""o\""ok, Kristina and L\""owgren, Jonas",2012,ACM Trans. Comput.-Hum. Interact.,10.1145/2362364.2362371,https://doi.org/10.1145/2362364.2362371,0,Knowledge · Patterns · Theory,"knowledge, patterns, theory, design knowledge, pattern, research","This exploratory cluster contains 340 papers. Frequent terms include knowledge, patterns, theory, design knowledge, pattern, research. Representative papers include A conceptual framework for design science research; Towards a Method for Design Principle Development in Information Systems; Towards normal design for safety-critical systems.",0.15927958488464355,237,False,1.4748788,8.201445,False,0,,
275ac93d8820,Design knowledge,Investigations into the data basis of design knowledge in industrial design engineering,"Uhlmann, J. (1); Schulze, E.E. (1)",2008,"Proceedings DESIGN 2008, the 10th International Design Conference",,,0,Knowledge · Patterns · Theory,"knowledge, patterns, theory, design knowledge, pattern, research","This exploratory cluster contains 340 papers. Frequent terms include knowledge, patterns, theory, design knowledge, pattern, research. Representative papers include A conceptual framework for design science research; Towards a Method for Design Principle Development in Information Systems; Towards normal design for safety-critical systems.",0.11066806316375732,51,False,1.5900213,8.182261,False,0,,
27e1a41acfbb,Design Patterns,Task Decomposition and RAG as Design Patterns for LLM-Based Systems,O. M. Ayala,2025,,10.1109/CAIN66642.2025.00049,,-1,Noise / weak affinity,"patterns, knowledge, framework, user, learning, human",114 papers were left unassigned by the density model. They are retained as evidence of weak affinity rather than treated as an algorithm failure.,0.1811065673828125,32,False,1.1320007,3.959308,False,0,,
2a64adab5143,Design principles,Educating Educators about Virtual Reality in Virtual Reality: Effective Learning Principles Operationalized in a VR Solution,"Pirkkalainen, Henri (1); Makridou, Eria (2); Torro, Osku (1); Kosmas, Panagiotis (2); Vrasidas, Charalambos (2); Peltola, Kari (3)",2021,"International Joint Conference on Knowledge Discovery, Knowledge Engineering and Knowledge Management, IC3K - Proceedings",,,-1,Noise / weak affinity,"patterns, knowledge, framework, user, learning, human",114 papers were left unassigned by the density model. They are retained as evidence of weak affinity rather than treated as an algorithm failure.,0.19937974214553833,64,False,3.6782615,4.21828,False,0,,
2b32e2beaead,Design Heuristics,Are software patterns simply a handy way to package design heuristics?,"Wirfs-Brock, Rebecca",2017,Proceedings of the 24th Conference on Pattern Languages of Programs,,,0,Knowledge · Patterns · Theory,"knowledge, patterns, theory, design knowledge, pattern, research","This exploratory cluster contains 340 papers. Frequent terms include knowledge, patterns, theory, design knowledge, pattern, research. Representative papers include A conceptual framework for design science research; Towards a Method for Design Principle Development in Information Systems; Towards normal design for safety-critical systems.",0.14333510398864746,176,False,2.4049113,2.7625306,False,0,,
2c1d03d1ba75,Design Patterns,Legal Design Patterns: New Tools for Analysis and Translations Between Law and Technology,Riikka Koulu; Jörg Pohle,2024,Digital Society,,https://www.semanticscholar.org/paper/d9f57a8122dc61b081c5c1045970f0f3b18b5872,0,Knowledge · Patterns · Theory,"knowledge, patterns, theory, design knowledge, pattern, research","This exploratory cluster contains 340 papers. Frequent terms include knowledge, patterns, theory, design knowledge, pattern, research. Representative papers include A conceptual framework for design science research; Towards a Method for Design Principle Development in Information Systems; Towards normal design for safety-critical systems.",0.12492144107818604,93,False,2.4001615,6.5471425,False,0,,
2cceb8eaa8c9,Design Guidelines,Design Guidelines and Strategies for Interim Innovation,Xin An Chen,2024,"Creativity, Innovation and Entrepreneurship",,https://www.semanticscholar.org/paper/4ea3c5beca8287f43cdecca8c3ae507628cb8817,-1,Noise / weak affinity,"patterns, knowledge, framework, user, learning, human",114 papers were left unassigned by the density model. They are retained as evidence of weak affinity rather than treated as an algorithm failure.,0.1746460199356079,18,False,0.69601333,5.5842657,False,0,,
2f7b1528d74d,Design knowledge,"HCI Design Knowledge as Principles, Rules, and Heuristics","Long, J. (1); Cummaford, S. (2); Stork, A. (3)",,"HCI Design Knowledge: Critique, Challenge, and a Way Forward. Synthesis Lectures on Human-Centered Informatics",10.1007/978-3-031-79209-0_7,,0,Knowledge · Patterns · Theory,"knowledge, patterns, theory, design knowledge, pattern, research","This exploratory cluster contains 340 papers. Frequent terms include knowledge, patterns, theory, design knowledge, pattern, research. Representative papers include A conceptual framework for design science research; Towards a Method for Design Principle Development in Information Systems; Towards normal design for safety-critical systems.",0.1356196403503418,141,False,5.36224,5.36997,False,0,,
306d52b89600,Design theory,A theory of tailorable technology design,"Germonprez, Matt (1); Hovorka, Dirk (2); Collopy, Fred (3)",2007,Journal of the Association for Information Systems,10.17705/1jais.00131,,0,Knowledge · Patterns · Theory,"knowledge, patterns, theory, design knowledge, pattern, research","This exploratory cluster contains 340 papers. Frequent terms include knowledge, patterns, theory, design knowledge, pattern, research. Representative papers include A conceptual framework for design science research; Towards a Method for Design Principle Development in Information Systems; Towards normal design for safety-critical systems.",0.12673258781433105,101,False,-0.939507,6.718125,False,0,,
3382d6461f40,Design principles,The Principles of the Flix Programming Language,"Madsen, Magnus",2022,"Proceedings of the 2022 ACM SIGPLAN International Symposium on New Ideas, New Paradigms, and Reflections on Programming and Software",10.1145/3563835.3567661,https://doi.org/10.1145/3563835.3567661,-1,Noise / weak affinity,"patterns, knowledge, framework, user, learning, human",114 papers were left unassigned by the density model. They are retained as evidence of weak affinity rather than treated as an algorithm failure.,0.2519967555999756,111,False,1.2114148,3.1638117,False,0,,
3401d577c79c,Design Patterns,Backfiring and favouring: how design processes in HCI lead to anti-patterns and repentant designers,"Widdicks, Kelly and Pargman, Daniel and Bjork, Staffan",2020,"Proceedings of the 11th Nordic Conference on Human-Computer Interaction: Shaping Experiences, Shaping Society",10.1145/3419249.3420175,https://doi.org/10.1145/3419249.3420175,0,Knowledge · Patterns · Theory,"knowledge, patterns, theory, design knowledge, pattern, research","This exploratory cluster contains 340 papers. Frequent terms include knowledge, patterns, theory, design knowledge, pattern, research. Representative papers include A conceptual framework for design science research; Towards a Method for Design Principle Development in Information Systems; Towards normal design for safety-critical systems.",0.20915913581848145,328,False,2.2091746,3.4479961,False,0,,
364b7d9127ec,Design knowledge,Toward a Unified Model of Design Knowledge,"Thoring, Katja (1); Mueller, Roland M. (2); Desmet, Pieter (3); Badke-Schaub, Petra (4)",2022,Design Issues,10.1162/desi_a_00679,,0,Knowledge · Patterns · Theory,"knowledge, patterns, theory, design knowledge, pattern, research","This exploratory cluster contains 340 papers. Frequent terms include knowledge, patterns, theory, design knowledge, pattern, research. Representative papers include A conceptual framework for design science research; Towards a Method for Design Principle Development in Information Systems; Towards normal design for safety-critical systems.",0.0991712212562561,21,False,1.5484585,8.321289,False,0,,
36ba740d002b,Design knowledge,"Developing Learning Analytics Design Knowledge in the ""Middle Space"": The Student Tuning Model and Align Design Framework for Learning Analytics Use",A. Wise; Jovita M. Vytasek; S. Hausknecht; Yuting Zhao,2016,,,https://www.semanticscholar.org/paper/a3c08e88dc6fc6aae7af435e8d630aaea1dd8cac,-1,Noise / weak affinity,"patterns, knowledge, framework, user, learning, human",114 papers were left unassigned by the density model. They are retained as evidence of weak affinity rather than treated as an algorithm failure.,0.18975383043289185,47,False,3.736776,4.3849154,False,0,,
388e4cf73d9e,Design Patterns,Team Design Patterns,"van Diggelen, Jurriaan and Johnson, Matthew",2019,Proceedings of the 7th International Conference on Human-Agent Interaction,10.1145/3349537.3351892,https://doi.org/10.1145/3349537.3351892,0,Knowledge · Patterns · Theory,"knowledge, patterns, theory, design knowledge, pattern, research","This exploratory cluster contains 340 papers. Frequent terms include knowledge, patterns, theory, design knowledge, pattern, research. Representative papers include A conceptual framework for design science research; Towards a Method for Design Principle Development in Information Systems; Towards normal design for safety-critical systems.",0.13006943464279175,114,False,2.7039456,3.5637734,False,0,,
3c0bd4608ae9,Design knowledge,Reflections on Architecture Design Education: The Integrated Design Paradigm,Fathi Bashier,2016,,,https://www.semanticscholar.org/paper/7b6efbb5e3ade197692b0f77a1ca2024b8652090,0,Knowledge · Patterns · Theory,"knowledge, patterns, theory, design knowledge, pattern, research","This exploratory cluster contains 340 papers. Frequent terms include knowledge, patterns, theory, design knowledge, pattern, research. Representative papers include A conceptual framework for design science research; Towards a Method for Design Principle Development in Information Systems; Towards normal design for safety-critical systems.",0.10144305229187012,25,False,1.4565254,7.965224,False,0,,
3c8744e515fd,Design knowledge,Advancing Design Knowledge Reuse: A Framework for Circular Design Principles,"Schoormann, Thorsten (1, 2); Hansen, Magnus Rotvit Perlt (1); Möller, Frederik (2, 3)",2025,Communications of the Association for Information Systems,,,0,Knowledge · Patterns · Theory,"knowledge, patterns, theory, design knowledge, pattern, research","This exploratory cluster contains 340 papers. Frequent terms include knowledge, patterns, theory, design knowledge, pattern, research. Representative papers include A conceptual framework for design science research; Towards a Method for Design Principle Development in Information Systems; Towards normal design for safety-critical systems.",0.13336873054504395,124,False,0.81646913,8.54768,False,0,,
3dbca777664c,Design knowledge,Design Principles for Boundary Spanning in Transdisciplinary Design Science Research,"Möller, F. (1, 2); Chandra kruse, L. (3); Schoormann, T. (4); Otto, B. (1, 2)",,"The Transdisciplinary Reach of Design Science Research: 17th International Conference on Design Science Research in Information Systems and Technology, DESRIST 2022, Proceedings. Lecture Notes in Computer Science (13229)",10.1007/978-3-031-06516-3_4,,0,Knowledge · Patterns · Theory,"knowledge, patterns, theory, design knowledge, pattern, research","This exploratory cluster contains 340 papers. Frequent terms include knowledge, patterns, theory, design knowledge, pattern, research. Representative papers include A conceptual framework for design science research; Towards a Method for Design Principle Development in Information Systems; Towards normal design for safety-critical systems.",0.12466150522232056,92,False,0.5096902,7.0712886,False,0,,
3e4851eff856,Design knowledge,Knowledge transfer in design education: A framework of criteria for design exercises,"Thoring, Katja (1); Mueller, Roland M. (2)",2012,"Proceedings of the 14th International Conference on Engineering and Product Design Education: Design Education for Future Wellbeing, EPDE 2012",,,0,Knowledge · Patterns · Theory,"knowledge, patterns, theory, design knowledge, pattern, research","This exploratory cluster contains 340 papers. Frequent terms include knowledge, patterns, theory, design knowledge, pattern, research. Representative papers include A conceptual framework for design science research; Towards a Method for Design Principle Development in Information Systems; Towards normal design for safety-critical systems.",0.13688576221466064,148,False,1.7294222,8.22813,False,0,,
42ca56313883,Design Patterns,"Architecture, design, implementation","Eden, Amnon H. (1, 2); Kazman, Rick (3, 4)",2003,Proceedings - International Conference on Software Engineering,10.1109/icse.2003.1201196,,0,Knowledge · Patterns · Theory,"knowledge, patterns, theory, design knowledge, pattern, research","This exploratory cluster contains 340 papers. Frequent terms include knowledge, patterns, theory, design knowledge, pattern, research. Representative papers include A conceptual framework for design science research; Towards a Method for Design Principle Development in Information Systems; Towards normal design for safety-critical systems.",0.12402689456939697,89,False,1.8479936,3.5323977,False,0,,
43b79273fd70,Design methods,The Landscape of Envisioning and Speculative Design Methods for Sustainable Mobility Futures,"Sustar, H. (1); Mladenović, M.N. (2); Givoni, M. (3)",,Sustainability,10.3390/su12062447,,0,Knowledge · Patterns · Theory,"knowledge, patterns, theory, design knowledge, pattern, research","This exploratory cluster contains 340 papers. Frequent terms include knowledge, patterns, theory, design knowledge, pattern, research. Representative papers include A conceptual framework for design science research; Towards a Method for Design Principle Development in Information Systems; Towards normal design for safety-critical systems.",0.17295998334884644,280,False,1.3216068,6.661146,False,0,,
462782b1c89b,Design Patterns,A taxonomy of 3D occlusion management techniques,"Elmqvist, Niklas (1); Tsigas, Philippas (1)",2007,Proceedings - IEEE Virtual Reality,10.1109/VR.2007.352463,,-1,Noise / weak affinity,"patterns, knowledge, framework, user, learning, human",114 papers were left unassigned by the density model. They are retained as evidence of weak affinity rather than treated as an algorithm failure.,0.18542492389678955,38,False,0.8047248,4.2627707,False,0,,
465d28bc8d09,Design knowledge,Structured Visualization Design Knowledge for Grounding Generative Reasoning and Situated Feedback,"Gyarmati, Péter Ferenc (1, 2); Moritz, Dominik (3); Möller, Torsten (1); Koesten, Laura (1, 2, 4)",2026,arXiv,10.48550/arXiv.2512.20306,,-1,Noise / weak affinity,"patterns, knowledge, framework, user, learning, human",114 papers were left unassigned by the density model. They are retained as evidence of weak affinity rather than treated as an algorithm failure.,0.15225297212600708,1,True,-0.85339373,4.757583,False,0,,
470d09e18259,Design Patterns,Modular Design Patterns for Systems that Learn and Reason,"Harmelen, Frank van",2022,IEEE/WIC/ACM International Conference on Web Intelligence and Intelligent Agent Technology,10.1145/3486622.0000004,https://doi.org/10.1145/3486622.0000004,0,Knowledge · Patterns · Theory,"knowledge, patterns, theory, design knowledge, pattern, research","This exploratory cluster contains 340 papers. Frequent terms include knowledge, patterns, theory, design knowledge, pattern, research. Representative papers include A conceptual framework for design science research; Towards a Method for Design Principle Development in Information Systems; Towards normal design for safety-critical systems.",0.1258563995361328,99,False,1.10466,3.6744475,False,0,,
4988843b7543,Design knowledge,Design Science Research: Guidance for Crafting and Reporting Design Knowledge Contributions,"Seymour, L.F. (1); Mullarkey, M. (2); Van Der Merwe, A. (3); Vom Brocke, J. (4)",,"South African Computer Science and Information Systems Research Trends: 46th Annual Conference, SAICSIT 2025. Communications in Computer and Information Science (2583)",10.1007/978-3-031-96262-2_11,,0,Knowledge · Patterns · Theory,"knowledge, patterns, theory, design knowledge, pattern, research","This exploratory cluster contains 340 papers. Frequent terms include knowledge, patterns, theory, design knowledge, pattern, research. Representative papers include A conceptual framework for design science research; Towards a Method for Design Principle Development in Information Systems; Towards normal design for safety-critical systems.",0.1223263144493103,86,False,0.40226433,8.457183,False,0,,
49da21b385d7,Design knowledge,A Review of Domain Knowledge Representation for Robot Task Planning,"Sun, Xiaolei and Zhang, Yu",2019,Proceedings of the 2019 4th International Conference on Mathematics and Artificial Intelligence,10.1145/3325730.3325756,https://doi.org/10.1145/3325730.3325756,-1,Noise / weak affinity,"patterns, knowledge, framework, user, learning, human",114 papers were left unassigned by the density model. They are retained as evidence of weak affinity rather than treated as an algorithm failure.,0.19948875904083252,66,False,1.3738118,8.940153,False,0,,
4a32a22b0b9c,Design Patterns,Modifiers: Increasing richness and nuance of design pattern languages,"Kolfschoten, Gwendolyn (1); Briggs, Robert O. (2)",2008,CEUR Workshop Proceedings,,,-1,Noise / weak affinity,"patterns, knowledge, framework, user, learning, human",114 papers were left unassigned by the density model. They are retained as evidence of weak affinity rather than treated as an algorithm failure.,0.20714545249938965,74,False,2.2121198,2.5211089,False,0,,
4a7432e5a317,Design knowledge,Advancing entrepreneurship as a design science: developing additional design principles for effectuation,Stephen X. Zhang; E. Burg,2019,Small Business Economics,,https://www.semanticscholar.org/paper/a0380c5085f0208f2b662037a26a806fe6b44bfd,0,Knowledge · Patterns · Theory,"knowledge, patterns, theory, design knowledge, pattern, research","This exploratory cluster contains 340 papers. Frequent terms include knowledge, patterns, theory, design knowledge, pattern, research. Representative papers include A conceptual framework for design science research; Towards a Method for Design Principle Development in Information Systems; Towards normal design for safety-critical systems.",0.14452850818634033,178,False,0.6696876,5.280477,False,0,,
4d05e05aa876,Design principles,Theoretical Constructs for Design Lenses for Developing Cyberbullying Countering Games for Adolescences,"Nieuwenhuize, Andries and Rahimi, Ebrahim and Maathuis, Clara",2023,Proceedings of the 11th Computer Science Education Research Conference,10.1145/3569173.3569180,https://doi.org/10.1145/3569173.3569180,-1,Noise / weak affinity,"patterns, knowledge, framework, user, learning, human",114 papers were left unassigned by the density model. They are retained as evidence of weak affinity rather than treated as an algorithm failure.,0.21874666213989258,84,False,-0.6170253,2.7437098,False,0,,
4d5285913fd8,Design Patterns,Defining and Identifying Attention Capture Deceptive Designs in Digital Interfaces,Alberto Monge Roffarello; Kai Lukoff; Luigi De Russis,2023,International Conference on Human Factors in Computing Systems,,https://www.semanticscholar.org/paper/0461e4536ae3dbf1dc17d92bd6b815a79311310a,-1,Noise / weak affinity,"patterns, knowledge, framework, user, learning, human",114 papers were left unassigned by the density model. They are retained as evidence of weak affinity rather than treated as an algorithm failure.,0.185921311378479,39,False,0.92482686,2.5300882,False,0,,
506a676cb17b,Design Patterns,"Toward Visualization for Games: Theory, Design Space, and Patterns",B. Bowman; N. Elmqvist; T. J. Jankun-Kelly,2012,,10.1109/TVCG.2012.77,,0,Knowledge · Patterns · Theory,"knowledge, patterns, theory, design knowledge, pattern, research","This exploratory cluster contains 340 papers. Frequent terms include knowledge, patterns, theory, design knowledge, pattern, research. Representative papers include A conceptual framework for design science research; Towards a Method for Design Principle Development in Information Systems; Towards normal design for safety-critical systems.",0.21187376976013184,331,False,-0.80597186,3.0587065,False,0,,
51099fe3fdce,Design Patterns,Making Sense of Design Patterns,"Hoekstra, Rinke (1, 2); Breuker, Joost (1)",2010,Lecture Notes in Computer Science,10.1007/978-3-642-16438-5_23,,0,Knowledge · Patterns · Theory,"knowledge, patterns, theory, design knowledge, pattern, research","This exploratory cluster contains 340 papers. Frequent terms include knowledge, patterns, theory, design knowledge, pattern, research. Representative papers include A conceptual framework for design science research; Towards a Method for Design Principle Development in Information Systems; Towards normal design for safety-critical systems.",0.10645055770874023,41,False,1.9674739,2.567954,False,0,,
561f08f67362,Design Rules,"Design Rules, Volume 2: How Technology Shapes Organizations: Chapter 13 Platform Systems vs. Step Processes - The Value of Options and the Power of Modularity",Carliss Y. Baldwin,2019,Social Science Research Network,,https://www.semanticscholar.org/paper/98bbae75a4546fd65c07fbccf02a722817b6725c,0,Knowledge · Patterns · Theory,"knowledge, patterns, theory, design knowledge, pattern, research","This exploratory cluster contains 340 papers. Frequent terms include knowledge, patterns, theory, design knowledge, pattern, research. Representative papers include A conceptual framework for design science research; Towards a Method for Design Principle Development in Information Systems; Towards normal design for safety-critical systems.",0.20232969522476196,323,False,0.57200885,4.462231,False,0,,
5661de15ea0f,Design methods,A Typology of Design Ideas,"Inie, Nanna and Dalsgaard, Peter",2017,Proceedings of the 2017 ACM SIGCHI Conference on Creativity and Cognition,10.1145/3059454.3059464,https://doi.org/10.1145/3059454.3059464,0,Knowledge · Patterns · Theory,"knowledge, patterns, theory, design knowledge, pattern, research","This exploratory cluster contains 340 papers. Frequent terms include knowledge, patterns, theory, design knowledge, pattern, research. Representative papers include A conceptual framework for design science research; Towards a Method for Design Principle Development in Information Systems; Towards normal design for safety-critical systems.",0.11539596319198608,62,False,-0.036601625,7.2727,False,0,,
5a25cbf385d6,Design expertise,Everyday Design Knowledge: A Knowledge-in-Pieces Perspective on HCI Learning,"Lotsos, Alexandros and Banerjee, Amartya and Wang, Yizhu and Horn, Michael",2026,Proceedings of the 2026 Designing Interactive Systems Conference,10.1145/3800645.3813036,https://doi.org/10.1145/3800645.3813036,0,Knowledge · Patterns · Theory,"knowledge, patterns, theory, design knowledge, pattern, research","This exploratory cluster contains 340 papers. Frequent terms include knowledge, patterns, theory, design knowledge, pattern, research. Representative papers include A conceptual framework for design science research; Towards a Method for Design Principle Development in Information Systems; Towards normal design for safety-critical systems.",0.15165776014328003,207,False,5.1731586,5.2716293,False,0,,
5a57c73154f6,Design Patterns,Object oriented design pattern decay: a taxonomy,"Schanz, Travis and Izurieta, Clemente",2010,Proceedings of the 2010 ACM-IEEE International Symposium on Empirical Software Engineering and Measurement,10.1145/1852786.1852796,https://doi.org/10.1145/1852786.1852796,-1,Noise / weak affinity,"patterns, knowledge, framework, user, learning, human",114 papers were left unassigned by the density model. They are retained as evidence of weak affinity rather than treated as an algorithm failure.,0.19966566562652588,67,False,1.9495373,2.6934445,False,0,,
5a8306f435ea,Design knowledge,Design principles: The foundation of design,"Fu, Katherine K. (1); Yang, Maria C. (2); Wood, Kristin L. (3)",2015,Proceedings of the ASME Design Engineering Technical Conference,10.1115/DETC201546157,,0,Knowledge · Patterns · Theory,"knowledge, patterns, theory, design knowledge, pattern, research","This exploratory cluster contains 340 papers. Frequent terms include knowledge, patterns, theory, design knowledge, pattern, research. Representative papers include A conceptual framework for design science research; Towards a Method for Design Principle Development in Information Systems; Towards normal design for safety-critical systems.",0.08962392807006836,6,False,0.42822692,7.1408997,False,0,,
5e43d7253569,Design Guidelines,Bridging HRI Theory and Practice: Design Guidelines for Robot Communication in Dairy Farming,"Cila, Nazli and Gonz\'alez Gonz\'alez, Irene and Jacobs, Jan and Rozendaal, Marco",2024,Proceedings of the 2024 ACM/IEEE International Conference on Human-Robot Interaction,10.1145/3610977.3634991,https://doi.org/10.1145/3610977.3634991,0,Knowledge · Patterns · Theory,"knowledge, patterns, theory, design knowledge, pattern, research","This exploratory cluster contains 340 papers. Frequent terms include knowledge, patterns, theory, design knowledge, pattern, research. Representative papers include A conceptual framework for design science research; Towards a Method for Design Principle Development in Information Systems; Towards normal design for safety-critical systems.",0.22822999954223633,336,False,2.8713312,4.334363,False,0,,
5f810f61b926,Design knowledge,A typology of design knowledge: A theoretical framework,"Müller, Roland M. (1); Thoring, Katja (2)",2010,"16th Americas Conference on Information Systems 2010, AMCIS 2010",,,0,Knowledge · Patterns · Theory,"knowledge, patterns, theory, design knowledge, pattern, research","This exploratory cluster contains 340 papers. Frequent terms include knowledge, patterns, theory, design knowledge, pattern, research. Representative papers include A conceptual framework for design science research; Towards a Method for Design Principle Development in Information Systems; Towards normal design for safety-critical systems.",0.10221558809280396,26,False,1.4109544,8.04783,False,0,,
6264e280f9b8,Design knowledge,Exploring the Abstraction Levels of Design Principles: The Case of Chatbots,"Wache, Hendrik (1); Möller, Frederik (2, 3); Schoormann, Thorsten (4); Strobel, Gero (5); Petrik, Dimitri (6)",2022,"17th International Conference on Wirtschaftsinformatik, WI 2022",,,0,Knowledge · Patterns · Theory,"knowledge, patterns, theory, design knowledge, pattern, research","This exploratory cluster contains 340 papers. Frequent terms include knowledge, patterns, theory, design knowledge, pattern, research. Representative papers include A conceptual framework for design science research; Towards a Method for Design Principle Development in Information Systems; Towards normal design for safety-critical systems.",0.1289193034172058,109,False,0.56641036,6.82405,False,0,,
631c79d1cbc5,Design Patterns,Abstraction classes in software design,"Eden, A.H. (1); Hirshfeld, Y.; Kazman, R.",,IEE Proceedings-Software,10.1049/ip-sen:20050075,,0,Knowledge · Patterns · Theory,"knowledge, patterns, theory, design knowledge, pattern, research","This exploratory cluster contains 340 papers. Frequent terms include knowledge, patterns, theory, design knowledge, pattern, research. Representative papers include A conceptual framework for design science research; Towards a Method for Design Principle Development in Information Systems; Towards normal design for safety-critical systems.",0.1571500301361084,232,False,1.7859588,3.7305765,False,0,,
64230bcb1202,Design theory,Chimera heuristics: Generative rational heuristics for the unknown from design theory,Agathe Gilain; Pascal le Le Masson; B. Weil,2023,European Management Review,,https://www.semanticscholar.org/paper/046e1e9a9fc6dc38b07293cd91dbc526b1db8743,-1,Noise / weak affinity,"patterns, knowledge, framework, user, learning, human",114 papers were left unassigned by the density model. They are retained as evidence of weak affinity rather than treated as an algorithm failure.,0.22302401065826416,93,False,3.480289,6.7663736,False,0,,
662ae9cea17d,Design Guidelines,1C3-2 A Literature Survey on UX Design Properties and Principles Of Smart Device Design for the Disabled::From the Perspective of the Value/Quality of Human Life,Joohwan Park; S. Han; Mingyu Lee; Hyeji Jang,2015,,,https://www.semanticscholar.org/paper/9670b44f4883bc35bbc36ec46524c0a37d9114dd,-1,Noise / weak affinity,"patterns, knowledge, framework, user, learning, human",114 papers were left unassigned by the density model. They are retained as evidence of weak affinity rather than treated as an algorithm failure.,0.19424492120742798,53,False,1.9631662,5.828635,False,0,,
66a74be75bef,Design theory,An analysis and critique of Research through Design: towards a formalization of a research approach,"Zimmerman, John and Stolterman, Erik and Forlizzi, Jodi",2010,Proceedings of the 8th ACM Conference on Designing Interactive Systems,10.1145/1858171.1858228,https://doi.org/10.1145/1858171.1858228,0,Knowledge · Patterns · Theory,"knowledge, patterns, theory, design knowledge, pattern, research","This exploratory cluster contains 340 papers. Frequent terms include knowledge, patterns, theory, design knowledge, pattern, research. Representative papers include A conceptual framework for design science research; Towards a Method for Design Principle Development in Information Systems; Towards normal design for safety-critical systems.",0.13829779624938965,155,False,-0.25012222,7.8728056,False,0,,
66f985f8b386,Design Patterns,The Concept of Reference Architectures,Robert J. Cloutier; G. Muller; D. Verma; Roshi Rose Nilchiani; Eirik Hole; Mary A. Bone,2010,Systems Engineering,,https://www.semanticscholar.org/paper/dae4888e82d860c05944f39c8ec86bfada70e259,0,Knowledge · Patterns · Theory,"knowledge, patterns, theory, design knowledge, pattern, research","This exploratory cluster contains 340 papers. Frequent terms include knowledge, patterns, theory, design knowledge, pattern, research. Representative papers include A conceptual framework for design science research; Towards a Method for Design Principle Development in Information Systems; Towards normal design for safety-critical systems.",0.15847015380859375,236,False,2.089721,3.0023954,False,0,,
68bf6cd63875,Design theory,Design epistemology as innovation in public health research,A. Estany,2020,,,https://www.semanticscholar.org/paper/49d0d80cace9913bdeabbd7376508b67572245a8,0,Knowledge · Patterns · Theory,"knowledge, patterns, theory, design knowledge, pattern, research","This exploratory cluster contains 340 papers. Frequent terms include knowledge, patterns, theory, design knowledge, pattern, research. Representative papers include A conceptual framework for design science research; Towards a Method for Design Principle Development in Information Systems; Towards normal design for safety-critical systems.",0.16091644763946533,240,False,1.5926355,6.1398745,False,0,,
69bb5b15bdd3,Design Guidelines,Heuristics for Supporting Cooperative Dashboard Design,V. Setlur; M. Correll; A. Satyanarayan; M. Tory,2024,,10.1109/TVCG.2023.3327158,,0,Knowledge · Patterns · Theory,"knowledge, patterns, theory, design knowledge, pattern, research","This exploratory cluster contains 340 papers. Frequent terms include knowledge, patterns, theory, design knowledge, pattern, research. Representative papers include A conceptual framework for design science research; Towards a Method for Design Principle Development in Information Systems; Towards normal design for safety-critical systems.",0.19975972175598145,318,False,3.4971235,6.530902,False,0,,
6c928237afcf,Design Patterns,Micro patterns in Java code,"Gil, J. (1); Maman, I. (1)",,SIGPLAN Notices,10.1145/1103845.1094819,,0,Knowledge · Patterns · Theory,"knowledge, patterns, theory, design knowledge, pattern, research","This exploratory cluster contains 340 papers. Frequent terms include knowledge, patterns, theory, design knowledge, pattern, research. Representative papers include A conceptual framework for design science research; Towards a Method for Design Principle Development in Information Systems; Towards normal design for safety-critical systems.",0.21119147539138794,330,False,2.3234148,2.5333657,False,0,,
6d9eecf54c53,Design Patterns,Control patterns in a health-care network,V. Kartseva; J. Hulstijn; J. Gordijn; Yao-Hua Tan,2007,European Journal of Information Systems,,https://www.semanticscholar.org/paper/7da4219a8d4791e46c302a132c39b6fad3820de8,-1,Noise / weak affinity,"patterns, knowledge, framework, user, learning, human",114 papers were left unassigned by the density model. They are retained as evidence of weak affinity rather than treated as an algorithm failure.,0.1965707540512085,58,False,1.3273348,4.0401754,False,0,,
6fdd15b8daea,Design knowledge,Communicating nascent design theories on innovative information systems through multi-grounded design principles,"Heinrich, Peter (1); Schwabe, Gerhard (1)",2014,Lecture Notes in Computer Science (including subseries Lecture Notes in Artificial Intelligence and Lecture Notes in Bioinformatics),10.1007/978-3-319-06701-8_10,,0,Knowledge · Patterns · Theory,"knowledge, patterns, theory, design knowledge, pattern, research","This exploratory cluster contains 340 papers. Frequent terms include knowledge, patterns, theory, design knowledge, pattern, research. Representative papers include A conceptual framework for design science research; Towards a Method for Design Principle Development in Information Systems; Towards normal design for safety-critical systems.",0.1243361234664917,90,False,0.7205702,8.395078,False,0,,
705b504131f6,Design knowledge,A conceptual framework to construct an artefact for meta-abstract design knowledge in design science research,"Ostrowski, Lukasz (1); Helfert, Markus (1); Xie, Shuyan (1)",2012,Proceedings of the Annual Hawaii International Conference on System Sciences,10.1109/HICSS.2012.51,,0,Knowledge · Patterns · Theory,"knowledge, patterns, theory, design knowledge, pattern, research","This exploratory cluster contains 340 papers. Frequent terms include knowledge, patterns, theory, design knowledge, pattern, research. Representative papers include A conceptual framework for design science research; Towards a Method for Design Principle Development in Information Systems; Towards normal design for safety-critical systems.",0.1414812207221985,170,False,0.435751,8.017448,False,0,,
71f9925563a6,Design rationale,"Questions, Options, and Criteria: elements of Design Space Analysis","MacLean, A. (1); Young, R.M.; Bellotti, V.M.E.; Moran, T.P.",,Human-Computer Interaction,10.1207/s15327051hci0603&4_2,,0,Knowledge · Patterns · Theory,"knowledge, patterns, theory, design knowledge, pattern, research","This exploratory cluster contains 340 papers. Frequent terms include knowledge, patterns, theory, design knowledge, pattern, research. Representative papers include A conceptual framework for design science research; Towards a Method for Design Principle Development in Information Systems; Towards normal design for safety-critical systems.",0.13441860675811768,133,False,-0.553369,5.471332,False,0,,
7624ada60ef5,Design theory,A systematic approach for the development of porous concrete based on axiomatic design theory,"Tran, X.H. (1); Tawie, R. (1); Lee, H.K. (1)",2009,Computers and Concrete,10.12989/cac.2009.6.6.491,,-1,Noise / weak affinity,"patterns, knowledge, framework, user, learning, human",114 papers were left unassigned by the density model. They are retained as evidence of weak affinity rather than treated as an algorithm failure.,0.24362802505493164,103,False,0.27943534,5.482826,False,0,,
7afe82160b59,Design Patterns,Antipatterns in the creation of intelligent systems,"Laplante, P. (1); Hoffman, R.R.; Klein, G.",,IEEE Intelligent Systems,10.1109/MIS.2007.3,,0,Knowledge · Patterns · Theory,"knowledge, patterns, theory, design knowledge, pattern, research","This exploratory cluster contains 340 papers. Frequent terms include knowledge, patterns, theory, design knowledge, pattern, research. Representative papers include A conceptual framework for design science research; Towards a Method for Design Principle Development in Information Systems; Towards normal design for safety-critical systems.",0.1451895833015442,182,False,1.8120021,3.535365,False,0,,
7baa1d9ec242,Design knowledge,New Design Knowledge and the Fifth Order of Design,"Mortati, Marzia",2022,Design Issues,10.1162/desi_a_00695,,0,Knowledge · Patterns · Theory,"knowledge, patterns, theory, design knowledge, pattern, research","This exploratory cluster contains 340 papers. Frequent terms include knowledge, patterns, theory, design knowledge, pattern, research. Representative papers include A conceptual framework for design science research; Towards a Method for Design Principle Development in Information Systems; Towards normal design for safety-critical systems.",0.09812343120574951,18,False,1.8300077,7.0171294,False,0,,
7d5d566e7d9b,Design theory,What should we expect from research through design?,"Gaver, William",2012,Proceedings of the SIGCHI Conference on Human Factors in Computing Systems,10.1145/2207676.2208538,https://doi.org/10.1145/2207676.2208538,0,Knowledge · Patterns · Theory,"knowledge, patterns, theory, design knowledge, pattern, research","This exploratory cluster contains 340 papers. Frequent terms include knowledge, patterns, theory, design knowledge, pattern, research. Representative papers include A conceptual framework for design science research; Towards a Method for Design Principle Development in Information Systems; Towards normal design for safety-critical systems.",0.09605634212493896,14,False,-0.23156275,7.565192,False,0,,
7d6de5f94a84,Design Patterns,(Re)Defining Restorative and Regenerative Urban Design and Their Relation to UNSDGs—A Systematic Review,Q. He; A. Reith,2022,Sustainability,,https://www.semanticscholar.org/paper/74899d67d3abaa19a3ba03da3021d15a3aeeaebe,-1,Noise / weak affinity,"patterns, knowledge, framework, user, learning, human",114 papers were left unassigned by the density model. They are retained as evidence of weak affinity rather than treated as an algorithm failure.,0.21883028745651245,85,False,-0.085460514,6.069903,False,0,,
81c74e1bcf00,Design knowledge,Evaluation of the relationship between studies of design research and design process in the field of architecture: a systematic review,Amirali Alaie; Nooshin Ziashahabi; A. Ekhlassi; Mohsen Faizi; S. Yazdanfar,2025,Design Science,,https://www.semanticscholar.org/paper/9f403fe0056795fb1ee1546f01c7c4bd16ee2f4e,0,Knowledge · Patterns · Theory,"knowledge, patterns, theory, design knowledge, pattern, research","This exploratory cluster contains 340 papers. Frequent terms include knowledge, patterns, theory, design knowledge, pattern, research. Representative papers include A conceptual framework for design science research; Towards a Method for Design Principle Development in Information Systems; Towards normal design for safety-critical systems.",0.13154637813568115,118,False,0.11570867,7.7950306,False,0,,
8391308bc194,Design theory,"Design creativity for transitions: C-K/Topos, an advanced design theory for creative preservation",P. le Masson; Daniel Carvajal-Perez; Honorine Harlé; A. Hatchuel; Nafissa Jibet; Louise Taupin; B. Weil,2026,Design Science,,https://www.semanticscholar.org/paper/1283725fe9296827f085a90829222aa9d0ae9633,0,Knowledge · Patterns · Theory,"knowledge, patterns, theory, design knowledge, pattern, research","This exploratory cluster contains 340 papers. Frequent terms include knowledge, patterns, theory, design knowledge, pattern, research. Representative papers include A conceptual framework for design science research; Towards a Method for Design Principle Development in Information Systems; Towards normal design for safety-critical systems.",0.2262934446334839,335,False,-0.99856675,7.6383457,False,0,,
84cf9697f69d,Design theory,Building an information system design theory for vigilant EIS,"Walls, Joseph G. (1); Widmeyer, George R. (1); El Sawy, Omar A. (1)",1992,Information Systems Research,10.1287/isre.3.1.36,,0,Knowledge · Patterns · Theory,"knowledge, patterns, theory, design knowledge, pattern, research","This exploratory cluster contains 340 papers. Frequent terms include knowledge, patterns, theory, design knowledge, pattern, research. Representative papers include A conceptual framework for design science research; Towards a Method for Design Principle Development in Information Systems; Towards normal design for safety-critical systems.",0.14272284507751465,173,False,-1.0281551,6.6276517,False,0,,
858cd2d5608b,Design methods,How to gamify? A method for designing gamification,"Morschheuser, Benedikt (1); Werder, Karl (2); Hamari, Juho (3); Abe, Julian (4)",2017,Proceedings of the Annual Hawaii International Conference on System Sciences,,,0,Knowledge · Patterns · Theory,"knowledge, patterns, theory, design knowledge, pattern, research","This exploratory cluster contains 340 papers. Frequent terms include knowledge, patterns, theory, design knowledge, pattern, research. Representative papers include A conceptual framework for design science research; Towards a Method for Design Principle Development in Information Systems; Towards normal design for safety-critical systems.",0.18500512838363647,301,False,-0.8857953,2.9271715,False,0,,
86405f99f015,Design theory,The design theory nexus,"Pries-Heje, Jan (1); Baskerville, Richard (2)",2008,MIS Quarterly: Management Information Systems,10.2307/25148870,,0,Knowledge · Patterns · Theory,"knowledge, patterns, theory, design knowledge, pattern, research","This exploratory cluster contains 340 papers. Frequent terms include knowledge, patterns, theory, design knowledge, pattern, research. Representative papers include A conceptual framework for design science research; Towards a Method for Design Principle Development in Information Systems; Towards normal design for safety-critical systems.",0.1329350471496582,122,False,-0.5576548,6.6668844,False,0,,
86f2cddcc51d,Design knowledge,A granular view of knowledge development in design science research,"Prat, N. (1); Akoka, J. (2, 3); Comyn-wattiau, I. (1); Storey, V.C. (4)",,"The Transdisciplinary Reach of Design Science Research: 17th International Conference on Design Science Research in Information Systems and Technology, DESRIST 2022, Proceedings. Lecture Notes in Computer Science (13229)",10.1007/978-3-031-06516-3_27,,0,Knowledge · Patterns · Theory,"knowledge, patterns, theory, design knowledge, pattern, research","This exploratory cluster contains 340 papers. Frequent terms include knowledge, patterns, theory, design knowledge, pattern, research. Representative papers include A conceptual framework for design science research; Towards a Method for Design Principle Development in Information Systems; Towards normal design for safety-critical systems.",0.15789872407913208,234,False,0.97586745,8.864411,False,0,,
87713959435f,Design methods,"Know-about, Know-that, Know-how: A Model for Moving Between Theory and Design Practice","Ballard, Stephanie (1)",2023,ProQuest Dissertations and Theses Global,,,0,Knowledge · Patterns · Theory,"knowledge, patterns, theory, design knowledge, pattern, research","This exploratory cluster contains 340 papers. Frequent terms include knowledge, patterns, theory, design knowledge, pattern, research. Representative papers include A conceptual framework for design science research; Towards a Method for Design Principle Development in Information Systems; Towards normal design for safety-critical systems.",0.14093095064163208,167,False,-0.37530825,7.628354,False,0,,
877ae1e561a7,Design Patterns,SoK: Agentic Skills - Beyond Tool Use in LLM Agents,Yanna Jiang; Delong Li; Hai Deng; Baihe Ma; Xu Wang; Qin Wang; Guangsheng Yu,2026,arXiv.org,,https://www.semanticscholar.org/paper/ae06bb0819ec521d45909b2cbf599ff36ea025e2,-1,Noise / weak affinity,"patterns, knowledge, framework, user, learning, human",114 papers were left unassigned by the density model. They are retained as evidence of weak affinity rather than treated as an algorithm failure.,0.1876049041748047,41,False,1.0861647,3.9554958,False,0,,
87b61e77d082,Design Patterns,Analysis patterns,"Šešera, L’ubor (1)",2000,Lecture Notes in Computer Science (including subseries Lecture Notes in Artificial Intelligence and Lecture Notes in Bioinformatics),10.1007/3-540-44411-4_9,,0,Knowledge · Patterns · Theory,"knowledge, patterns, theory, design knowledge, pattern, research","This exploratory cluster contains 340 papers. Frequent terms include knowledge, patterns, theory, design knowledge, pattern, research. Representative papers include A conceptual framework for design science research; Towards a Method for Design Principle Development in Information Systems; Towards normal design for safety-critical systems.",0.09811019897460938,17,False,1.2114011,3.6929693,False,0,,
87c5da85b30a,Design Patterns,The Evolution of Software Design Patterns: An In-Depth Review,E. Kesavan,2025,International Journal of Innovations in Science Engineering And Management,,https://www.semanticscholar.org/paper/f1c7f632f95a8dc9212dd631de9630ecbacf6d91,0,Knowledge · Patterns · Theory,"knowledge, patterns, theory, design knowledge, pattern, research","This exploratory cluster contains 340 papers. Frequent terms include knowledge, patterns, theory, design knowledge, pattern, research. Representative papers include A conceptual framework for design science research; Towards a Method for Design Principle Development in Information Systems; Towards normal design for safety-critical systems.",0.10755366086959839,44,False,1.953058,3.161915,False,0,,
8969406d81c9,Design theory,It’s about Time: Adopting Theoretical Constructs from Visualization for Sonification,"Enge, Kajetan and Rind, Alexander and Iber, Michael and H\""oldrich, Robert and Aigner, Wolfgang",2021,Proceedings of the 16th International Audio Mostly Conference,10.1145/3478384.3478415,https://doi.org/10.1145/3478384.3478415,0,Knowledge · Patterns · Theory,"knowledge, patterns, theory, design knowledge, pattern, research","This exploratory cluster contains 340 papers. Frequent terms include knowledge, patterns, theory, design knowledge, pattern, research. Representative papers include A conceptual framework for design science research; Towards a Method for Design Principle Development in Information Systems; Towards normal design for safety-critical systems.",0.26072341203689575,340,False,-0.9195319,4.489391,False,0,,
8a4fa21e354d,Design knowledge,"Intention, Material, and Design Knowledge: Analysis of the Triple Relationship Theory of Artifacts",K. Qi,2025,JOURNAL OF ENGINEERING STUDIES,,https://www.semanticscholar.org/paper/c6f389aacb8aee885778d84134695315e44f639e,-1,Noise / weak affinity,"patterns, knowledge, framework, user, learning, human",114 papers were left unassigned by the density model. They are retained as evidence of weak affinity rather than treated as an algorithm failure.,0.20353418588638306,72,False,-0.03279682,7.919445,False,0,,
8bb42e8202f8,Design theory,A mathematical theory of design: modeling the design process (Part II),"Braha, D. (1); Maimon, O.",,International Journal of General Systems,10.1080/03081079908962069,,0,Knowledge · Patterns · Theory,"knowledge, patterns, theory, design knowledge, pattern, research","This exploratory cluster contains 340 papers. Frequent terms include knowledge, patterns, theory, design knowledge, pattern, research. Representative papers include A conceptual framework for design science research; Towards a Method for Design Principle Development in Information Systems; Towards normal design for safety-critical systems.",0.11464285850524902,59,False,-0.13280758,6.079207,False,0,,
8e0dfec2492d,Design Patterns,Drama and Software Patterns,V. Vranić,2024,,10.1109/Informatics62280.2024.10900778,,0,Knowledge · Patterns · Theory,"knowledge, patterns, theory, design knowledge, pattern, research","This exploratory cluster contains 340 papers. Frequent terms include knowledge, patterns, theory, design knowledge, pattern, research. Representative papers include A conceptual framework for design science research; Towards a Method for Design Principle Development in Information Systems; Towards normal design for safety-critical systems.",0.12863683700561523,108,False,2.008328,3.2329285,False,0,,
90b3e6bb765d,Design principles,Towards Phenomenon-driven Design Science Research,"Raabe, Jun-Patrick (1); Horlach, Bettina (1); Drechsler, Andreas (2)",2021,"ACIS 2021 - Australasian Conference on Information Systems, Proceedings",,,0,Knowledge · Patterns · Theory,"knowledge, patterns, theory, design knowledge, pattern, research","This exploratory cluster contains 340 papers. Frequent terms include knowledge, patterns, theory, design knowledge, pattern, research. Representative papers include A conceptual framework for design science research; Towards a Method for Design Principle Development in Information Systems; Towards normal design for safety-critical systems.",0.15066570043563843,198,False,0.5377276,8.6605015,False,0,,
9308054f3e8a,Design Patterns,Design Patterns in Mixed Methods Research: Embedding Mixed Methods Matched Comparisons Sampling in Previous Design Decisions,Judith Schoonenboom,2024,Journal of Mixed Methods Research,,https://www.semanticscholar.org/paper/9054d808123eb5a48326cc2df1576771632ec1f6,0,Knowledge · Patterns · Theory,"knowledge, patterns, theory, design knowledge, pattern, research","This exploratory cluster contains 340 papers. Frequent terms include knowledge, patterns, theory, design knowledge, pattern, research. Representative papers include A conceptual framework for design science research; Towards a Method for Design Principle Development in Information Systems; Towards normal design for safety-critical systems.",0.17335164546966553,281,False,2.0576212,3.109601,False,0,,
9378a46b93c6,Design knowledge,Socio-technical IS design science research: developing design theory for IS integration management,"Carlsson, S.A. (1); Henningsson, S. (2); Hrastinski, S. (3); Keller, C. (4)",,Information Systems and e-Business Management,10.1007/s10257-010-0140-6,,0,Knowledge · Patterns · Theory,"knowledge, patterns, theory, design knowledge, pattern, research","This exploratory cluster contains 340 papers. Frequent terms include knowledge, patterns, theory, design knowledge, pattern, research. Representative papers include A conceptual framework for design science research; Towards a Method for Design Principle Development in Information Systems; Towards normal design for safety-critical systems.",0.15432190895080566,218,False,-1.0371618,6.6911583,False,0,,
9381fc58f61b,Design theory,Design theory for dynamic complexity in information infrastructures: the case of building internet,"Hanseth, O. (1); Lyytinen, K. (2)",,Journal of Information Technology,10.1057/jit.2009.19,,0,Knowledge · Patterns · Theory,"knowledge, patterns, theory, design knowledge, pattern, research","This exploratory cluster contains 340 papers. Frequent terms include knowledge, patterns, theory, design knowledge, pattern, research. Representative papers include A conceptual framework for design science research; Towards a Method for Design Principle Development in Information Systems; Towards normal design for safety-critical systems.",0.1462259292602539,186,False,-1.0218847,6.404139,False,0,,
93c5c97a0a92,Design expertise,Investigating Instructional Design Expertise: A 25-Year Review of Literature,"Chartier, K.J. (1)",,Performance Improvement Quarterly,10.1002/piq.21345,,0,Knowledge · Patterns · Theory,"knowledge, patterns, theory, design knowledge, pattern, research","This exploratory cluster contains 340 papers. Frequent terms include knowledge, patterns, theory, design knowledge, pattern, research. Representative papers include A conceptual framework for design science research; Towards a Method for Design Principle Development in Information Systems; Towards normal design for safety-critical systems.",0.17221921682357788,276,False,1.7018056,8.083035,False,0,,
96ed07ad56c0,Design expertise,"Schemata, gambits and precedent: some factors in design expertise","Lawson, B. (1)",,Design Studies,10.1016/j.destud.2004.05.001,,0,Knowledge · Patterns · Theory,"knowledge, patterns, theory, design knowledge, pattern, research","This exploratory cluster contains 340 papers. Frequent terms include knowledge, patterns, theory, design knowledge, pattern, research. Representative papers include A conceptual framework for design science research; Towards a Method for Design Principle Development in Information Systems; Towards normal design for safety-critical systems.",0.11946386098861694,76,False,1.7445098,7.3307204,False,0,,
96f09212f1ba,Design rationale,Quality-driven validation: a link between four research traditions,"Tervonen, I. (1)",,Proceedings. Fourth International Conference on Software Engineering and Knowledge Engineering (Cat. No.92TH0438-2),10.1109/SEKE.1992.227966,,-1,Noise / weak affinity,"patterns, knowledge, framework, user, learning, human",114 papers were left unassigned by the density model. They are retained as evidence of weak affinity rather than treated as an algorithm failure.,0.17809665203094482,27,False,0.022244796,4.872106,False,0,,
97b253588409,Design theory,An information systems design theory for web-based education,"Jones, David (1); Gregor, Shirley (2); Lynch, Teresa (1)",2003,Proceedings of the IASTED International Conference on Computers and Advanced Technology in Education,,,0,Knowledge · Patterns · Theory,"knowledge, patterns, theory, design knowledge, pattern, research","This exploratory cluster contains 340 papers. Frequent terms include knowledge, patterns, theory, design knowledge, pattern, research. Representative papers include A conceptual framework for design science research; Towards a Method for Design Principle Development in Information Systems; Towards normal design for safety-critical systems.",0.15464407205581665,222,False,-1.0062106,6.371738,False,0,,
97b32465f821,Design Procedures,Systematic design procedures,"Watts, R.D.",,Conference on electronics design,,,-1,Noise / weak affinity,"patterns, knowledge, framework, user, learning, human",114 papers were left unassigned by the density model. They are retained as evidence of weak affinity rather than treated as an algorithm failure.,0.22542810440063477,94,False,0.4308891,5.11038,False,0,,
9e71c6e0b826,Design theory,Towards design theory for community collaboration support system during crises: from conceptualisation to validation,Alexander Nejinski; P. Andreev,2024,Journal of Decision Systems,,https://www.semanticscholar.org/paper/b116a5771cc0347cf0af3c3815e25e564a65ac3f,0,Knowledge · Patterns · Theory,"knowledge, patterns, theory, design knowledge, pattern, research","This exploratory cluster contains 340 papers. Frequent terms include knowledge, patterns, theory, design knowledge, pattern, research. Representative papers include A conceptual framework for design science research; Towards a Method for Design Principle Development in Information Systems; Towards normal design for safety-critical systems.",0.19388318061828613,312,False,-1.2555538,6.526144,False,0,,
a14565cde772,Design knowledge,HCI Engineering Design Principles as a Way Forward for HCI Design Knowledge,"Long, J. (1); Cummaford, S. (2); Stork, A. (3)",,"HCI Design Knowledge: Critique, Challenge, and a Way Forward. Synthesis Lectures on Human-Centered Informatics",10.1007/978-3-031-79209-0_8,,0,Knowledge · Patterns · Theory,"knowledge, patterns, theory, design knowledge, pattern, research","This exploratory cluster contains 340 papers. Frequent terms include knowledge, patterns, theory, design knowledge, pattern, research. Representative papers include A conceptual framework for design science research; Towards a Method for Design Principle Development in Information Systems; Towards normal design for safety-critical systems.",0.17412233352661133,282,False,5.310266,5.363977,False,0,,
a1ccc16dab98,Design knowledge,ANALYSIS OF DESIGN COMPETENCE OF FUTURE ENGINEER-TEACHERS,N. Korolova; Y. Bilotserkivska; О. Y. Mukhin,2024,Problems of Engineering Pedagogic Education,,https://www.semanticscholar.org/paper/15c3811ae940cd712a69146bed4bed2a119080d6,0,Knowledge · Patterns · Theory,"knowledge, patterns, theory, design knowledge, pattern, research","This exploratory cluster contains 340 papers. Frequent terms include knowledge, patterns, theory, design knowledge, pattern, research. Representative papers include A conceptual framework for design science research; Towards a Method for Design Principle Development in Information Systems; Towards normal design for safety-critical systems.",0.2256070375442505,333,False,3.4771717,4.5214596,False,0,,
a200b553056c,Design knowledge,The design construct in information systems design science,"McKay, J. (1); Marshall, P. (2); Hirschheim, R. (3)",,Journal of Information Technology,10.1057/jit.2012.5,,0,Knowledge · Patterns · Theory,"knowledge, patterns, theory, design knowledge, pattern, research","This exploratory cluster contains 340 papers. Frequent terms include knowledge, patterns, theory, design knowledge, pattern, research. Representative papers include A conceptual framework for design science research; Towards a Method for Design Principle Development in Information Systems; Towards normal design for safety-critical systems.",0.1053130030632019,36,False,-0.8547786,6.7771406,False,0,,
a223dfc7b9a8,Design Patterns,Patterns as signs,"Noble, James (1); Biddle, Robert (1)",2002,Lecture Notes in Computer Science (including subseries Lecture Notes in Artificial Intelligence and Lecture Notes in Bioinformatics),10.1007/3-540-47993-7_16,,0,Knowledge · Patterns · Theory,"knowledge, patterns, theory, design knowledge, pattern, research","This exploratory cluster contains 340 papers. Frequent terms include knowledge, patterns, theory, design knowledge, pattern, research. Representative papers include A conceptual framework for design science research; Towards a Method for Design Principle Development in Information Systems; Towards normal design for safety-critical systems.",0.14601361751556396,185,False,2.2187228,2.7512624,False,0,,
a47956c54fb0,Design theory,Limits of intelligence in design,"Papamichael, K.; Protzen, J. P.",May-93,,,,0,Knowledge · Patterns · Theory,"knowledge, patterns, theory, design knowledge, pattern, research","This exploratory cluster contains 340 papers. Frequent terms include knowledge, patterns, theory, design knowledge, pattern, research. Representative papers include A conceptual framework for design science research; Towards a Method for Design Principle Development in Information Systems; Towards normal design for safety-critical systems.",0.11700785160064697,68,False,0.26108235,6.0916247,False,0,,
a4ef5e43da80,Design knowledge,A Design Archival Approach to Knowledge Production in Design Research and Practice,"Rasmussen, S\oren and Fritsch, Jonas and Hansen, Nicolai Brodersen",2020,Proceedings of the 31st Australian Conference on Human-Computer-Interaction,10.1145/3369457.3369476,https://doi.org/10.1145/3369457.3369476,0,Knowledge · Patterns · Theory,"knowledge, patterns, theory, design knowledge, pattern, research","This exploratory cluster contains 340 papers. Frequent terms include knowledge, patterns, theory, design knowledge, pattern, research. Representative papers include A conceptual framework for design science research; Towards a Method for Design Principle Development in Information Systems; Towards normal design for safety-critical systems.",0.14256447553634644,171,False,1.7813193,8.422676,False,0,,
a779c321ee06,Design Patterns,Blockchain Interoperability Patterns,G. Llambías; L. González; R. Ruggia,2024,,10.1109/ICSA-C63560.2024.00029,,-1,Noise / weak affinity,"patterns, knowledge, framework, user, learning, human",114 papers were left unassigned by the density model. They are retained as evidence of weak affinity rather than treated as an algorithm failure.,0.2191653847694397,86,False,2.375563,3.208098,False,0,,
a8b318749f73,Design knowledge,A conceptual framework for design science research,"Ostrowski, Lukasz (1); Helfert, Markus (1); Hossain, Fakir (1)",2011,Lecture Notes in Business Information Processing,10.1007/978-3-642-24511-4_27,,0,Knowledge · Patterns · Theory,"knowledge, patterns, theory, design knowledge, pattern, research","This exploratory cluster contains 340 papers. Frequent terms include knowledge, patterns, theory, design knowledge, pattern, research. Representative papers include A conceptual framework for design science research; Towards a Method for Design Principle Development in Information Systems; Towards normal design for safety-critical systems.",0.05887758731842041,1,True,0.7978147,5.2427773,False,0,,
b3d7c30694e8,Design knowledge,Software pre-patterns as architectural knowledge,"Bortis, Gerald (1); Van Der Hoek, André (1)",2008,Proceedings - International Conference on Software Engineering,,,0,Knowledge · Patterns · Theory,"knowledge, patterns, theory, design knowledge, pattern, research","This exploratory cluster contains 340 papers. Frequent terms include knowledge, patterns, theory, design knowledge, pattern, research. Representative papers include A conceptual framework for design science research; Towards a Method for Design Principle Development in Information Systems; Towards normal design for safety-critical systems.",0.1330682635307312,123,False,2.3247578,2.8664496,False,0,,
b5e00197bf29,Design knowledge,Forms of discovery for design knowledge,"Fischer, Christian (1); Gregor, Shirley (2); Aier, Stephan (1)",2012,ECIS 2012 - Proceedings of the 20th European Conference on Information Systems,,,0,Knowledge · Patterns · Theory,"knowledge, patterns, theory, design knowledge, pattern, research","This exploratory cluster contains 340 papers. Frequent terms include knowledge, patterns, theory, design knowledge, pattern, research. Representative papers include A conceptual framework for design science research; Towards a Method for Design Principle Development in Information Systems; Towards normal design for safety-critical systems.",0.16852599382400513,263,False,0.22373712,8.506647,False,0,,
b6f644351152,Design knowledge,HCI Design Knowledge as Craft Artefacts and Design Practice Experience,"Long, J. (1); Cummaford, S. (2); Stork, A. (3)",,"HCI Design Knowledge: Critique, Challenge, and a Way Forward. Synthesis Lectures on Human-Centered Informatics",10.1007/978-3-031-79209-0_5,,0,Knowledge · Patterns · Theory,"knowledge, patterns, theory, design knowledge, pattern, research","This exploratory cluster contains 340 papers. Frequent terms include knowledge, patterns, theory, design knowledge, pattern, research. Representative papers include A conceptual framework for design science research; Towards a Method for Design Principle Development in Information Systems; Towards normal design for safety-critical systems.",0.14623427391052246,187,False,5.2393494,5.410247,False,0,,
b7ba414dae37,Design knowledge,Learning Experience Design in the Light of Design Knowledge and Philosophy,Colin Gray; Elizabeth Boling,2023,Journal of Applied Instructional Design,,https://www.semanticscholar.org/paper/aa04722b0f5eaec62b750697a1aef8eef6bae6dc,0,Knowledge · Patterns · Theory,"knowledge, patterns, theory, design knowledge, pattern, research","This exploratory cluster contains 340 papers. Frequent terms include knowledge, patterns, theory, design knowledge, pattern, research. Representative papers include A conceptual framework for design science research; Towards a Method for Design Principle Development in Information Systems; Towards normal design for safety-critical systems.",0.13799309730529785,154,False,1.8755457,7.898332,False,0,,
b8c02b0994bd,Design methods,The Designer's Body as Resource in Design: Exploring Combinations of Point-of-view and Tense,"Svan\aes, Dag and Barkhuus, Louise",2020,Proceedings of the 2020 CHI Conference on Human Factors in Computing Systems,10.1145/3313831.3376430,https://doi.org/10.1145/3313831.3376430,0,Knowledge · Patterns · Theory,"knowledge, patterns, theory, design knowledge, pattern, research","This exploratory cluster contains 340 papers. Frequent terms include knowledge, patterns, theory, design knowledge, pattern, research. Representative papers include A conceptual framework for design science research; Towards a Method for Design Principle Development in Information Systems; Towards normal design for safety-critical systems.",0.16787803173065186,259,False,1.914736,6.7338147,False,0,,
b97dadb53877,Design Patterns,A pattern language for parallel application programs,"Massingill, Berna L. (1); Mattson, Timothy G. (2); Sanders, Beverly A. (3)",2000,Lecture Notes in Computer Science (including subseries Lecture Notes in Artificial Intelligence and Lecture Notes in Bioinformatics),10.1007/3-540-44520-x_93,,0,Knowledge · Patterns · Theory,"knowledge, patterns, theory, design knowledge, pattern, research","This exploratory cluster contains 340 papers. Frequent terms include knowledge, patterns, theory, design knowledge, pattern, research. Representative papers include A conceptual framework for design science research; Towards a Method for Design Principle Development in Information Systems; Towards normal design for safety-critical systems.",0.16948580741882324,266,False,2.3846326,2.849457,False,0,,
bb08fe1a5d09,Design Patterns,Taxonomy of architectural style usage,"Giesecke, Simon (1)",2006,PLoP 2006 - PLoP Pattern Languages of Programs 2006 Conference Proceedings,10.1145/1415472.1415510,,0,Knowledge · Patterns · Theory,"knowledge, patterns, theory, design knowledge, pattern, research","This exploratory cluster contains 340 papers. Frequent terms include knowledge, patterns, theory, design knowledge, pattern, research. Representative papers include A conceptual framework for design science research; Towards a Method for Design Principle Development in Information Systems; Towards normal design for safety-critical systems.",0.13706618547439575,149,False,2.1001792,3.0247266,False,0,,
bd23ac0241ec,Design Heuristics,Joint Activity Design Heuristics for Enhancing Human-Machine Collaboration,"Jalaeian, Mohammadreza ; Morey, Dane A. ; Rayo, Michael F.",2025,arXiv,10.48550/arXiv.2512.08036,,0,Knowledge · Patterns · Theory,"knowledge, patterns, theory, design knowledge, pattern, research","This exploratory cluster contains 340 papers. Frequent terms include knowledge, patterns, theory, design knowledge, pattern, research. Representative papers include A conceptual framework for design science research; Towards a Method for Design Principle Development in Information Systems; Towards normal design for safety-critical systems.",0.15808522701263428,235,False,1.5846579,4.722031,False,0,,
be4112c3c6af,Design knowledge,Sharing Design Knowledge Through Codification in Interdisciplinary DSR Collaborations,"Dickhaut, Ernestine (1); Janson, Andreas (2); Hevner, Alan R. (3); Leimeister, Jan Marco (1, 2)",2023,Proceedings of the Annual Hawaii International Conference on System Sciences,,,0,Knowledge · Patterns · Theory,"knowledge, patterns, theory, design knowledge, pattern, research","This exploratory cluster contains 340 papers. Frequent terms include knowledge, patterns, theory, design knowledge, pattern, research. Representative papers include A conceptual framework for design science research; Towards a Method for Design Principle Development in Information Systems; Towards normal design for safety-critical systems.",0.17453837394714355,285,False,1.2233797,8.63293,False,0,,
be45dd819505,Design theory,Population targeted requirements acquisition,T. Tuunanen; K. Peffers,2018,European Journal of Information Systems,,https://www.semanticscholar.org/paper/07d1b6ff0d2b26696699167f5a07eaaed547fbfd,0,Knowledge · Patterns · Theory,"knowledge, patterns, theory, design knowledge, pattern, research","This exploratory cluster contains 340 papers. Frequent terms include knowledge, patterns, theory, design knowledge, pattern, research. Representative papers include A conceptual framework for design science research; Towards a Method for Design Principle Development in Information Systems; Towards normal design for safety-critical systems.",0.15963351726531982,238,False,0.32287073,4.8055997,False,0,,
be51adc4b7cc,Design Patterns,Development and evaluation of emerging design patterns for ubiquitous computing,"Chung, Eric S. and Hong, Jason I. and Lin, James and Prabaker, Madhu K. and Landay, James A. and Liu, Alan L.",2004,"Proceedings of the 5th Conference on Designing Interactive Systems: Processes, Practices, Methods, and Techniques",10.1145/1013115.1013148,https://doi.org/10.1145/1013115.1013148,0,Knowledge · Patterns · Theory,"knowledge, patterns, theory, design knowledge, pattern, research","This exploratory cluster contains 340 papers. Frequent terms include knowledge, patterns, theory, design knowledge, pattern, research. Representative papers include A conceptual framework for design science research; Towards a Method for Design Principle Development in Information Systems; Towards normal design for safety-critical systems.",0.11979174613952637,78,False,2.7080088,3.2501113,False,0,,
bf1ef2949b3c,Design Patterns,Design patterns: Abstraction and reuse of object-oriented design,"Gamma, Erich (1); Helm, Richard (2); Johnson, Ralph (3); Vlissides, John (2)",1993,Lecture Notes in Computer Science (including subseries Lecture Notes in Artificial Intelligence and Lecture Notes in Bioinformatics),10.1007/3-540-47910-4_21,,0,Knowledge · Patterns · Theory,"knowledge, patterns, theory, design knowledge, pattern, research","This exploratory cluster contains 340 papers. Frequent terms include knowledge, patterns, theory, design knowledge, pattern, research. Representative papers include A conceptual framework for design science research; Towards a Method for Design Principle Development in Information Systems; Towards normal design for safety-critical systems.",0.12451636791229248,91,False,2.1322045,2.6213424,False,0,,
bf31dda38b9e,Design theory,Instructional transaction theory: instructional design based on knowledge objects,"Merrill, D. (1)",,Educational Technology,,,-1,Noise / weak affinity,"patterns, knowledge, framework, user, learning, human",114 papers were left unassigned by the density model. They are retained as evidence of weak affinity rather than treated as an algorithm failure.,0.1559145450592041,6,False,1.145785,4.251148,False,0,,
bfff60a9512a,Design rationale,EVALUATING DESIGN RATIONALE,"Mirabito, Yakira (1); Liu, Xiaowen (2); Goucher-Lambert, Kosa (1)",2024,Proceedings of the ASME Design Engineering Technical Conference,10.1115/DETC2024-142788,,0,Knowledge · Patterns · Theory,"knowledge, patterns, theory, design knowledge, pattern, research","This exploratory cluster contains 340 papers. Frequent terms include knowledge, patterns, theory, design knowledge, pattern, research. Representative papers include A conceptual framework for design science research; Towards a Method for Design Principle Development in Information Systems; Towards normal design for safety-critical systems.",0.1374170184135437,150,False,-0.763185,5.211056,False,0,,
c1149e306456,Design methods,DEFINING HUMAN-CENTERED AI: A COMPREHENSIVE REVIEW OF HCAI LITERATURE,"Schmager, Stefan (1); Pappas, Ilias (1); Vassilakopoulou, Polyxeni (1)",2023,"International Conference on Information Systems, ICIS 2023: 'Rising like a Phoenix: Emerging from the Pandemic and Reshaping Human Endeavors with Digital Technologies'",,,-1,Noise / weak affinity,"patterns, knowledge, framework, user, learning, human",114 papers were left unassigned by the density model. They are retained as evidence of weak affinity rather than treated as an algorithm failure.,0.2390429973602295,99,False,2.3894308,5.3101068,False,0,,
c12e86da6f5e,Design rationale,Revisiting the design intent concept in the context of mechanical CAD education,"Otey, J. (1); Company, P. (2); Contero, M. (3); Camba, J.D. (4)",,Computer-Aided Design and Applications,10.1080/16864360.2017.1353733,,0,Knowledge · Patterns · Theory,"knowledge, patterns, theory, design knowledge, pattern, research","This exploratory cluster contains 340 papers. Frequent terms include knowledge, patterns, theory, design knowledge, pattern, research. Representative papers include A conceptual framework for design science research; Towards a Method for Design Principle Development in Information Systems; Towards normal design for safety-critical systems.",0.15671098232269287,229,False,-0.40163928,6.214917,False,0,,
c1b4dc1ba8ba,Design theory,A mathematical theory of design: representation of design artifacts (Part I),"Maimon, O. (1); Braha, D.",,International Journal of General Systems,10.1080/03081079908962068,,0,Knowledge · Patterns · Theory,"knowledge, patterns, theory, design knowledge, pattern, research","This exploratory cluster contains 340 papers. Frequent terms include knowledge, patterns, theory, design knowledge, pattern, research. Representative papers include A conceptual framework for design science research; Towards a Method for Design Principle Development in Information Systems; Towards normal design for safety-critical systems.",0.09054231643676758,7,False,-0.13590989,6.4470253,False,0,,
c403cb52fbf7,Design theory,"Exploring co-design: a systematic review of concepts, processes, models, and frameworks used in public health research",Carmen Vargas; Christina Zorbas; G. R. Longworth; Anna Ugalde; C. Needham; Athira Sunil; C. Venegas Hargous; Rebecca Bennett; Tari Forrester-Bowling; Ana Paula Cardoso Richter; S. Allender,2025,Journal of public health,,https://www.semanticscholar.org/paper/24786c2aa18340787876a05b237d000df51221e5,0,Knowledge · Patterns · Theory,"knowledge, patterns, theory, design knowledge, pattern, research","This exploratory cluster contains 340 papers. Frequent terms include knowledge, patterns, theory, design knowledge, pattern, research. Representative papers include A conceptual framework for design science research; Towards a Method for Design Principle Development in Information Systems; Towards normal design for safety-critical systems.",0.1696101427078247,267,False,1.7076378,6.1659303,False,0,,
c6c22fc10c10,Design principles,Ecological interface design: theoretical foundations,K. J. Vicente; J. Rasmussen,1992,,10.1109/21.156574,,0,Knowledge · Patterns · Theory,"knowledge, patterns, theory, design knowledge, pattern, research","This exploratory cluster contains 340 papers. Frequent terms include knowledge, patterns, theory, design knowledge, pattern, research. Representative papers include A conceptual framework for design science research; Towards a Method for Design Principle Development in Information Systems; Towards normal design for safety-critical systems.",0.11370968818664551,54,False,1.8079376,4.834177,False,0,,
c6dce869a98c,Design rationale,Towards normal design for safety-critical systems,"Mannering, D. (1); Hall, J.G.; Rapanotti, L.",,"Fundamental Approaches to Software Engineering. 10th International Conference. FASE 2007. Held as Part Of the Joint European Conferences on Theory and Practice of Software, ETAPS 2007. Proceedings (Lecture Notes in Computer Science Vol. 4422)",,,0,Knowledge · Patterns · Theory,"knowledge, patterns, theory, design knowledge, pattern, research","This exploratory cluster contains 340 papers. Frequent terms include knowledge, patterns, theory, design knowledge, pattern, research. Representative papers include A conceptual framework for design science research; Towards a Method for Design Principle Development in Information Systems; Towards normal design for safety-critical systems.",0.08310312032699585,3,True,0.98282987,4.2809343,False,0,,
ca1427a57062,Design knowledge,The retrieval of structured design rationale for the re-use of design knowledge with an integrated representation,"Hongwei Wang (1); Johnson, A.L. (1); Bracewell, R.H. (1)",,Advanced Engineering Informatics,10.1016/j.aei.2012.02.003,,0,Knowledge · Patterns · Theory,"knowledge, patterns, theory, design knowledge, pattern, research","This exploratory cluster contains 340 papers. Frequent terms include knowledge, patterns, theory, design knowledge, pattern, research. Representative papers include A conceptual framework for design science research; Towards a Method for Design Principle Development in Information Systems; Towards normal design for safety-critical systems.",0.13976836204528809,163,False,-1.0761442,5.404459,False,0,,
ca409db2dd49,Design theory,A design theory for managing software process improvement,"Pries-Heje, Jan and Baskerville, Richard",2009,Proceedings of the 4th International Conference on Design Science Research in Information Systems and Technology,10.1145/1555619.1555658,https://doi.org/10.1145/1555619.1555658,0,Knowledge · Patterns · Theory,"knowledge, patterns, theory, design knowledge, pattern, research","This exploratory cluster contains 340 papers. Frequent terms include knowledge, patterns, theory, design knowledge, pattern, research. Representative papers include A conceptual framework for design science research; Towards a Method for Design Principle Development in Information Systems; Towards normal design for safety-critical systems.",0.13536685705184937,139,False,0.41293952,4.9633093,False,0,,
ca4fa896aabc,Design Patterns,A design pattern approach to bitemporal data modeling,"Njovu, C. (1); Ibrahim, M.T. (1)",2003,"Proceedings - International Workshop on Database and Expert Systems Applications, DEXA",10.1109/DEXA.2003.1232112,,-1,Noise / weak affinity,"patterns, knowledge, framework, user, learning, human",114 papers were left unassigned by the density model. They are retained as evidence of weak affinity rather than treated as an algorithm failure.,0.19691336154937744,60,False,1.7886856,2.7229304,False,0,,
ce5d2c17f94f,Design frameworks,"Like PEAS in PoDS: the player, environment, agents, system framework for the personalization of digital systems","Snodgrass, Sam and Mohaddesi, Omid and Hart, Jack and Rodriguez, Guillermo Romera and Holmg\rard, Christoffer and Harteveld, Casper",2019,Proceedings of the 14th International Conference on the Foundations of Digital Games,10.1145/3337722.3337756,https://doi.org/10.1145/3337722.3337756,-1,Noise / weak affinity,"patterns, knowledge, framework, user, learning, human",114 papers were left unassigned by the density model. They are retained as evidence of weak affinity rather than treated as an algorithm failure.,0.20968985557556152,76,False,-0.9181612,2.8234682,False,0,,
ce6761927633,Design Patterns,Definition and use of software requirement patterns in requirements engineering,Cristina Palomares,2016,,,https://www.semanticscholar.org/paper/e6be0dea3d88ab8897b27abbe8bb0bedba174037,0,Knowledge · Patterns · Theory,"knowledge, patterns, theory, design knowledge, pattern, research","This exploratory cluster contains 340 papers. Frequent terms include knowledge, patterns, theory, design knowledge, pattern, research. Representative papers include A conceptual framework for design science research; Towards a Method for Design Principle Development in Information Systems; Towards normal design for safety-critical systems.",0.18887466192245483,307,False,0.8247604,4.0355268,False,0,,
d012dd1ac1d7,Design Patterns,Semantic analysis patterns,"Fernandez, Eduardo B. (1); Yuan, Xiaohong (1)",2000,Lecture Notes in Computer Science,10.1007/3-540-45393-8_14,,0,Knowledge · Patterns · Theory,"knowledge, patterns, theory, design knowledge, pattern, research","This exploratory cluster contains 340 papers. Frequent terms include knowledge, patterns, theory, design knowledge, pattern, research. Representative papers include A conceptual framework for design science research; Towards a Method for Design Principle Development in Information Systems; Towards normal design for safety-critical systems.",0.1094127893447876,48,False,1.7855744,3.0489516,False,0,,
d14d96f15e60,Design Patterns,Revisiting the Design Patterns of Composite Visualizations,D. Deng; W. Cui; X. Meng; M. Xu; Y. Liao; H. Zhang; Y. Wu,2023,,10.1109/TVCG.2022.3213565,,1,Visualization · Visualizations · Composite,"visualization, visualizations, composite, composite visualization, data, patterns","This exploratory cluster contains 5 papers. Frequent terms include visualization, visualizations, composite, composite visualization, data, patterns. Representative papers include Revisiting the Design Patterns of Composite Visualizations; Exploring the design space of composite visualization; Visualization Atlases: Explaining and Exploring Complex Topics Through Data, Visualization, and Narration.",0.05032610893249512,1,True,-0.790758,4.391716,False,0,,
d1e78ef0032e,Design Patterns,Dark Patterns: Towards a Socio-technical Approach,Luiz Adolpho Baroni; A. Puska; Luciana Salgado; Roberto Pereira,2021,Simpósio Brasileiro de Fatores Humanos em Sistemas Computacionais,,https://www.semanticscholar.org/paper/894b3a273310edc3e3114c5a48b139c13203ae0a,0,Knowledge · Patterns · Theory,"knowledge, patterns, theory, design knowledge, pattern, research","This exploratory cluster contains 340 papers. Frequent terms include knowledge, patterns, theory, design knowledge, pattern, research. Representative papers include A conceptual framework for design science research; Towards a Method for Design Principle Development in Information Systems; Towards normal design for safety-critical systems.",0.2170783281326294,332,False,0.91114616,2.5270357,False,0,,
d24e6cf8ae6a,Design knowledge,Physical Design Cognition: A Non-‐symbolic Formalization for Performing Design Knowledge,Daniel Smithwick; L. Sass,2013,,,https://www.semanticscholar.org/paper/960ddf261460555e4fc9db699e2540d0ec1c359e,0,Knowledge · Patterns · Theory,"knowledge, patterns, theory, design knowledge, pattern, research","This exploratory cluster contains 340 papers. Frequent terms include knowledge, patterns, theory, design knowledge, pattern, research. Representative papers include A conceptual framework for design science research; Towards a Method for Design Principle Development in Information Systems; Towards normal design for safety-critical systems.",0.1490686535835266,197,False,1.976941,6.986695,False,0,,
d30aca57f472,Design rationale,Design Rationale as Theory,"Carroll, John M. (1); Beth Rosson, Mary (1)",2003,"HCI Models, Theories, and Frameworks: Toward a Multidisciplinary Science",10.1016/B978-155860808-5/50015-0,,0,Knowledge · Patterns · Theory,"knowledge, patterns, theory, design knowledge, pattern, research","This exploratory cluster contains 340 papers. Frequent terms include knowledge, patterns, theory, design knowledge, pattern, research. Representative papers include A conceptual framework for design science research; Towards a Method for Design Principle Development in Information Systems; Towards normal design for safety-critical systems.",0.10399770736694336,32,False,-0.767631,5.708454,False,0,,
d330bde18c87,Design methods,Languaging design methods,"Gray, C.M. (1)",,Design Studies,10.1016/j.destud.2021.101076,,0,Knowledge · Patterns · Theory,"knowledge, patterns, theory, design knowledge, pattern, research","This exploratory cluster contains 340 papers. Frequent terms include knowledge, patterns, theory, design knowledge, pattern, research. Representative papers include A conceptual framework for design science research; Towards a Method for Design Principle Development in Information Systems; Towards normal design for safety-critical systems.",0.10978269577026367,50,False,1.1046705,6.176215,False,0,,
d41009f91ba1,Design expertise,Designing theory,"Warr, M. (1); Mishra, P. (1); Scragg, B. (1)",,Educational Technology Research and Development,10.1007/s11423-020-09746-9,,0,Knowledge · Patterns · Theory,"knowledge, patterns, theory, design knowledge, pattern, research","This exploratory cluster contains 340 papers. Frequent terms include knowledge, patterns, theory, design knowledge, pattern, research. Representative papers include A conceptual framework for design science research; Towards a Method for Design Principle Development in Information Systems; Towards normal design for safety-critical systems.",0.1059877872467041,39,False,-0.42414138,7.4428134,False,0,,
d54cc84186ed,Design methods,Examining Rock Engineering Knowledge through a Philosophical Lens,D. Elmo; A. Mitelman; Beverly Yang,2022,Géosciences,,https://www.semanticscholar.org/paper/96c627da585dc9846308a76414e6afb8c16122f3,-1,Noise / weak affinity,"patterns, knowledge, framework, user, learning, human",114 papers were left unassigned by the density model. They are retained as evidence of weak affinity rather than treated as an algorithm failure.,0.18854504823684692,43,False,1.6750869,7.9316244,False,0,,
d590c1f63670,Design knowledge,Design Knowledge Interaction Model: A Proposal from a Cognitive Perspective,"Jung, Eui-Chul (1); Le, Meile (2)",2024,Proceedings of the NordDesign 2024 Conference,,,0,Knowledge · Patterns · Theory,"knowledge, patterns, theory, design knowledge, pattern, research","This exploratory cluster contains 340 papers. Frequent terms include knowledge, patterns, theory, design knowledge, pattern, research. Representative papers include A conceptual framework for design science research; Towards a Method for Design Principle Development in Information Systems; Towards normal design for safety-critical systems.",0.11973994970321655,77,False,1.836423,8.3620615,False,0,,
d6b2bf339ae4,Design knowledge,"Co-producing, curating, and defining design knowledge in an online practitioner community","Gray, C.M. (1); Kou, Y. (2)",,CoDesign,10.1080/15710882.2018.1563193,,-1,Noise / weak affinity,"patterns, knowledge, framework, user, learning, human",114 papers were left unassigned by the density model. They are retained as evidence of weak affinity rather than treated as an algorithm failure.,0.18472254276275635,36,False,1.9589059,8.075542,False,0,,
d785c8a9964a,Design theory,A Framework for Concept and its Testing on Patents,Yaroslav Menshenin; E. Crawley,2018,INCOSE International Symposium,,https://www.semanticscholar.org/paper/b0d4e44dbdbc6000fbf69224ac21c0e3157313b7,0,Knowledge · Patterns · Theory,"knowledge, patterns, theory, design knowledge, pattern, research","This exploratory cluster contains 340 papers. Frequent terms include knowledge, patterns, theory, design knowledge, pattern, research. Representative papers include A conceptual framework for design science research; Towards a Method for Design Principle Development in Information Systems; Towards normal design for safety-critical systems.",0.16752392053604126,256,False,0.20819862,5.0073776,False,0,,
d7afefaf53ef,Design Patterns,The Value of Design Patterns in Designing Teaching in Online Settings,S. Warburton; Marcy Perry,2020,,,https://www.semanticscholar.org/paper/bdd5437856d96907e94e4763edc40bc3071c9faf,0,Knowledge · Patterns · Theory,"knowledge, patterns, theory, design knowledge, pattern, research","This exploratory cluster contains 340 papers. Frequent terms include knowledge, patterns, theory, design knowledge, pattern, research. Representative papers include A conceptual framework for design science research; Towards a Method for Design Principle Development in Information Systems; Towards normal design for safety-critical systems.",0.12006926536560059,81,False,3.4719918,3.9836168,False,0,,
dbc7c9876d1a,Design theory,The Creativity Passdown Effect: Sharing Design Thinking Processes with Design Theory,J. S. Lee; R. Baskerville; J. Pries-Heje,2012,,10.1109/HICSS.2012.558,,0,Knowledge · Patterns · Theory,"knowledge, patterns, theory, design knowledge, pattern, research","This exploratory cluster contains 340 papers. Frequent terms include knowledge, patterns, theory, design knowledge, pattern, research. Representative papers include A conceptual framework for design science research; Towards a Method for Design Principle Development in Information Systems; Towards normal design for safety-critical systems.",0.14775919914245605,191,False,-0.56463474,7.5152707,False,0,,
ded38f6c2ce8,Design Patterns,Design Patterns for Situated Visualization in Augmented Reality,Benjamin Lee; M. Sedlmair; D. Schmalstieg,2023,IEEE Transactions on Visualization and Computer Graphics,,https://www.semanticscholar.org/paper/f314303ec684c5ca514bf23b4f6614fc651eb2dc,1,Visualization · Visualizations · Composite,"visualization, visualizations, composite, composite visualization, data, patterns","This exploratory cluster contains 5 papers. Frequent terms include visualization, visualizations, composite, composite visualization, data, patterns. Representative papers include Revisiting the Design Patterns of Composite Visualizations; Exploring the design space of composite visualization; Visualization Atlases: Explaining and Exploring Complex Topics Through Data, Visualization, and Narration.",0.10734570026397705,5,False,-0.76010275,4.3012605,False,0,,
df4ffdba87ae,Design knowledge,Reconciling theories with design choices in design science research,"Lukyanenk, Roman (1); Parsons, Jeffrey (1)",2013,Lecture Notes in Computer Science (including subseries Lecture Notes in Artificial Intelligence and Lecture Notes in Bioinformatics),10.1007/978-3-642-38827-9_12,,0,Knowledge · Patterns · Theory,"knowledge, patterns, theory, design knowledge, pattern, research","This exploratory cluster contains 340 papers. Frequent terms include knowledge, patterns, theory, design knowledge, pattern, research. Representative papers include A conceptual framework for design science research; Towards a Method for Design Principle Development in Information Systems; Towards normal design for safety-critical systems.",0.10966044664382935,49,False,-0.45992824,7.49087,False,0,,
e0e99d72e1b0,Design knowledge,The typological learning framework: the application of structured precedent design knowledge in the architectural design studio,"Grover, R. (1); Emmitt, S. (1); Copping, A. (1)",,International Journal of Technology and Design Education,10.1007/s10798-017-9421-4,,0,Knowledge · Patterns · Theory,"knowledge, patterns, theory, design knowledge, pattern, research","This exploratory cluster contains 340 papers. Frequent terms include knowledge, patterns, theory, design knowledge, pattern, research. Representative papers include A conceptual framework for design science research; Towards a Method for Design Principle Development in Information Systems; Towards normal design for safety-critical systems.",0.14111530780792236,168,False,1.4601334,7.6158414,False,0,,
e59a343ad585,Design Guidelines,The kaleidoscope of effective gamification: deconstructing gamification in business applications,"Kappen, Dennis L. and Nacke, Lennart E.",2013,"Proceedings of the First International Conference on Gameful Design, Research, and Applications",10.1145/2583008.2583029,https://doi.org/10.1145/2583008.2583029,0,Knowledge · Patterns · Theory,"knowledge, patterns, theory, design knowledge, pattern, research","This exploratory cluster contains 340 papers. Frequent terms include knowledge, patterns, theory, design knowledge, pattern, research. Representative papers include A conceptual framework for design science research; Towards a Method for Design Principle Development in Information Systems; Towards normal design for safety-critical systems.",0.18536216020584106,302,False,-0.90320945,2.973821,False,0,,
e936b4f274a1,Design Guidelines,The four components of a procedure,H. VAN DER MEIJ; M. GELLEVIJ,2004,,10.1109/TPC.2004.824292,,0,Knowledge · Patterns · Theory,"knowledge, patterns, theory, design knowledge, pattern, research","This exploratory cluster contains 340 papers. Frequent terms include knowledge, patterns, theory, design knowledge, pattern, research. Representative papers include A conceptual framework for design science research; Towards a Method for Design Principle Development in Information Systems; Towards normal design for safety-critical systems.",0.1452118158340454,183,False,0.9486782,4.4315124,False,0,,
e9618999ee23,Design Patterns,"Layers, decisions, patterns, styles, and architectures","Schwanke, Robert W. (1)",2001,"Proceedings - Working IEEE/IFIP Conference on Software Architecture, WICSA 2001",10.1109/WICSA.2001.948423,,0,Knowledge · Patterns · Theory,"knowledge, patterns, theory, design knowledge, pattern, research","This exploratory cluster contains 340 papers. Frequent terms include knowledge, patterns, theory, design knowledge, pattern, research. Representative papers include A conceptual framework for design science research; Towards a Method for Design Principle Development in Information Systems; Towards normal design for safety-critical systems.",0.13428544998168945,130,False,1.4996355,3.411041,False,0,,
ede2a92151d5,Design knowledge,HCI Design Knowledge as Models and Methods,"Long, J. (1); Cummaford, S. (2); Stork, A. (3)",,"HCI Design Knowledge: Critique, Challenge, and a Way Forward. Synthesis Lectures on Human-Centered Informatics",10.1007/978-3-031-79209-0_6,,0,Knowledge · Patterns · Theory,"knowledge, patterns, theory, design knowledge, pattern, research","This exploratory cluster contains 340 papers. Frequent terms include knowledge, patterns, theory, design knowledge, pattern, research. Representative papers include A conceptual framework for design science research; Towards a Method for Design Principle Development in Information Systems; Towards normal design for safety-critical systems.",0.13103103637695312,116,False,5.302732,5.364445,False,0,,
f053c79dde3d,Design rationale,Integrating theory development with design evaluation,"Carroll, J.M. (1); Singley, M.K. (1); Rosson, M.B. (1)",,Behaviour and Information Technology,10.1080/01449299208924345,,0,Knowledge · Patterns · Theory,"knowledge, patterns, theory, design knowledge, pattern, research","This exploratory cluster contains 340 papers. Frequent terms include knowledge, patterns, theory, design knowledge, pattern, research. Representative papers include A conceptual framework for design science research; Towards a Method for Design Principle Development in Information Systems; Towards normal design for safety-critical systems.",0.10835534334182739,46,False,-0.5676089,6.5293937,False,0,,
f13149d3303f,Design Patterns,Information Exchange Design Patterns for Robot Swarm Foraging and Their Application in Robot Control Algorithms,Lenka Pitonakova; R. Crowder; S. Bullock,2018,Frontiers in Robotics and AI,,https://www.semanticscholar.org/paper/c0e4bf9fdb915af3d209f1f463cadfcdcfd3d445,-1,Noise / weak affinity,"patterns, knowledge, framework, user, learning, human",114 papers were left unassigned by the density model. They are retained as evidence of weak affinity rather than treated as an algorithm failure.,0.21949845552444458,87,False,2.6787188,4.0219207,False,0,,
f6588fca84f9,Design methods,The Design Activity Framework: Investigating the Data Visualization Design Process,"McKenna, Sean Patrick (1)",2017,ProQuest Dissertations and Theses Global,,,0,Knowledge · Patterns · Theory,"knowledge, patterns, theory, design knowledge, pattern, research","This exploratory cluster contains 340 papers. Frequent terms include knowledge, patterns, theory, design knowledge, pattern, research. Representative papers include A conceptual framework for design science research; Towards a Method for Design Principle Development in Information Systems; Towards normal design for safety-critical systems.",0.15161854028701782,206,False,-0.48910668,4.7812743,False,0,,
f7668dd5c63f,Design knowledge,Construction of Intermediate Knowledge in Design: A Case Study of Cultural and Creative Product Design,"Tang, Lintao (1); Yin, Jianwei (1)",2024,Frontiers in Artificial Intelligence and Applications,10.3233/FAIA231438,,0,Knowledge · Patterns · Theory,"knowledge, patterns, theory, design knowledge, pattern, research","This exploratory cluster contains 340 papers. Frequent terms include knowledge, patterns, theory, design knowledge, pattern, research. Representative papers include A conceptual framework for design science research; Towards a Method for Design Principle Development in Information Systems; Towards normal design for safety-critical systems.",0.14824318885803223,193,False,1.8700666,8.32237,False,0,,
f7a213ef52da,Design Patterns,Dark patterns in the design of games,J. Zagal; Staffan Björk; Chris Lewis,2013,International Conference on Foundations of Digital Games,,https://www.semanticscholar.org/paper/19a241378b06d868eb5f6b76027172c3aaca86f4,0,Knowledge · Patterns · Theory,"knowledge, patterns, theory, design knowledge, pattern, research","This exploratory cluster contains 340 papers. Frequent terms include knowledge, patterns, theory, design knowledge, pattern, research. Representative papers include A conceptual framework for design science research; Towards a Method for Design Principle Development in Information Systems; Towards normal design for safety-critical systems.",0.20774781703948975,327,False,-0.43344072,2.5629206,False,0,,
f8c905d3c779,Design Patterns,Structures to effectively share architectural knowledge,"Ponisio, María Laura (1); Sikkel, Klaas (1); Vermeulen, Erik (1); Poort, Eltjo (2); Megen, Ignas Van (2)",2008,"Proceedings of the IASTED International Conference on Software Engineering, SE 2008",,,0,Knowledge · Patterns · Theory,"knowledge, patterns, theory, design knowledge, pattern, research","This exploratory cluster contains 340 papers. Frequent terms include knowledge, patterns, theory, design knowledge, pattern, research. Representative papers include A conceptual framework for design science research; Towards a Method for Design Principle Development in Information Systems; Towards normal design for safety-critical systems.",0.13248401880264282,119,False,2.50089,2.8438628,False,0,,
f9a132245837,Design knowledge,HCI Knowledge,"Long, J. (1); Cummaford, S. (2); Stork, A. (3)",,"HCI Design Knowledge: Critique, Challenge, and a Way Forward. Synthesis Lectures on Human-Centered Informatics",10.1007/978-3-031-79209-0_3,,0,Knowledge · Patterns · Theory,"knowledge, patterns, theory, design knowledge, pattern, research","This exploratory cluster contains 340 papers. Frequent terms include knowledge, patterns, theory, design knowledge, pattern, research. Representative papers include A conceptual framework for design science research; Towards a Method for Design Principle Development in Information Systems; Towards normal design for safety-critical systems.",0.13787329196929932,152,False,5.23758,5.4224014,False,0,,
fbf6d34a07e9,Design knowledge,Conceptualizing Design Knowledge in IS Research - A Review and Taxonomy of Design Knowledge Properties,"Dickhaut, Ernestine (1); Janson, Andreas (2); Leimeister, Jan Marco (1, 2)",2022,Proceedings of the Annual Hawaii International Conference on System Sciences,,,0,Knowledge · Patterns · Theory,"knowledge, patterns, theory, design knowledge, pattern, research","This exploratory cluster contains 340 papers. Frequent terms include knowledge, patterns, theory, design knowledge, pattern, research. Representative papers include A conceptual framework for design science research; Towards a Method for Design Principle Development in Information Systems; Towards normal design for safety-critical systems.",0.11406964063644409,55,False,1.3959079,8.480039,False,0,,
fd29fa6c3eca,Design Patterns,The Conceptual Relationship Model: Understanding Patterns and Mechanics in Game Design,C. Olsson; Staffan Björk; S. Dahlskog,2014,Digra,,https://www.semanticscholar.org/paper/82c60387f17bdfe96cb7500460abc0ec7c00b1e5,0,Knowledge · Patterns · Theory,"knowledge, patterns, theory, design knowledge, pattern, research","This exploratory cluster contains 340 papers. Frequent terms include knowledge, patterns, theory, design knowledge, pattern, research. Representative papers include A conceptual framework for design science research; Towards a Method for Design Principle Development in Information Systems; Towards normal design for safety-critical systems.",0.12729144096374512,103,False,-0.6507832,2.74231,False,0,,
1a3361a5f828,Design Patterns,What are Security Patterns? A Formal Model for Security and Design of Software,"Behrens, Anika",2018,"Proceedings of the 13th International Conference on Availability, Reliability and Security",10.1145/3230833.3230834,https://doi.org/10.1145/3230833.3230834,0,Knowledge · Patterns · Theory,"knowledge, patterns, theory, design knowledge, pattern, research","This exploratory cluster contains 340 papers. Frequent terms include knowledge, patterns, theory, design knowledge, pattern, research. Representative papers include A conceptual framework for design science research; Towards a Method for Design Principle Development in Information Systems; Towards normal design for safety-critical systems.",0.20764100551605225,325,False,2.0095043,2.3175523,False,0,,
234ec11212b7,Design methods,Under the umbrella: components of empathy in psychology and design,"Chang-arana, A.M. (1, 2); Surma-aho, A. (2); Hölttä-otto, K. (2, 3); Sams, M. (4)",,Design Science,10.1017/dsj.2022.13,,0,Knowledge · Patterns · Theory,"knowledge, patterns, theory, design knowledge, pattern, research","This exploratory cluster contains 340 papers. Frequent terms include knowledge, patterns, theory, design knowledge, pattern, research. Representative papers include A conceptual framework for design science research; Towards a Method for Design Principle Development in Information Systems; Towards normal design for safety-critical systems.",0.15744256973266602,233,False,2.0208788,6.607067,False,0,,
28e9bfcf6713,Design knowledge,Validating effective design knowledge for re-use: HCI engineering design principles,"Cummaford, Stephen",2000,CHI '00 Extended Abstracts on Human Factors in Computing Systems,10.1145/633292.633336,https://doi.org/10.1145/633292.633336,0,Knowledge · Patterns · Theory,"knowledge, patterns, theory, design knowledge, pattern, research","This exploratory cluster contains 340 papers. Frequent terms include knowledge, patterns, theory, design knowledge, pattern, research. Representative papers include A conceptual framework for design science research; Towards a Method for Design Principle Development in Information Systems; Towards normal design for safety-critical systems.",0.11902517080307007,74,False,5.3158665,5.3640785,False,0,,
421030e9786e,Design Patterns,Unpacking Human-AI interactions: From Interaction Primitives to a Design Space,Konstantinos Tsiakas; Dave Murray-Rust,2024,ACM Trans. Interact. Intell. Syst.,,https://www.semanticscholar.org/paper/746e4e384daf1cc9974f5229429cc806059c41ef,0,Knowledge · Patterns · Theory,"knowledge, patterns, theory, design knowledge, pattern, research","This exploratory cluster contains 340 papers. Frequent terms include knowledge, patterns, theory, design knowledge, pattern, research. Representative papers include A conceptual framework for design science research; Towards a Method for Design Principle Development in Information Systems; Towards normal design for safety-critical systems.",0.2000749707221985,319,False,2.646114,4.3373733,False,0,,
4691ac0735c4,Design theory,Transition Designing as Ontological Redirection: Key Principles for Transition-Oriented Futuring,Samuel Yu,2025,World Future Review,,https://www.semanticscholar.org/paper/734463363828fbdfaff4c75134dcec87dd9969f6,-1,Noise / weak affinity,"patterns, knowledge, framework, user, learning, human",114 papers were left unassigned by the density model. They are retained as evidence of weak affinity rather than treated as an algorithm failure.,0.22026264667510986,88,False,1.5525566,7.043167,False,0,,
4e4a50e133cc,Design Patterns,Weapon design patterns in shooter games,"Giusti, Robert and Hullett, Kenneth and Whitehead, Jim",2012,Proceedings of the First Workshop on Design Patterns in Games,10.1145/2427116.2427119,https://doi.org/10.1145/2427116.2427119,-1,Noise / weak affinity,"patterns, knowledge, framework, user, learning, human",114 papers were left unassigned by the density model. They are retained as evidence of weak affinity rather than treated as an algorithm failure.,0.24721670150756836,107,False,-0.42843935,2.531513,False,0,,
63e3bdac7fab,Design Patterns,What Do We Know about the Effectiveness of Software Design Patterns?,C. Zhang; D. Budgen,2012,,10.1109/TSE.2011.79,,0,Knowledge · Patterns · Theory,"knowledge, patterns, theory, design knowledge, pattern, research","This exploratory cluster contains 340 papers. Frequent terms include knowledge, patterns, theory, design knowledge, pattern, research. Representative papers include A conceptual framework for design science research; Towards a Method for Design Principle Development in Information Systems; Towards normal design for safety-critical systems.",0.11460453271865845,58,False,2.4920418,2.87411,False,0,,
aea175ec1e11,Design Patterns,Typed Design Patterns for the Functional Era,"Crichton, Will",2023,Proceedings of the 1st ACM SIGPLAN International Workshop on Functional Software Architecture,10.1145/3609025.3609477,https://doi.org/10.1145/3609025.3609477,0,Knowledge · Patterns · Theory,"knowledge, patterns, theory, design knowledge, pattern, research","This exploratory cluster contains 340 papers. Frequent terms include knowledge, patterns, theory, design knowledge, pattern, research. Representative papers include A conceptual framework for design science research; Towards a Method for Design Principle Development in Information Systems; Towards normal design for safety-critical systems.",0.1383202075958252,156,False,1.324652,3.1299949,False,0,,
f59da9db088b,Design knowledge,Value sensitive design as a formative framework,"Hendry, David G. (1); Friedman, Batya (1); Ballard, Stephanie (1)",2021,Ethics and Information Technology,10.1007/s10676-021-09579-x,,0,Knowledge · Patterns · Theory,"knowledge, patterns, theory, design knowledge, pattern, research","This exploratory cluster contains 340 papers. Frequent terms include knowledge, patterns, theory, design knowledge, pattern, research. Representative papers include A conceptual framework for design science research; Towards a Method for Design Principle Development in Information Systems; Towards normal design for safety-critical systems.",0.1515902876853943,205,False,0.9685201,7.5579343,False,0,,
1aecb7940a63,Design rationale,A compositional approach to modelling design rationale,"Brazier, F.M.T. (1); Van Langen, P.H.G. (1); Treur, J. (1)",,"(AI EDAM) Artificial Intelligence for Engineering Design, Analysis and Manufacturing",10.1017/S0890060400001918,,0,Knowledge · Patterns · Theory,"knowledge, patterns, theory, design knowledge, pattern, research","This exploratory cluster contains 340 papers. Frequent terms include knowledge, patterns, theory, design knowledge, pattern, research. Representative papers include A conceptual framework for design science research; Towards a Method for Design Principle Development in Information Systems; Towards normal design for safety-critical systems.",0.15273869037628174,209,False,-0.5123483,5.2723846,False,0,,
38b608e72e2d,Design methods,"A BOUNDARY OBJECT FOR MAPPING, COMPARING, AND INTEGRATING PRODUCT DESIGN METHODS","Velleu, Jesse (1); Brei, Diann (1); Gonzalez, Richard (1); Luntz, Jonathan (1)",2023,Proceedings of the Design Society,10.1017/pds.2023.4,,0,Knowledge · Patterns · Theory,"knowledge, patterns, theory, design knowledge, pattern, research","This exploratory cluster contains 340 papers. Frequent terms include knowledge, patterns, theory, design knowledge, pattern, research. Representative papers include A conceptual framework for design science research; Towards a Method for Design Principle Development in Information Systems; Towards normal design for safety-critical systems.",0.147050142288208,189,False,0.10043881,5.99333,False,0,,
781628bf9a48,Design rationale,Making use: scenarios and scenario-based design,"Carroll, John M.",2000,"Proceedings of the 3rd Conference on Designing Interactive Systems: Processes, Practices, Methods, and Techniques",10.1145/347642.347652,https://doi.org/10.1145/347642.347652,-1,Noise / weak affinity,"patterns, knowledge, framework, user, learning, human",114 papers were left unassigned by the density model. They are retained as evidence of weak affinity rather than treated as an algorithm failure.,0.19055765867233276,51,False,1.0576493,5.1959343,False,0,,
