k,average_silhouette,min_cluster_size,max_cluster_size,cluster_sizes,negative_silhouette_count
2,0.23625918503743953,2,12,0:12; 1:2,1
3,0.23010592038878017,2,8,0:8; 1:2; 2:4,0
4,0.218910300299973,2,6,0:4; 1:2; 2:2; 3:6,0
5,0.21457047172872631,1,5,0:1; 1:2; 2:2; 3:4; 4:5,0
6,0.21747180367643024,1,5,0:2; 1:2; 2:5; 3:2; 4:2; 5:1,2
7,0.21923908434548936,1,5,0:2; 1:2; 2:5; 3:2; 4:1; 5:1; 6:1,0
8,0.21722020964626296,1,4,0:2; 1:2; 2:2; 3:1; 4:4; 5:1; 6:1; 7:1,0
