k,average_silhouette,min_cluster_size,max_cluster_size,cluster_sizes,negative_silhouette_count
2,0.23485360895407875,2,12,0:2; 1:12,0
3,0.23463869305736282,2,8,0:4; 1:2; 2:8,0
4,0.2297414900655805,2,4,0:4; 1:2; 2:4; 3:4,0
5,0.2183264623972427,2,4,0:2; 1:2; 2:4; 3:4; 4:2,2
6,0.21125532949967626,2,4,0:2; 1:4; 2:2; 3:2; 4:2; 5:2,3
7,0.21024095077377677,2,2,0:2; 1:2; 2:2; 3:2; 4:2; 5:2; 6:2,4
8,0.1952499750458951,1,3,0:1; 1:1; 2:2; 3:2; 4:2; 5:3; 6:2; 7:1,0
