k,average_silhouette,min_cluster_size,max_cluster_size,cluster_sizes,negative_silhouette_count
2,0.1253016933816081,3,17,0:3; 1:17,0
3,0.19730752952908676,2,15,0:3; 1:15; 2:2,1
4,0.2267699673457177,2,10,0:5; 1:10; 2:2; 3:3,3
5,0.286819411977674,2,8,0:8; 1:3; 2:2; 3:2; 4:5,2
6,0.30305494284192575,2,7,0:2; 1:3; 2:2; 3:4; 4:2; 5:7,5
7,0.3267460536678647,2,6,0:2; 1:2; 2:6; 3:2; 4:2; 5:3; 6:3,3
8,0.3336165747844219,1,5,0:5; 1:3; 2:2; 3:2; 4:2; 5:1; 6:3; 7:2,1
