k,average_silhouette,min_cluster_size,max_cluster_size,cluster_sizes,negative_silhouette_count
2,0.1253016933816081,3,17,0:3; 1:17,0
3,0.19730752952908676,2,15,0:3; 1:15; 2:2,1
4,0.2267699673457177,2,10,0:5; 1:10; 2:2; 3:3,3
