k,average_silhouette,min_cluster_size,max_cluster_size,cluster_sizes,negative_silhouette_count
2,0.1372681598646195,3,17,0:17; 1:3,0
3,0.2061867800948559,2,15,0:3; 1:15; 2:2,1
4,0.23780711456829984,2,12,0:3; 1:2; 2:3; 3:12,3
5,0.29059303368756234,2,8,0:8; 1:3; 2:2; 3:2; 4:5,3
6,0.31073227378000895,2,5,0:2; 1:5; 2:3; 3:5; 4:2; 5:3,3
7,0.3490481057908849,2,6,0:6; 1:3; 2:2; 3:2; 4:2; 5:3; 6:2,3
8,0.35762459322674967,2,3,0:3; 1:2; 2:3; 3:3; 4:2; 5:2; 6:2; 7:3,0
