k,average_silhouette,min_cluster_size,max_cluster_size,cluster_sizes,negative_silhouette_count
2,0.03926675652519176,41,46,0:41; 1:46,3
3,0.04067707658740238,19,38,0:38; 1:30; 2:19,18
4,0.044295756670968994,11,37,0:21; 1:11; 2:37; 3:18,21
5,0.05272329670930286,9,34,0:15; 1:12; 2:17; 3:34; 4:9,33
6,0.06789628796791958,6,24,0:15; 1:8; 2:22; 3:6; 4:12; 5:24,34
7,0.06800168726684239,3,25,0:7; 1:18; 2:7; 3:15; 4:25; 5:12; 6:3,39
8,0.08000327970477077,4,18,0:12; 1:12; 2:9; 3:8; 4:13; 5:18; 6:4; 7:11,24
