k,average_silhouette,min_cluster_size,max_cluster_size,cluster_sizes,negative_silhouette_count
2,0.03600555485259394,35,52,0:35; 1:52,14
3,0.040159998680515854,20,36,0:36; 1:31; 2:20,11
4,0.05022520036766461,10,31,0:10; 1:24; 2:31; 3:22,23
5,0.04725543141137436,9,25,0:23; 1:17; 2:9; 3:13; 4:25,30
6,0.06913286409965742,7,33,0:11; 1:13; 2:7; 3:13; 4:10; 5:33,35
