k,average_silhouette,min_cluster_size,max_cluster_size,cluster_sizes,negative_silhouette_count
2,0.027360002685570848,34,41,0:41; 1:34,16
3,0.01969459704326334,19,35,0:35; 1:21; 2:19,29
4,0.02758626817268487,10,27,0:10; 1:27; 2:19; 3:19,24
5,0.029253904480109033,6,23,0:13; 1:23; 2:11; 3:22; 4:6,33
6,0.030279547368351305,4,21,0:13; 1:21; 2:11; 3:20; 4:6; 5:4,41
7,0.04267317407434715,3,15,0:15; 1:9; 2:3; 3:14; 4:11; 5:9; 6:14,30
8,0.04849145193820435,7,18,0:7; 1:18; 2:7; 3:8; 4:7; 5:14; 6:7; 7:7,34
