k,average_silhouette,min_cluster_size,max_cluster_size,cluster_sizes,negative_silhouette_count
2,0.02857752617924072,36,39,0:36; 1:39,12
3,0.028199452554429058,19,32,0:19; 1:24; 2:32,19
4,0.02227564680988835,8,31,0:25; 1:8; 2:11; 3:31,30
5,0.02650019782811088,8,20,0:16; 1:20; 2:14; 3:8; 4:17,25
6,0.032063756958975495,3,22,0:16; 1:22; 2:15; 3:13; 4:3; 5:6,28
7,0.054884614062432606,2,23,0:23; 1:9; 2:14; 3:7; 4:8; 5:2; 6:12,25
8,0.04548938589513608,7,18,0:7; 1:18; 2:10; 3:7; 4:9; 5:9; 6:7; 7:8,31
