k,average_silhouette,min_cluster_size,max_cluster_size,cluster_sizes,negative_silhouette_count
2,0.04046516399322896,14,53,0:53; 1:14,4
3,0.032547465265044595,6,31,0:6; 1:30; 2:31,20
4,0.06831726869433136,3,36,0:36; 1:25; 2:3; 3:3,23
5,0.08101137317087763,2,28,0:2; 1:13; 2:21; 3:28; 4:3,30
6,0.07911933005282884,2,24,0:23; 1:6; 2:9; 3:24; 4:3; 5:2,30
7,0.09266395569150661,2,20,0:18; 1:2; 2:12; 3:3; 4:4; 5:20; 6:8,28
8,0.09635638272471797,2,18,0:5; 1:3; 2:7; 3:10; 4:18; 5:15; 6:7; 7:2,24
