k,average_silhouette,min_cluster_size,max_cluster_size,cluster_sizes,negative_silhouette_count
2,0.03618523298148537,17,50,0:50; 1:17,2
3,0.04026832726870849,10,44,0:13; 1:44; 2:10,12
4,0.0608054848045217,3,29,0:27; 1:29; 2:3; 3:8,24
5,0.08176565360272438,2,29,0:2; 1:12; 2:21; 3:29; 4:3,24
6,0.06852403958423595,3,20,0:20; 1:3; 2:7; 3:16; 4:10; 5:11,27
