k,average_silhouette,min_cluster_size,max_cluster_size,cluster_sizes,negative_silhouette_count
2,0.11372477465632358,2,18,0:18; 1:2,3
3,0.15548593492384666,2,15,0:15; 1:2; 2:3,5
4,0.20210653374306825,2,13,0:3; 1:13; 2:2; 3:2,4
