k,average_silhouette,min_cluster_size,max_cluster_size,cluster_sizes,negative_silhouette_count
2,0.11372477465632358,2,18,0:18; 1:2,3
3,0.15548593492384666,2,15,0:15; 1:2; 2:3,5
4,0.20210653374306825,2,13,0:3; 1:13; 2:2; 3:2,4
5,0.2449107580872217,2,10,0:4; 1:2; 2:10; 3:2; 4:2,5
6,0.2530463277056939,2,6,0:6; 1:2; 2:2; 3:2; 4:2; 5:6,9
7,0.2569420831859909,2,5,0:2; 1:3; 2:5; 3:2; 4:2; 5:4; 6:2,6
8,0.2645834182636173,1,5,0:1; 1:5; 2:2; 3:2; 4:2; 5:4; 6:2; 7:2,4
