k,average_silhouette,min_cluster_size,max_cluster_size,cluster_sizes,negative_silhouette_count
2,0.11485205121916361,2,18,0:18; 1:2,4
3,0.1639402463804416,2,16,0:2; 1:16; 2:2,3
4,0.2461535692202052,2,14,0:14; 1:2; 2:2; 3:2,5
5,0.24760684849904577,2,10,0:2; 1:2; 2:10; 3:2; 4:4,9
6,0.26727463276274077,2,8,0:8; 1:2; 2:2; 3:2; 4:4; 5:2,4
7,0.27001643529024805,2,5,0:2; 1:4; 2:2; 3:2; 4:2; 5:3; 6:5,6
8,0.2783649371266418,1,4,0:3; 1:4; 2:2; 3:2; 4:2; 5:4; 6:1; 7:2,3
