k,average_silhouette,min_cluster_size,max_cluster_size,cluster_sizes,negative_silhouette_count
2,0.04205222173364853,23,64,0:23; 1:64,16
3,0.05017736110589276,15,45,0:27; 1:45; 2:15,18
4,0.06785405837833111,7,45,0:7; 1:19; 2:45; 3:16,28
5,0.06134107553934057,11,30,0:12; 1:11; 2:21; 3:30; 4:13,28
6,0.07075356537831594,11,19,0:11; 1:14; 2:14; 3:11; 4:19; 5:18,26
