k,average_silhouette,min_cluster_size,max_cluster_size,cluster_sizes,negative_silhouette_count
2,0.044757179896707466,34,53,0:34; 1:53,6
3,0.04580150053043889,14,49,0:24; 1:49; 2:14,30
4,0.05048513464855951,13,38,0:20; 1:13; 2:38; 3:16,15
5,0.05889945810383952,12,25,0:12; 1:14; 2:22; 3:25; 4:14,30
6,0.06600128765168595,8,21,0:12; 1:12; 2:21; 3:15; 4:19; 5:8,28
7,0.07768382234687206,5,18,0:18; 1:10; 2:5; 3:14; 4:17; 5:15; 6:8,26
8,0.07671824899226858,5,17,0:17; 1:11; 2:11; 3:9; 4:10; 5:10; 6:14; 7:5,28
