keyword,title,abstract,budget,selected_count,passage_ids,subdocument,canonical_text_path,paper_id,authors,year,venue,doi,url,cluster_id,cluster,cluster_theme_terms,cluster_label_candidate,distinguishing_evidence_terms,design_knowledge_form,contribution_type,contribution_type_support,contribution_type_definition,primary_application_domain,application_domain_support,application_domain_definitions,theory_move_key,theory_move,theory_move_support,theory_move_patterns,lda_topic,lda_topic_probability,lda_topic_words,hdbscan_peripheral,discussion_found,discussion_paragraph_count,discussion_summary,discussion_excerpt,keyword_conditioned_context,umap_x,umap_y,distance_to_centroid,representative_rank,medoid_rank,is_representative_top3,nearest_papers,cluster_summary_candidate
Design methods,Surveying a Landscape of Ethics-Focused Design Methods,"Over the past decade, HCI researchers and practitioners have increasingly addressed ethics-focused issues through a range of theoretical, methodological, and pragmatic contributions to the field. While many forms of design knowledge have been proposed and described, we focus explicitly on knowledge that has been codified as “methods,” which we define as structured supports for everyday work practices of designers. In this article, we identify, analyze, and map a collection of 63 existing methods intentionally designed for ethical impact. Building on results of a content analysis of these methods, we contribute a descriptive record of how these methods operationalize ethics, their intended audience or context of use, their “core” or “script,” and the means by which these methods are formulated and codified. Building on these results, we provide an initial definition of ethics-focused methods, identifying potential opportunities for the development of future methods to support ethical design practice.",12,12,0a373ca87142_p0007;0a373ca87142_p0010;0a373ca87142_p0011;0a373ca87142_p0012;0a373ca87142_p0013;0a373ca87142_p0014;0a373ca87142_p0019;0a373ca87142_p0040;0a373ca87142_p0069;0a373ca87142_p0091;0a373ca87142_p0092;0a373ca87142_p0095,"We do not seek to answer these questions in full, yet position our landscape of ethics-focused methods as a starting point toward addressing these issues. In this article, we identify, analyze, and describe a set of existing design methods designed to support ethical engagement for a range of audiences, including technology and design researchers, practitioners, and educators). Building on a content analysis of 63 collected methods, we describe how these methods operationalize ethics, are framed for particular audience(s), and are built to convey specific types of knowledge and sensitizing concepts. Across this collection of methods, we have constructed a set of characteristics based on the method sources to identify the intended audience(s), format of guidance, interaction qualities, utilization of existing knowledge or concepts, implementation opportunities within design processes, and the “core” or “script” of the method.

Surveying a Landscape of Ethics-Focused Design Methods 22:5 ontologies [ 165 ]), levels of instigation of design knowledge in design activity [ 83 , 109 ], and different types of design knowledge [ 114 , 115 ]. For the purpose of this article, we explore “methods” as a particular form of design knowledge that enables “the creation of design states” [ 109 ] that support and advance a designer’s capability [ 115 ], building upon decades of interest in identifying key aspects of design cognition and the support of design work through methods (e.g., References [ 21 , 104 , 134 ]).

We draw on the definition given by Stolterman and colleagues [ 152 ] of design methods as “tools, techniques, and approaches that support design activity in [a] way that is appreciated by practicing interaction designers,” and Gray’s [ 88 ] definition that describes design methods as “tool[s] that allow designers to support thinking, reflecting and acting upon design activities.” Both definitions are consistent with historical framings of methods in the design studies literature, such as Cross’ [ 49 ] description of methods as “step-by-step, teach-able, learnable, repeatable, and communicable procedures to aid the designer in the course of designing.” We view methods as a form of design knowledge that does not function alone, but is rather activated through the designer’s activity and judgment, reflecting on the design knowledge contained within the methods [ 53 , 83 , 88 , 89 , 153 ].

This knowledge can be abstracted further to describe the repertoire of an individual designer, which includes both stores of existing design precedent [ 140 ] and larger assemblages of tool knowledge that Gray et al. [ 87 ] have previously referred to as a designer’s conceptual repertoire . Thus, in building and elaborating the inherent structures of existing design methods, we are able to point towards a conceptual repertoire that is implicit in both design knowledge and use. This notion of a conceptual repertoire also builds on previous work in the HCI and design communities that has interrogated both prescribed and performative accounts of design practices, including both the exploration and performance of methods by practitioners from Goodman and colleagues [ 82 , 83 ] and Reeves [ 135 ], and the differentiation between codification and performance proposed by Gray [ 88 ].

In this article, we specifically leverage the definitional work by Gray [ 88 , 89 ] in characterizing the knowledge contained within design methods, with our analytic focus for this study drawing only on their articulation of prescriptive and presentation-oriented stances toward methods. A prescriptive or codification-oriented stance “reveals the extent to which procedural and descriptive knowledge is bound up in the method itself,”while a presentation-oriented stance “describes how the method is communicated, packaged, and disseminated, focusing on the ways in which methods are articulated to their anticipated audiences”[ 89 ]. We do not seek to characterize these methods in relation to their performance, defined as “aspects of a method that are revealed only as the method is used in a particular context by a designer, often with implicit connections to the codified form of the method” [ 89 ], since this is a space already investigated by numerous HCI and STS scholars (e.g., References [ 83 , 135 , 144 , 150 ]).

We also build upon prior work that has defined and curated a range of methods to support design activity, with such work having a stated goal of describing methods in ways that are simple enough for designers to adapt, apply and combine different methods in various ways [ 51 ]. Löwgren and Stolterman [ 115 ] have built upon this notion of method reuse, stating that methods should be accessible, flexible, and adaptable for designers to apply either independently or alongside the designer’s current “toolbox” in different contexts. Further, Stolterman [ 151 ] has claimed that any knowledge introduced into design practice should bear a “rationality resonance,”whereby the content of methods should resonate with the complexity of practice. Building upon this framing of building resonance into design methods, multiple scholars have sought to create and curate design method collections, including: methods for creativity and innovation to improve the range of design production [ 30 , 126 ]; a collection of UX evaluation methods [ 162 ]; a classification of methods, including traditional, adapted, innovative methods, and methods for interpretation and analysis [ 97 ]; a popular collection of UX research and design methods for design students and practitioners titled Universal Methods of Design [ 98 ]; a design kit for Human-Centered Design practice by

In this section, we link and synthesize the previous two sections describing research on design methods and ethical practice, respectively, to support our survey of “ethics-focused methods.” We define an ethics-focused method as a design method that directly contains or references one or more sensitizing concepts or theoretical commitments that relate to values and/or ethics and, in doing so, inscribes or operationalizes ethical concerns into the codified method. The resulting collection of ethics-focused methods we survey and characterize in this article are differentiated from conventional design methods, conceptual frames, or theoretical commitments based on the explicit inclusion of ethical or value-related commitments that cannot be easily separated from the core procedural knowledge embedded in the method.

Outcome Expected Expectations from the user(s) and the ways in which the output might be manipulated by the user(s). Existing Method(s) used Established design methods/ methodologies that are referenced or used as part of using or building the method. Design Process Steps Design phase in which the method is prescribed to be used or can be used. Axial codes include: a priori phases from Universal Methods of Design [ 98 ]. Type of Guidance Ontological description and knowledge proposed as a part of the method’s description. Axial codes include: steps, guidelines, framework, lens/ perspective, reflective questions, examples, heuristics, and case study. Primary Medium Tangible form in which the method has to be used or structured. Axial codes include: worksheet, template, cards, document/ guidebook, physical manipulatives, videos, idea/ practice, and game .

Examples include: Ethics Canvas (another ethics focused method [ 136 ], which was used to inspire and build Data Ethics Canvas [ 3 ]); Design Heuristics (a card deck [ 5 ] which was used in the cognitive walkthrough approach in the Idea Generation through Empathy method [ 96 ]); Ethical Disclaimer (another method which was used as an input in Ethical Contract [ 75 ]); Linkography (used as a baseline framework [ 81 ] in Ethicography [ 44 ]); and a combination of Value Scenarios [ 130 ], Envisioning Cards [ 67 ], and Value Sketch [ 166 ] (used to build and follow steps in the Value Sensitive Action-Reflection Model [ 174 ]). These methods require user(s)’ existing knowledge to complete the method, including the functioning of other related method(s). Design Process Implementation. We coded each method’s suggested use or implementation across existing notions of design process stages (Table 3 ).

Surveying a Landscape of Ethics-Focused Design Methods 22:23 misunderstood or impossible without specialized ethics training. Method structures may also require designers to already have the vocabulary and capacity to express attitudes towards social responsibility and have the capability to take responsibility for positive social impact. If practitioners do not have these forms of applied ethical knowledge, their ability to perform elements of methods with these assumptions embedded in them would be compromised. — A method may require knowledge of another theory or method in order to understand its value and potential performance, which could limit the number of practitioners that could derive benefit. Depending on practitioners’ knowledge of relevant concepts embedded in a method, they may be unable to engage the method in its full complexity or perhaps may find no value at all. — A method might be ambiguous in ethical framing when viewed on its own (e.g., the use of card sorting, scenarios, or mockups) but take on an ethical character due to the overall methodological framing being used by a design team.

Thus, a performance of method might rely on other types of framing knowledge or sensitizing concepts in order to make method use coherent and relating to ethical concerns. — The knowledge embedded in methods may be presented using types of guidance that are intended to encourage certain patterns of performance, while lacking guidance on how the method should be applied in relation to existing business forces or other forms of complexity beyond the designer themself. The degree to which the method itself is flexible, or anticipates elements of organizational or ecological complexity, may impact whether and how the method can be performed. While we cannot resolve this issue of performance in relation to the methods we analyzed in this article, we propose that future researchers and method designers could address the role of methods as an emergent “new rationality” that could promote ethical practices, while also guarding against method descriptions and codification that lack resonance with the ethical design complexity present in everyday work practices.

22:24 S. S. Chivukula et al. as Participatory Design, VSD, or Values at Play. While there may not be an exact mapping of vocabulary across these domains and the ethics-focused method collection we have built, there are numerous opportunities to identify and re-frame resources from these other traditions of criticallyinformed design that might have relevance as part of a methodology-agnostic collection. Second, this work provides a new language to describe knowledge contained within methods, building on the work of Gray [ 89 ], Daalhuizen [ 53 ], and others. This vocabulary has uptakes not only for building and extending a collection of ethics-focused methods, but also in providing more analytic precision in describing how methods intersect with practice in a performative stance. While this vocabulary is still in its early stages, building precision will allow for knowledge building to occur across different disciplinary spaces where ethical issues and supports are currently being discussed.",outputs/batch1/canonical_text_284/0a373ca87142.txt,0a373ca87142,"Chivukula, Shruthi Sai and Gray, Colin and Li, Ziqing and Pivonka, Anne C. and Chen, Jingning",2024,ACM J. Responsib. Comput.,10.1145/3678988,https://doi.org/10.1145/3678988,DM-C01,0,design | methods | method | design methods | knowledge | value | research | gamification | visualization | use | process | commissioning | systemic | business models | business,Design methods — Design process and Design research,"Design process, Design research",Design methods — Design process and Design research,Provisional interpretation,Assignment frozen; interpretation requires confirmation by at least two reviewers,Contrastive phrase label with source-grounded extractive summary.,Not assigned by Path 1,Not evaluated in this statistical interpretation,Not applicable,not_applicable,,,,-1,0.0,design | methods | method | design methods | knowledge | value | research | gamification | visualization | use | process | commissioning | systemic | business models | business,False,False,0,,,"Over the past decade, HCI researchers and practitioners have increasingly addressed ethics-focused issues through a range of theoretical, methodological, and pragmatic contributions to the field. While many forms of design knowledge have been proposed and described, we focus explicitly on knowledge that has been codified as “methods,” which we define as structured supports for everyday work practices of designers. In this article, we identify, analyze, and map a collection of 63 existing methods intentionally designed for ethical impact. Building on results of a content analysis of these methods, we contribute a descriptive record of how these methods operationalize ethics, their intended audience or context of use, their “core” or “script,” and the means by which these methods are formulated and codified. Building on these results, we provide an initial definition of ethics-focused methods, identifying potential opportunities for the development of future methods to support ethical design practice.",-8.27035,17.494146,0.07913792133331299,6,6,False,"[{'paper_id': 'd330bde18c87', 'title': 'Languaging design methods', 'cluster': 0, 'distance': 0.10061013698577881}, {'paper_id': '60c69d24c5a3', 'title': 'Evaluating the efficacy and effectiveness of design methods: A systematic review and assessment framework', 'cluster': 0, 'distance': 0.1262836456298828}, {'paper_id': '40a2d86cd488', 'title': 'Elements of a design method - a basis for describing and evaluating design methods', 'cluster': 0, 'distance': 0.12772506475448608}, {'paper_id': '5389fb1cc38b', 'title': 'Elements of a design method – a basis for describing and evaluating design methods', 'cluster': 0, 'distance': 0.1279866099357605}, {'paper_id': 'f16832406221', 'title': 'A Framework for Systemic Design', 'cluster': 0, 'distance': 0.15091770887374878}]","First, we propose a ‘chain of evidence’, from motivation to claims, operationalising this in a systematic assessment framework. [E1] In this conceptual paper, we argue that there is a need for 'method corroboration'-the deliberate and reflected use and possible validation of a design method. [E3]"
Design methods,Cross-disciplinary system value overview towards value-oriented design,"Systems design methods should aim for systems creating value. The decision-making processes in system engineering struggle to optimize this objective; however, even though the traditional concept of system value as a purely economic metric is recognized as deficient, a well-defined and standard conceptualization of comprehensive system value is still lacking. This study set out to facilitate different stakeholders, involved in developing systems, with a broad perspective on value. We define the system value as the system's holistic impact, encompassing the multi-domain effects on processes, environments, and stakeholders. This inclusive view, to be used by practitioners designing systems and policies, is expected to update existing practices and enhance resulting systems. This paper renders an extensive review of value references in multiple domains, both in system engineering and external, non-engineering, disciplines, and sets the foundation for a revised framing of value in systems engineering. To enable future applications for systems optimization, system value is thoroughly characterized, including its dependency on internal and external factors. This research lays the groundwork for problem formulation of a system value measure, its application in system engineering methods, and further analysis of the subject, both for engineered and non-technical systems.",12,12,1416cd2b88de_p0006;1416cd2b88de_p0007;1416cd2b88de_p0015;1416cd2b88de_p0018;1416cd2b88de_p0023;1416cd2b88de_p0025;1416cd2b88de_p0027;1416cd2b88de_p0028;1416cd2b88de_p0029;1416cd2b88de_p0071;1416cd2b88de_p0076;1416cd2b88de_p0083,"Publications related to system value are organized mostly around value-driven design (Brown et al. 2009; Collopy 2009; Bertoni et al. 2018) and value-based requirements engineering, the latter originating mainly in software systems design (Hujainah et al. 2018). While these methods typically strive to optimize economic value, a recognition of a need for a more inclusive perception starts to permeate the SE community. It is observed that the evaluated sys - tems encompass dimensions outside the technical horizon and the set of stakeholders is wider than was acknowledged in standard SE methods (Bertoni et al. 2019). The original formulation of the value-driven design (VDD) approach does not directly cover the assessment of the qualitative part of value and is strongly oriented towards mathematical optimization, rather than focusing on enhancing engineers’ awareness of the multidimensional aspects of value, facilitating decision-making (Bertoni 2013).

In recent years, the VDD reference to value has evolved to include qualitative intangible factors (Bertoni et al. 2018) along with a more inclusive set of stakeholders (Bertoni et al. 2019). The World Economic Forum (2020) states that the system value, driving the decisions on solutions for economic growth acceleration and clean energy transition, can no longer be the levelized cost of energy (LCOE), and a more holistic view, evaluating economic, environmental, social, and technical perspectives, should be applied. The Design Council ( 2020) establishes that the value of design cannot solely be captured by quantitative methods; however, an appropriate framework for holistic assessment of design value is still to be specified. NASA, while defining the system value as the worth of the system to a stakeholder, considering system capabilities and the system’s lifecycle costs, claims that 'the best method of forming system value models is still an open research question' (Watson et al.

1 3 traditional SE is a requirements-centric process aiming to maximize the fulfillment of the system's requirements (Ring 1998). Whereas highly desirable, it is not enough for optimal system design and might result in a considerable loss of value (Hazelrigg 1998). Several modern SE methods aspire to utilize value to guide through the complex decisions and processes of SE. Some of these methods try to concretize the 'value' measure for a specific system, while others merely cite the ambiguous term, leaving the interpretation to the subjective reader and the expectantly competent implementer. Most of these methods refer to the economic perspective, neglecting additional, utterly influential, factors. The following paragraphs concisely describe these methods. The value engineering (VE) approach has evolved due to the lessons learned during World War II.

2009; Malak et al. 2009; Abbas and Cadenbach 2018) suggest quantifying the value measure and turning it into a one-dimensional utility function, once again mainly representing monetary value. However, as multiple aspects of the system's lifecycle are difficult to convert to monetary terms, the value concept in VDD-related methods has evolved in recent years, providing expanded and case-specific value definitions. The EVOKE method (Bertoni et al. 2018) expands the performance and monetary perspectives of the design option selection process by stating the value creation strategy and setting the value drivers, including the ilities and intangible factors, before mapping them into engineering characteristics. To include sustainability implications in early design space exploration, VDD principles are combined with sustainable product development (SPD) (Bertoni et al.

The nature of PSS, enforcing long and tightly coupled relationships with the customer, requires an extended and evolving per - ception of system value (McAloone 2011). In recent years several design methods have emerged proposing an inclusive value proposition of PSS. For example, the engineer - ing value assessment (EVA) (Rondini et al. 2020) assesses PSS B2B (business to business) scenario concepts in early design phases. This method details diverse generic value drivers while considering both providers and customers. Another example is the business, environmental, and social screening tool (BESST) (Sarancic et al. 2022), adopting a provider's point of view to support decision-making in PSS design while considering sustainable value potential over the complete PSS lifecycle. The value proposition of PSS should address multiple stakeholders involved in different lifecycle phases; however, many methods include only a partial group (Fernandes et al.

Alternatively, in a method assuming that adaptability for future requirements increases the overall product value (Engel et al. 2017), an architecture adaptability value (AAV) metric is defined, expressing the difference between the benefits of the architecture options and the costs of the interfaces supporting them. Research (Reich 1995 ) proposing evaluation of the knowledge embedded in an intelligent system concludes that the value measures are context- and system-dependent, and the construction of the value measure, resulting in understanding the system, has equal importance to the actual measurement of the value. Modern SE methods' focus includes ilities properties, such as quality, flexibility, reliability, and safety, which are not the primary functionality and performance of a system, but concern extended system impacts and stakeholders (De Weck et al.

2020). Efforts to build a taxonomy of value from an engineering viewpoint, enabling decision-makers to consider the immediate and long-term contributions to value, concluded, once again, in a purely economic view, including only knowledge as partial intellectual capital (Nishimura and Fukuda 2019). The value-sensitive design (VSD) approach (Friedman et al. 2009) aims to design technology accounting for human values, such as privacy, freedom from bias, universal usability, etc. This approach refers to 'value' as the aspects important to people in their lives, focusing on ethics and morality. VSD application includes conceptual mapping of the stakeholders and the implicated values affected by the design, empirical research validating these values with the actual stakeholders, and adaptation of the deployed technology to support the involved human values.

A parallel segment, residing in the requirements engineering discipline, refers to values as personal attitudes or long-term beliefs, which may influence stakeholder functional and non-functional requirements, proposing a method to examine these socio-political issues during the requirements analysis (Thew and Sutcliffe 2018). The IEEE organization has addressed ethical values concerns during system design at the IEEE-7000 standard (IEEE 2021). The standard establishes the processes enabling ethical values consideration during concept exploration and system design. Several papers performed extensive literature reviews attempting to map design methods utilizing the value measure.

1 3 A literature review on value ideas in complex systems product development revealed that although frequently mentioning value, product development and SE literature consider value from discrete perspectives and lack a coherent theoretical foundation (Siyam et al. 2015). A more recent review of engineering design methods (Bertoni and Bertoni 2019), explicitly referring to value as a measure employed for assessing design concepts, concluded that the existing value models are poorly defined, while the cost-effectiveness of highly specific monetary objective functions in the early stages of system design is doubtful. Another study, mapping value interpretations in product development literature (Reber et al. 2021), established that the value term is ubiquitously defined as 'an outcome in return for an input (e.g., cost)'. methods surveyed in this section.

The initial position depends on personal beliefs, experiences, expectations, and affinity to the issue at hand. These fluctuate between people, time, and situations, also causing biased evaluation of value. The following conclusion can be drawn from this paragraph: the value evaluation process should be profoundly designed, including evaluators selection, framing outline, and expectations matching. (5) Qualitative and quantitative The diverse aspects of system value cannot be captured by exclusively quantitative methods. Qualitatively analyzed values, such as vision alignment or knowledge development, should be recognized along with the more standard quantitative aspects, such as financial profit. Hence, a holistic assessment of value should comprise a combination of qualitative and quantitative techniques (Design Council 2020). Furthermore, as it could be difficult, up to impossible, to measure the value of a system directly, it is rather a relational property (den Ouden 2012).

The chord diagram presented in Fig. 3 summarizes the system value characteristics detailed in this section and their inter-relations. It is demonstrated that system characteris - tics are interdependent. The relations’ mapping donates to the comprehension of system value and assists in apply - ing value-oriented SE methods. For example, the relation between biased, expected/experienced, context dependent, and intrinsic/extrinsic characterizations of value implies that to minimize the gap between the expected and experienced system value, the requirements elicitation should be per - formed in controlled environment, including a diverse group of stakeholders, composed of agents representing intrinsic and extrinsic value enablers, presented with achievable performance of the system and the required sacrifices. Another example is the inter-dependency between multidimensional, tangible/intangible, and qualitative/quantitative characteristics, indicating that to compare design alternatives employ - ing system value measure, a method either enabling quan - tification of an integrated measure of value or ranking each dimension separately should be proposed.

Inspired by the CMMI maturity models (ISACA 2021), we suggest creating a framework guiding system value definition. This framework could be used for processes and best practices development, enabling the definition of the system value model aligned with stakeholders' desires, capabilities, and the relevant context. This process-level framework is expected to improve both organizational capabilities and the resulting system value. (3) SE methods utilizing system value: the main aim of system value is optimizing SE processes leading to high-value systems. A natural progression of cur - rent research is a retrospective analysis of existing SE methods and a proposal of revised, system value considering, procedures. One of the examples is a value-oriented requirements analysis method assorting requirements according to their impact on the holistic system value, as jointly defined by the stakeholders.",outputs/batch1/canonical_text_284/1416cd2b88de.txt,1416cd2b88de,Emilia Lavi; Y. Reich,2023,Research in Engineering Design,,https://www.semanticscholar.org/paper/e973cd46b42f3c987ddf80186b3d6c1ba79263b4,DM-C01,0,design | methods | method | design methods | knowledge | value | research | gamification | visualization | use | process | commissioning | systemic | business models | business,Design methods — Design process and Design research,"Design process, Design research",Design methods — Design process and Design research,Provisional interpretation,Assignment frozen; interpretation requires confirmation by at least two reviewers,Contrastive phrase label with source-grounded extractive summary.,Not assigned by Path 1,Not evaluated in this statistical interpretation,Not applicable,not_applicable,,,,-1,0.0,design | methods | method | design methods | knowledge | value | research | gamification | visualization | use | process | commissioning | systemic | business models | business,False,False,0,,,"Systems design methods should aim for systems creating value. The decision-making processes in system engineering struggle to optimize this objective; however, even though the traditional concept of system value as a purely economic metric is recognized as deficient, a well-defined and standard conceptualization of comprehensive system value is still lacking. This study set out to facilitate different stakeholders, involved in developing systems, with a broad perspective on value. We define the system value as the system's holistic impact, encompassing the multi-domain effects on processes, environments, and stakeholders. This inclusive view, to be used by practitioners designing systems and policies, is expected to update existing practices and enhance resulting systems. This paper renders an extensive review of value references in multiple domains, both in system engineering and external, non-engineering, disciplines, and sets the foundation for a revised framing of value in systems engineering. To enable future applications for systems optimization, system value is thoroughly characterized, including its dependency on internal and external factors. This research lays the groundwork for problem formulation of a system value measure, its application in system engineering methods, and further analysis of the subject, both for engineered and non-technical systems.",-6.1099415,17.579838,0.1407434344291687,16,16,False,"[{'paper_id': '60c69d24c5a3', 'title': 'Evaluating the efficacy and effectiveness of design methods: A systematic review and assessment framework', 'cluster': 0, 'distance': 0.18752795457839966}, {'paper_id': '40a2d86cd488', 'title': 'Elements of a design method - a basis for describing and evaluating design methods', 'cluster': 0, 'distance': 0.20048683881759644}, {'paper_id': '5389fb1cc38b', 'title': 'Elements of a design method – a basis for describing and evaluating design methods', 'cluster': 0, 'distance': 0.20079445838928223}, {'paper_id': 'f16832406221', 'title': 'A Framework for Systemic Design', 'cluster': 0, 'distance': 0.20222866535186768}, {'paper_id': '885a1eee70e3', 'title': 'The Design of Business Models: What, How and Why', 'cluster': 0, 'distance': 0.22334182262420654}]","First, we propose a ‘chain of evidence’, from motivation to claims, operationalising this in a systematic assessment framework. [E1] In this conceptual paper, we argue that there is a need for 'method corroboration'-the deliberate and reflected use and possible validation of a design method. [E3]"
Design methods,The implications of improvisational acting and role-playing on design methodologies,"For decades designers have used theatre metaphors to describe design methodologies and have used performance techniques to enhance the design process, two of which are improvisational acting and role-playing. Unfortunately, most design literature does not differentiate between these two practices even while using them in combination with various design methods. This paper discusses how improvisation and role-playing have been employed during the design process and why they are distinct from one another. The authors draw upon their current research involving improvisational acting and compare it with other role-playing research which examines role-playing from both a serious and entertainment angle. They conclude through this comparison that both performance techniques have their place in the design process and that more informed definitions of each technique can aid designers in deciding which technique's properties will benefit them the most.",12,12,1c04ffa25528_p0002;1c04ffa25528_p0003;1c04ffa25528_p0006;1c04ffa25528_p0013;1c04ffa25528_p0023;1c04ffa25528_p0047;1c04ffa25528_p0049;1c04ffa25528_p0050;1c04ffa25528_p0052;1c04ffa25528_p0053;1c04ffa25528_p0054;1c04ffa25528_p0055,"Theatre as a metaphor for desc ribing computer use or the design process has been employed for decades. This has included using theatre practices to design computer interfaces [24], build intelligent computer agents [7, 19, 32] and enhance design research methods such as brainstorming [8]. One theatre practice that is applied in each of these examples is improvisational theatre, a modern theatre form that involves unscripted performances. Designers see improvisation as a flexible, unique method that can be used to break themselves out of their normal or common ways of thinking about their product [8, 16, 39]. However, we understand ve ry little about what people do when improvising. What research has been conducted has focused only on understanding group communication and improvisation [36]. Other canonical texts on improvisation, which designers often reference, describe how to teach, rehearse, or ideally perform in an improvisational theatre [22, 38], but they shed little light on what people actually do in terms of group dynamics, cognition, communication, etc. when on stage.

This l ack of an understanding the practice has lead to many de signers blurring the lines between improvisational acting and another theatre practice, role-playing. Unlike improvisational theatre, an enormous amount of research has been conducted on role-playing; everything from using role-play as part of the design process [37] to understanding how game role-players interact in virtual spaces [40]. Role-playing allows individuals to “get into character,” or to become another person. Previous design research literature [5, 6, 8, 11, 16, 20, 31, 37, 39] has shown that role-playing is valued by designers because it allows them to see their products from another person’s perspective (often a potential user of their product). Reviewing this literature has shown that ”role-playing” and “improvisation” are often used inner-changeably, drawing upon the similarities that exist between the two acting methods.

role-playing in respect to th e areas of design research methods (e.g. brainstorming, user testing) and the methods of producing digital artifacts (e.g. product design). This includes combining other research areas which have their own definitions of improvisation (e.g. organization science), and role-playing (e.g. psychology). The goal of this paper is therefore to review these techniques as tools for designers, to understand each technique’s properties and where they should be used to inform HCI design methods and practices.

methodologies. Designers use these performance techniques to achieve the following effects:  Become less self-conscious. [8, 16, 37]  Better group communication. [8, 16, 27, 39]  Create new ideas. [5, 11, 16, 37, 39]  Greater group focus. [8, 11, 16, 37]  Inform of user’s needs. [5, 6, 8, 11, 37, 39] However, these studies had different requirements for how their performance enhanced design methods should be conducted:  With a Leader [16, 39] \ With out a Leader [5, 11].  More constraints [39] \ Less constraints [5, 16].  User training [5, 16] \ No user training [11, 39]. This confusion over which requirements are proper leads us to the following conclusion: While the ideal results for using improvisation and roleplaying are shared among design researchers, the actual methods for achieving those results are scattered. Linking improvisation and role-playing together does not help designers if everyone defines how to use the techniques differently.

While the audience had a favorable experience there were a number of unsatisfactory assessments: the performance was too long, the game rules continually had to be explained to the audience and the performance diverted attention away from the role-players. The negative assessments illustrate why role-playing and improvisation, while similar in some ways, are very different and those differences need to be understood if these two techniques are to be used with design methods. Improvisation and Role-playing distinctions Designers regularly reference improv theatre and roleplaying as sources of inspiration to enhance common design methodologies. What has been presented thus far is how improvisation and role-playing are defined and are used as performance techniques. We now focus on comparing improv acting to role-playing and list five major differences between the two techniques.

Both ways provided insight for the design team but the authors specifically note that starting with high constraints “strongly limit the creativity of the team even when the constraints are later removed” [20]. Having tight constraints keeps design insights practical but innovation may be stifled, which is on par with our distinctions between improv and role-playing. Achieving a balance between novel and practical insights in [20] also brings up another point about using performance techniques with design methods. The actor used in [20] was a trained improvisers which may have attributed to the dislike for heavier constraints scenarios, considering that improv is typically unconstrained. A trained improv actor was used in the scenarios because, as the author’s argue, the design team needed someone who could act in scenarios with varying levels of constraints placed on them and do so in front of a design team.

Whereas in [39], which used users untrained in acting, it was mentioned that stopping a role-playing scenario once started may disrupt the particip ants creativity, and relied on trained facilitators to judge whether to stop a scenario or not. What these disagreements show is that designers do not have to necessarily infuse their design methods with a strict improv or role-playing technique. The properties of each performance technique, as laid out in Figure 1, are the actual additions that designers can combine with existing design methods. Using a trained improv actor may help designers discover novel ideas about their product but allowing designers to stop that actor during testing can help keep created ideas tractable. Leadership The final design implication question asks designers: who has control over a particular design method and can/should power be disseminated amongst other participants?

The previous two sub-sections have already given examples for how a leader may be helpful during the design process. These are leaders who take an active role and coach participants through a design method, whether a user test, focus group, etc. A good le ader can greatly increase how well certain design methods, such as user testing, can help designers evaluate their protot ypes [5, 11, 39] just like a good leader can help keep a role-playing game dramatic and flowing [13, 14]. Improv-based design methods which lack a leader require groups to learn how to disseminate power amongst members [5, 16]. Although, there are ways to provide leadership while still making a group feel they are controlling the situation. “Wizard of Oz” techniques allow designers to have control over user testing while still giving participants the freedom to improvise their actions.

Leaders can also help with the one goal that has not been discussed in regards to using performance while designing, being less self-conscious. Gerber states that by using improv warm-up techniques and having a good leader it can help designers become less self-conscious while in a brainstorming session [16]. Improvisers without a leader instead have to be taught to be less self-conscious and learn to trust their fellow group members. Using leaders can be a quicker way to maintain group focus and help group members become less self-conscious with one another. The down side is that leaders may work against an improv-based design process by: adding constraints, decreasing grou p cohesion and stifling the creation of novel ideas. Howeve r, certain techniques like the Wizard of Oz scenario are able to combine both improvisation and role-playing techniques where a leader can operate outside of the participant’s knowledge.

The goal of this paper is to differentiate improvisational acting and role-playing from each other as performance techniques and how they have been used as part of design methods. Previous design literature has explored combining these performance techniques with other design methods but used the techniques interchangeably without a clear understanding of the properties of each technique [5, 6, 8, 11, 16, 20, 31, 37, 39]. This not only can cause confusion when other designers wish to use the techniques themselves but also disregards each technique’s particular properties which may benefit certain design methods compared to others. Improvisation is shown to be beneficial for the design process because it allows the creation of new ideas, informs designers of user needs and makes designers less selfconscious in a group. In order for improvisation design to work, a design method must have fewer functional or content constraints, operate in real time and a group must work without a leader.

This means that designers will generally have to be trained to function as a cohesive group and work in an un-constrained environment. Role-playing, on the other hand, is better for design methods with more constraints. In a typical design process as a product becomes finalized role-playing can help designers evaluate their prototypes, determine user needs and focus on specific, practical , design areas. Leaders are required to keep a group focused because higher constraints can force group cohesion to suffer. However, having a leader means that designers or users do not have to be trained to participate in a role-playing scenario. With these distinctions, designers can now examine how their current design strategies can use improvisation and role-playing techniques. For instance, improv techniques may be more suitable for brainstorming while role-playing might be useful for conducting user testing.

However, a combination of the two techniques is not out of the question. Improv and role-playing properties can be altered to fit different circumstances, namely the ones discussed earlier (e.g. constraints, leader s, participant’s skill level, etc.). For example, one may vary the level of constraints within a design method. Each technique may be suited for different design methods but can certainly be modified to suit anyone’s design process. Even so, as design research moves forward it is imperative that the distinctions between performance techniques are main tained if only to achieve a certain degree of clarity in how they can be implemented and benefit design methods. Hopefully these clarifications will draw attention to the particular ways theatre techniques, such as improvisation and role-playing, can affect the design process and promote the use of these techniques as design tools in general.",outputs/batch1/canonical_text_284/1c04ffa25528.txt,1c04ffa25528,"Medler, Ben and Magerko, Brian",2010,Proceedings of the SIGCHI Conference on Human Factors in Computing Systems,10.1145/1753326.1753398,https://doi.org/10.1145/1753326.1753398,DM-C02,1,design | methods | human | empathy | ll | children | autobiographical | autobiographical design | users | embodied | user | method | ai | designers | role playing,Design methods — Design process and Design research,"Design process, Design research",Design methods — Design process and Design research,Provisional interpretation,Assignment frozen; interpretation requires confirmation by at least two reviewers,Contrastive phrase label with source-grounded extractive summary.,Not assigned by Path 1,Not evaluated in this statistical interpretation,Not applicable,not_applicable,,,,-1,0.0,design | methods | human | empathy | ll | children | autobiographical | autobiographical design | users | embodied | user | method | ai | designers | role playing,False,False,0,,,"For decades designers have used theatre metaphors to describe design methodologies and have used performance techniques to enhance the design process, two of which are improvisational acting and role-playing. Unfortunately, most design literature does not differentiate between these two practices even while using them in combination with various design methods. This paper discusses how improvisation and role-playing have been employed during the design process and why they are distinct from one another. The authors draw upon their current research involving improvisational acting and compare it with other role-playing research which examines role-playing from both a serious and entertainment angle. They conclude through this comparison that both performance techniques have their place in the design process and that more informed definitions of each technique can aid designers in deciding which technique's properties will benefit them the most.",-7.992275,16.398888,0.13568997383117676,8,8,False,"[{'paper_id': 'b2234ef79a5a', 'title': ""Tracing situated effects of innovative design methods: inexperienced designers' practices"", 'cluster': 1, 'distance': 0.2047419548034668}, {'paper_id': '878cf959ac53', 'title': 'Designerly Research Methods and Researcherly Design Methods', 'cluster': 0, 'distance': 0.2068379521369934}, {'paper_id': 'd330bde18c87', 'title': 'Languaging design methods', 'cluster': 0, 'distance': 0.21957284212112427}, {'paper_id': '234ec11212b7', 'title': 'Under the umbrella: components of empathy in psychology and design', 'cluster': 1, 'distance': 0.2216935157775879}, {'paper_id': '5611cdb5c33a', 'title': 'Generating implications for design through design research', 'cluster': 2, 'distance': 0.22331714630126953}]","Subsequently, we described the extracted key know-how as 'patterns' by using the pattern language framework, and we developed a booklet listing the 30 patterns in an easy-to-reuse manner. [E1] Embodied, co-design and children-specific methods have been gaining traction in Interaction Design for Children, and their potential and benefits are well-established. [E2]"
Design methods,A case study of the extension of floorplan flexibility using sector margins,"ABSTRACT This study aims to propose a design method to promote the flexibility of a floorplan of an apartment building. Areas which permit the change of floorplan are assigned and demarcated in some part of a floorplan to evade the conjunction with physical structures of a building. These assigned areas for change can act as a mediator to extend the range of flexibility of floorplans. The former part of this study speculate the definition of design vocabularies composing the design methods of mass-housing flexibility. The flexibility of an apartment floorplan cannot but be restricted when compared to that of a detached house. Admitting this limitation, we could limit the aim of the flexibility design to accommodate a few design themes which residents would want most among diverse alternatives. The later part of the study examined variations of a Korean apartment plan. With four different design themes, the plan variations were sketched to demonstrate the process of the flexibility design.",12,12,215d4603e3c7_p0006;215d4603e3c7_p0007;215d4603e3c7_p0010;215d4603e3c7_p0012;215d4603e3c7_p0021;215d4603e3c7_p0031;215d4603e3c7_p0032;215d4603e3c7_p0034;215d4603e3c7_p0035;215d4603e3c7_p0036;215d4603e3c7_p0046;215d4603e3c7_p0047,"The definition of Supports N .J. Habraken proposed the concept of ‘Supports’ as a kind of diagram which can be used as baselines in the design process of a mass housing. He regarded that the production of mass housing without any room for residents’ participation is an emergency measure adopted in the first place because of its productivity potential (Habraken 1999, 33). He argued that it is one of natural human right to have a control over one’s own environment, thus, residents of mass housing should have the opportunity to actively participate in its design process. To develop a design method and its process, he distinguished non-bearing infills from bearing structures and endowed controls over them to different relevant subjects. He applied his design method to the existing works to see its possibility to be developed

into a holistic design theory. His method is well-explained in the design studies and projects examples by Habraken (2000) and Bosma et al. (2000). His mass housing design method is composed of void spaces such as zones, margins, and sectors. The dimensions of their forms correspond to each other (see the most prominent factor is a natural lighting condition (Bosma et al. 2000, 224). The zones are drawn in linear strips which parallel each other. The strips follow the perimeter of urban streets. The zone which is naturally sun-lighted is named as α zone or otherwise β zone. On this zoning band, architectural components are arranged to form a configuration of spaces and a structural framework mediated with the pattern of zones. It is a different approach from modern architects in the early 20th century that emphasized the independency of those two components.

He termed the concept of 'configurative design' which acted as a counter-form of human association for each and for all, in Forum (1962) (McCarter 2015, 118). In his works, the wind mill pattern of breathing squares repeatedly makes an interwoven pattern of threshold spaces. The Dutch Structuralists influenced by Saussure and Levi-Strauss considered an architectural design as a process of making relationships between components. Therefore, they developed their design language for open-ended building structures employing repeated building elements, which facilitated multiple use and further transformations of the elements. Habraken(2010) introduced this zoning band into an interior of a household unit. The SAR 65 design method is based on the zoning bands named respectively. Each Greek letter from α to δ indicates the band of different environmental and social characteristics, and margins between the zones accommodate the formal change of space units anchored in the zones.

2016., Geraedts, R. et al. 2014.). The physical components were categorized into multiple levels according to their life-cycle and itemized as indicators to analyse their correlation with the capacity of a building. This approach aimed to quantify the efficiency between the physical form of a building and its long-term cost. Yet, it was not appropriate for housing buildings which were typical in the construction method but varied widely in form. The definition of a Margin When Habraken conceived of the concept of a margin as a design vocabulary, it was a spare area between zones accommodating the changes in the size of space units. It mediated two different zones and had both characters of them (Habraken 2010, 46-48). Because the sun-light zones were linear-shaped and parallel to the perimeter of its urban blocks, the margin between them was also linear and parallel.

Second, the size of functional spaces was defined. Two types of data are shown in Table 1. One is the statistics of room-sizes of Korean apartments since the 1970s, and the other is the drawing dimensions of each functional space equipped with available furniture layouts. The second data was necessary to ensure that the dimensions of the rooms in the statistics were applicable to new design works of planning household units. Each functional space had a range of dimensions from minimum to maximum; the minimum dimensions were mainly chosen from the second data to exclude small sizes which do not accommodate reasonable layouts of furniture. The maximum dimensions were chosen from the first statistical data to include the diversity of plans. Most of the functional spaces had the minimum dimensions in the statistics, because the rooms were actually in use and did not allow the available layouts for their use.

Habraken's open housing theory is meaningful to let residents participate in the design and leave the space of autonomy and transformation. This case study starts from the assumption that the compositional difference of spaces for transformation, margins would cause a difference in the result of plan variations. And the plan variations of a floorplan were expected to accompany 3~4 kinds of lifestyles which are generally demanded in the housing market.

A floorplan for the case study was that of an experimental building for long-life housing by Land & Housing Institute. The building was scheduled to be built in 2019 and a design competition was held in September 2018 for the ideas of unit flexibility. The net area of the unit plan is 59 ㎡ which is smaller than the cases of Dongtan New Town, but the spatial structure of them are similar in the two layers of lighting zones and the four southern bedrooms.

end of this section. The followings deals with the design process of planning the proposed margins. Design Process of a floorplan flexibility The range of floorplan flexibility can be extended if supports can take in several floorplans designed for different themes. This approach is reasonable from a viewpoint that designers of apartment floorplans have to pursuit an optimized solution for variations under the limited range of freedom. The cases in this study show the flexible floorplans of 59 ㎡-Korean apartments. The design process of the flexible floorplan is as follows (see Figure 6)

First, the floorplan variations with the margins for formative changes were drawn. These areas should not be too large to handle the construction cost for remodelling and simultaneously should be extended to encompass the available changes. All of the results of formative changes should meet the needs of individual residents. The aim of the changes should be clear to become a designer’s design themes.

Four design themes of floorplan variations were planned. In every plan, the locations of walls were different, which led to the adjustment of the lines of bearing walls of the previous margins. Based on the modified structural framework, the four floorplans were set again to examine their fitness. After two modifications of floorplan and structural framework, the design of a flexible floorplan was completed. Plans in Figure 7 are the plan variations of a unit of 59 ㎡-apartment with four different design themes. The presumed design themes included a three-bedroom type, home- office type, detachable type, and a courtyard type. The three-bedroom type represented a typical Korean apartment plan. The home-office type plan had a separate entry for an office located at the northern side of a unit with kitchen. A bathroom for the office was placed next to a master bedroom so that the wall of the bathroom could not be enclosed with bearing walls to make it accessible to the office too.

The process of mass housing design involves various stakeholders, and forms of apartment buildings need to be changed according to their lifecycle. However, when it come to new attempts in formative renovations of buildings, it is hard to make consensus among diverse stakeholders with different points of view and interests. To persuade them, designers of mass housing projects usually rely on good precedents rather than creating a whole new plan, which, consequently, results in conservative plans. This dilemma is a key issue in mass housing design. Architectural design is not a process of finding a unique solution but a process of making formative variations in given conditions and constraints. In mass housing, variations constantly occur in a lifecycle of a building due to numerous residents. Therefore, the most important issue of mass housing design is to manage the needs of formative changes suggested by various stakeholders.

The aim of mass housing design should not be finding a single fixed form but finding a way of extending or managing the possibilities of formative variations. Planning sector margins providing floorplan variations can be an excellent compromising solution. Although it is impossible to predict all the possibilities of floorplan variations, drawing sector margins can visually help the process of accommodating the needs of design themes suggested by the residents; in this process, planning sector margins",outputs/batch1/canonical_text_284/215d4603e3c7.txt,215d4603e3c7,Marie Kim; C. Yoon,2020,,,https://www.semanticscholar.org/paper/9fc959bade7102e255548fbbb86b7e325126e9fd,DM-C03,2,design | theory | knowledge | methods | rock | architecture | complexity | engineering | research | systems | rock engineering | design theory | building | interactive | process,Design methods — Design process and Design theory,"Design process, Design theory",Design methods — Design process and Design theory,Provisional interpretation,Assignment frozen; interpretation requires confirmation by at least two reviewers,Contrastive phrase label with source-grounded extractive summary.,Not assigned by Path 1,Not evaluated in this statistical interpretation,Not applicable,not_applicable,,,,-1,0.0,design | theory | knowledge | methods | rock | architecture | complexity | engineering | research | systems | rock engineering | design theory | building | interactive | process,False,False,0,,,"ABSTRACT This study aims to propose a design method to promote the flexibility of a floorplan of an apartment building. Areas which permit the change of floorplan are assigned and demarcated in some part of a floorplan to evade the conjunction with physical structures of a building. These assigned areas for change can act as a mediator to extend the range of flexibility of floorplans. The former part of this study speculate the definition of design vocabularies composing the design methods of mass-housing flexibility. The flexibility of an apartment floorplan cannot but be restricted when compared to that of a detached house. Admitting this limitation, we could limit the aim of the flexibility design to accommodate a few design themes which residents would want most among diverse alternatives. The later part of the study examined variations of a Korean apartment plan. With four different design themes, the plan variations were sketched to demonstrate the process of the flexibility design.",-6.3400335,15.966314,0.17879104614257812,9,9,False,"[{'paper_id': 'f16832406221', 'title': 'A Framework for Systemic Design', 'cluster': 0, 'distance': 0.2538711428642273}, {'paper_id': '38b608e72e2d', 'title': 'A BOUNDARY OBJECT FOR MAPPING, COMPARING, AND INTEGRATING PRODUCT DESIGN METHODS', 'cluster': 0, 'distance': 0.2580227255821228}, {'paper_id': '43b79273fd70', 'title': 'The Landscape of Envisioning and Speculative Design Methods for Sustainable Mobility Futures', 'cluster': 0, 'distance': 0.2681572437286377}, {'paper_id': 'ac2f5510db32', 'title': 'Beyond geometric complexity: a critical review of complexity theory and how it relates to architecture engineering and construction', 'cluster': 2, 'distance': 0.2747243046760559}, {'paper_id': '5661de15ea0f', 'title': 'A Typology of Design Ideas', 'cluster': 0, 'distance': 0.28029292821884155}]","Our findings identify a broader range than previously described, additional sources and heuristics supporting their development as well some important evaluation criteria. [E1] This paper presents a survey on complexity theory inclusive of work from the disciplines which range from cybernetics to systems and information theory. [E3]"
Design methods,Under the umbrella: components of empathy in psychology and design,"Empathy is argued to be a key factor for a successful design discussion. However, such causality cannot be empirically proven based on how empathy is currently defined in design community. Empathy is used as an umbrella construct, broad and encompassing of diverse phenomena, making it difficult to quantify. We suggest improving such a situation by introducing a definition of empathy based on psychology literature, which provides structure and guidance for studying the role of empathy in design. We first break empathy to components. Then, we review empathy as used in design. Finally, we synthetize the reviewed material. From this synthesis, we conclude that empathy in design shares several key components of empathy in psychology; particularly with state influences, top-down control process and emotional stimuli. These are present in design methods although they have not been studied using such terms. Incorporating psychological components of empathy into design can help conceptualising empathy from a different angle, thus opening interesting new avenues for future research. We hope that our treatment provides present and future designers with some useful guidance.",12,12,234ec11212b7_p0009;234ec11212b7_p0042;234ec11212b7_p0043;234ec11212b7_p0044;234ec11212b7_p0046;234ec11212b7_p0066;234ec11212b7_p0069;234ec11212b7_p0073;234ec11212b7_p0076;234ec11212b7_p0078;234ec11212b7_p0079;234ec11212b7_p0080,"First, empathy is assumed to impact design outcomes and ultimately improve business success. However, no clear evidence of empathy being an a priori condition for successful design outcomes has been provided. This limitation in establishing causality has been found in other areas of design and attributed to low methodological and theoretical rigour (Ball & Christensen 2019; Dinar et al. 2015). Qualitative methods have been and will be important in characterising the complex nature of design (Cash 2018). However, we believe that empathy research in design can benefit from complementing them with a quantitative approach, ‘suited to robust hypothesis testing and the study of larger samples’(Hay et al. 2020, p. 2). Specifically, a quantitative approach allows predicting, controlling and explaining, needed to test the causality of empathy in successful design. Moreover, 2/29

4.1.1. Practical techniques for empathising A first implication has been methodological advances. Multiple methods to foster empathy between designers and end-us ers have been introduced, opening many research paths. These differ on the level of bodily involvement of the designer with the method. Wearable simulations su ch as goggles, restrictive body-suits and other equipment limit body movements of the wearer to evoke the experience of completing some physical tasks under restricted conditions, thus inspiring designers to ‘engage more closely with user experiences ’(Kullman 2016,p .8 3 ) . The Empathic Experience Design is a method where wearable simulations are central. It is a concept generation tool based on engaging designers in empathic experiences, which simulate disabilities or situational disabilities (Johnson et al. 2014; Raviselvam, Hölttä-Otto & Wood 2016).

Creating experience simulators such as Smeenk, Sturm & Eggen ’s( 2017) dementia simulator as part of their Empathic Handover method (Smeenk et al. 2017, 2019b) focus on facilitating the transfer of user insights empathically to design team members who were not in contact with users. Role-playing is ofte n used to visualise a product from the user’s point of view (Medler & Magerko 2010). Spatial augmented reality in a special education school gym was implemented as a way of understanding abilities, problems, insights and strengths of students with ASD, with the goal of providing practical tools for teachi ng and engaging ways for students to learn (Takahashi et al. 2018). More passive methods include Personas or ‘abstractions of groups of real consumers who share common characteristics and needs ’(Miaskiewicz & Kozar 2011, p. 418). These Personas are usually communicated as a narrative to make it sound more as a real human, and to convey vividly the needs of the person in context (Miaskiewicz & Kozar 2011).

Storytelling is a ‘mental story construction ’ (Madsen & Nielsen 2010, p. 59) used to interpret and communicate user data (Kankainen et al. 2012). Given that narratives are a method to communicate user knowledge in design, investigating ‘the extent to which people become emotionally involved, immersed, or carried away imaginatively in a story’(Oatley 2016, p. 621) could benefit design research. Empathy map is a visual tool containing four quadrants (say, do, think, and feel) utilised to summarise and synthesise key need-finding insights from users (Both & Baggereor n.d.; Chang-Arana et al. 2020). All of these methods aim at understanding users’experiences, their thoughts and feelings (Köppen & Meinel 2015), creating a comprehensive user understanding and inform future design decisions that match end-users ’expectations (Den Ouden et al. 2006).

and detachment. Discovery is described as ‘entering the user’s world’and ‘achieve willingness’, immersion as ‘wandering around in the user ’s world ’ and ‘taking user’s point of reference ’and connection as ‘resonating with the user, achieving emotional resonance and find meaning ’. Lastly, detachment is defined as ‘leaving the user ’s world ’ and then ‘design with user perspective ’. This metaphorical language tries to capture the complexity of understanding a user and prescribes professional practice. More recently, Smeenk, Sturm & Eggen ( 2019a) proposed the empathic formation compass as a tool for co-design with potential utility in research, practice and education. The framework ‘concerns the understanding of the formative process of becoming an empathic design professional who knows which attitude, skills and knowledge are applicable in an empathic design process’(p.

Such state similarity enables more influential outcomes of empathy, including less stereotypical understanding of users, concern for users, motivation to help the users, and motivation for other mutually beneficial social behaviours towards/with users. Thus, it can be said that design methods create the context through which designers and users attempt at bridging their empathic horizon (McDonagh et al. 2018). In existing literature, designers have not yet investigated methods and frameworks through the lens of state influences, that is, the ways in which specific design methods might support aligning aspects of designers ’ and users ’ contexts, situations, and values. Doing so could help designers observe their work under a different light and further test the effectiveness of these tools informed by state empathy studies in psychology.

might emerge from a participant group’(Hanington & Martin 2019, p. 218), again requesting cognitive empathy. In addition, we propose that designers ’purposeful empathising processes of interaction and reflection (i.e., empathy-generating frameworks) aim to bring the designers ’ and users ’ states closer to one another through a set of steps and indicators which must be consciously implemented by the designer. This empathy-requesting nature of user-centred design methods and empathygenerating frameworks can further explain how user-centred design methods encourage empathic responses. In summary, top-down processes are reflected in the instructions and steps that direct the attention of designers towards understanding users (by fostering designers’cognitive and affective empathy). Designers could consider the psychological literature presented in Section 3.4 to explore how to further frame top-down control in empathy in design research.

experiences. Several methods highlight focus on conscious understanding processes. For example, the Triading method (Hanington & Martin 2019) intends to ‘elicit what is important and meaningful to them [ participants]’(italics are ours, p. 750), and the guidelines to analysing focus group data ask designers to‘revisit the logic participants use’as well as to ‘pay particular attention to stories they tell, the metaphors and analogies they use, and how they describe their experiences, preferences, and memories’(p. 380). Since the methods are embedded with world views and epistemologies which influence how designers perform their practice Gray (2022), more attention should be focused to the differences between methods as well as the process of creating them. In summary, psychology and design agree that understanding from another person’s point of view is a key objective of empathising with others.

Even role-playing a product or service from a user ’s point of view without wearables can provide designers with emotional stimuli (Medler & Magerko 2010). On the other hand, reflection prompts are provided by various analysis-oriented methods, such as constructing user personas or empathy maps. Persona construction demands designers to describe user groups with similar needs (Miaskiewicz & Kozar 2011), with empathy maps asking designers to describe individual users ’mental contents (Both & Baggereor n.d.; Chang-Arana et al. 2020), both of which are triggers to think about others ’experiences. As such, we can use the concept of emotional stimuli to explain the connection between user-centred design methods and empathic responses. In summary, the emotional stimuli provided by user-centred design methods partly explain how they encourage empathic responses in designers. 19/29

6. Conclusions, limitations and future work Empathy is deemed key to obtaining better design outcomes. However, such causality cannot be established as empathy is currently defined. Empathy in design is an umbrella construct, broad and encompassing of diverse phenomena, yet risking becoming an empty concept. To avoid the latter, we looked at empathy in more depth through the lens of psychology. This intersection can provide fruitful research topics and methods that help add rigour to the umbrella concept. We draw the following conclusions: Research and practice of empathy in design overlaps with key components of empathy. However, design research does not appear to be fully aware of this coincidence. For example, designers are quite experienced with state influences, top-down control processes, and emotional stimuli. These seem to be present in design methods although they have not been studied in such terms.

We observe that while design research is well aware of some psychological concepts such as cognitive and affective empathy, some of these others are ignored. These can open interesting avenues for future research. For example, using the understanding from psychology of how to influence and use the state influences could help designers bring the designers ’ and users ’ mental states closer together. Further, many empathic design methods incorporate several of the identified concepts, but it is not clear which one(s) of these are the factors that make the method work. For example how much of doing empathic design is due to the top-down control effect of knowingly trying to be empathic and how much of it depends on the other factors such as the type of stimuli or the trait or state influences? Throughout this article, we propose a myriad of specific ways empathy in design could be thought of.

These include design methods as state empathy enhancing techniques, design methods being a form of top-down control, as well as designers’emotional responses supporting their capability to accurately understand others and to view others as humans instead of purely utilitarian entities. However, these should be treated as propositions where the direct link remains unestablished. Next, we address limitations. Even though we aimed at a thorough revision of relevant literature, it is unfeasible to cover all sources of empathy both in design and psychology. In addition, the selection of our sources, although wide, did not 20/29",/Users/baiyixin/Documents/Survey - design knowledge/expanded_pipeline_464_20260811/canonical_text/234ec11212b7.txt,234ec11212b7,"Chang-arana, A.M. (1, 2); Surma-aho, A. (2); Hölttä-otto, K. (2, 3); Sams, M. (4)",,Design Science,10.1017/dsj.2022.13,,DM-C02,1,design | methods | human | empathy | ll | children | autobiographical | autobiographical design | users | embodied | user | method | ai | designers | role playing,Design methods — Design process and Design research,"Design process, Design research",Design methods — Design process and Design research,Provisional interpretation,Assignment frozen; interpretation requires confirmation by at least two reviewers,Contrastive phrase label with source-grounded extractive summary.,Not assigned by Path 1,Not evaluated in this statistical interpretation,Not applicable,not_applicable,,,,-1,0.0,design | methods | human | empathy | ll | children | autobiographical | autobiographical design | users | embodied | user | method | ai | designers | role playing,False,False,0,,,"Empathy is argued to be a key factor for a successful design discussion. However, such causality cannot be empirically proven based on how empathy is currently defined in design community. Empathy is used as an umbrella construct, broad and encompassing of diverse phenomena, making it difficult to quantify. We suggest improving such a situation by introducing a definition of empathy based on psychology literature, which provides structure and guidance for studying the role of empathy in design. We first break empathy to components. Then, we review empathy as used in design. Finally, we synthetize the reviewed material. From this synthesis, we conclude that empathy in design shares several key components of empathy in psychology; particularly with state influences, top-down control process and emotional stimuli. These are present in design methods although they have not been studied using such terms. Incorporating psychological components of empathy into design can help conceptualising empathy from a different angle, thus opening interesting new avenues for future research. We hope that our treatment provides present and future designers with some useful guidance.",-8.0140505,15.578055,0.09523266553878784,3,3,True,"[{'paper_id': 'b8c02b0994bd', 'title': ""The Designer's Body as Resource in Design: Exploring Combinations of Point-of-view and Tense"", 'cluster': 1, 'distance': 0.16839677095413208}, {'paper_id': '0a373ca87142', 'title': 'Surveying a Landscape of Ethics-Focused Design Methods', 'cluster': 0, 'distance': 0.1847470998764038}, {'paper_id': 'f16832406221', 'title': 'A Framework for Systemic Design', 'cluster': 0, 'distance': 0.18920385837554932}, {'paper_id': '5611cdb5c33a', 'title': 'Generating implications for design through design research', 'cluster': 2, 'distance': 0.19420206546783447}, {'paper_id': '40a2d86cd488', 'title': 'Elements of a design method - a basis for describing and evaluating design methods', 'cluster': 0, 'distance': 0.19475221633911133}]","Subsequently, we described the extracted key know-how as 'patterns' by using the pattern language framework, and we developed a booklet listing the 30 patterns in an easy-to-reuse manner. [E1] Embodied, co-design and children-specific methods have been gaining traction in Interaction Design for Children, and their potential and benefits are well-established. [E2]"
Design methods,"A BOUNDARY OBJECT FOR MAPPING, COMPARING, AND INTEGRATING PRODUCT DESIGN METHODS","There are innumerable design methods that exist across a wide spectrum of disciplines, ranging from engineering, to marketing, to psychology. However, the organic, multidisciplinary nature of methodological development in design leads to challenges in comparing or combining methods. Disciplinary perspectives can create conceptual 'boundaries' that may not align with the fluidity of the problems that designers may need to address. It is challenging to work between the boundaries of these design methods due to the unclear delimitation of exactly where and how methods may be integrated. Nomenclature is unstandardized and different terminologies may describe similar phenomena. To address this, a boundary object - the Actor-Abstraction matrix - is developed to recontextualize each of these divergent methods onto a common scale so they may be better understood in reference to their peers. A meta-analysis of four established design methods is performed to demonstrate the flexibility of this conceptual device. With this tool, existing design methods may be more easily examined to identify points of compatibility and gaps in their coverage, and could also serve as a powerful platform for the creation of new design methods in the future. © The Author(s), 2023. Published by Cambridge University Press.",12,12,38b608e72e2d_p0002;38b608e72e2d_p0003;38b608e72e2d_p0004;38b608e72e2d_p0006;38b608e72e2d_p0008;38b608e72e2d_p0009;38b608e72e2d_p0021;38b608e72e2d_p0024;38b608e72e2d_p0033;38b608e72e2d_p0035;38b608e72e2d_p0036;38b608e72e2d_p0037,"A meta-analysis of four established design methods is performed to demonstrate the flexibility of this conceptual device. With this tool, existing design methods may be more easily examined to identify points of compatibility and gaps in their coverage, and could also serve as a powerful platfor m for the creation of new design methods in the future.

The creation of formal design methods is the foundational aim of both engineering design res earch (Blessing and Chakrabarti, 2009 ) and design science research (Gregory, 2014). A design method is a specification for how a design problem is formulated, what the inputs and outputs are, what tools may be used for modeling potential solutions, and what procedures are followed (Gerrike et al., 2017 ). Designers seek to define methods such they may be formalized and ultimately generalized (Cross, 2021). Design is a practice that encourages multidisciplinary or intersectional actions (Tharchen et al., 2020), and therefore variety of different disciplines participate in this process (Papalambros, 2015). The implication of this multidisciplinary formalization is that these design methods often become conceptual ‘wrappers’ for the underlying processes that they describe.

These ‘wrappers’ contain the procedures, associated statistical or graphical tools, in put/output designations, etc. (Gerrike et al., 2017), which are each built upon distinct taxonomical and/or ontological foundations. In a vacuum, this divergent development may not be problematic. Design methods are typically developed to address specific problems (Gerrike et al., 2017), and are typically quite effective in these aims. The reality of design, however, is that the problems that designers must address do not always align one-to-one with the availab le design methods. In these instances, it can be desirable to combine or integrate multiple different design methods to better suit the problem at hand. Interest in understanding how different design methods can complement each other has been growing in re cent years (Yannou et al., 2018). While this has been demonstrated to be possible in many cases, e.g., (Neto and Pires, 2020 ; Schütte, 2002; Wang, 2015), there is no clear delimitation of exactly which design methods may be integrated together and which cannot, as well where exactly their potenti al compatibility points may lie.

While some have considered the broad act of ‘design’ itself to be a sort of natural boundary object (Tharchen et al., 2020 ), this work aims to develop a more explicit tool that may be used to integrate previously formalized methods for design. A mechanism for bridging conceptual boundaries between formal design methods is needed to better understand which aspects of a design problem they do or do not address, and where they may be integrated with other methods or otherwise require extension. In this paper, a graphical boundary object called the Actor-Abstraction (A-A) matrix is developed. This boundary object aims to map each of these divergently developed design methods into a common frame of scale, such they may each be better understood in reference to each other. A meta -analysis of four preeminent, quantitative design methods is preformed, in wh ich each is mapped into the ontological structure provided by the A -A matrix.

Each of the selected design methods defines various spaces within the design process (e.g., 'engineering characteristics,' 'properties space,' etc.) through the lens of their specific discipline. However, it can be unclear as to how terms like ‘engineering characteristics’ in QFD and the ‘properties space’ in KE relate to one another, or whether they are actually describing the same concepts. To compound this, definitions can shift over time and even tend to be modified on a case -by-case basis to fit practitioners’ specific needs. A boundary object therefore must provide a general structure that is capable of commonly supporting the specific perspectives of each of these metho ds. To do this, a graphical matrix —dubbed the Actor-Abstraction (A-A) matrix—is used to deconstruct any design method across two dimensions: Actors and Abstractions.

Each of these dimensions may be then broken down into 3 levels, resulting in the 3×3 grid structure given in Figure 1, in which each cell represents a domain defined by the pairing of an Actor and an Abstraction level (e.g., Artifact-How, Context-What, User-Why, etc.). The specific spaces defined in each design method (e.g., 'properties space') may be categorized by, and drawn into the cells of this matrix. This translates the method-specific terminology into a more general nomenclature (e.g., Artifact -What) that is better suited for multidisciplinary use. The matrix itself represents the loose organizational structure of this boundary object, as it is flexible enough to support each of these methods. Precise organizational structures may then be created by visually mapping specific design method into the matrix using the associated graphical notation given in Figure 1.

Other A -A domains may not be especially relevant or necessary to consider at all in some design problems, such that no vector spaces are defined for the specific design method. Vector space extensions refer to new vector spaces that may be added on to an existing formulation. This could be from practitioners adding on to existing design methods, or from new iterations of a design problem that bring new considerations. The relations between vector spaces are given by transformations, which are represented here by different types of connective arrows that may be drawn between the vector space boxes. The type of arrow indicates the manner in which this transformation is characterized. Functional transformations are characterized through mathematical models, and are given by white, unidirectional arrows; these models can have an inverse that may describe the transformation in t he opposite direction.

the Actor-Abstraction (A-A) matrix This mapping exercise therefore serves two purposes, which are to: 1) demonstrate the A-A matrix’s effectiveness as a boundary object by flexibly supporting each of these independently developed design methods, and to 2) place each of these design methods onto a uniform scale for which they may be contrasted against not only each other, but also any other methods that may be mapped on this same scale. This exercise relies on a certain degree of interpretation to conduct the necessary meta -analysis of different works that have applied each metho d. Every practitioner who uses these existing design methods may have modified or reinterpreted them to better suit their individual needs. Nevertheless, the commonality between all these design methods is that they simply describe a transformation, which is packaged inside their unique conceptual ‘wrappers’ (i.e., their terminologies, experimental procedures, visualization tools, etc.).

Overall, this mapping of existing design methods puts the flexibility of the Actor -Abstraction matrix to the test across a variety of different perspectives and disciplines. While there are some select instances in which vector spaces fall outsi de the defined scope of the A -A matrix (e.g., choice -based Conjoint Analysis formats that address higher abstractions ), the boundary object can demonstrably support each of these design methods. While the interpretations to construct these maps may arguabl y be imperfect, they nevertheless enable comparisons that were previously more difficult or impossible to make. Mapping each of these design methods onto this common scale can suggest areas in which they may be integrated with each other, a proposition th at was previously ambiguous. In terms of boundary objects, a ‘boundary’ is often misconstrued as a line that differentiates design methods, but in reality is an area in which they overlap (Star, 2010).

Other A -A domains that are not addressed in these mappings may therefore suggest additional areas in which these works could serve t o be extended. Mapping these extensions also illustrates how continued methodological development can be supported by this tool. As such, another key benefit of this exercise is to identify gaps for new design methods. Rather than meticulously testing thes e identified points of compatibility and knitting all of these existing methods together, it may be more prudent to selectively integrate only what is needed into the creation of new design methods. In doing so, designers may take advantage of the benefits of each method, without being burdened by their associated limitations that may be included in their wholesale adoption.

Existing design methods are well understood in their own right, but less so in relation to alternative methods from differe nt disciplines or perspectives. In this work, a boundary object for design methods is developed in the form of the Actor -Abstraction matrix. With this tool, the designer's vocabulary and conceptualization of the design problem may be flexibly formulated to support a variety of different disciplines and perspectives. At first, the A -A matrix imparts a looser organizational structure, which is important for enabling multidisciplinary support. This is evidenced by the more precise organizational structures tha t may be mapped into this matrix to allow for visual comparison of the different design methods. This paints a clearer picture of where the boundaries between these methods exist, and how they may be extended or integrated together.

With such a tool, desig ners may not only retroactively map existing design methods so they may better understand their application in relation to available alternatives, but could also provide an important platform to support new methodological development in future works. These new methods could address gaps in existing methods that highlighted by their mapping in this matrix. As the development of new design methods is the foundational aim of design science, this could serve as a valuable tool for advancing this field.",/Users/baiyixin/Documents/Survey - design knowledge/expanded_pipeline_464_20260811/canonical_text/38b608e72e2d.txt,38b608e72e2d,"Velleu, Jesse (1); Brei, Diann (1); Gonzalez, Richard (1); Luntz, Jonathan (1)",2023,Proceedings of the Design Society,10.1017/pds.2023.4,,DM-C01,0,design | methods | method | design methods | knowledge | value | research | gamification | visualization | use | process | commissioning | systemic | business models | business,Design methods — Design process and Design research,"Design process, Design research",Design methods — Design process and Design research,Provisional interpretation,Assignment frozen; interpretation requires confirmation by at least two reviewers,Contrastive phrase label with source-grounded extractive summary.,Not assigned by Path 1,Not evaluated in this statistical interpretation,Not applicable,not_applicable,,,,-1,0.0,design | methods | method | design methods | knowledge | value | research | gamification | visualization | use | process | commissioning | systemic | business models | business,False,False,0,,,"There are innumerable design methods that exist across a wide spectrum of disciplines, ranging from engineering, to marketing, to psychology. However, the organic, multidisciplinary nature of methodological development in design leads to challenges in comparing or combining methods. Disciplinary perspectives can create conceptual 'boundaries' that may not align with the fluidity of the problems that designers may need to address. It is challenging to work between the boundaries of these design methods due to the unclear delimitation of exactly where and how methods may be integrated. Nomenclature is unstandardized and different terminologies may describe similar phenomena. To address this, a boundary object - the Actor-Abstraction matrix - is developed to recontextualize each of these divergent methods onto a common scale so they may be better understood in reference to their peers. A meta-analysis of four established design methods is performed to demonstrate the flexibility of this conceptual device. With this tool, existing design methods may be more easily examined to identify points of compatibility and gaps in their coverage, and could also serve as a powerful platform for the creation of new design methods in the future. © The Author(s), 2023. Published by Cambridge University Press.",-6.6173277,17.054686,0.10513508319854736,10,10,False,"[{'paper_id': '40a2d86cd488', 'title': 'Elements of a design method - a basis for describing and evaluating design methods', 'cluster': 0, 'distance': 0.17128527164459229}, {'paper_id': '5389fb1cc38b', 'title': 'Elements of a design method – a basis for describing and evaluating design methods', 'cluster': 0, 'distance': 0.17210078239440918}, {'paper_id': 'f16832406221', 'title': 'A Framework for Systemic Design', 'cluster': 0, 'distance': 0.1734602451324463}, {'paper_id': 'b5d968168f35', 'title': 'A Framework of Design Method Corroboration', 'cluster': 0, 'distance': 0.17780888080596924}, {'paper_id': '878cf959ac53', 'title': 'Designerly Research Methods and Researcherly Design Methods', 'cluster': 0, 'distance': 0.1799001693725586}]","First, we propose a ‘chain of evidence’, from motivation to claims, operationalising this in a systematic assessment framework. [E1] In this conceptual paper, we argue that there is a need for 'method corroboration'-the deliberate and reflected use and possible validation of a design method. [E3]"
Design methods,Elements of a design method - a basis for describing and evaluating design methods,"Method development is at the heart of design research as methods are a formalised way to express knowledge about how aspects of design could or should be done. However, assuring that methods are in fact used in industry has remained a challenge. Industry will only use methods that they can understand and that they feel will give them benefit reliably. To understand the challenges involved in adopting a method, the method needs to be seen in context: it does not exist in isolation but forms a part of an ecosystem of methods for tackling related design problems. A method depends on the knowledge and skills of the practitioners using it: while a description of a method is an artefact that is a formalisation of engineering knowledge, a method in use constitutes a socio-technical system depending on the interaction of human participants with each other as well as with the description of the method, representations of design information and, often, tools for carrying out the method's tasks. This paper argues that crucial factors in the adoption of methods include how well they are described and how convincingly they are evaluated. The description of a method should cover itscore idea, therepresentationsin which design information is described, theprocedureto be followed, itsintended use, and thetoolsit uses. The account of a method's intended use should cover itspurpose, the situations or product types within itsscope, itscoverageof kinds of problems within its scope, itsexpected benefitandconditionsfor its use. The different elements need to be evaluated separately as well as the method as an integrated whole. While verification and validation are important for some elements of methods, it is rarely possible to prove the validity of a method. Rather the developers of methods need to gather sufficient evidence that a method will work within a clearly articulated scope. Most design methods do not have binary success criteria, and their usefulness in practice depends as much on simplicity and usability as on the outcomes they produce. Evaluation should focus on how well they work, and how they can be customised and improved.",12,12,40a2d86cd488_p0010;40a2d86cd488_p0026;40a2d86cd488_p0027;40a2d86cd488_p0028;40a2d86cd488_p0029;40a2d86cd488_p0030;40a2d86cd488_p0031;40a2d86cd488_p0033;40a2d86cd488_p0035;40a2d86cd488_p0048;40a2d86cd488_p0070;40a2d86cd488_p0087,"(i) Method development: insufficient method evaluation, insufficient communication of the value of methods, lack of an understanding of user needs and a discouraging reward system in academia. (ii) Method (attributes): user-friendliness, cost and format. (iii) Method use: attitudes of users, improper use and awareness of design research. Yet, many companies state that the use of design methods is an integral part of their activities (López-Mesa & Bylund 2010). Many practitioners use alternative names for methods or do not know the names of methods, and are often not even aware that they are using specific methods (Gericke, Kramer, & Roschuni 2016). Direct uptake of new methods published in academic literature is only one way that methods can achieve their intended impact. Students entering the industry and affecting working practices once they are in the right position is a different, powerful path for transferring knowledge about new methods, tools and processes (Gericke et al.

design activities and choices of methods. Most famously UML (see Fowler 2004) was consciously developed as a representation ecosystem for the Unified Process (Jacobson, Booch, & Rumbaugh 1999), but is much more widely used. SSADM (see Goodland & Slater 1995) is an older, now outmoded example of a software development methodology built on a set of notations that function as a representation ecosystem. 2.3. Methods as a form of engineering knowledge Methods can also be seen by a formalisation of knowledge gained through engineering practice. The design methods in widespread use are grounded in a combination of extensive design practice and theoretical analysis. Different kinds of engineering knowledge, especially the explicitly codified how-to knowledge incorporated in methods, present distinct challenges for how we can justify the claims we want to make about truth or accuracy, so we can treat them as knowledge.

Habermas ( 1984) argued that (explicitly stated) assertions need to be justified with good reasons; reasons are accepted as good reasons when a consensus within a discourse is reached on their acceptability. Different fields use different criteria. Different types of knowledge also require different criteria. Vincenti (1990) divides engineering knowledge into fundamental design concepts, criteria and specifications, theoretical tools, quantitative data, practical considerations, and design instrumentalities. While Vincenti provides a fairly comprehensive map of types of engineering knowledge, he says little about explicitly described or formalised methods, and it is not obvious where they fit. Our view is that they should be seen as their own category, distinct from the knowledge of how to carry out design activities that Vincenti refers to as design instrumentalities, covering skills, problem-solving strategies, ways of thinking about design problems, and capacities for making judgements.

When designers apply design methods, they often employ theoretical tools, and use criteria and specifications as well as quantitative data. The deployment of fundamental design concepts is often an important element of design methods. The different elements of Vincenti’s classification of knowledge have a different epistemic status. Fundamental design concepts are mostly tried and tested elements of the designs, such as machine elements, that designers can rely on working, as well as more abstract solution principles. Theoretical tools are based on established scientific knowledge, even though they are often only used by engineers and not by scientists. Quantitative data are usually objectively measured, even though what and how it is measured is often governed by complex socio-technical processes. Criteria and specifications and practical considerations arise from the specific problem context and are also subject to human interpretations.

Design instrumentalities are rather more mixed; Vincenti uses the term as a catch-all for everything engineers know about how to design. While some of the how-to knowledge is well tested and explicitly communicated, other elements are tacit. Many designing activities governed by the application of explicit methods involve perception and action skills that people cannot fully explain and need to learn experientially (Ryle 1946, 1949). Elements of what engineers know about how to design are explicit prescriptions, such as process models or test procedures, which the engineers need to adapt to specific situations. Vincenti does not talk much explicitly about methods. 7/28

Vermaas (2016a) points out that many methods are formalised descriptions of expert behaviour augmented with tools and representations. The elicitation and the negotiation of the understanding of methods is a social process, that this profoundly influenced by the knowledge and perspective of both the expert and the researcher. As this paper will argue, methods are heterogenous. However, as methods often incorporate the experiences of one or more people they can be thought of as a form of testimonial knowledge, where a judgement about the origin of a statement affects its credibility and the credibility of the statement cannot be solely derived from the statement itself. The consequence of this is that unless methods are established through long and widespread use, they need accounts of their provenance, so that users have a basis for assessing the claims that are made for them, as well as accounts of what those claims are.

2.4. Methods as socio-technical constructs Engineering design researchers are familiar with engineering products being elements of socio-technical systems comprising humans as well as mechanical and electronic systems and software, such as air transportation systems, water supply networks or healthcare systems (de Weck, Ross, & Magee 2011). ‘They are ensembles of technical artifacts embedded in society, connected with natural ecosystems, functioning within regulatory frameworks and markets, and exhibiting a high degree of complexity and dynamics that are not fully understood ’ (Siddiqi & Collins 2017). In the sense of this characterisation, methods are also socio-technical in nature. A description of a method is an artefact in its own right. It is an embodiment of engineering knowledge, available for engineers to draw on and employ more or less exactly.

Viewing the application of the method as an enactment of the socio-technical system, and the engineers as participants in the enactment, focuses our attention on the crucial role of the engineering knowledge the participants possess and how they combine it with the knowledge embodied in the method. While experts in particular specialisms have knowledge that overlaps, giving them shared competences, everyone’s knowledge and experience is idiosyncratic and much of it is tacit. Not only are all design problems unique, so are the components of the sociotechnical systems enacting the methods. It is important to maintain the dual perspective of a method as a means to carry out a task, and a method as a sociotechnical system generated by the actions of its participants. 8/28

It is hardly possible to predict or prescribe fully how a method is used. The users operate in changeable environments and use and adapt methods in ways that seem useful to them at the time. The interaction design maxim that you cannot design a user experience, only design for a user experience, applies to design methods. Dorst ( 2008) has criticised engineering research for concentrating on the activities required to carry out a task and therefore focusing on efficiency and effectiveness, while neglecting the object, the actor and the context in which these activities are carried out. We see descriptions of methods, as artefacts, as powerful ways to share knowledge across and between organisations that researchers and educators can facilitate. We see methods in use as socio-technical constructs, so that the actors and the context become an integral part of design methods where the actor is considered in the procedure as well as the context and the product and its intended uses.

A description of the intended use should inform the user about the suitability of the method for a particular design task in a specific context. Where necessary, it should include a description of the conditions for successful use of the method, including what knowledge and skills the users need. The elements of a design method The description of the intended use for a method is complementary to the description of the method itself, which comprises the core idea of the method, the representation in which design information is described, and theprocedure (see 12/28

However, validation requires conditions to be met that are frequently not met, or cannot be met, by tests of design methods. These include: (i) That the range of possible inputs to the procedure can be specified, or can be specified for a defined set of situations, so that it is possible to see that the method works when it is supposed to, or fails in the anticipated ways when the inputs are not those needed for success. (ii) That what constitutes success is well enough defined to see whether you have it or you do not. (iii) That the procedure itself is well-enough defined to see whether the procedure is being followed and what the procedure contributes to the outcome. (iv) That the skills and knowledge required to use the procedure successfully are sufficiently well defined to anticipate whether someone can successfully use it, that is, that the procedure does not depend on tacit knowledge that is so 18/28

When is a method successfully adopted by industry? This is a question that we can and should interpret in two ways: what are the conditions for successful use, including being applied to the right problems; and what constitutes success, which depends on what the method is for. In this paper, we have argued that descriptions of design methods are encapsulations of design knowledge. Engineering knowledge evolves through time. Adaptations of methods – including cherry-picking components of methods – are not a sign of a failed implementation but a sign of continuous evolution of methods, allowing their application beyond the original intended use. As methods are developed with a limited set of applications in mind their adaptation is a matter of course. An adaptation of a method is thus a source of new knowledge. Expanding our understanding of method use requires analyses of adaptations and customisations of methods to understand why the adaptations were needed and how well they worked in practice.",outputs/batch1/canonical_text_284/40a2d86cd488.txt,40a2d86cd488,"Gericke, K. (1); Eckert, C. (2); Stacey, M. (3)",,Design Science,10.1017/dsj.2022.23,,DM-C01,0,design | methods | method | design methods | knowledge | value | research | gamification | visualization | use | process | commissioning | systemic | business models | business,Design methods — Design process and Design research,"Design process, Design research",Design methods — Design process and Design research,Provisional interpretation,Assignment frozen; interpretation requires confirmation by at least two reviewers,Contrastive phrase label with source-grounded extractive summary.,Not assigned by Path 1,Not evaluated in this statistical interpretation,Not applicable,not_applicable,,,,-1,0.0,design | methods | method | design methods | knowledge | value | research | gamification | visualization | use | process | commissioning | systemic | business models | business,False,False,0,,,"Method development is at the heart of design research as methods are a formalised way to express knowledge about how aspects of design could or should be done. However, assuring that methods are in fact used in industry has remained a challenge. Industry will only use methods that they can understand and that they feel will give them benefit reliably. To understand the challenges involved in adopting a method, the method needs to be seen in context: it does not exist in isolation but forms a part of an ecosystem of methods for tackling related design problems. A method depends on the knowledge and skills of the practitioners using it: while a description of a method is an artefact that is a formalisation of engineering knowledge, a method in use constitutes a socio-technical system depending on the interaction of human participants with each other as well as with the description of the method, representations of design information and, often, tools for carrying out the method's tasks. This paper argues that crucial factors in the adoption of methods include how well they are described and how convincingly they are evaluated. The description of a method should cover itscore idea, therepresentationsin which design information is described, theprocedureto be followed, itsintended use, and thetoolsit uses. The account of a method's intended use should cover itspurpose, the situations or product types within itsscope, itscoverageof kinds of problems within its scope, itsexpected benefitandconditionsfor its use. The different elements need to be evaluated separately as well as the method as an integrated whole. While verification and validation are important for some elements of methods, it is rarely possible to prove the validity of a method. Rather the developers of methods need to gather sufficient evidence that a method will work within a clearly articulated scope. Most design methods do not have binary success criteria, and their usefulness in practice depends as much on simplicity and usability as on the outcomes they produce. Evaluation should focus on how well they work, and how they can be customised and improved.",-7.06476,17.43833,0.06094825267791748,1,1,True,"[{'paper_id': '5389fb1cc38b', 'title': 'Elements of a design method – a basis for describing and evaluating design methods', 'cluster': 0, 'distance': 0.00032955408096313477}, {'paper_id': '60c69d24c5a3', 'title': 'Evaluating the efficacy and effectiveness of design methods: A systematic review and assessment framework', 'cluster': 0, 'distance': 0.09107190370559692}, {'paper_id': 'd330bde18c87', 'title': 'Languaging design methods', 'cluster': 0, 'distance': 0.11010348796844482}, {'paper_id': '0a373ca87142', 'title': 'Surveying a Landscape of Ethics-Focused Design Methods', 'cluster': 0, 'distance': 0.12772506475448608}, {'paper_id': 'f16832406221', 'title': 'A Framework for Systemic Design', 'cluster': 0, 'distance': 0.14018535614013672}]","First, we propose a ‘chain of evidence’, from motivation to claims, operationalising this in a systematic assessment framework. [E1] In this conceptual paper, we argue that there is a need for 'method corroboration'-the deliberate and reflected use and possible validation of a design method. [E3]"
Design methods,The Landscape of Envisioning and Speculative Design Methods for Sustainable Mobility Futures,"Urban mobility is facing an increased long-term uncertainty and complexity generated by accelerated technological development. These challenges require radical advancement in planning processes and methods, which could enable breaking out of path dependencies and unlocking alternative, sustainable futures. In order to provide a landscape overview of foresight-focused methods used in the domain of urban mobility, we conduct a systematic literature review. An analytical framework for review is based on planning knowledge taxonomy, including dialectic between knowing how/what and knowing to what end and doing. Such framework formulation is aiming to assess methodological capacity for widening system boundary and holism (object-focus) as well as integration and imagination (process-focus). Results show that the overall trend of methodological development is emphasizing development in object or process-focus domain, but rarely both. In addition to this assessment, we conclude that methodological development should further reflect the moral and democratic dimension concerning public deliberation. Such development should aim to create spaces for shared discussion, reflection, and formation of alternative futures, while allowing spaces for agonistic contestation and conflicting opinions through radical, experimental, and experiential approaches.",12,12,43b79273fd70_p0010;43b79273fd70_p0016;43b79273fd70_p0025;43b79273fd70_p0027;43b79273fd70_p0028;43b79273fd70_p0047;43b79273fd70_p0050;43b79273fd70_p0055;43b79273fd70_p0056;43b79273fd70_p0058;43b79273fd70_p0066;43b79273fd70_p0071,"In particular, there is a range of reasons why forecasting as a method lacks capacity for expanding the range of alternative futures, such as simplifying human behavior, and societal or technological shifts [25–28]. Contrary to forecasting, there is a range of envisioning and speculative design methods, which have higher potential for aiding the generation of alternative futures [17,29]. In particular, there has been a range of previous reviews on the topic of envisioning [30–38]. Contrastingly, there is still a need for a systematic literature review that would focus on urban mobility and transportation as a speciﬁc ﬁeld of application, while encompassing a wider set of methods. Consequently, this systematic literature review contributes to ﬁlling in this gap by providing a landscape overview of envisioning and speculation methods used in the urban mobility domain.

Regarding the spatial focus, the object -focus range could also vary from the neighborhood level to regional or national scale, while also having in mind a number of near -future and far -future states of the mobility system. Besides the extended considerati on of spatio -temporal scales, higher development along the object-focus dimension would require that method explicitly accounts for a wider range of behavioral aspects and soci etal norms , as well as policy and design programs. Furthermore, positioning the method higher on the object-focus scale would also ask for methodological capacity to explicitly account for mobility

We excluded words like weather, energy, pollution, food chain, airplane and rail transportation, cargo, and logistics. After this step, any duplicate references were removed. This initial phase of identiﬁcation has resulted in a set of highly-cited and well-established future study methods, while also including speculative design methods. In the second, screening stage, a snowballing procedure was used to increase the pool of references [59], including both backward- and forward-snowballing [60]. In more detail, the ﬁrst backward-snowballing was done by indicating the future studies methods in a publication title. Then, a forward-snowballing was applied by ﬁnding citations to a paper through the Google Scholar. In the snowballing stage, traditional future study methods were complemented with speculative design methods implemented at city planning and transportation development projects.

This systematic literature review recognized a total of 282 papers , divided into five groups of unique methods. In the first group are the most numerous traditional future st udies methods, with 109 papers identified. Here, we additionally distinguish individually elaborated backcasting methods, with 28 papers identified. The second is a group of methods associated with service design, such as Products—Services—Transport System s (PSTS), which excluded technological scenarios, with 79 papers in total. The third group is focused on participatory methods with 21 papers. Then, follows the fourth group of speculative envisioning and design methods with rather higher object than proce ss focus, including a limited number of 38 papers identified. In the last, the fifth group is the lowest number of scientific publications , with only seven publications on transportation-related utopias.

Figure 4 provides an overview of method subgroups placed on the two synthesis scales. Each method is represented by a number of publications identified, and the year of the first publication identified, e.g. , (number/year). From this figure, one can conclude that the most numerous methods adopted are with a low object and low process focus. The next section provides a brief description of methods, with a commentary on methods position on the landscape scale.

However, some researchers note that users have limited knowledge on predicting the consequences of their and governmental actions’ in plausible future developments [122,123]. In contrast, in the human-centric approach (5/2013), the passenger is at the center of future solutions [124]. The user is engaged in the participatory and co-design processes through transport diaries, future ﬁctions, and exploratory design workshop acknowledging individuals’ needs, experiences, human senses, desires, and values, which are established as apriority for transport services. Hereabouts, passengers’ requirements, desires, and values are employed to improve the functionalities of existing transport services [124]. For instance, [125] users participatory and co-design methods, such us transport diary, were adopted to record individual passenger’s experiences and needs when developing a carrier bike.

Sustainability 2020, 12, 2447 10 of 24 speciﬁcally their opposition and mobilization of action through the spaces of connection, which allow the formation of politically new transport planning paradigms. Finally, a signiﬁcant transformation is enabled with the introduction of public envisioned participation in artistic and technological experimentation, speculative design, and Do-It-Yourself (DIY) concepts [132]. Recent research builds on a diverse knowledge exchange with a participatory approach, including, for example, pluralistic backcasting [133,134], dynamic participatory process [135], and experimental design methodologies, to create images of more concrete and comprehensible futures [ 136]. Thus, the third group of methods, including participatory backcasting (4 /2012), participatory foresight (3/2017), and participatory scenarios (14 /1996), has been located on the right side of the diagram, as they are high object focused, and they are low on the process side.

Sustainability 2020, 12, 2447 11 of 24 mixture of methods, for example, [156] applying actor-network theory and critical planning theory on one hand, and systems thinking and utopias on other, when implementing urban technologies. [150] analyses the role of frames and narratives in constructing stories of the future through two cases of electric vehicles and car clubs. Similarly, storylines (1/2015), which base on future scenarios, adopt a mixture of quantitative and qualitative methods, such us stakeholders’ workshops, interviews, and participatory methods; then, prompts in the form of video scenarios [152] visual symbols and native stories to imagine future images, and to advocate drivers for change towards sustainable mobility alternatives [157]. The fourth group of methods is the typical representation of methods with a high level of process focus, imagination, and high speculation provoking ‘political’ debates in transportation encountering speculative design methods (4 /2016), design ﬁction (7 /2009), science ﬁction (6 /2013), concepts (1/2012), and experimentation (2/2016).

Methods in this group are in moderate numbers and are utilized in the urban transportation domain more recently. Adopting these methods, researchers are questioning current transportation and mobility paradigms in fast-developing cities focusing on citizens’ welfare, well-being, sustainability, and current mobility practices. Methods search for answers through an experiential science and practice learning approach [ 158]. Speculative design discipline is the management of speculation informed by the use of technology, aesthetics, behavior, interaction, and function of the designed artifact [19,159]. Speculative design (4/2016) describes how a combination of up-to-date extrapolations of emerging technologies and innovative practices employed in ﬁlm, literature, ecology, comedy, and psychology can be used to develop and present plausible futures [159].

The next method is the design ﬁction (7/2009), which critique preferable futures through speculative and provocative scenarios narrated with design artifacts [19]. Design ﬁction is an intersection of design and storytelling, and “a conﬂation of design, science fact, and science ﬁction” [162]. To speculate about the futures that are yet to come [163] and creating ﬁctional world researcher utilizes imaginary objects [164], appropriating technology (interactive dimensions) [165], art (speculative dimensions), and science ﬁction (narrative dimensions) [ 166]. In some cases, design ﬁction deals with the imagination and materialization of possible futures in the form of utopias, dystopias, and experiments [163]. However, the value of design ﬁction is in the introduction of advanced design, anticipation, and related process to the broader community, and not only to the experts.

Creative process-focused methods [46,47], which embrace imagination and speculation, are currently in the minority, usually covering a small geographic scale. However, with speculation, they can bring fresh and unexpected views, and enable diversion from certain probability of events, providing a unique view on mobility matters. In the future, these approaches can be extrapolated outside predominantly small-scale design domain when paired with object-focused methods used in the larger scale of the mobility domain. In particular, speculative design methods can contribute with the embracing of citizen activism and unlocking of political space, primarily through the use of design artifacts and co-design principles that can highlight the doing form of knowledge [19]. Furthermore, we have to recognize that more policy experimentation-focused approach also has challenges [151], especially since politicians do not generally want to be associated with a failed experiment.

This systematic literature review attempts to investigate and map out the landscape of envisioning and speculative design methods used for planning of more sustainable and human-centered mobility futures. The review examines the range of envisioning future methods used in urban mobility while attempting to extend these frontiers with speculative design methods. For landscape assessment, the review utilizes planning knowledge taxonomy framework for systematic review clustering, including knowing how, knowing what, knowing to what end, and doing. Results show several trends, ﬁrst in the form of rising socio-technological factors expanding the conventional scenarios. Second, there are diverse applications of experimental, speculative, and utopian methods, although still in modest numbers. The third overall conclusion indicates a lack of methods that consider the high object and process focus at the same time.",/Users/baiyixin/Documents/Survey - design knowledge/expanded_pipeline_464_20260811/canonical_text/43b79273fd70.txt,43b79273fd70,"Sustar, H. (1); Mladenović, M.N. (2); Givoni, M. (3)",,Sustainability,10.3390/su12062447,,DM-C01,0,design | methods | method | design methods | knowledge | value | research | gamification | visualization | use | process | commissioning | systemic | business models | business,Design methods — Design process and Design research,"Design process, Design research",Design methods — Design process and Design research,Provisional interpretation,Assignment frozen; interpretation requires confirmation by at least two reviewers,Contrastive phrase label with source-grounded extractive summary.,Not assigned by Path 1,Not evaluated in this statistical interpretation,Not applicable,not_applicable,,,,-1,0.0,design | methods | method | design methods | knowledge | value | research | gamification | visualization | use | process | commissioning | systemic | business models | business,False,False,0,,,"Urban mobility is facing an increased long-term uncertainty and complexity generated by accelerated technological development. These challenges require radical advancement in planning processes and methods, which could enable breaking out of path dependencies and unlocking alternative, sustainable futures. In order to provide a landscape overview of foresight-focused methods used in the domain of urban mobility, we conduct a systematic literature review. An analytical framework for review is based on planning knowledge taxonomy, including dialectic between knowing how/what and knowing to what end and doing. Such framework formulation is aiming to assess methodological capacity for widening system boundary and holism (object-focus) as well as integration and imagination (process-focus). Results show that the overall trend of methodological development is emphasizing development in object or process-focus domain, but rarely both. In addition to this assessment, we conclude that methodological development should further reflect the moral and democratic dimension concerning public deliberation. Such development should aim to create spaces for shared discussion, reflection, and formation of alternative futures, while allowing spaces for agonistic contestation and conflicting opinions through radical, experimental, and experiential approaches.",-6.631296,16.308369,0.13739228248596191,15,15,False,"[{'paper_id': 'f16832406221', 'title': 'A Framework for Systemic Design', 'cluster': 0, 'distance': 0.1958324909210205}, {'paper_id': '6e06768bb26b', 'title': 'Design as Research in Landscape Architecture', 'cluster': 2, 'distance': 0.19670283794403076}, {'paper_id': 'd330bde18c87', 'title': 'Languaging design methods', 'cluster': 0, 'distance': 0.20331978797912598}, {'paper_id': '0a373ca87142', 'title': 'Surveying a Landscape of Ethics-Focused Design Methods', 'cluster': 0, 'distance': 0.20768022537231445}, {'paper_id': '60c69d24c5a3', 'title': 'Evaluating the efficacy and effectiveness of design methods: A systematic review and assessment framework', 'cluster': 0, 'distance': 0.2164713740348816}]","First, we propose a ‘chain of evidence’, from motivation to claims, operationalising this in a systematic assessment framework. [E1] In this conceptual paper, we argue that there is a need for 'method corroboration'-the deliberate and reflected use and possible validation of a design method. [E3]"
Design methods,Elements of a design method – a basis for describing and evaluating design methods,"Abstract Method development is at the heart of design research as methods are a formalised way to express knowledge about how aspects of design could or should be done. However, assuring that methods are in fact used in industry has remained a challenge. Industry will only use methods that they can understand and that they feel will give them benefit reliably. To understand the challenges involved in adopting a method, the method needs to be seen in context: it does not exist in isolation but forms a part of an ecosystem of methods for tackling related design problems. A method depends on the knowledge and skills of the practitioners using it: while a description of a method is an artefact that is a formalisation of engineering knowledge, a method in use constitutes a socio-technical system depending on the interaction of human participants with each other as well as with the description of the method, representations of design information and, often, tools for carrying out the method’s tasks. This paper argues that crucial factors in the adoption of methods include how well they are described and how convincingly they are evaluated. The description of a method should cover its core idea, the representations in which design information is described, the procedure to be followed, its intended use, and the tools it uses. The account of a method’s intended use should cover its purpose, the situations or product types within its scope, its coverage of kinds of problems within its scope, its expected benefit and conditions for its use. The different elements need to be evaluated separately as well as the method as an integrated whole. While verification and validation are important for some elements of methods, it is rarely possible to prove the validity of a method. Rather the developers of methods need to gather sufficient evidence that a method will work within a clearly articulated scope. Most design methods do not have binary success criteria, and their usefulness in practice depends as much on simplicity and usability as on the outcomes they produce. Evaluation should focus on how well they work, and how they can be customised and improved.",12,12,5389fb1cc38b_p0010;5389fb1cc38b_p0026;5389fb1cc38b_p0027;5389fb1cc38b_p0028;5389fb1cc38b_p0029;5389fb1cc38b_p0030;5389fb1cc38b_p0031;5389fb1cc38b_p0033;5389fb1cc38b_p0035;5389fb1cc38b_p0048;5389fb1cc38b_p0070;5389fb1cc38b_p0087,"(i) Method development: insufficient method evaluation, insufficient communication of the value of methods, lack of an understanding of user needs and a discouraging reward system in academia. (ii) Method (attributes): user-friendliness, cost and format. (iii) Method use: attitudes of users, improper use and awareness of design research. Yet, many companies state that the use of design methods is an integral part of their activities (López-Mesa & Bylund 2010). Many practitioners use alternative names for methods or do not know the names of methods, and are often not even aware that they are using specific methods (Gericke, Kramer, & Roschuni 2016). Direct uptake of new methods published in academic literature is only one way that methods can achieve their intended impact. Students entering the industry and affecting working practices once they are in the right position is a different, powerful path for transferring knowledge about new methods, tools and processes (Gericke et al.

design activities and choices of methods. Most famously UML (see Fowler 2004) was consciously developed as a representation ecosystem for the Unified Process (Jacobson, Booch, & Rumbaugh 1999), but is much more widely used. SSADM (see Goodland & Slater 1995) is an older, now outmoded example of a software development methodology built on a set of notations that function as a representation ecosystem. 2.3. Methods as a form of engineering knowledge Methods can also be seen by a formalisation of knowledge gained through engineering practice. The design methods in widespread use are grounded in a combination of extensive design practice and theoretical analysis. Different kinds of engineering knowledge, especially the explicitly codified how-to knowledge incorporated in methods, present distinct challenges for how we can justify the claims we want to make about truth or accuracy, so we can treat them as knowledge.

Habermas ( 1984) argued that (explicitly stated) assertions need to be justified with good reasons; reasons are accepted as good reasons when a consensus within a discourse is reached on their acceptability. Different fields use different criteria. Different types of knowledge also require different criteria. Vincenti (1990) divides engineering knowledge into fundamental design concepts, criteria and specifications, theoretical tools, quantitative data, practical considerations, and design instrumentalities. While Vincenti provides a fairly comprehensive map of types of engineering knowledge, he says little about explicitly described or formalised methods, and it is not obvious where they fit. Our view is that they should be seen as their own category, distinct from the knowledge of how to carry out design activities that Vincenti refers to as design instrumentalities, covering skills, problem-solving strategies, ways of thinking about design problems, and capacities for making judgements.

When designers apply design methods, they often employ theoretical tools, and use criteria and specifications as well as quantitative data. The deployment of fundamental design concepts is often an important element of design methods. The different elements of Vincenti’s classification of knowledge have a different epistemic status. Fundamental design concepts are mostly tried and tested elements of the designs, such as machine elements, that designers can rely on working, as well as more abstract solution principles. Theoretical tools are based on established scientific knowledge, even though they are often only used by engineers and not by scientists. Quantitative data are usually objectively measured, even though what and how it is measured is often governed by complex socio-technical processes. Criteria and specifications and practical considerations arise from the specific problem context and are also subject to human interpretations.

Design instrumentalities are rather more mixed; Vincenti uses the term as a catch-all for everything engineers know about how to design. While some of the how-to knowledge is well tested and explicitly communicated, other elements are tacit. Many designing activities governed by the application of explicit methods involve perception and action skills that people cannot fully explain and need to learn experientially (Ryle 1946, 1949). Elements of what engineers know about how to design are explicit prescriptions, such as process models or test procedures, which the engineers need to adapt to specific situations. Vincenti does not talk much explicitly about methods. 7/28

Vermaas (2016a) points out that many methods are formalised descriptions of expert behaviour augmented with tools and representations. The elicitation and the negotiation of the understanding of methods is a social process, that this profoundly influenced by the knowledge and perspective of both the expert and the researcher. As this paper will argue, methods are heterogenous. However, as methods often incorporate the experiences of one or more people they can be thought of as a form of testimonial knowledge, where a judgement about the origin of a statement affects its credibility and the credibility of the statement cannot be solely derived from the statement itself. The consequence of this is that unless methods are established through long and widespread use, they need accounts of their provenance, so that users have a basis for assessing the claims that are made for them, as well as accounts of what those claims are.

2.4. Methods as socio-technical constructs Engineering design researchers are familiar with engineering products being elements of socio-technical systems comprising humans as well as mechanical and electronic systems and software, such as air transportation systems, water supply networks or healthcare systems (de Weck, Ross, & Magee 2011). ‘They are ensembles of technical artifacts embedded in society, connected with natural ecosystems, functioning within regulatory frameworks and markets, and exhibiting a high degree of complexity and dynamics that are not fully understood ’ (Siddiqi & Collins 2017). In the sense of this characterisation, methods are also socio-technical in nature. A description of a method is an artefact in its own right. It is an embodiment of engineering knowledge, available for engineers to draw on and employ more or less exactly.

Viewing the application of the method as an enactment of the socio-technical system, and the engineers as participants in the enactment, focuses our attention on the crucial role of the engineering knowledge the participants possess and how they combine it with the knowledge embodied in the method. While experts in particular specialisms have knowledge that overlaps, giving them shared competences, everyone’s knowledge and experience is idiosyncratic and much of it is tacit. Not only are all design problems unique, so are the components of the sociotechnical systems enacting the methods. It is important to maintain the dual perspective of a method as a means to carry out a task, and a method as a sociotechnical system generated by the actions of its participants. 8/28

It is hardly possible to predict or prescribe fully how a method is used. The users operate in changeable environments and use and adapt methods in ways that seem useful to them at the time. The interaction design maxim that you cannot design a user experience, only design for a user experience, applies to design methods. Dorst ( 2008) has criticised engineering research for concentrating on the activities required to carry out a task and therefore focusing on efficiency and effectiveness, while neglecting the object, the actor and the context in which these activities are carried out. We see descriptions of methods, as artefacts, as powerful ways to share knowledge across and between organisations that researchers and educators can facilitate. We see methods in use as socio-technical constructs, so that the actors and the context become an integral part of design methods where the actor is considered in the procedure as well as the context and the product and its intended uses.

A description of the intended use should inform the user about the suitability of the method for a particular design task in a specific context. Where necessary, it should include a description of the conditions for successful use of the method, including what knowledge and skills the users need. The elements of a design method The description of the intended use for a method is complementary to the description of the method itself, which comprises the core idea of the method, the representation in which design information is described, and theprocedure (see 12/28

However, validation requires conditions to be met that are frequently not met, or cannot be met, by tests of design methods. These include: (i) That the range of possible inputs to the procedure can be specified, or can be specified for a defined set of situations, so that it is possible to see that the method works when it is supposed to, or fails in the anticipated ways when the inputs are not those needed for success. (ii) That what constitutes success is well enough defined to see whether you have it or you do not. (iii) That the procedure itself is well-enough defined to see whether the procedure is being followed and what the procedure contributes to the outcome. (iv) That the skills and knowledge required to use the procedure successfully are sufficiently well defined to anticipate whether someone can successfully use it, that is, that the procedure does not depend on tacit knowledge that is so 18/28

When is a method successfully adopted by industry? This is a question that we can and should interpret in two ways: what are the conditions for successful use, including being applied to the right problems; and what constitutes success, which depends on what the method is for. In this paper, we have argued that descriptions of design methods are encapsulations of design knowledge. Engineering knowledge evolves through time. Adaptations of methods – including cherry-picking components of methods – are not a sign of a failed implementation but a sign of continuous evolution of methods, allowing their application beyond the original intended use. As methods are developed with a limited set of applications in mind their adaptation is a matter of course. An adaptation of a method is thus a source of new knowledge. Expanding our understanding of method use requires analyses of adaptations and customisations of methods to understand why the adaptations were needed and how well they worked in practice.",outputs/batch1/canonical_text_284/5389fb1cc38b.txt,5389fb1cc38b,K. Gericke; C. Eckert; M. Stacey,2022,Design Science,,https://www.semanticscholar.org/paper/c6983d646df77563eea8dc5d05abb895c9c8b87f,DM-C01,0,design | methods | method | design methods | knowledge | value | research | gamification | visualization | use | process | commissioning | systemic | business models | business,Design methods — Design process and Design research,"Design process, Design research",Design methods — Design process and Design research,Provisional interpretation,Assignment frozen; interpretation requires confirmation by at least two reviewers,Contrastive phrase label with source-grounded extractive summary.,Not assigned by Path 1,Not evaluated in this statistical interpretation,Not applicable,not_applicable,,,,-1,0.0,design | methods | method | design methods | knowledge | value | research | gamification | visualization | use | process | commissioning | systemic | business models | business,False,False,0,,,"Abstract Method development is at the heart of design research as methods are a formalised way to express knowledge about how aspects of design could or should be done. However, assuring that methods are in fact used in industry has remained a challenge. Industry will only use methods that they can understand and that they feel will give them benefit reliably. To understand the challenges involved in adopting a method, the method needs to be seen in context: it does not exist in isolation but forms a part of an ecosystem of methods for tackling related design problems. A method depends on the knowledge and skills of the practitioners using it: while a description of a method is an artefact that is a formalisation of engineering knowledge, a method in use constitutes a socio-technical system depending on the interaction of human participants with each other as well as with the description of the method, representations of design information and, often, tools for carrying out the method’s tasks. This paper argues that crucial factors in the adoption of methods include how well they are described and how convincingly they are evaluated. The description of a method should cover its core idea, the representations in which design information is described, the procedure to be followed, its intended use, and the tools it uses. The account of a method’s intended use should cover its purpose, the situations or product types within its scope, its coverage of kinds of problems within its scope, its expected benefit and conditions for its use. The different elements need to be evaluated separately as well as the method as an integrated whole. While verification and validation are important for some elements of methods, it is rarely possible to prove the validity of a method. Rather the developers of methods need to gather sufficient evidence that a method will work within a clearly articulated scope. Most design methods do not have binary success criteria, and their usefulness in practice depends as much on simplicity and usability as on the outcomes they produce. Evaluation should focus on how well they work, and how they can be customised and improved.",-7.404925,17.947586,0.06168627738952637,2,2,True,"[{'paper_id': '40a2d86cd488', 'title': 'Elements of a design method - a basis for describing and evaluating design methods', 'cluster': 0, 'distance': 0.00032955408096313477}, {'paper_id': '60c69d24c5a3', 'title': 'Evaluating the efficacy and effectiveness of design methods: A systematic review and assessment framework', 'cluster': 0, 'distance': 0.09136837720870972}, {'paper_id': 'd330bde18c87', 'title': 'Languaging design methods', 'cluster': 0, 'distance': 0.11053907871246338}, {'paper_id': '0a373ca87142', 'title': 'Surveying a Landscape of Ethics-Focused Design Methods', 'cluster': 0, 'distance': 0.1279866099357605}, {'paper_id': 'f16832406221', 'title': 'A Framework for Systemic Design', 'cluster': 0, 'distance': 0.1399219036102295}]","First, we propose a ‘chain of evidence’, from motivation to claims, operationalising this in a systematic assessment framework. [E1] In this conceptual paper, we argue that there is a need for 'method corroboration'-the deliberate and reflected use and possible validation of a design method. [E3]"
Design methods,Generating implications for design through design research,"A central tenet of HCI is that technology should be user-centric, with designs being based around social science findings about users. Nevertheless a repeated but critical challenge in design is translating empirical findings into actionable ideas that inform design, or generating implications for design. Despite various design methods aiming to bridge this gap, knowledge informing design is still seen as problematic. However there has been little empirical exploration into what design researchers understand by such design knowledge, the functions and principles behind their creation. We report on interviews with twelve expert HCI design researchers probing the roles and types of design implications, and the process of generating and evaluating them. We synthesize different types of design implications into a framework to guide their generation. Our findings identify a broader range than previously described, additional sources and heuristics supporting their development as well some important evaluation criteria. We discuss the value of these findings for interaction design research.",12,12,5611cdb5c33a_p0003;5611cdb5c33a_p0004;5611cdb5c33a_p0005;5611cdb5c33a_p0007;5611cdb5c33a_p0008;5611cdb5c33a_p0009;5611cdb5c33a_p0017;5611cdb5c33a_p0019;5611cdb5c33a_p0038;5611cdb5c33a_p0045;5611cdb5c33a_p0046;5611cdb5c33a_p0059,"A central tenet of HCI is that technology should be usercentric, with designs being based around social science findings about users. Nevertheless an outstanding challenge in interaction design is translating empirical findings into ideas or knowledge that inform design, aka generating implications for design [10,11,23]. This has led to a perceived gap between empirical studies and design [1,10,11,20,23,26,28]. In the HCI field, design researchers often attempt to bridge that gap by describing how empir ical findings might influence system explorations. For those who follow this practice, implications are crucial, yet diff icult to create and not well understood. This is reflected in a surprising lack of empirical studies investigating implic ations, although there are critiques of their perceived abstract quality [ 33 ]. This gap between fieldwork and design is a paradox given the wealth of practical design methods d eveloped to mine empirical findings to generate actionable design suggestions.

Examples include contextual design [4], activity-based prototyping [17] or design sketches [28]. This paper presents interviews with design researchers who employ user-centric design methods. These researchers have evolved practices to bridge the gap because their research products involve building research prototypes that are motivated by fieldwork. We explore these researchers’ understanding of implications for design and the principles behind the practice of generating them. One goal is to help other design r esearchers bridge the gap through a better understanding of different types of implications commonly employed, the sources for generating them and criteria used for evaluating them. We also provide theoretical and practical implications of such knowledge for HCI researchers designing and building prototypes. While previous work has focused on the theoretical debate about the relationship between et hnography and design [13], our work takes a more pragmatic approach to bridging the gap from qualitative fieldwork studies to design.

Increased understanding of the largely tacit and challenging process of generating implications should enable design researchers to refine design methods and i mprove resulting technologies. We analyze interview data to address the following questions:  What types of design implications are generated through fieldwork? Are they predominantly communicating d evices or are there new types such as abstract functional ities of classes of systems?  What sources of information are used in generating design implications? Are implications predominantly informed by fieldwork data, human science theories and design practice, or are there other sources yet to be discovered?  How are implications for design generated? What heuristics do people employ ? Are implications generated after the analysis of fieldwork data, or during it?  What are the main characteristics of design implications and how are they evaluated?

Types and Sources of Design Implications Implications for design are a specific type of design knowledge for which prior work has referenced three contrasting sources such as fieldwork-, design-, and human sc ience-informed design knowle dge. These three different a pproaches and their specific types of design knowledge are reviewed below including a mixture of fundamental HCItextbook knowledge, with more detailed accounts of the lesser known ones. While we acknowledge the distinct value of each of these three approaches, this paper focuses mostly on the design implications derived from qualitative fieldwork as it is more commonly employed in user-centered design. A dditional hermeneutical [34] and aesthetic [ 17] approaches to design are beyond the scope of this paper. Fieldwork-Informed Design Knowledge Requirements Requirements gathering is a common HCI method for generating design knowledge, but it has been critiqued for its failure to capture the richness of social settings [ 10,11,23].

Requirements are highly specific desig n knowledge derived from fieldwork to support a situated design for that setting. They are intended to capture system goals and functionalities that lead to incremental improvements to existing systems in well-understood contexts. Requirements are highly prescriptive and implementable but are difficult to generalize beyond the settings where they have been explored. Thick Descriptions Ethnographic methods emerged to address the limitations of requirements gathering methods and are typically used in settings where complex social factors are at play. The e xplicit aim of ethnographic methods is the understanding of socialities, and more elusively to explore how technology may address their key social issues [ 22 ]. They typically use analytic methods that generate rich descriptions of social settings, while the process of deriving technical implic ations from these descriptions is complex and controversial [22].

Controversies concern whether ethnographies should be strictly descriptive or should speak to technology impl ications [ 13 ]. There is limited consensus about how ethn ographic work should be expressed as design knowledge, or how that knowledge might be evaluated. Communicating Devices Design knowledge also serves to communicating succinctly to designers the essential fieldwork findings, i.e. personas and scenarios. Scenarios capture narratives describing u sers’ activities in t erms of system goals, and users’ context of activity [ 8]. They are described in user-language and tend to be highly situated. Scenarios are versatile concepts which characterize various points on the continuum from fieldwork to design. Carroll [8] identified several functions they could serve, from mere descriptions supporting r equirements analysis, to envisionment of conceptual models.

We examined the different types of design implications by employing a common HCI method of interviewing experts, in this case design researchers. For example, Zimmerman and colleagues [ 36 ] also interviewed researchers to explore the sources and outcomes of design research . We inte rviewed twelve experienced design researchers working in HCI, 9 with at least 10 years of experience, and 6 over 20 years, including 2 ACM SigCHI Academy members. Two non-random sampling techniques were employed. Through purposive sampling, invitations were sent to 25 design r esearchers, with recognized positions in the field, i.e. h-index above 10, and their expertise in qualitative research met hods. A subsequent snowball sampling emerged, with 4 r esearchers being referred by the initially invited ones. The sample consists of 8 researchers working in academia and 4 in industry research labs, with 8 having experience of wor king in both sectors (Table 1).

All partic ipants have strong expertise in qualitative research methods including ethnography, interviews, diary studies, contextual inquiry as well as evaluation of deployed systems. The i nterviews lasted from 45 to 120 min (average 65 min), and were semi-structured around a set of core questions. We

Design Practice Design implications can also capture lessons learned after the evaluation of technologically implemented design solutions (P1, P10, P11): “We developed a system and then we eval uated it and within that work the implications for design r eally got better ” (P10). This source for generating design knowledge is arguably the most difficult to tap into, b ecause of the challenges of building the designed systems in the first place, and the difficulties of evaluating them in real settings: “making the argument that this tool will work in real situations is extremely difficult to show ” (P7). Such evaluation builds on actionable knowledge embedded in the designed technologies. Apart from design concepts, another specific type of design knowledge tapping into this source is meta-abstractions. They tend to be the result of a su stained research effort within a domain, consisting o f a substantial body of work .

Various research methods contribute differently to the generation of design implications. Therefore, this approach of considering implications before planning the fieldwork allows for an explicit selection of the study methodology which could offer the most relevant fieldwork data : “if you get to the end of your study and think about implications, you have probably left it too late [... ] I think about it right throughout the whole process as I set up experiments or observations” (P6). Evaluation Criteria of Implications for Design A particularly interesting finding is that implications for design must address quality criteria pertaining to both sc ientific and design practice. These criteria consist of valid ity, generalizability and originality, as well as generativity, inspirability and actionability. Such criteria are particularly important but seldom met satisfactory by the generated i mplications for design.

Although some people employ implicit criteria (P4,P10,P12), the importance of evaluating design knowledge is strongly acknowledged and the value of e xplicit criteria particularly emphasized (P6,P8,P7,P10,P11). Empirical Validity An important characteristic of design knowledge is empir ical validity, supported through explicit accounts of how such knowledge is grounded in fieldwork data, or acquired through reflection on the evaluation of developed technologies. Being grounded in fieldwork data legitimates and pr ovides rationale for design knowledge (P10,P11) : “ You should be able to trace back from implications and see how that’s grounded” (P10). This requires articulating the e xplicit connection to the data: “ those implications are self apparent […] you need to be appropriate in terms and not making overly bold claims” (P6).

Provide Evidence to Support Validity of Design Implications Another important outcome is that design implications aim to meet the validity criteria of scientific knowledge. Ho wever, current practice provides limited evidence for validi ty. Our findings reveal a large range of sources of design i mplications which can not only support the generation pr ocess but also its scrutiny and critique. Sensitivity to these sources of information and researchers’ efforts for making them explicit are much needed to strengthen the validity of design implications. For example, empirical validity could be substantiated by grounding design knowledge in the fieldwork data or even better by building and evaluating previously designed technologies. Theoretical validity is supported by grounding the design knowledge in social sciences theories. External validity could be claimed by exploring the similarities between multiple settings or making explicit the findings from multiple studies employed as design resources.",outputs/batch1/canonical_text_284/5611cdb5c33a.txt,5611cdb5c33a,"Sas, Corina and Whittaker, Steve and Dow, Steven and Forlizzi, Jodi and Zimmerman, John",2014,Proceedings of the SIGCHI Conference on Human Factors in Computing Systems,10.1145/2556288.2557357,https://doi.org/10.1145/2556288.2557357,DM-C03,2,design | theory | knowledge | methods | rock | architecture | complexity | engineering | research | systems | rock engineering | design theory | building | interactive | process,Design methods — Design process and Design theory,"Design process, Design theory",Design methods — Design process and Design theory,Provisional interpretation,Assignment frozen; interpretation requires confirmation by at least two reviewers,Contrastive phrase label with source-grounded extractive summary.,Not assigned by Path 1,Not evaluated in this statistical interpretation,Not applicable,not_applicable,,,,-1,0.0,design | theory | knowledge | methods | rock | architecture | complexity | engineering | research | systems | rock engineering | design theory | building | interactive | process,False,False,0,,,"A central tenet of HCI is that technology should be user-centric, with designs being based around social science findings about users. Nevertheless a repeated but critical challenge in design is translating empirical findings into actionable ideas that inform design, or generating implications for design. Despite various design methods aiming to bridge this gap, knowledge informing design is still seen as problematic. However there has been little empirical exploration into what design researchers understand by such design knowledge, the functions and principles behind their creation. We report on interviews with twelve expert HCI design researchers probing the roles and types of design implications, and the process of generating and evaluating them. We synthesize different types of design implications into a framework to guide their generation. Our findings identify a broader range than previously described, additional sources and heuristics supporting their development as well some important evaluation criteria. We discuss the value of these findings for interaction design research.",-7.6252117,17.275656,0.09440100193023682,3,3,True,"[{'paper_id': '878cf959ac53', 'title': 'Designerly Research Methods and Researcherly Design Methods', 'cluster': 0, 'distance': 0.15340518951416016}, {'paper_id': '6e06768bb26b', 'title': 'Design as Research in Landscape Architecture', 'cluster': 2, 'distance': 0.16217684745788574}, {'paper_id': '60c69d24c5a3', 'title': 'Evaluating the efficacy and effectiveness of design methods: A systematic review and assessment framework', 'cluster': 0, 'distance': 0.1650559902191162}, {'paper_id': '5661de15ea0f', 'title': 'A Typology of Design Ideas', 'cluster': 0, 'distance': 0.16907823085784912}, {'paper_id': '40a2d86cd488', 'title': 'Elements of a design method - a basis for describing and evaluating design methods', 'cluster': 0, 'distance': 0.17213159799575806}]","Our findings identify a broader range than previously described, additional sources and heuristics supporting their development as well some important evaluation criteria. [E1] This paper presents a survey on complexity theory inclusive of work from the disciplines which range from cybernetics to systems and information theory. [E3]"
Design methods,A Typology of Design Ideas,"Design ideas are commonly used as an indicator of success of design methods and processes. Yet it is very rarely defined what precisely constitutes ""an idea"", and how such an idea manifests itself to the researcher. This paper presents an examination of design idea definitions based on a thorough study of 75 research contributions. We construct a typology of seven definitions of design ideas. The purpose of the typology is to offer shared definitions and descriptions of design ideas to design and creativity researchers, aiding a higher degree of specificity when studying and analyzing the emergence of ideas in design processes.",12,12,5661de15ea0f_p0001;5661de15ea0f_p0016;5661de15ea0f_p0018;5661de15ea0f_p0019;5661de15ea0f_p0027;5661de15ea0f_p0031;5661de15ea0f_p0042;5661de15ea0f_p0043;5661de15ea0f_p0045;5661de15ea0f_p0046;5661de15ea0f_p0048;5661de15ea0f_p0049,"A Typology of Design Ideas Nanna Inie Centre for Advanced Visualization and Interaction (CAVI), Aarhus University Aarhus, Denmark inie@cavi.au.dk Peter Dalsgaard Centre for Advanced Visualization and Interaction (CAVI), Aarhus University Aarhus, Denmark dalsgaard@cavi.au.dk

As a result, the authors identify four types of ideas: • Core ideas: those which many teenagers suggested and more than one investigator used • Add-ons: those which many teenagers suggested but only one investigator used (ADD -ONS) • Novel ideas : those suggested by only one teenager that one or more investigators used • Ideas that came from outside the design space (which were not in the participants’ suggestions) [63]. We see several examples of characterizations of design ideas based on their relation t o the design process they are part of. However, research has also shown that designers often make use of what [32] calls stock ideas, ideas which are stored in the designer's own memory or personal archives, and that could become usable at another time . These cannot be defined in terms of their relation to any specific process, but as stand -alone items, sometimes based on found i nformation from other sources [ 43]. In summary, we can confirm a lack of consensus among researchers, and that methods for classifying design ideas have applications in design research.

The reviewed material s build on various types of data, which influences which aspects of design ideas are discussed in the work. For instan ce, while studies based on in-vitro experiments often look at obvious externalizations of ideas , studies based on anecdotes and interviews describe often the internal experience of ideas . The data types for all the reviewed sources are indicated in We have strived to follow the principles for a systematic literature review as defined by [56]. The systematic characteristics can be defined as “a set of rigorous routines, documentation of such routines, and the way the literature reviewer negotiates particular biases throughout these routines"" [Ibid.]. For this reason, we will lay out our approach in more detail in this section. Moreover, the review interprets and reflects in the terminology of [ibid.], aiming to bring forth “the salient and critical aspects of the most current knowledge” including “substantive findings, as well as conceptual, theoretical, and/or methodological contributions” .

Pre-existing knowledge of the domain among the reviewer(s) is a central component to this approach, and the review is thus informed in part by theory, in part by the reviewers ' prior work in the field of design creativity and ideation [6 ,7,17,34,35].

Information retrieval systems are imperfect, and it is unlikely to achieve perfect recall while having useful precision. Rather, best -effort is the pref erred method, and some documents may escape retrieval [ 65]. The review is also subject to some degree of subjectivity, as we have used our best judgment to arrive at useful categories for the different definitions of ideas. Sev eral papers pointedly use, for instance, the term design move , interchangeably with ideas. We will return to this topic in the descriptions of the different idea types . In the following section, we will present our typology of design ideas and explain how the categories have emerged.

on another paper’s definition are presented in italics directly following the original reference . References where the definition has been derived from context or use examples in the analysis are presented in a regular font. General Comments on the Typology During the analysis, it became clear, perhaps unsurprising, that the definition of idea depends on the research scope of the pa per in question , and thus the data collection . When the aim is to study efficiency of a design method, the authors have often put a constraint in the study design, allowing them to quantify the generated ideas, e.g. asking the subjects to externalize every unique id ea on individual sheets of paper or sticky-notes [e.g. 59,71]. S ome fields show relatively constrained definitions of the ter m idea, particularly the fields of business and engineering, which generally view the design idea in light of a production chain.

The idea as a sugg estion for a (part- ) solution can be defined as ""An explicit description of an invention or problem solution with the intention of implementation as a new or improved product, service, or process within an organization"" [64] and “- a design concept which was generated to satisfy the design brief, and has at least one determined feature related to the product itself such as shape, functionality, or material ” [44]. Searching for or exploring solutions (or sub -solutions) is a core activity in design [ 15]. The majority of studies that use the term solution suggestion synonymously with ideas , are in -vitro experiments that examine different design methods [16,18,23,32,46,57,58,83,92,93].

Our initial search revealed several works that explore ways to qualify design methods from an outcome -based perspective [ 23,28,30,69,70 among others ]. An outcome - based approach means that the ideas that are generated in the process are the basis for evaluating how successful t he design method is. The outcomes are here analogous to suggestions for solutions. The four most common effectiveness measures for ideas in this sense are quantity (total number of ideas generated), quality (feasibility of the idea), novelty (how unusual or unexpected the idea is) and variety (how well the idea explores the solution space ) [38,69,70]. Interestingly, [ 81] has shown that engineering students tend to focus primarily on the technical feasibility of a design idea, even if they are explicitly instructed to look for creative solutions. Another study has shown that while design methods often focus on making the designer(s) explore the solution space, overal l creativity during the idea generation does not necessarily predict the cr eativity of the final design [ 77].

Solution suggestions have conceptual strength if they embody a pote ntial solution form that satisfies key problems, but still have the malleability to be modified and refined [15]. The externa lizations of solution suggestions tend to summarize a recognizably good solution [15]. Often, they are sketches, w hich can serve several functions : thinking sketches support the individual thinking process, talking sketches support the group discussion, prescriptive sketches communicate design to people outside the design group and storing sketches archive the designer's own ideas [84]. General Type 1: Design Moves The term ""design move"" originates from Goldschmidt’s significant work on linkography as a method for investigating the integratedness of a design process [31]. The hypothesis is that the more links to subsequent discussions, an idea creates, the better it is.

In this method, a de sign process is represented by sequential ‘desi gn moves’, and links between th em. Design moves were originally defined as individual design propositions made with the purpose of arriving at satisfying visual representations, but the definition has been exp anded and elaborated in later studies , e.g. [33,41,86]. The process of designing is seen as a succession of acts of reasoning, and each of these acts is called a design move [ 31]. A design move is therefore any (reasoning) act within design, even if it doesn't involve a visual representation. Later works have used the term design move interchangeably with ideas [4,32,33] which is why the term belongs in the typology . Design moves help identify good ideas in the design process: good ideas are critical ideas, in the sense that they generate a large number of links (they motivate many other design moves) , and very good ideas are those that spin the largest number of links among themselves and other ideas [85].

Some studies delimit single moves by tagging utterances sequentially [ 42], and some studies rely on the designers' own after -the-fact assessments [31]. The common method among the researchers using linkohraphy is protocol studies. If designers use sketching, design moves can be identified from the ongoing generation of representations and restructuring of these representations as they move forward [62]. [86] establish a set of context criteria to identify links between d esign moves based on observation alone: time span (temporal closeness can mean conceptual closeness), inspection, physical r eaction, verbal reaction , withdrawal, explanation, addition, location (spatial closeness can mean conceptual closeness) and scheme resemblance (resemblance in visual representations) . These context criteria are useful in establishing links, however not moves themselves.

Even though linkography is widely accepted as an analysis method , previous works have concluded that defining design moves undeniably requires a great amount of subjective assessment and common sense of the researcher [86]. General Type 2: Insight Moment Insight moments, or “Aha!” -moments, are at the very core of creativity. They are what most people think of, when they think of ideas . These are the moments symbolized by the famous light bulb turning on, indicating a new exciting idea. An insight momen t can be described as ""a flash of lightening or the sudden appearance of a solution to a problem the individual had been working on "" [8], and [ 19] reports a designer describing the moment as a feeling of ""becoming aesthetically literate "". In an instance, suddenly and unexpectedly the solution to a problem becomes apparent together with feelings of cl arity and satisfaction [90].",/Users/baiyixin/Documents/Survey - design knowledge/expanded_pipeline_464_20260811/canonical_text/5661de15ea0f.txt,5661de15ea0f,"Inie, Nanna and Dalsgaard, Peter",2017,Proceedings of the 2017 ACM SIGCHI Conference on Creativity and Cognition,10.1145/3059454.3059464,https://doi.org/10.1145/3059454.3059464,DM-C01,0,design | methods | method | design methods | knowledge | value | research | gamification | visualization | use | process | commissioning | systemic | business models | business,Design methods — Design process and Design research,"Design process, Design research",Design methods — Design process and Design research,Provisional interpretation,Assignment frozen; interpretation requires confirmation by at least two reviewers,Contrastive phrase label with source-grounded extractive summary.,Not assigned by Path 1,Not evaluated in this statistical interpretation,Not applicable,not_applicable,,,,-1,0.0,design | methods | method | design methods | knowledge | value | research | gamification | visualization | use | process | commissioning | systemic | business models | business,False,False,0,,,"Design ideas are commonly used as an indicator of success of design methods and processes. Yet it is very rarely defined what precisely constitutes ""an idea"", and how such an idea manifests itself to the researcher. This paper presents an examination of design idea definitions based on a thorough study of 75 research contributions. We construct a typology of seven definitions of design ideas. The purpose of the typology is to offer shared definitions and descriptions of design ideas to design and creativity researchers, aiding a higher degree of specificity when studying and analyzing the emergence of ideas in design processes.",-7.7900534,18.490583,0.08961379528045654,9,9,False,"[{'paper_id': 'd330bde18c87', 'title': 'Languaging design methods', 'cluster': 0, 'distance': 0.14802122116088867}, {'paper_id': '40a2d86cd488', 'title': 'Elements of a design method - a basis for describing and evaluating design methods', 'cluster': 0, 'distance': 0.14823675155639648}, {'paper_id': '878cf959ac53', 'title': 'Designerly Research Methods and Researcherly Design Methods', 'cluster': 0, 'distance': 0.14837801456451416}, {'paper_id': '5389fb1cc38b', 'title': 'Elements of a design method – a basis for describing and evaluating design methods', 'cluster': 0, 'distance': 0.14886045455932617}, {'paper_id': 'f16832406221', 'title': 'A Framework for Systemic Design', 'cluster': 0, 'distance': 0.15128064155578613}]","First, we propose a ‘chain of evidence’, from motivation to claims, operationalising this in a systematic assessment framework. [E1] In this conceptual paper, we argue that there is a need for 'method corroboration'-the deliberate and reflected use and possible validation of a design method. [E3]"
Design methods,What is a Convention in Interactive Narrative Design?,"This paper reports on an aspect of a long-term project to create a body of evidence-based interactive narrative design methods. In this context, we discuss aspects of formal design descriptions as a basis for a quantitative approach to verify the effects of design choices on the experience of audiences. Specifically, we discuss the notion of ‘design conventions’ by acknowledging earlier usages of the term and the related discourse in video game studies.",12,12,5ba50396ff25_p0001;5ba50396ff25_p0003;5ba50396ff25_p0004;5ba50396ff25_p0005;5ba50396ff25_p0006;5ba50396ff25_p0007;5ba50396ff25_p0008;5ba50396ff25_p0009;5ba50396ff25_p0010;5ba50396ff25_p0011;5ba50396ff25_p0012;5ba50396ff25_p0013,"What is a Convention in Interactive Narrative Design? Hartmut Koenitz, Christian Roth, Teun Dubbelman, Noam Knoller HKU University of the Arts Utrecht, Professorship Interactive Narrative Design, Nieuwekade 1, 3511 RV Utrecht, The Netherlands {Hartmut.koenitz; christian.roth; teun.dubbelman; noam.knoller}@hku.nl

In this paper, we discuss the no-tion of ‘design conventions’ as an important aspect of our approach towards the iden-tification and verification of such generalizable design methods. 2 Context The aim of our longer-term project is to collect a body of empirically-based design methods for interactive narrative to be used by practitioners and in education [3]. In order for such an effort to be most useful, it should be contextualized in two dimen-sions: 1) existing vocabulary 2) existing knowledge. For the first dimension, this means to understand what terminology around ‘design conventions’ is already in use. For the second aspect, this means to contextualize our approach in the light of existing published design knowledge, most prominently in video game studies. 2.1 Design Conventions What is a ‘design convention’? Our initial understanding of the term is the following: A concrete design method that manifests the intention of a creator so that it transports said intention and shapes the interactor’s experience accordingly. Conventions are not

shared equally between creator and audience. The creator designs her work in such a way that it evokes a conventional understanding in the audience. For example, the initial description and certain graphical hints on the screen can script the interactor to accept a certain role. This means the designer here uses text and graphics with a spe-cific intention, while the interactor interprets these clues and uses them in a process of “active creation of belief” [4] Therefore, conventions are consciously used by creators to be nearly unconsciously received and applied by audiences. For example, Weizen-baum “scripts the interactor” [4] of his famous ‘virtual therapist’ Eliza [5] by starting with an on-screen question (“How are you today… What would you like to discuss?”) and by providing a blinking insertion mark that prompts the user to reply.

These con-crete design choices (question and text input prompt) in connection with the contem-porary cultural context (popularity of psychoanalysis in the US and a strong believe in the capabilities of artificial intelligence) compelled users to accept their role as pa-tients in a therapy session and act accordingly. Conventions also depend on a level of literacy in the specific mediated format – for example, we are used to the cinematic convention of ‘continuity editing.’ This prac-tice of leaving out visual information (e.g. showing a person walking towards a door, then a door handle being pressed and then the same person outside a building, without showing the intermediate visuals) works on the knowledge that missing pieces of visual information will be supplied by the audience’s imagination automatically. However, such “cultural conventions” [6] might only be shared by some members even in seemingly homogeneous western societies, e.g. the WASD keyboard conven-tion for interactor movement in 3D games is only a convention for the group of peo-ple literate in 3D games.

It might therefore be more appropriate to understand this aspect of conventions as group specific. As a result of this discussion, we can now clarify our usage of the term ‘design convention’ as short hand to mean ‘concrete design methods to create conventional comprehension and effects in interactors.’ 2.2 Design Conventions in Earlier Media In Inventing the Medium, Janet Murray positions the invention and refinement of conventions as a central aspect in applying the potential of the digital medium for expression and meaning making: Designing any single artifact within this new medium is part of the broader collective effort of making meaning through the invention and refinement of digital media conventions. (our emphasis) [1] Murray’s usage of ‘conventions’ here extends the earlier usage of the term in cog-nitivist film studies and other disciplines.

There, conventions cannot be ‘invented’ in the fullest sense of the word; rather, a certain technique (e.g. the jump cut) might be invented (or used for the first time) by a filmmaker. This technique becomes a con-vention only once it is routinely understood by audiences. However, even with re-gards to film, the process can be more immediate, as the famous ‘Kuleshev effect’ demonstrates: This early Soviet filmmaker created several versions of the same clip by intersecting it with emotionally charged images. By observing his audience he was

able to demonstrate that the perception of the original clip changed depending on the intersected material. We may understand the result of his experimental setup as the discovery of a convention as his audiences shared a certain understanding of the dif-ferent clips without being prompted. 2.3 Video Game Design Conventions Before proceeding with our definition and vocabulary, we wish to consider the dis-course in video game studies and design. This related field might already have estab-lished terminology which could be used in our effort. There is certainly no scarcity of publications on video game design. However, only a subset is concerned with the issue of establishing a descriptive and formal design vocabulary. When we find a development of terminology (as in [7, 8]), the focus is on formal descriptions for games. This leaves us with a much smaller group of publications focusing on the de-sign process itself, for example Dough Church’s Formal Abstract Design Tools. [9] A popular approach towards a formal description of concrete design choices in video games is ‘design patterns.’ This kind of formalism is designed to provide a flexible, reusable solution towards solving specific problems [10].

Two collections of design patterns especially gained prominence: the 400 Project [11] and Björk and Holopainen’s book [12]. The latter authors describe game design patterns as “semi-formal interdependent descriptions of commonly reoccurring parts of the design of a game” [12] While these collections provide valuable knowledge for game designers, there are considerable differences in their particular approaches. As Kreitmeier points out, quoting Gemma et al. [13]: “One person's pattern can be another person's primi-tive building block.” The biggest drawback of game design patterns is therefore the lack of a precise (and shared) definition that would allow for direct comparison. An-other drawback of this situation is that no collection can extend others without con-siderable work to bridge the gaps between different ontological categories.

Yet, in a field with little consensus on terms and concepts, design patterns is still one of the most widely accepted concepts as Richard Rouse III reminds us more recently [14]. Yet, as Rouse concedes, for many designers, design rules are personal, written down only in their “own rule book.” 5 Abstract Concepts vs. Design Conventions A further aspect is the distinction between abstract concepts and concrete design con-ventions. For a first study [3], we selected “scripting the interactor” (StI) [4], a design concept originally identified by Janet Murray. StI casts an interactor into her role by providing context, managing expectations and exposing opportunities for action. Ex-amples can include communicating roles and goals or informing the interactor of the experience to be expected. StI is therefore not a design convention by itself, but a conceptual abstraction which translates into a range of concrete designs conventions, for example a textual intro at the beginning of a game.

6 Conclusion In this paper, we introduced our definition of ‘design conventions’ and discussed this concept in relation to fields like film studies and video game design. We align with Murray’s definition and identify differences to earlier definitions. In video game stud-ies we find a plethora of terms, but little shared vocabulary. Given this state of affairs, the term ‘design convention’ – while being a shorthand for a more complex relation-ship between the work of a creator and its audience – has the advantage of a clear lineage to earlier media forms via Murray’s definition. Therefore, we will continue to use the term in our research effort. References 1. Murray, J.H.: Inventing the Medium: Principles of Interaction Design as a Cultural Practice. MIT Press, Cambridge, Mass (2012). 2. Koenitz, H.: Design Approaches for Interactive Digital Narrative.

In: Interac-tive Storytelling. pp. 50–57. Springer International Publishing, Cham (2015). 3. Roth, C., Koenitz, H.: Towards Creating a Body of Evidence-based Interac-tive Digital Narrative Design Knowledge: Approaches and Challenges. Alt-MM'17, Mountain View, CA August 21 (2017). 4. Murray, J.H.: Hamlet on the Holodeck: the Future of Narrative in Cyberspace. Free Press, New York (1997). 5. Weizenbaum, J.: Eliza — a Computer Program for the Study of Natural Lan-guage Communication Between Man and Machine. Communications of the ACM. 9, 36–45 (1966). 6. Norman, D.A.: Affordance, conventions, and design. interactions. 6, 38–43 (1999). 7. Salen, K., Zimmerman, E.: Rules of Play. MIT Press, Cambridge, MAS (2004). 8. Costikyan, G.: I Have No Words & I Must Design: Toward a Critical Vo-cabulary for Games. In: Mäyrä, F. (ed.) Proceedings of Computer Games and Digital Cultures Conference. pp.

9–33. Tampere (2002). 9. Church, D.: Formal Abstract Design Tools. gamasutra.com. (1999). 10. Alexander, C., Ishikawa, S., Silverstein, M.: A Pattern Language. Oxford University Press (1977). 11. Barwood, H., Falstein, N.: The 400 Project, http://www.theinspiracy.com/the-400-project.html. 12. Björk, S., Holopainen, J.: Patterns in Game Design (Game Development Se-ries). Charles River Media (2004). 13. Gamma, E., Helm, R., Johnson, R., Vlissides, J.: Design Patterns: Abstraction and Reuse of Object-Oriented Design. In: Software Pioneers. pp. 701–717. Springer Berlin Heidelberg, Berlin, Heidelberg (2002). 14. Rouse, R., III: The Rise and Fall and Rise Again of Game Design Rules, http://www.gamasutra.com/blogs/RichardRouseIII/20150218/236699/The_Rise_and_Fall_and_Rise_Again_of_Game_Design_Rules.php.",outputs/batch1/canonical_text_284/5ba50396ff25.txt,5ba50396ff25,"Koenitz, H. (1); Roth, C. (1); Dubbelman, T. (1); Knoller, N. (1)",,"Interactive Storytelling. 10th International Conference on Interactive Digital Storytelling, ICIDS 2017. Proceedings: LNCS 10690",10.1007/978-3-319-71027-3_29,,DM-C02,1,design | methods | human | empathy | ll | children | autobiographical | autobiographical design | users | embodied | user | method | ai | designers | role playing,Design methods — Design process and Design research,"Design process, Design research",Design methods — Design process and Design research,Provisional interpretation,Assignment frozen; interpretation requires confirmation by at least two reviewers,Contrastive phrase label with source-grounded extractive summary.,Not assigned by Path 1,Not evaluated in this statistical interpretation,Not applicable,not_applicable,,,,-1,0.0,design | methods | human | empathy | ll | children | autobiographical | autobiographical design | users | embodied | user | method | ai | designers | role playing,False,False,0,,,"This paper reports on an aspect of a long-term project to create a body of evidence-based interactive narrative design methods. In this context, we discuss aspects of formal design descriptions as a basis for a quantitative approach to verify the effects of design choices on the experience of audiences. Specifically, we discuss the notion of ‘design conventions’ by acknowledging earlier usages of the term and the related discourse in video game studies.",-8.559565,18.280079,0.15037447214126587,9,9,False,"[{'paper_id': '5661de15ea0f', 'title': 'A Typology of Design Ideas', 'cluster': 0, 'distance': 0.21790170669555664}, {'paper_id': 'd330bde18c87', 'title': 'Languaging design methods', 'cluster': 0, 'distance': 0.22511696815490723}, {'paper_id': '878cf959ac53', 'title': 'Designerly Research Methods and Researcherly Design Methods', 'cluster': 0, 'distance': 0.24666988849639893}, {'paper_id': '0a373ca87142', 'title': 'Surveying a Landscape of Ethics-Focused Design Methods', 'cluster': 0, 'distance': 0.25142431259155273}, {'paper_id': '714b3f6f8ac7', 'title': 'Degrees of Interaction: Towards a Classification', 'cluster': 2, 'distance': 0.2541661262512207}]","Subsequently, we described the extracted key know-how as 'patterns' by using the pattern language framework, and we developed a booklet listing the 30 patterns in an easy-to-reuse manner. [E1] Embodied, co-design and children-specific methods have been gaining traction in Interaction Design for Children, and their potential and benefits are well-established. [E2]"
Design methods,Evaluating the efficacy and effectiveness of design methods: A systematic review and assessment framework,"The increasingly transdisciplinary context of design, where designers collaborate with other disciplinary and domain experts, means there is a growing need to evidence the effectiveness of design methods. We address this need in two ways. First, we propose a ‘chain of evidence’, from motivation to claims, operationalising this in a systematic assessment framework. Second, we systematically review current design method research. Our results reveal that while all links in the chain of evidence are reported across the literature and best practices can be identified, no individual paper either reports all links or consistently achieves best practice. Our framework and results demonstrate the need for standards of evidence in this area, with implications for design method research, development, education, and practice. © 2023 The Authors",12,12,60c69d24c5a3_p0002;60c69d24c5a3_p0003;60c69d24c5a3_p0004;60c69d24c5a3_p0006;60c69d24c5a3_p0008;60c69d24c5a3_p0015;60c69d24c5a3_p0023;60c69d24c5a3_p0035;60c69d24c5a3_p0045;60c69d24c5a3_p0060;60c69d24c5a3_p0063;60c69d24c5a3_p0064,"systematic review T he increasingly transdisciplinary context of design, where designers collaborate with other disciplinary and domain experts, means there is a growing need to evidence the eﬀectiveness of design methods. Key questions are, what do design methods claim to achieve and what evidence are these claims based on? This comes in addition to method’s traditionally central role in design; helping to shape, describe, teach, and explain our discipline ( Roozenburg & Eekels, 1995 ; van Boeijen, Daalhuizen, & Zijlstra, 2020 ). Design methods, and their associated claims of improved performance, have reached this status by translating research insights and best practices into real-world impact via education and practice ( Blessing & Chakrabarti, 2009 ; Cantamessa, 2003 ; Daalhuizen, Person, & Gattol, 2014 ). The proposal and study of new methods arguably forms the central pillar of design research Corresponding author: Philip Cash philip.cash@ northumbria.ac.uk www.elsevier.com/locate/destud 0142-694X Design Studies 88 (2023) 101204 https://doi.org/10.1016/j.destud.2023.101204 (http://creativecommons.org/licenses/by/4.0/).

(impact). Yet, in contrast with almost all similarly important research impact mechanisms (e.g., interventions in education ( Levin & O’Donnell, 1999 )o r health (Gottfredson et al., 2015 ; Grimes & Schulz, 2002 )), there is no consolidated procedure for assessing design methods and their supporting evidence (Gray, 2022). This undermines the very foundations of design research impact and design practice’s credibility in contributing to social transformation. Design methods capture key procedural knowledge to provide ‘ a formalised representation of a design activity, which functions as a mental tool to support designers in achieving a goal, in relation to the circumstances and resources available’( Daalhuizen, Timmer, van der Welie, & Gardien, 2019 ). In this form, methods signiﬁcantly contributed to the emergence of design research as a ﬁeld in the 1960s and have continued to grow in importance across domains ( Jones, 1977; Roozenburg & Eekels, 1995 ; van Boeijen et al., 2020 ).

However, they have also formed the subject of heated debate, exacerbated by conﬂicting accounts of how methods impact practice (if at all) ( Daalhuizen & Cash, 2021 ; Dorst, 2008 ; Jones, 1992 ; Wallace, 2011 ), leading to a critical gap between the importance and credibility of design methods. This gap is rooted in the multifaceted nature of rigorous method evaluation ( Daalhuizen & Cash, 2021, Figure 3 ; Gericke, Eckert, & Stacey, 2017 , sec. 4.4) and poses a grave challenge to design research ( Lloyd, 2019 ; Meyer & Norman, 2020 ), as well as leaving numerous disciplines e ranging from health to engineering e reliant on methods built on ambiguous evidence and lacking transparency. Thus, there is a vital need to better understand how design methods and their associated claims can be assessed. To address this need we build on the recent work of Daalhuizen and Cash (2021), who deﬁned a basic understanding of ‘good’ method content, 1 and thus provide a foundation for assessing methods more generally.

1.1 Methods in design Design methods broadly serve to embody understanding of design work (Bucciarelli, 1994 ; Stappers & Sanders, 2005 ), direct design outcomes (Araujo, 2001 ), and shape design education, skill development, and practices (Andreasen, 2011; Kunrath, Cash, & Kleinsmann, 2020 ). They do this by supporting belief formation and cognition via an interaction between method content and method user, which we call ‘method use’ ( Daalhuizen & Cash, 2021 ). This interaction can range from almost complete oﬄoading (e.g., via an algorithmic, computer supported method such as a design structure matrix ( Pektas¸ & Pultar, 2006 )) to cognitively intensive (e.g., via a heuristic principle such as satisﬁcing ( Simon, 2019 )), or any combination thereof ( Daalhuizen, 2014 ). Further, the speciﬁc focus of this support and the associated claims is as varied as design itself ( Cash, Valles Gamundi, Echstrom, & Daalhuizen, 2022 ; Kumar, 2013; van Boeijen et al., 2020 ).

As highlighted above, methods have been claimed to impact all aspects of the design process, with the ultimate contribution to more successful design work and outcomes (Lewrick, Link, & Leifer, 2018, 2020). However, current approaches to evaluating method impact typically focus on method’s eﬀects at the artefact (outcome) or organisation level (Andreasen, Thorp Frey & Dym, 2006; Hansen, & Cash, 2015), and thus provide little insight into the relationship between the basic method/designer interaction and the ultimate impact. This is particularly problematic because design methods are typically heuristic in nature, and thereby enhance chances of producing desirable outcomes, rather than guaranteeing them. This means that good methods that are used properly might be discarded based on undesirable outcomes.

However, while the importance of assessing evidence has been highlighted by several authors ( Cash, 2018 ; Cross, 2012 ; Reich, 2010 ) there are few current standards for evidence evaluation in design research ( Cash, 2018). This further contrasts with ﬁelds developing interventions akin to design methods, including software engineering ( Kitchenham et al., 2004 ), management (Bansal & Corley, 2011 ), education ( Levin & O’Donnell, 1999 ), and all areas of health ( Glasgow & Emmons, 2007 ; Grimes & Schulz, 2002 ). Despite this deﬁcit in design research, there is a remarkable degree of commonality across ﬁelds, especially in relation to evaluating interventions inﬂuenced by interaction with a method user (as with design methods; Levin & O’Donnell, 1999). Hence, it is possible to build on these standards in developing an understanding of claims supporting design methods.

Element Operationalisation Description based on literature framing: i) Context Description Selection: In what context can the method be applied? This includes several dimensions: i) organisational and environmental context of use, ii) task or type of action involved, and iii) positioning or relation to the wider design process, building on various descriptions of method staging (Andreasen, Thorp Hansen, & Cash, 2015 ; Badke-Schaub, Daalhuizen, & Roozenburg, 2011 ; Gericke et al., 2017 ) framing: ii) Task Description framing: iii) Positioning Description framing: Prerequisites Required competences Multiple choice : What is needed to stage the method? This includes the prerequisites or resources necessary for successful use ( Andreasen et al., 2015 ; Badke-Schaub et al., 2011; Gericke et al., 2017 ) Required materials Required resources Required knowledge rationale Goal(s) success criteria Multiple choice : What is the performance-goal relationship for the method?

that it is to be preferably used in the pre-concept stage and as part of codesign or co-creation processes. /C15 Method Rationale: the explicit description of the performance-goal relationship and motivations underlying the goals of the method (related to Section 2.1). For example, the contextmapping method describes that it helps uncover users’ latent knowledge that helps to empathize with intended users. /C15 Method Mindset: the explicit description of the set of values, principles, underlying beliefs, and logic that inform method use. For example, the contextmapping method describes that a core value is that the people designers design for are the expert of their own experiences and that designers should respect this. Second, what is the basis for the components incorporated in the method? This follows the idea that methods embody research-based understanding of design work ( Daalhuizen, 2014 ; Gray, 2022 ; Stappers & Sanders, 2005 ).

Of the initial set of 695 records 18 were found to contain a method proposal. These were distributed across the surveyed journals: Design Studies (3), Design (3), The Design Journal (4), Journal of Design Research (0). Further, they targeted a wide range of design practices, including, ideation (3), development (10), modelling (2), and evaluation (3). Similarly, they covered an array of contexts from manufacturing and engineering design to participatory and codesign applied to everything from products to food or shared spaces. An overview of all the reviewed records is provided in Appendix Table A . Given the spread of the reviewed records and distribution across outlets we conclude that this sample provides a credible foundation for evaluating current research across the ﬁeld. 4.2 Assessing current design method research Analysing the selected records in detail revealed the proposal of 18 methods, with some methods containing multiple elements (e.g., a method and a tool) resulting in a total of 25 methodological elements.

For example, little is known about the impact of the method producer, promotor, or branding and marketing eﬀorts on user uptake. Further, designers don’t typically have time to try out multiple methods for a given project/ task, and hence need support in identifying and applying the most relevant methods to their context, yet research on this meta level is, to the authors’ knowledge, lacking. As such, a logical follow-up to this work is an examination of the evidence and reasons for method adoption amongst method users across contexts, including the impact of third-party actors in the method ecosystem, such as design consultancies or university marketing teams. Hence, key future research questions include how to understand exogenous factors impacting method perception and adoption and how method research can be tailored to engage with these without compromising quality.

infrastructure are needed to be able to achieve such quality standards reliably. Both policy makers and industry, for example, are more and more asking for evidence-based methods (Alonso et al., 2020; Design Council, 2020), which are proven to be actionable and eﬀective. This is critical if design methods are to be held up alongside methods developed in related ﬁelds such as engineering or health. We need to show non-design sectors that deal with major societal challenges that our methods candand dodmake a diﬀerence and that they deliver the promises we make. It is therefore crucial that future research continues to examine how methods are adapted and applied, how implementation can be understood in and across contexts, and how we can oﬀer compelling evidence of both methodological rigour and impact to diverse stakeholders.

We set out to better understand how design methods and their associated claims can be assessed and subsequently ground current debate on method credibility in design research. In doing so, we ﬁrst developed a systematic assessment framework for design methods ( Table 1 ) built on a logical chain of evidence from initial insights regarding the need to claimed impact (Figure 1). Based on this, we reviewed all papers published in 2020 in leading design research journals. Speciﬁcally, we examined whether papers that report new methods provide the information necessary to deﬁne and evaluate the proposed method and its development process, as well as support the claims associated with this. Our results revealed that while all links in the chain of evidence are reported across the literature and best practices can be identiﬁed for each link, no individual paper either reports all links or consistently achieves best practice.",outputs/batch1/canonical_text_284/60c69d24c5a3.txt,60c69d24c5a3,"Cash, Philip (1); Daalhuizen, Jaap (2); Hekkert, Paul (3)",2023,Design Studies,10.1016/j.destud.2023.101204,,DM-C01,0,design | methods | method | design methods | knowledge | value | research | gamification | visualization | use | process | commissioning | systemic | business models | business,Design methods — Design process and Design research,"Design process, Design research",Design methods — Design process and Design research,Provisional interpretation,Assignment frozen; interpretation requires confirmation by at least two reviewers,Contrastive phrase label with source-grounded extractive summary.,Not assigned by Path 1,Not evaluated in this statistical interpretation,Not applicable,not_applicable,,,,-1,0.0,design | methods | method | design methods | knowledge | value | research | gamification | visualization | use | process | commissioning | systemic | business models | business,False,False,0,,,"The increasingly transdisciplinary context of design, where designers collaborate with other disciplinary and domain experts, means there is a growing need to evidence the effectiveness of design methods. We address this need in two ways. First, we propose a ‘chain of evidence’, from motivation to claims, operationalising this in a systematic assessment framework. Second, we systematically review current design method research. Our results reveal that while all links in the chain of evidence are reported across the literature and best practices can be identified, no individual paper either reports all links or consistently achieves best practice. Our framework and results demonstrate the need for standards of evidence in this area, with implications for design method research, development, education, and practice. © 2023 The Authors",-6.093736,17.973461,0.06270533800125122,3,3,True,"[{'paper_id': '40a2d86cd488', 'title': 'Elements of a design method - a basis for describing and evaluating design methods', 'cluster': 0, 'distance': 0.09107190370559692}, {'paper_id': '5389fb1cc38b', 'title': 'Elements of a design method – a basis for describing and evaluating design methods', 'cluster': 0, 'distance': 0.09136837720870972}, {'paper_id': '878cf959ac53', 'title': 'Designerly Research Methods and Researcherly Design Methods', 'cluster': 0, 'distance': 0.12333983182907104}, {'paper_id': 'd330bde18c87', 'title': 'Languaging design methods', 'cluster': 0, 'distance': 0.12352311611175537}, {'paper_id': 'b5d968168f35', 'title': 'A Framework of Design Method Corroboration', 'cluster': 0, 'distance': 0.12420952320098877}]","First, we propose a ‘chain of evidence’, from motivation to claims, operationalising this in a systematic assessment framework. [E1] In this conceptual paper, we argue that there is a need for 'method corroboration'-the deliberate and reflected use and possible validation of a design method. [E3]"
Design methods,Design as Research in Landscape Architecture,"Research through design (RTD) is a frequently used concept in the daily practice of education and research in the field of landscape architecture. RTD as a concept usually refers to a research method in which spatial design plays the leading role. The underlying premise is that design is a form of research and involves a culture of thought. There is a dearth of literature addressing the act of design as a research process in the field of landscape architecture. This article contributes to the discourse by addressing how spatial design can be applied as a research strategy. We define design as a form of research and identify how design relates to other more conventional definitions of research methods. We elaborate on RTD as a concept and the types of knowledge that it generates. The article also addresses the design process and design methods in landscape architecture. Criteria for accepted, responsible research are translated into practical requirements that can guide RTD processes in academic and professional contexts. To continue developing landscape architecture as a design discipline, it is important that the theoretical, methodological, and technical foundations of spatial design are clarified and strengthened.",12,12,6e06768bb26b_p0011;6e06768bb26b_p0012;6e06768bb26b_p0013;6e06768bb26b_p0014;6e06768bb26b_p0023;6e06768bb26b_p0031;6e06768bb26b_p0037;6e06768bb26b_p0043;6e06768bb26b_p0044;6e06768bb26b_p0046;6e06768bb26b_p0050;6e06768bb26b_p0052,"In other words, design inquiry and its findings are idiosyncratic to a specific problem in a specific place at a specific time. Results and inferences of the inquiry (i.e., answers to the questions) are circumscribed by the problem set that drove pur - suit of the inquiry and the place and time wherein the inquiry was performed. Methodical action is a central theme. In addition to being an efficient way of achieving goals, it is also an important precon - dition for ensuring that others will recognize the knowledge acquired. A method exists when the following are present: (1) a conscious deed, (2) a systematic search process, and (3) questions with corresponding answers (Van Schilfgaarde, 1970). Although spatial design is usually a conscious deed, it is far from always a systematic search process in which particular questions are answered.

In many cases, design is used to solve a problem or provide a plan for future change. How can design be seen as a research strategy? To answer this question, it is im - portant to discuss the acquisition of knowledge and the background of the connection between design and research. Worldviews and the Acquisition of Knowledge There are four paradigmatic worldviews, or cohesive sets of models and theories, for the scientifically sound acquisition of knowledge (Creswell, 2009). These include: • Positivism (or postpositivism), in which knowledge is developed and tested through experimentation and observations using empirical methods. The ability to provide principally quantitative support is an important underlying dimension in this worldview. • Social-constructivism , wherein knowledge is shaped through logical reasoning in a given social and political context.

Qualitative research methods play an important role in this context. • Participatory/advocacy . Here the research inquiry is intertwined with politics and a political agenda that contains actions that may change the lives of participants, the related institutions, and the life of the researcher. Quantitative and qualitative methods can also be used in conjunction with each other (Creswell & Creswell, 2018; Creswell & Plano Clark, 2018). • Pragmatism, a perspective in which different knowledge acquisition methods (e.g., experimentation, observation, modeling) are combined in a practical way. In this worldview, there are several ways of producing valid knowledge. Lenzholzer et al. (2017) argue that design can relate to any of these worldviews. Given that the research conducted in the field of landscape architecture is always contextual, as well as application-oriented and interdisciplinary, the most obvious way to acquire knowledge is in the context of pragmatism, also referred to as mode-2 knowledge production (Gibbons et al., 2012; Nowotny et al., 2013).

Using pragmatism is fundamentally different from what is customary in natural or social sciences, in which quantitative or qualitative methods are used. In pragmatism, possible methods are combined to synergize practical-productive knowledge in a process that integrates understandings from thinking (aca - demic scholarship), creating (artisanry), and acting (practical wisdom) (de Jonge, 2009). Practical-productive knowledge can be brought into practice in some manner. In this context, the fundamental question concerning the knowledge that has been acquired does not concern whether it

Such problems are complex, uncertain, and have multiple explanations. In many cases, the exact problem is not clear in advance. Design—conceiving of a spatial solution—can help one further define problems and search for integrated solutions. The researcher-designer answers knowledge questions by visualizing/representing spatial solutions using methods related to drawing or modeling. During a design process, designers make decisions based on specialized knowledge, the context, and the situa - tion. The created design (usually in the form of a design sketch with accompanying cross sections or three-dimensional models) and with the arguments underlying the choices generate knowledge that can lead to an answer to the research question. RTD is not so much about the actual design as it is about the use of design thinking to solve problems. RTD thus involves more than simply creating a design; it is a systematic search for answers in which possible solutions are made explicit (Figure 1 ).

An effective way to communicate is by working with maps, three-dimensional drawings, cross sections, and mood images accom - panied by comments and keywords. The combination of drawings and text makes a design intelligible to third parties. An example of a method that tightly couples the creation of design proposals with GIS-based impact simulations is the geodesign framework as developed by Steinitz (2012). Geodesign as such is made up of a set of geo-information technologydriven methods and techniques for planning built and natural environments in an integrated process, and it includes project conceptualization, analysis, design specification, stakeholder participation, and collaboration. Ideas are formed, presented, and tested in a cyclical process through which the design develops. (Adapted from Zeisel, 1981.) Analytical thinking is aimed at translating and interpreting data into knowledge (discovery), and design thinking is aimed at developing new knowledge through synthesis and spatial translation (invention). (Source: After Nijhuis, 2015).

These approaches are of a functional or technical nature. In such methods, stan - dards and indicators play important roles in design, focusing primarily on programs relating to recreation (e.g., green spaces at the neighborhood, community, district, or regional level), ecology (e.g., area size, cor - ridor width, types of objectives) ( Figure 10 ), the quantity and quality of water (e.g., water safety), agriculture (e.g., urban agriculture, land use), living and working, and vehicu - lar traffic (e.g., noise standards, guidelines, capacity). The choice of the RTD approach very much depends on the objective of the research or the questions posed. In practice, a specific approach used as a starting point of the inquiry may later be expanded to include aspects of other approaches. For example, in contextual approaches, programmatic aspects need to be considered but are not used as starting point.

When regarded as research inquiry, the design process must meet five criteria to ensure integrity and validity: purposefulness, reliability, consistency, Project-based Situational Engaging in deliberation concerning the legal, political, cultural, functional, economic and ecological context of the design task. Integrated Creating a synthesis of contradictory interests, changing restrictions and conflicting agendas while working with various actors, applying diverse methods and operating in a variety of fields. Form-based Visual The development, fabrication, proposal and translation of ideas into words and images. Material The assessment, exploration and realization of qualities of landscaping schemes and technical constructions, in consideration of the aesthetic, functional and ecological consequences of design choices. Idea-based Conceptual The production of ideas and proposals with space for poetic and speculative approaches that promote imagination and unexpected proposals.

Design as Research in Landscape Architecture 99 transparency, and usability (Deming & Swaffield, 2011; Groat & Wang, 2013; Milburn et al., 2003; Yin, 2018). Purposefulness means what is being pursued (i.e., what problem should be solved) is clear. Developing a clear research objective, with questions for which answers must be identified, is an important condition for RTD. Thereafter, the design methods that could best help answer the questions can be selected. For purposes of reliability , it is important for outcomes to be verifiable and testable. On which facts or arguments are the choices based? Are the results credible and intersubjective? For the first question, it must be clear which body of knowledge is applied by the researcher-designer. Figure 11 presents an overview of a body of knowledge that landscape architects can use for research.

Consistency concerns whether the underlying principles, considerations, and choices are applied and implemented in a constant manner; the working methods are characterized by stability and unifor - mity; and the study is logically constructed and meticulously implemented. Working systematically according to a method is very important in this regard. Transparency concerns the question of whether the course of the RTD project is comprehensible. Can the process be repeated, are the research questions clear, and does the designer clearly explain how the research was conducted? Choices and outcomes should be explained explicitly and clearly in the design and accompanying notes. With regard to applicability, it is important for the outcomes of the research to be usable in practice. The knowledge that has been acquired should have tangible substance that can be implemented in a plan, project, or planning process.

Although one obviously has an idea in advance, designing around it can often improve the formulation of the objective and research questions, which must subsequently be answered. The research objective and related questions should be explicit and based on a relevant social issue that can be addressed with design expertise from a spatial designer. If the research is to be credible, it must be clear that the designer’s expertise corresponds to the content of the research. In this regard, it is important to ensure that the drawing methods and the legend correspond to the objectives, so that the answers and solutions to the questions can be read from the representation. When designing alternative scenarios, it is important to use the same type of legend and representation method to preserve an overview of the differences. Peer Review and External Review To safeguard the purposefulness, reliability, consistency, transparency, and utility of an RTD project, collegial or mutual testing (peer review) is of crucial importance, and it is inseparably bound to RTD (Bowring, 1997; Armstrong, 1999; Milburn et al., 2003; KNAW, 2010).

When answering the five questions above (from the objective to the conclusions), the content should be well documented in the form of text and make use of visual records: a logbook of drawings, scale models (or photographs of them), and diagrams. This is necessary to ensure the transparency of the process and clarify the choices. In visual thinking, outlines are often crucial to idea development. They are thus important materials that should be preserved. It is also important to describe the design process itself: which design approach was followed, and what steps were taken? It is advisable to document any dilemmas that arise in the course of the research project. Finally, it is essential to create clear design representations and report on the main points of feedback (from peers, experts, and stake - holders) that can involve quantitative and qualitative methods.",outputs/batch1/canonical_text_284/6e06768bb26b.txt,6e06768bb26b,S. Nijhuis; Jeroen de Vries,2020,Landscape Journal,,https://www.semanticscholar.org/paper/9ccbde1f4c0beea16f19aefd301adc55e39d9928,DM-C03,2,design | theory | knowledge | methods | rock | architecture | complexity | engineering | research | systems | rock engineering | design theory | building | interactive | process,Design methods — Design process and Design theory,"Design process, Design theory",Design methods — Design process and Design theory,Provisional interpretation,Assignment frozen; interpretation requires confirmation by at least two reviewers,Contrastive phrase label with source-grounded extractive summary.,Not assigned by Path 1,Not evaluated in this statistical interpretation,Not applicable,not_applicable,,,,-1,0.0,design | theory | knowledge | methods | rock | architecture | complexity | engineering | research | systems | rock engineering | design theory | building | interactive | process,False,False,0,,,"Research through design (RTD) is a frequently used concept in the daily practice of education and research in the field of landscape architecture. RTD as a concept usually refers to a research method in which spatial design plays the leading role. The underlying premise is that design is a form of research and involves a culture of thought. There is a dearth of literature addressing the act of design as a research process in the field of landscape architecture. This article contributes to the discourse by addressing how spatial design can be applied as a research strategy. We define design as a form of research and identify how design relates to other more conventional definitions of research methods. We elaborate on RTD as a concept and the types of knowledge that it generates. The article also addresses the design process and design methods in landscape architecture. Criteria for accepted, responsible research are translated into practical requirements that can guide RTD processes in academic and professional contexts. To continue developing landscape architecture as a design discipline, it is important that the theoretical, methodological, and technical foundations of spatial design are clarified and strengthened.",-7.032071,16.741056,0.08353185653686523,1,1,True,"[{'paper_id': '878cf959ac53', 'title': 'Designerly Research Methods and Researcherly Design Methods', 'cluster': 0, 'distance': 0.13690310716629028}, {'paper_id': '5611cdb5c33a', 'title': 'Generating implications for design through design research', 'cluster': 2, 'distance': 0.16217684745788574}, {'paper_id': '60c69d24c5a3', 'title': 'Evaluating the efficacy and effectiveness of design methods: A systematic review and assessment framework', 'cluster': 0, 'distance': 0.1629219651222229}, {'paper_id': '0a373ca87142', 'title': 'Surveying a Landscape of Ethics-Focused Design Methods', 'cluster': 0, 'distance': 0.16366159915924072}, {'paper_id': 'f16832406221', 'title': 'A Framework for Systemic Design', 'cluster': 0, 'distance': 0.16682374477386475}]","Our findings identify a broader range than previously described, additional sources and heuristics supporting their development as well some important evaluation criteria. [E1] This paper presents a survey on complexity theory inclusive of work from the disciplines which range from cybernetics to systems and information theory. [E3]"
Design methods,Degrees of Interaction: Towards a Classification,"In architecture various approaches have been developed do deal with changing demands on the building. The most recent development is interactive architecture. In this paper we aim to outline what interactive architecture is. First we define the type of performance behavior that an interactive building or environment has. Following, we consider the relation between the system and the user. We derive four types of relations, characterized as “perfect butler,” “partner,” “environmental,” and “wizard.” Interactive systems are composed of sensors, controllers, actuators, and materials. Various degrees of interactivity can be achieved with such systems, ranging from passive, reactive, autonomous, to agent systems. Complete with earlier discussion of design methods this provides the range of aspects that should be considered when designing interactive architecture.",12,12,714b3f6f8ac7_p0003;714b3f6f8ac7_p0004;714b3f6f8ac7_p0006;714b3f6f8ac7_p0008;714b3f6f8ac7_p0009;714b3f6f8ac7_p0010;714b3f6f8ac7_p0012;714b3f6f8ac7_p0015;714b3f6f8ac7_p0020;714b3f6f8ac7_p0021;714b3f6f8ac7_p0023;714b3f6f8ac7_p0024,"Similar approaches in this direction ac - knowledge that the building is composed of various structures that each have a different change cycle, for example site, structure, skin, services, space plan, and stuff (Bijdendijk 2005). Contrary to these approaches Kronenburg (2007) argues that static and difficult to change architecture is only a fairly recent phenom - enon, and that the majority of shelters in history have been mobile and light-weight structures – for exam - ple tents, mobile homes, and houseboats. Finally we

may notice that new developments in materials and control technologies (see Schumacher et al, 2010) al - low buildings and urban environments to become autonomous and that they can respond to change by themselves. Many of such new developments are caught under the label “interactive architecture” (Fox and Kemp 2009). This development is the main sub - ject of this paper. Change is difficult to foresee and therefore also difficult to design for. Buildings or environments that do not change can only offer optimal services for a limited bandwidth of conditions. When the condi - tions fall outside the bandwidth, the building does not perform well. The user (or society) either toler - ates such under-performance, or a decision is made to change the building or environment. Changing something usually involves (manual) labour, is costly, time demanding, and often interrupts for a long pe - riod the normal running of a building. traditional building has a bandwidth of performance which matches in a certain period with some condi - tion (for example environment, function, activities).

New Design Concepts and Strategies - eCAADe 29 567 - these conditions are mainly environmental so that the building achieves minimal energy consumption. However when a building needs to change due to dy - namically changing demands then the passive build - ing approach may not be sufficient (it may for exam - ple not be able to provide the additionally required energy to establish change). Figure 2 (right) shows the approach from an interactive building strategy: it basically curves the bandwidth of performance to make it match the outside condition. Because it is an interactive building, the capacity to change must be counted under the running costs. These are therefore high, while the change cost is zero. Compared to traditional buildings, the trade - off for interactive buildings lies in the investment to incorporate change in the running cost rather than keeping it to incidental (manual) change.

The term “dialogue” means a meaningful or functional exchange of information or action between the user and the building (more on this later in this paper). ponent, designed by Simone Giostra & Partners Ar - chitects in collaboration with Jeremy Rotsztain and Rory Nugent (2010). It is an integrated system of rotating shades with solar cells and LEDs. The LEDs effectively create a media facade, but at the same time the system functions as a shading device, as well as being self-powered because of the solar cells. Tokyo, by Teradesign Architects (2009), installation by Qosmo Inc. and Izumi Okayasu. The dynamic ar - rangement of black and white blocks on the facade displays a QR code which can be read for example by mobile phones. In this way the building can commu - nicate to the outside world. Because it displays more content, we feel that this is approaching the notion of interactive architecture.

What is interactive architecture The term “interactive architecture” is a bit mis - leading because interactive buildings as such do not exist. Buildings are composed of many parts. Some parts may be interactive and some parts are Left: the Solpix facade component (images from website [1]), 2010. Right: The N-Building, Tokyo, 2009 (images by Yuki Omori, from website [2] and [3]).

not – very likely, most of the building parts will not be interactive. It is due to the combination of such parts that a building is interactive, but it is not the building (as a whole) itself. When can we call a system then to be interactive? Modern HVAC systems for example have complex behavior, and are hooked up with the building and the environ - ment by means of sensors. Nevertheless we would hesitate to call them interactive. The purpose of the HVAC system is to maintain the quality and condi - tions of the interior of a building. Although its set - tings and purpose are geared towards the inhabit - ant, the inhabitant him- or herself does not factor in its immediate considerations. The knowledge what keeps an inhabitant comfortable is registered in the settings of the HVAC control, but as a derivate; not as the result of a direct observation or communica - tion.

This gets the job done, for sure, but again it is not what we would call interaction. However, what if the elevator was connected to the building in such a way, that it could register your location, and have some sense of your daily agenda? The first is possible through RFID tags or hooking up to the surveillance sys - tem. The second is possible by connecting to your personal scheduler (PDA or intranet system). Then, when it notices that you start moving towards the elevator and knowing that you have to go for a meeting on a different floor, it may already move itself to your floor so that you do not have to wait for the elevator. If the elevator already has this possibility just for you, then we might as well extend it to all people working in a building. This would allow the elevator system to optimize its operation in a more efficient manner than by wait - ing passively until the next person presses a but - ton (taking other people into account may imply that you still have to wait for the elevator, by the way).

The systems that enable interaction are not all the same. There are various degrees of interaction or responsiveness available in these systems. In this paper we propose the following degrees of interac - tion: passive systems, reactive systems, autonomous systems, and agent systems. Each of these degrees is described in more detail below. Passive systems A passive system basically is any system that simply reacts to outside influences by the laws of nature (physics, chemistry, biology, and so on). Its behaviour is completely determined by these laws. There is no additional influence from the object itself that will modify its behaviour in any way. Examples of passive systems are indirect lighting systems, fixed shades, and tourniquets. Even though the behavior of a passive system is completely deter - ministic, it does not mean that it displays simple be - havior or acts in a predictable way.

New Design Concepts and Strategies - eCAADe 29 571 Autonomous systems A reactive system, no matter how complex, will nev - er be able to deviate from its settings. In contrast, an autonomous system is a reactive system “with a mind of its own. ” The controlling mechanism of the autonomous system consists of three parts: a state, a set of goals, and reasoning mechanisms. The state describes the current condition of the interactive system. Basically it is a snapshot of all the impor - tant settings of the system. The goals describe the targets of the system performance; in other words, what it has to achieve. The reasoning mechanisms look at the state, derive how the state differs from the goals of the system, and then determine the most proper system reaction to reach the goals. The autonomous system then produces some action in the outside world which should bring it closer to its intended state.

Examples of autonomous systems are robot production lines and contemporary HVAC systems. Having a state in other words, therefore, enables the autonomous system to step aside as it were, and to deliberate what it should do. Contrary to a reactive system, which is completely dependent on its inter - nal settings, an autonomous system can adjust its settings. An autonomous system is thus more inde - pendent than a reactive system. Agent systems Autonomous systems by definition are always re - sponsive in the sense that they first need some input from the environment, and then they act according Consideration areas for the design of interactive architecture.

In our view, autonomous systems and agent systems are the only systems that can establish interactivity. Passive and reactive systems can only achieve this when combined together (thus effectively creating an autonomous or agent system). An interactive sys - tem design therefore has to determine two major aspects: (a) which kind of engagement (as stated in (as stated in the previous section). Having stated these goals is not enough to create interactive archi - tecture. In previous work we have outlined a number of design methods that assist in the design of inter - active architecture. These methods deal with analy - sis, concept generation, simulation, and assessment (Achten and Kopřiva 2010). Finally, interactive archi - tecture can only be established when the architect has a thorough knowledge of the required techno - logical components: sensors, controllers, actuators, and materials (see Figure 10).

For the design of interactive architecture it is necessary to take each aspect into consideration. However, which aspect is taken first, or which aspect plays the most dominant role in the design depends on the architect (team) and context of the project.",outputs/batch1/canonical_text_284/714b3f6f8ac7.txt,714b3f6f8ac7,H. Achten,2011,Proceedings of the 29th International Conference on Education and Research in Computer Aided Architectural Design in Europe (eCAADe),,https://www.semanticscholar.org/paper/0e9390e0acbae28af61e300fca19b7e400e6a211,DM-C03,2,design | theory | knowledge | methods | rock | architecture | complexity | engineering | research | systems | rock engineering | design theory | building | interactive | process,Design methods — Design process and Design theory,"Design process, Design theory",Design methods — Design process and Design theory,Provisional interpretation,Assignment frozen; interpretation requires confirmation by at least two reviewers,Contrastive phrase label with source-grounded extractive summary.,Not assigned by Path 1,Not evaluated in this statistical interpretation,Not applicable,not_applicable,,,,-1,0.0,design | theory | knowledge | methods | rock | architecture | complexity | engineering | research | systems | rock engineering | design theory | building | interactive | process,False,False,0,,,"In architecture various approaches have been developed do deal with changing demands on the building. The most recent development is interactive architecture. In this paper we aim to outline what interactive architecture is. First we define the type of performance behavior that an interactive building or environment has. Following, we consider the relation between the system and the user. We derive four types of relations, characterized as “perfect butler,” “partner,” “environmental,” and “wizard.” Interactive systems are composed of sensors, controllers, actuators, and materials. Various degrees of interactivity can be achieved with such systems, ranging from passive, reactive, autonomous, to agent systems. Complete with earlier discussion of design methods this provides the range of aspects that should be considered when designing interactive architecture.",-7.000727,15.846338,0.1337583065032959,8,8,False,"[{'paper_id': 'f16832406221', 'title': 'A Framework for Systemic Design', 'cluster': 0, 'distance': 0.2134966254234314}, {'paper_id': '6e06768bb26b', 'title': 'Design as Research in Landscape Architecture', 'cluster': 2, 'distance': 0.23073291778564453}, {'paper_id': '234ec11212b7', 'title': 'Under the umbrella: components of empathy in psychology and design', 'cluster': 1, 'distance': 0.24070370197296143}, {'paper_id': 'ac2f5510db32', 'title': 'Beyond geometric complexity: a critical review of complexity theory and how it relates to architecture engineering and construction', 'cluster': 2, 'distance': 0.24118906259536743}, {'paper_id': '94347a49c12b', 'title': 'Using System Dynamics to Construct Design Theory for Community Information Systems', 'cluster': 2, 'distance': 0.2427641749382019}]","Our findings identify a broader range than previously described, additional sources and heuristics supporting their development as well some important evaluation criteria. [E1] This paper presents a survey on complexity theory inclusive of work from the disciplines which range from cybernetics to systems and information theory. [E3]"
Design methods,A Framework for Effective Virtual Commissioning: Guiding Principles for Seamless System Integration,"Virtual commissioning (VC), defined as the simulation and testing of systems in a virtual environment before physical implementation, plays a key role in addressing the challenges of integrating and validating complex systems efficiently and effectively. This paper focuses on the topic of virtual commissioning, summarizing and organizing existing research in the field. The paper provides a comprehensive overview of various design methods and technologies currently in use. A case study of virtual commissioning is also presented within the area of the Cyber-Physical Manufacturing Systems Laboratory of the Széchenyi István University, detailing the solution steps taken. Drawing on both research and practical experience, the paper proposes a novel framework to support virtual commissioning design, referred to as the “Virtual Commissioning House” (VCH). The methodology is evaluated through comparisons with existing virtual commissioning solutions, demonstrating its effectiveness.",12,12,76669ffc8981_p0003;76669ffc8981_p0006;76669ffc8981_p0008;76669ffc8981_p0014;76669ffc8981_p0019;76669ffc8981_p0029;76669ffc8981_p0031;76669ffc8981_p0037;76669ffc8981_p0042;76669ffc8981_p0043;76669ffc8981_p0046;76669ffc8981_p0056,"Custom machine manufacturers and industrial companies are constantly looking for ways to reduce the time-to-market and time-to-commissioning of automation projects. According to Reinhart et al. [1], control system design is responsible for more than 50 percent of the functionality of automated production equipment and has become a crucial element, leading to an increase in the complexity of control logic. At present, many companies still design their production systems in a conventional, non-synchronized way. This means that the engineering results of the disciplines involved, namely mechanical, electrical, and software engineering, mostly do not converge until the commissioning stage. Further, this means that existing solutions and existing technical know-how are difficult to re-use in different applications. These factors lead to delays in the commissioning process.

The paper is structured as follows. In Section 2, existing configurations and methods of virtual commissioning are reviewed. In Section 3, prior works on virtual commissioning are analyzed and categorized. In Section 4, one specific section of the experimental production cell on which our case study is based is presented and commissioned virtually.Section 5 describes the VCH framework proposed by the authors, and Section 6 summarizes the results and limitations of the framework and the case study. Finally, conclusions are drawn and directions for further research are given in Section 7.

Real commissioning can also be hampered by unforeseen and unnecessary expenses, damage, or injury. This can affect the reputation of the manufacturing company and the condition of future orders [11,12]. Furthermore, for refurbishment projects, machine downtime, and for complete upgrades, delivery time is a key factor in the manufacturer’s market position, in which case real commissioning does not guarantee short lead times [11,12]. Moreover, the commissioning phase can take up to 25 percent of the total project time [1]. Software debugging is the main consumer of time in this phase. The virtual commissioning approach is based on digital factory applications [10]. A digital factory is a collective term for digital models, methods, and tools with integrated data management, aiming at knowledge acquisition at an early stage; accelerating the development and design process and continuously improving all structures involved throughout the development process [13].

In virtual commissioning, three different methods can be used to link the control of the manufacturing system to a simulation model that imitates the behavior of the real plant [14]: software in the loop (SiL), hardware in the loop (HiL), and hybrid commissioning (HC)—also known as reality in the loop (RiL). These methods progressively lead to real commissioning [22]. In the SiL approach, the control hardware is emulated in addition to the simulated process. It is convenient for use in both the test and design phases, as no hardware is required and software programming is accelerated. It is therefore a purely off-line analysis, where all hardware components are simulated [14,22–25]. In the HiL approach, real control hardware is linked to real-time simulation of virtual devices. This allows even complex automation tasks to be tested with the control system to be used during real commissioning.

The reason for this is that, in a corporate environment, there is no possibility to test hardware for a sufficient period of time, while in an academic environment the appropriate hardware is not always available. The second analysis (Table 2) showed that Siemens software dominates. The reason for this is that Siemens sells software and tools that provide complete coverage of automation systems, from design, through factory, production, and process simulation, to digital twins. This creates a system of tools that can be easily connected and used together.

In this case, the data are not structured. The other method is where a custom information model is created, where variables and other objects can be created as arbitrarily structured (based on predefined descriptions). In addition to testing the programs, this method can be used to test communication with higher-level devices and to prepare for communication with the digital twin. The software SiOME 2.7.2. (Siemens OPC UA Modeling Editor) was used to create the customized OPC UA information model, and after the information model had been loaded onto the PLC, the OPC UA server could be started.

The creation of the sensors comes after the material handling has been configured. Since the sensors were already attached to the system model described in this paper, determining their individual positions was not necessary. It is imperative to consider the type of sensor used during the design phase and to ensure that the appropriate sensor is configured properly. The components that need to be moved (drill, baffle, manipulator) are set once the sensors have been built and configured. Since a behavioral model is being developed, they must be configured in the same manner as the earlier ones. This enables the elimination of any mechanical defects that might still be present in the design, such as baffles that stop the workpiece at the incorrect location or prevent it from moving. The creation of the required variables is the penultimate stage.

Based on the authors’ own experiences gained in the case study and the literature review, a framework has been compiled that summarizes the key considerations and recommendations that are essential for a successful and efficient virtual commissioning (see Figure 7). The four pillars of the framework are as follows: Multidisciplinary Collaborative Design: In virtual commissioning, multidisciplinary collaboration design is the integrated method of assembling specialists from different engineering and design domains to jointly develop, model, and verify a production process or manufacturing system in a virtual environment prior to real-world physical deployment. This method improves overall system efficiency, streamlines design processes, and facilitates communication by utilizing simulation tools [8]. Simulation Environment Setup: A well-defined simulation environment is essential for accurate and reliable virtual commissioning.

In this research, our goal was to provide custom machine manufacturers—particularly manufacturers within the competitive sector—with key considerations and recommendations for implementing virtual commissioning. This goal was facilitated by the proposed VCH framework, which offers a comprehensive overview of the requisite knowledge for successful virtual commissioning. In theory, one of the primary benefits of virtual commissioning in terms of enhancing custom machine manufacturers’ competitiveness is that it can lead to significant time savings during the commissioning process. However, our literature review showed that the existing methodologies do not explicitly address the question of whether virtual com-

J. Manuf. Mater. Process. 2024, 8, 165 12 of 17 missioning can remain profitable, even while taking into consideration the associated overhead costs. Assessing this profitability is crucial, as the extra efforts associated with virtual commissioning could escalate overall project costs. Consequently, based on the VCH framework, we have developed a procedure to ascertain the break-even point for virtual commissioning, enabling the determination of its cost effectiveness. The case study showed that the VCH used can help to avoid many of the errors that occur during the design phase of a traditional commissioning project, thanks to the detailed knowledge of the whole system to be designed and the multidisciplinarity of the experts. Since the progress of both the PLC programmer and the expert using the virtual commissioning software depends on the progress of the other, it can be said that the working time of both parties is roughly equal, as the authors of this paper experienced in the case study.

Optimization efforts yield more accurate cycle times, more efficient PLC programs, and refined behavioral models, ultimately contributing to the design of a future digital shadow or twin. The case study showed the project lead time (L) of a conventional and VC approach based implementation after the conceptual design phase in Figure 9. The following observations were made about the case study: • The hardware assembly time was longer than the commissioning time: A > C • The preparation and finalization of the control logic could be completed in roughly the same time: p ≈ f

All authors have read and agreed to the published version of the manuscript. Funding: Project no. TKP2021-NVA-23 was implemented with the support provided by the Ministry of Technology and Industry of Hungary from the National Research, Development and Innovation Fund, financed under the TKP2021-NVA funding scheme. Data Availability Statement: The raw data supporting the conclusions of this article will be made available by the authors on request. Acknowledgments: The authors thank Gerg˝ o Dávid Monek for the helpful discussions on the methods and Máté Ern˝ o Tomor for technical support. Conflicts of Interest: The authors declare no conflicts of interest.",outputs/batch1/canonical_text_284/76669ffc8981.txt,76669ffc8981,Richárd Korpai; Norbert Szántó; Á. Csapó,2024,Journal of Manufacturing and Materials Processing,,https://www.semanticscholar.org/paper/97c9a4799592ce42d22539428acaa5f9ab544e51,DM-C01,0,design | methods | method | design methods | knowledge | value | research | gamification | visualization | use | process | commissioning | systemic | business models | business,Design methods — Design process and Design research,"Design process, Design research",Design methods — Design process and Design research,Provisional interpretation,Assignment frozen; interpretation requires confirmation by at least two reviewers,Contrastive phrase label with source-grounded extractive summary.,Not assigned by Path 1,Not evaluated in this statistical interpretation,Not applicable,not_applicable,,,,-1,0.0,design | methods | method | design methods | knowledge | value | research | gamification | visualization | use | process | commissioning | systemic | business models | business,False,False,0,,,"Virtual commissioning (VC), defined as the simulation and testing of systems in a virtual environment before physical implementation, plays a key role in addressing the challenges of integrating and validating complex systems efficiently and effectively. This paper focuses on the topic of virtual commissioning, summarizing and organizing existing research in the field. The paper provides a comprehensive overview of various design methods and technologies currently in use. A case study of virtual commissioning is also presented within the area of the Cyber-Physical Manufacturing Systems Laboratory of the Széchenyi István University, detailing the solution steps taken. Drawing on both research and practical experience, the paper proposes a novel framework to support virtual commissioning design, referred to as the “Virtual Commissioning House” (VCH). The methodology is evaluated through comparisons with existing virtual commissioning solutions, demonstrating its effectiveness.",-5.6440663,16.29698,0.1931077241897583,19,19,False,"[{'paper_id': 'f6588fca84f9', 'title': 'The Design Activity Framework: Investigating the Data Visualization Design Process', 'cluster': 0, 'distance': 0.2533712387084961}, {'paper_id': 'f16832406221', 'title': 'A Framework for Systemic Design', 'cluster': 0, 'distance': 0.25359243154525757}, {'paper_id': 'bee7b59885fa', 'title': 'Adapting the FBS Model of Designing for Usage-Driven Innovation Processes', 'cluster': 0, 'distance': 0.2667083740234375}, {'paper_id': '60c69d24c5a3', 'title': 'Evaluating the efficacy and effectiveness of design methods: A systematic review and assessment framework', 'cluster': 0, 'distance': 0.2673584222793579}, {'paper_id': '1416cd2b88de', 'title': 'Cross-disciplinary system value overview towards value-oriented design', 'cluster': 0, 'distance': 0.26853883266448975}]","First, we propose a ‘chain of evidence’, from motivation to claims, operationalising this in a systematic assessment framework. [E1] In this conceptual paper, we argue that there is a need for 'method corroboration'-the deliberate and reflected use and possible validation of a design method. [E3]"
Design methods,State of the Art on Robust Design Methods for Additive Manufacturing,"Additive Manufacturing (AM) technologies allow to produce functional parts with complex geometries that cannot be manufactured by conventional processes. However, the complexity of the product is increased and causes new constraints in the manufacturing process. Therefore, these new processes lead particularly to new needs in design methods. The objective of this paper is to explore and form an overall view of design methods, especially, robust design (RD) methods. Robust design is defined here as a methodology that enables to design a product with optimal performances and insensitivity to small variations of the inputs of the manufacturing process. In this contribution a state of the art of robust design methods applied to AM will be carried out.",12,12,799b06403189_p0004;799b06403189_p0005;799b06403189_p0006;799b06403189_p0007;799b06403189_p0008;799b06403189_p0009;799b06403189_p0010;799b06403189_p0011;799b06403189_p0012;799b06403189_p0013;799b06403189_p0014;799b06403189_p0015,"State of the Art on Robust Design Methods for Additive Manufacturing 81 research methodology consisted in selecting the articles that best explained the robust design of the mechanical parts. Then, an analysis of the articles will highlight their strengths. Afterwards, the authors will propose a vision of robust design for AM.

The ﬁrst English version of the Taguchi’s robust design concept has been published in 1979 [5]. In fact, Taguchi has developed a statistical method for carrying out experimental designs. It is mainly used for the product quality improvement. On the one hand, [ 6] and [7] have applied Taguchi’s method based on design of experiment (DOE) to simplify and limit the experimental approaches of their studies and therefore, reduce time and resources. On the other hand, RD means that a system’s design is done in a way that sharply reduces variations, i.e. getting the best solution that will behave as expected by the designers [8]. In addition, [9] have identiﬁed that the main principles of RD methodology are insensitivity to noise factors, awareness of variation and ﬁnally continuous applicability. Indeed, these principles need to be achieved in order to guarantee a RD methodology.

Otherwise, a manufactured product will present unwanted performance variations, as a result, it shows that the robustness of a design depends entirely on its performance variations. To avoid or at least decrease these variations, design engineers must consider them in the early stages of the design process in order to predict their effects on the product’s performance and therefore, be able to control and limit them as much as possible. In this context, [ 8] have presented a set of methods whose objective is to predict the effects of variations of the system to be designed. Firstly, they have identiﬁed independently a deterministic analysis of variations based on the conditioning of a matrix and afterwards, a statistical approach to analyze dimensional and geometric tolerances. According to the authors these methods are used for both technical and economical raisons.

However, they are based on very precise assumptions such as the linearity of the objective functions. Furthermore, particularly in structural dynamics, [ 10] proposed a RD methodology based on the coupling of stochastic multi-objective optimization with a robust condensation method with respect to structural modiﬁcations and uncertainties. The idea of this methodology is to integrate robustness as an additional objective function to be maximized. In addition, [ 10] have demonstrated the efﬁciency of their methodology in two different simulations. Firstly, the simulation of a bracket made up of an assembly of two reinforced plates and then, of a curved plate reinforced by ﬁve stiffeners. The results of this methodology present very slight performance variations caused by the uncertainties in the design parameters and a signiﬁcant gain in terms of calculation time.

82 Y . Malyani et al. insensitive to the process inputs variations such as material properties and operational conditions. Currently, the robustness is applied to simple forms, such as thin-walled shells like cylinders, cones and spheres [ 12]. However, the forms with non-uniform geometry such as the optimized parts for AM remains non-studied. Furthermore, the integration of robustness in the iterations of topological optimization might be a strong point for AM parts, however, it still applied only for conventional designs [ 13].

In this section, RD methods with adaptation to AM which mainly focus on functional improvements and the limitation of geometrical defects are presented. In the recent years, AM processes have offered enormous manufacturing capabilities and reduced manufacturing costs. However, it is often difﬁcult to have high levels of geometric and dimensional precision with some of these processes. For instance, the quality of parts manufactured by AM depends on several variables, such as the material used, process parameters and the machine technology. Due to the numerous additive processes and their rapid proliferation, designers suffer from a lack of design guidelines and standardization of best practices [ 14]. Numerous works have been done before in this framework to develop RD methodologies for AM in order to produce high quality parts. [7] have conducted a detailed research to optimize the 3D printing (3DP) manufacturing processes.

This research focused particularly on numerous process parameters, such as the layer thickness and binder setting saturation value…etc. According to the authors, these parameters mainly inﬂuence the ﬁnal part quality and accuracy. In order to limit the number of experiments of their study, the authors have used the Taguchi’s method based on DOE. The main idea of this work was to improve the quality of the produced 3DP parts and reduce their building time while keeping optimal manufacturing costs. The results were relevant whether at the level of building time and accuracy error which have been reduced, beside the increasing of the ﬂexural stress at the level of strength. Despite these improvements, this study still only adapted for rapid prototyping parts, an extra effort is therefore needed to extend it for end-use parts. Another RD methodology was proposed by [3] which combines three concepts; Taguchi design of experiments (DOE), multi objective optimization and statistical process control (SPC).

The authors have demonstrated the effectiveness of their combined methodology to assess AM feasibility and robustness for direct component manufacturing of a typical ABS injection moulded plastic part. This work has better encompassed almost all the contributions of RD for AM by providing relevant case studies results about three different AM processes. However, this work needs to be completed by projecting it on multi-components products, while considering the noise factors and interaction between the process variables. AM technology and structural optimization technology have been recently well integrated in the works of [15]. Thus, they have demonstrated the effectiveness of their structural optimization design approach based on SLM for thin-walled antenna bracket. The proposed design approach for the antenna bracket might be further improved in the future by exploiting Wang’s work [13].

State of the Art on Robust Design Methods for Additive Manufacturing 83 suggested to choose the most suitable path according to the designer’s objectives (e.g. minimize the calculation time, obtain the best mechanical behavior or obtain the lowest mass). The results obtained during this work were relevant for mechanisms with an open loop kinematic chain and to minimize mass as an objective and minimize displacement as a constraint. To complete this research, it would be more interesting to conduct a study of complex systems with closed loop kinematic chains with other objectives and constraints of topological optimization. To sum up, the Table 1 gives an overview about the works previously cited. Reference Methods type Proven for AM? For which AM process?

Advantages Drawbacks Applicable to an assembly? [3] Robust design & Taguchi method Ye s Stereolithography; Polyjet and laser sintering Give guidelines for machines Automation of process parameters selection Does not include noise factors Limited for simple parts No [7] Taguchi method Ye s 3D printing Optimize process parameters Consider noise factors Limited for simple parts Limited for RP technologies No [8] Robust design No – Predict the effects of variations of a system B a s e do nv e r y precise assumptions Ye s [10] Robust design No – Integrate robustness as an objective function to maximize Need to be adapted for AM products Ye s [11] Robust design No – Provide guidelines for the designers Need to be proven for AM technologies Ye s [12] Numerical design approach No – Analyze the buckling behavior of critical shell structures Need to be proven for AM’s optimized parts No [15] Structural optimization design Ye s SLM Improve the natural frequency and dynamic characteristics Need to be applied for multi-body components No

This paper presents a state of the art of robust design methods for simple parts and products and gives some deﬁnitions and principles of RD and the Taguchi method. Firstly, this contribution has presented a set of robust design methods applied in different domains such as dimensional and geometric tolerances domain, structural dynamics and tolerance compensation. The second part of this state of art dealt with RD methods with adaptation to additive manufacturing. Generally, it is clearly noticed that some

84 Y . Malyani et al. of the exiting RD methods are not adapted to multi-body systems (e.g. [ 3, 7, 12] and [15]), and some of them are not proven yet for AM technologies (e.g. [ 8, 10–12] and [13]). In addition, the majority of these methods have not been combined yet. Table 1 visualizes the characteristics of the different methods presented in this work and gives their advantages and drawbacks. Obviously, this article has highlighted the gaps in the literature, this will offer new perspectives of research. That is why the next work will be focused on the development of a robust additive design methodology allowing to achieve all the advantages of most AM processes. This methodology will be studied at the ﬁrst time on a simple part, in which an industrial case study will be carried out and then, this methodology will be improved in order to perform multi-components systems design.",outputs/batch1/canonical_text_284/799b06403189.txt,799b06403189,Y. Malyani; M. Orquéra; D. Millet,2020,Lecture Notes in Mechanical Engineering,,https://www.semanticscholar.org/paper/5d5004424041e3ab71ae951f9013b54439ee2cf7,DM-C01,0,design | methods | method | design methods | knowledge | value | research | gamification | visualization | use | process | commissioning | systemic | business models | business,Design methods — Design process and Design research,"Design process, Design research",Design methods — Design process and Design research,Provisional interpretation,Assignment frozen; interpretation requires confirmation by at least two reviewers,Contrastive phrase label with source-grounded extractive summary.,Not assigned by Path 1,Not evaluated in this statistical interpretation,Not applicable,not_applicable,,,,-1,0.0,design | methods | method | design methods | knowledge | value | research | gamification | visualization | use | process | commissioning | systemic | business models | business,False,False,0,,,"Additive Manufacturing (AM) technologies allow to produce functional parts with complex geometries that cannot be manufactured by conventional processes. However, the complexity of the product is increased and causes new constraints in the manufacturing process. Therefore, these new processes lead particularly to new needs in design methods. The objective of this paper is to explore and form an overall view of design methods, especially, robust design (RD) methods. Robust design is defined here as a methodology that enables to design a product with optimal performances and insensitivity to small variations of the inputs of the manufacturing process. In this contribution a state of the art of robust design methods applied to AM will be carried out.",-6.432918,18.195215,0.1702389121055603,18,18,False,"[{'paper_id': '60c69d24c5a3', 'title': 'Evaluating the efficacy and effectiveness of design methods: A systematic review and assessment framework', 'cluster': 0, 'distance': 0.2275424599647522}, {'paper_id': '40a2d86cd488', 'title': 'Elements of a design method - a basis for describing and evaluating design methods', 'cluster': 0, 'distance': 0.2393805980682373}, {'paper_id': '5389fb1cc38b', 'title': 'Elements of a design method – a basis for describing and evaluating design methods', 'cluster': 0, 'distance': 0.24054491519927979}, {'paper_id': 'b5d968168f35', 'title': 'A Framework of Design Method Corroboration', 'cluster': 0, 'distance': 0.24458825588226318}, {'paper_id': 'f16832406221', 'title': 'A Framework for Systemic Design', 'cluster': 0, 'distance': 0.2452029585838318}]","First, we propose a ‘chain of evidence’, from motivation to claims, operationalising this in a systematic assessment framework. [E1] In this conceptual paper, we argue that there is a need for 'method corroboration'-the deliberate and reflected use and possible validation of a design method. [E3]"
Design methods,Think-4-EmCoDe framework: Highlighting key qualities in embodied co-design techniques for children,"Embodied, co-design and children-specific methods have been gaining traction in Interaction Design for Children, and their potential and benefits are well-established. Yet methods at the intersection of all three areas are scarcer. In addition, design researchers lack tools for the analysis and adaptation of existing methods, and the creation of new ones to suit the particularities of the design project at hand. Here, we present theThink-4-EmCoDe frameworkfor the design and analysis of embodied co-design methods and techniques for children, which foregrounds key qualities in embodied interaction design research:(1) embodied awareness; (2) reflective imaginary; (3) emergence; (4) embodied memory; (5) situated relationality; (6) contingency; (7) playful engagement; (8) play practice; (9) developmental scaffolds; and (10) social dialogue.The framework has been developed drawing from several theories, methods, and frameworks in the areas of co-design and embodied design approaches. This framework allows designers to focus on both general design qualities for embodied experiences and the specific child perspective. We illustrate the use of the framework through the analysis of three design techniques and discuss its potential as an inspirational tool to understand, adapt and refine embodied co-design techniques for children. All rights reserved Elsevier.",12,12,7e095752d24c_p0004;7e095752d24c_p0008;7e095752d24c_p0013;7e095752d24c_p0015;7e095752d24c_p0016;7e095752d24c_p0018;7e095752d24c_p0020;7e095752d24c_p0021;7e095752d24c_p0033;7e095752d24c_p0034;7e095752d24c_p0046;7e095752d24c_p0089,"The benefits of involving children as co-designers have long been acknowledged in the Child-Computer Interaction community ( Druin, 1999 ; Iversen & Dindler, 2013 ; Scaife et al., 1997b ). Particularly, when working with children, adult designers cannot rely on their own child - hood experiences to inform technological designs ( Yip et al., 2017 ). Children contribute with their own perspectives on body sensations, feelings, emotions, needs, and personal motivations around experiential artifacts. In the design for interactive technologies, designers can benefit from children ’ s expertise in “ playfulness and natural movement ” ( Schaper et al., 2019 ) because they are used to constructing knowledge and meaning by exploring the world through their own bodies ( Acker - mann, 2004 ). However, selecting the right technique or method, adapting it to fit the purposes of the research project at hand, making the process age-adequate, and creating a new method are not trivial.

Finally, interaction design practices can benefit from an embodied approach in general, despite the final interactive experi - ence not being an embodied experience. For example, embodied design methods, leverage and make the most of the hands-on physical involvement of designers, making sure that their sensorial, felt and lived experiences shape the design process and outcomes. In this work, we focus on embodied interaction as “ the creation, manipulation, and sharing of meaning through engaged interaction with artifacts ” ( Dour - ish, 2001 ) and the fact that tangible interaction is embedded in real space ( Hornecker, 2010 ). In other words, our research draws on ap - proaches that investigate the tangible, social and spatial interactions between humans, physical objects and interactive environments. In this paper, we contribute to research at the intersection of embodied, co-design and children-specific methods through a frame - work that provides researchers and designers with lenses to critically reflect upon and work with embodied design techniques for children.

Building on Merleau-Ponty ’ s theoretical standpoint, Hummel et van Dijks (2015) introduced a set of design principles for developing embodied sense - making technology as design scaffolds. The aim was to support social coordination in action and mutual inspiration between design partners. Frameworks that propose concrete practices and activities based on the notion of embodiment to facilitate the design process are, for instance, Wilde et al. (2017) work who explored an approach consisting of evocative questions to describe the fundamental properties of embodied ideation methods. These questions focused on features related to the ways in which design techniques can disrupt and destabilize practitioners ’ performance of a task and their significance in terms of the emergence and embodiment of an idea. Malinverni (2016) presented a framework aimed at helping the interaction designer to switch per - spectives and look at general design aspects of this interaction paradigm from a multitude of angles.

We argue that frameworks in embodied interaction for children need to address both the theoretical concepts of embodied interaction design and the involvement of chil - dren directly in experiencing, feeling and thinking through the body. The examples above provide interesting lenses to look at embodied interaction experiences and embodied design techniques. However, most frameworks have been developed for adult users and are often not equally applicable to children. Thus, our goal is to provide a framework for the design and analysis of embodied co-design methods and tech - niques for children that address children ’ s specific needs and scaffold their age-specific abilities and skills as co-designers of embodied expe - riences. At the same time, children often struggle to explain their interaction design ideas to adults. It is well known that children are not young adults ( Read & Markopoulos, 2013 ).

As Pine et al. (2004) explained, it is particularly difficult for children until nine years old to produce explanations for their gestures due to their limited linguistic competence. At the same time, as Frauenberger and Good (2012) describe, interpretative approaches to younger children ’ s input are often “ prone to be unduly biased by the expectations and goals of the de - signers ” . The authors worked with children between five and seven years old. The focus on embodied design methods may reduce the risk of biased interpretations by allowing children to engage and communicate their design ideas and contributions in multiple ways than only verbally. In the next section, we will present our approach to address these challenges in a single framework.

The Think-4-EmCoDe framework builds on several theories, methods and frameworks presented below (see also Table 1). In this section, we describe how the framework was developed by exploring its application on different exemplary design methods. Development of the framework The first author revised and identified 10 core concepts in related work that could constitute our framework. The selected core concepts were then presented to the third and fourth authors and during several meetings discussed and refined. Subsequently, the first author identified frameworks that used these core concepts and scrutinized their appro - priateness as reflective tools to understand the selected concepts. These discussions yielded 10 design qualities compiling concepts from different theories, methods and frameworks. Each of the qualities responded to one core concept that was identified previously (Table 1).

In the first meeting, we Core concepts to consider in the development of embodied co-design techniques. Theoretical branch Core concepts Design Qualities Phenomenology - Svanæs (2013) used Merleau-Ponty’s analysis of perception and felt-experience: embodied perception; - Hummels and van Dijk (2015) framework; quality: 1st Person Perspective Provide children with opportunities to feel body sensations in relation to a specific environment/situation because they make sense by interacting in the world through the body. Q1: Embodied - Hummels and van Dijks’ (2015) framework: qualities: Interactive Imagery and Cognitive Scaffolds; - Wilde et al.’s (2017) framework for Embodied Ideation Methods; qualities: disruption and destabilization; - Malinverni et al. (2016) reflections upon the transformation of embodied experience into ‘an-object-to-think-with’ Consider dynamics that allow children to reflect on their lived experience when using a technique because it allows children to experiment with different perspectives and transform them into knowledge.

Q2: Reflective Imaginary - Wilde et al.’s (2017) framework for Embodied Ideation Methods; qualities: emergence and embodiment Consider design thinking as embodied process of the lived experience because children use their bodies as an instrument to think with. Q3: Emergence - Svanæs (2013) used Merleau-Ponty’s analysis of perception and felt-experience: kinaesthetic creativity; - Hummels and van Dijks’ (2015) framework: quality: Traces Support children in the translation of immaterial knowledge into visual, tactile and somato-sensory forms because they may express their thoughts in different embodied ways than adults. Q4: Embodied Memory - Merleau-Ponty’s (1962) concept of the “lived body”; - Malinverni (2016) framework on design qualities for embodied interactive experiences Consider the impact of the social and physical context on children’s sensorimotor experiences and body actions because they are tightly linked to children’s understanding of the world.

The phenomenological perspective on design provides means of engaging children in different ways with the design experience, experimenting with it and transforming it into an object of knowledge (Malinverni et al., 2016). From the work in embodied interaction design presented above (Chapter 2), we found hardly any framework that was built on these child-specific core aspects (Table 1). With the exception of the FUBI - method (Schaper et al. 2019) that provides stepwise guidelines for using research methods to guide an iterative process and make adequate design choices in Full-Body Interaction design with children. The main focus of the method lies on helping intergenerational design teams in learning how to use their body to express interaction design ideas, to transfer intangible outcomes into tangible prototypes and evaluate the potential of embodied interactive experiences.

The method also allows design teams to reflect upon their expectations and values that they bring into the design process related to children’s participation, learning goals and context appropriateness. Despite the important contribution as framework in this field, the method has shown limitations in offering reflective tools to make refinement on the design techniques employed within the design process. Malinverni et al. (2016) described possible paths through which children can transform embodied experience into an ‘object–to-think-with’ and delineate the different resources for meaning making that they employed. Malinverni (2016) also argued for the need of a contingent enhancement of the user’s sensorimotor expe - rience through digital technology, i.e. the creation of meaning aug - mentations through combining body actions, the physical world and the digital stimuli.

Van Mechelen et al. (2016) pro - posed the GLID method to increase internal rigour and transparency in co-design practices and go beyond the surface level of ideas by identi - fying participants ’ values embedded in design outcomes. Schaper et al. (2018) highlighted the need to consider stakeholder ’ s assumptions on children ’ s participation in the design as a means to establish collective values among stakeholders and to better empower children in the design process. Despite this rich panorama of frameworks, we have shown that only a few researchers ( Schaper et al., 2019 ; Walsh et al., 2013 ) tackled the challenge to provide approaches that merge the intersection of embodied interaction, co-design and child-specific methods. Thus, the goal of this article is to provide the Child-Computer Interaction com - munity with a novel framework that complements existing approaches in embodied interaction co-design research.

The Think-4-EmCoDe framework is a tool that foregrounds key as - pects of embodied, co-design and children-specific methods by drawing on the benefits of an intersection of these three areas. It can be used retrospectively to articulate and describe the technique, and to under - stand the observed behavior in relation to their constitutive aspects. The framework facilitates reflection and evaluation of the technique by pointing to its strengths and weaknesses ( Fig. 3 ). This analytical process may be relevant for researchers and designers to evaluate if they selected the right technique in relation to the design goals or how to adjust it to fit the purposes of the research project. We contend that the shortage or abundance of qualities needs to be assessed based on the goal and knowledge sought, and contextual contingencies of the project, including the stage of the design process, and logistic and time",outputs/batch1/canonical_text_284/7e095752d24c.txt,7e095752d24c,"Schaper, M.-M. (1); Márquez Segura, E. (2); Malinverni, L. (3); Pares, N. (4)",,International Journal of Human-Computer Studies,10.1016/j.ijhcs.2023.103065,,DM-C02,1,design | methods | human | empathy | ll | children | autobiographical | autobiographical design | users | embodied | user | method | ai | designers | role playing,Design methods — Design process and Design research,"Design process, Design research",Design methods — Design process and Design research,Provisional interpretation,Assignment frozen; interpretation requires confirmation by at least two reviewers,Contrastive phrase label with source-grounded extractive summary.,Not assigned by Path 1,Not evaluated in this statistical interpretation,Not applicable,not_applicable,,,,-1,0.0,design | methods | human | empathy | ll | children | autobiographical | autobiographical design | users | embodied | user | method | ai | designers | role playing,False,False,0,,,"Embodied, co-design and children-specific methods have been gaining traction in Interaction Design for Children, and their potential and benefits are well-established. Yet methods at the intersection of all three areas are scarcer. In addition, design researchers lack tools for the analysis and adaptation of existing methods, and the creation of new ones to suit the particularities of the design project at hand. Here, we present theThink-4-EmCoDe frameworkfor the design and analysis of embodied co-design methods and techniques for children, which foregrounds key qualities in embodied interaction design research:(1) embodied awareness; (2) reflective imaginary; (3) emergence; (4) embodied memory; (5) situated relationality; (6) contingency; (7) playful engagement; (8) play practice; (9) developmental scaffolds; and (10) social dialogue.The framework has been developed drawing from several theories, methods, and frameworks in the areas of co-design and embodied design approaches. This framework allows designers to focus on both general design qualities for embodied experiences and the specific child perspective. We illustrate the use of the framework through the analysis of three design techniques and discuss its potential as an inspirational tool to understand, adapt and refine embodied co-design techniques for children. All rights reserved Elsevier.",-8.390698,15.279071,0.13238584995269775,6,6,False,"[{'paper_id': '234ec11212b7', 'title': 'Under the umbrella: components of empathy in psychology and design', 'cluster': 1, 'distance': 0.2086198925971985}, {'paper_id': 'b8c02b0994bd', 'title': ""The Designer's Body as Resource in Design: Exploring Combinations of Point-of-view and Tense"", 'cluster': 1, 'distance': 0.21213096380233765}, {'paper_id': 'f16832406221', 'title': 'A Framework for Systemic Design', 'cluster': 0, 'distance': 0.22945189476013184}, {'paper_id': '0a373ca87142', 'title': 'Surveying a Landscape of Ethics-Focused Design Methods', 'cluster': 0, 'distance': 0.23387837409973145}, {'paper_id': 'b2234ef79a5a', 'title': ""Tracing situated effects of innovative design methods: inexperienced designers' practices"", 'cluster': 1, 'distance': 0.2452617883682251}]","Subsequently, we described the extracted key know-how as 'patterns' by using the pattern language framework, and we developed a booklet listing the 30 patterns in an easy-to-reuse manner. [E1] Embodied, co-design and children-specific methods have been gaining traction in Interaction Design for Children, and their potential and benefits are well-established. [E2]"
Design methods,Autobiographical design in HCI research: designing and learning through use-it-yourself,"Designing a system with yourself as a target user and evaluating the design through your own self-usage is commonly considered a questionable approach in HCI research. Perhaps for this reason, HCI research including extensive self-usage of a design is underdocumented. Yet such self-usage does happen and many researchers have found great value in the lessons learned from it. Our goal in this paper is to bring these hidden practices to light and offer guidelines for how HCI researchers can usefully engage in what we term 'autobiographical design'---design research drawing on extensive, genuine usage by those creating or building a system. Through interviews with HCI experts who have engaged in variations of autobiographical design, we draw out the possibilities and limitations of autobiographical design methods and lay out best practices for its use as an HCI research method.",12,12,7ebbe03ea0d8_p0003;7ebbe03ea0d8_p0004;7ebbe03ea0d8_p0008;7ebbe03ea0d8_p0014;7ebbe03ea0d8_p0029;7ebbe03ea0d8_p0030;7ebbe03ea0d8_p0038;7ebbe03ea0d8_p0046;7ebbe03ea0d8_p0050;7ebbe03ea0d8_p0052;7ebbe03ea0d8_p0054;7ebbe03ea0d8_p0055,"User-centered design is a cornerstone of the field of HCI, since incorporating users in the design process can lead to better systems [35]. There are many methods for incorporating end users into design research, ranging from participatory design to lab or field evaluations [35]. There are also design methods that focus on individual, idiosyncratic experiences as a basis for design. Cooper, for example, emphasizes “designing for one” through creating personas, or fictional characterizations of specific users [11]. Others argue that designers should focus on nontypical users such as extreme characters [14], atypical user groups [23], or lead users [42] as a source of innovation. But what about when those individual users are the researchers or designers themselves? Nobody would contest that designers, developers, and researchers frequently use their own systems during design in order to test concepts, learn through actual usage, or find and fix software bugs.

In fact, many would argue this is an important step before putting the design before other end users. Though never truly formalized as a research method, such “eat your own dog food” methods have been applied in industry for years [10,15]. Beyond this, some systems are used throughout their design based on designers’ or researchers’ real needs. For example, early research from CSCW reported many lessons from media spaces based on technologists’ use of their own systems or that of their colleagues, based on intensive and authentic self-usage (e.g., [7,16,33]). Despite these examples of learning and designing through self-usage, we know of few accounts of this as a reported HCI research method (the notable exception is [17]). In fact, HCI research methodologies focusing on researchers’ own experiences as users of a system may seem heretical to both the ethical goal of user-centered design and the epistemological goal of basing research in HCI on objective, third-party knowledge.

years to design and evaluate a social system for the workplace [5]. Our stance in coming to autobiographical design was different; Sengers had intended this as a central concept of her project, while Neustaedter had used autobiographical design simply as an early exploratory method and was surprised to discover how much he learned. While our experiences had clearly demonstrated value in autobiographical design, our case studies were not enough to understand the full scope, possibilities, and limitations of the method. Thus, we interviewed other HCI experts who engaged in self-usage as part of their design research. Based on our interviews and our own experiences, we analyze the strengths and weaknesses of the method, articulate best practices for applying the method, and argue that, and under which circumstances, autobiographical design can be a useful and suitable HCI research method.

Nevertheless, we highlight that our goal was not to find average or typical results, but rather to identify and integrate or contrast experts’ insights to help us understand the process of autobiographical design better. The number of interviewees does not, and is not intended to, support statistical reasoning. Our results are divided into three sections: (1) design practices that people commonly use as part of an autobiographical design approach; (2) types of knowledge people felt was possible and impossible to achieve through self-usage in design; (3) how respondents experienced ethical dimensions of autobiographical design.

In HCI, evaluation with other users is the gold standard for establishing knowledge about a system. Yet our respondents felt that they had learned a great deal by trying a system themselves, although the nature of the knowledge sometimes differed from third-party evaluations. In this section, we describe how and what respondents felt it is possible to learn from using systems themselves. Autobiographical design doesn’t prove generalizability All respondents emphasized strongly that one thing that autobiographical design can not do is produce results known to be generalizable to a broader community of users. Certainly other people may appropriate a technology in unexpected ways, or a technology’s design may be too tied to one person’s practices. This occurred in system designs by Erickson, Greenberg, and Abowd where the final system was tied closely to their idiosyncratic needs, rather than that of a larger audience.

Building on this, Erickson argues for other approaches to complement autobiographical design: “What you really want to do is get people to do autobiographical design and have them be able to say, okay, I know I am doing this for myself, I know one of the almost inevitable consequences of this is that its going to work really well for me but there are going to be other users or teams that use it in ways that I don’t expect and so what can I do to think about ways to generalize it. You can do everything from traditional methods like heuristic evaluation... you can do end user testing… there are lots of ways to address some of the shortcomings of autobiographical design as long as you’re aware of the shortcomings in the first place.” Gaver suggests that autobiographical design provides other worthy lessons not focused on generalizability. “[I]f what you’re trying to do with it is to generalize to other people and… make a product or something like that, then yeah, you want to test it out with other people.

In this section, we describe how respondents experienced ethical aspects of autobiographical design. Autobiographical design leads to ethical struggles Daston argues that throughout the history of science, the production of scientific knowledge has been tied to ideas around moral norms for the behavior of scientists [12]. It was not our intention to interview respondents about the ethics of autobiographical design, yet epistemological concerns of what one can know through autobiographical design were tightly coupled in our respondents’ comments to ethical concerns. Are researchers ‘cheating' when they test on themselves? Is autobiographical design inherently biased through personal motivation? While our respondents generally felt the answer to these questions, at least under the correct circumstances, was no, they still struggled with them.

In understanding the implications of autobiographical design, we first draw a distinction between design practice that focuses on creating innovative designs, and design research that also produces new social, cultural, and/or technical understanding through design and its evaluation [45]. While the focus of our paper is on the latter—design research in HCI—it is valuable to contrast this with the role of self-usage in design practice. It is common in the design community for designers to rely on their own design intuition when creating new products and many will use their own designs in early design stages. Some might call this ‘dogfooding’ and others simply call it ‘design.’ Here designers utilize a repertoire of (often tacit) knowledge learned through years of schooling and/or professional experience to guide their design decisions [40].

It does not prove that a system can or will be widely adopted. Neither does it establish generalizability, although this is equally true for many qualitative research methods, such as ethnography, case studies, or participatory workshops. In order to see if a design works for others, it can be helpful to conduct broader studies using other methods. W e note, however, that our experts described forms of systematic understanding available through self-usage alone, suggesting that broader usability trials should not be a requirement for publishing an autobiographical design. Certainly autobiographical design has always been, and will continue to be, a useful, informal tool in early design practice. The question is how to make it a welcome part of HCI design research. Like any HCI research method, autobiographical design could certainly be faked; overenthusiasm for a design idea could lead to overreporting or perhaps even making up usage and design usefulness. Clearly, issues such as these motivated respondents’ concerns about the ethics of autobiographical design. Yet these concerns demonstrated also how tightly

We would argue that the real difference between self-usage as a semi-reliable way to gain some early understanding and self-usage that can be accepted as a reliable HCI research method is some degree of rigor. By rigor, we do not refer to scientific rigor nor to scientific method , but rather to careful, critical reflection on one’s work processes. Greenberg and Buxton argue that, when validating one’s work, “At a minimum, authors should critique the design: why things were done, what they learned, expected problems, how it fits in the broader context of both prior art and situated context, what is to be done next, and so on” [20]. This certainly applies to autobiographical design. In addition, rigor is maintained when both researchers and reviewers are aware of and respect the unique hallmarks of quality of autobiographical design research.

In some cases, it might be helpful to automatically log design usage to more accurately determine which features are actually being used and how often. The authors particularly found blogs shared by project participants helpful for reflecting in action on experiences with the system. We recognize that other HCI research methodologies can provide understandings similar to autobiographical design. For example, ethnographic methods focus on the articulation of cultural practices over long periods of time including reports on the ethnographer’s own experiences while culturally immersed. This is similar in some ways to autobiographical design; however, ethnography does not typically include design work or design iteration. Like autobiographical design, designerly techniques such as cultural probes [19] can provide design inspiration and sometimes even experiential understanding.

However, autobiographical design includes the actual creation and iteration of a design as part of its methodological process, whereas cultural probes do not. This is not to say that autobiographical design is better than these and other research methods, but that it has its own strengths and properties.",outputs/batch1/canonical_text_284/7ebbe03ea0d8.txt,7ebbe03ea0d8,"Neustaedter, Carman and Sengers, Phoebe",2012,Proceedings of the Designing Interactive Systems Conference,10.1145/2317956.2318034,https://doi.org/10.1145/2317956.2318034,DM-C02,1,design | methods | human | empathy | ll | children | autobiographical | autobiographical design | users | embodied | user | method | ai | designers | role playing,Design methods — Design process and Design research,"Design process, Design research",Design methods — Design process and Design research,Provisional interpretation,Assignment frozen; interpretation requires confirmation by at least two reviewers,Contrastive phrase label with source-grounded extractive summary.,Not assigned by Path 1,Not evaluated in this statistical interpretation,Not applicable,not_applicable,,,,-1,0.0,design | methods | human | empathy | ll | children | autobiographical | autobiographical design | users | embodied | user | method | ai | designers | role playing,False,False,0,,,"Designing a system with yourself as a target user and evaluating the design through your own self-usage is commonly considered a questionable approach in HCI research. Perhaps for this reason, HCI research including extensive self-usage of a design is underdocumented. Yet such self-usage does happen and many researchers have found great value in the lessons learned from it. Our goal in this paper is to bring these hidden practices to light and offer guidelines for how HCI researchers can usefully engage in what we term 'autobiographical design'---design research drawing on extensive, genuine usage by those creating or building a system. Through interviews with HCI experts who have engaged in variations of autobiographical design, we draw out the possibilities and limitations of autobiographical design methods and lay out best practices for its use as an HCI research method.",-8.019663,17.068302,0.13521885871887207,7,7,False,"[{'paper_id': '5611cdb5c33a', 'title': 'Generating implications for design through design research', 'cluster': 2, 'distance': 0.20554399490356445}, {'paper_id': '878cf959ac53', 'title': 'Designerly Research Methods and Researcherly Design Methods', 'cluster': 0, 'distance': 0.20732128620147705}, {'paper_id': '0a373ca87142', 'title': 'Surveying a Landscape of Ethics-Focused Design Methods', 'cluster': 0, 'distance': 0.23100745677947998}, {'paper_id': '40a2d86cd488', 'title': 'Elements of a design method - a basis for describing and evaluating design methods', 'cluster': 0, 'distance': 0.232793390750885}, {'paper_id': 'f47226c43979', 'title': 'The Human-Centredness Metric: Early Assessment of the Quality of Human-Centred Design Activities', 'cluster': 1, 'distance': 0.2334425449371338}]","Subsequently, we described the extracted key know-how as 'patterns' by using the pattern language framework, and we developed a booklet listing the 30 patterns in an easy-to-reuse manner. [E1] Embodied, co-design and children-specific methods have been gaining traction in Interaction Design for Children, and their potential and benefits are well-established. [E2]"
Design methods,How to gamify? A method for designing gamification,"During recent years, gamification has become a popular method of enriching information technologies. Several business analysts have made promising predictions about penetration of gamification, however, it has also been estimated that most gamification efforts will fail due to poor understanding of how gamification should be designed and implemented. Therefore, in this paper we seek to advance the understanding of best practices related to the gamification design process. We approach this research problem via a design science research approach; firstly, by synthesizing the current body of literature on gamification design methods and interviewing 25 gamification experts. Secondly, we develop a method for gamification design, based on the gathered knowledge. Finally, we conduct an evaluation of the method via interviews of 10 gamification experts. The results indicate that the developed method is comprehensive, complete and provides practical utility. We deliver a comprehensive overview of gamification guidelines and shed novel insights into the overall nature of the gamification development and design discourse. © 2017 Proceedings of the Annual Hawaii International Conference on System Sciences. All rights reserved.",12,12,858cd2d5608b_p0005;858cd2d5608b_p0006;858cd2d5608b_p0008;858cd2d5608b_p0009;858cd2d5608b_p0012;858cd2d5608b_p0013;858cd2d5608b_p0019;858cd2d5608b_p0027;858cd2d5608b_p0028;858cd2d5608b_p0031;858cd2d5608b_p0032;858cd2d5608b_p0033,"In this sense, the frameworks do not draw on each other but rather inhabit separated areas. Therefore, in this paper we seek to advance the understanding of best practices related to the gamifica-tion design process. Applying design science, we approach this research gap via combination and synthesis of the current isolated gamification design frameworks, as well as by interviews with gamification experts on their actual practice. Secondly, we develop a method grounded in this knowledge using method engineering [4] and derive requirements for gamifica-tion projects. Finally, we evaluate the proposed gamification framework based on semi-structured interviews with 10 gamification experts and discuss our findings. URI: http://hdl.handle.net/10125/41308

2. Data and methods Given the study’s focus, we opt for a design science research (DSR) approach [19, 26] implying that the research process consists of two primary modes of investigation and their interplay: 1) developing/ building theory-ingrained artifacts and 2) evaluation of the developed artifacts. More specifically, in the context of the present study the developed artifact is a method for designing gamification approaches. The evaluation phase is based on interview investigations. In order to develop a holistic perspective on the subject matter and in order to derive the corresponding requirements, this study relies on multiple sources of data. Since the process of gamification is relevant to both, practitioners and academics, we also collected insights from both realms. We extracted the scholarly experiences from the literature (practitioner and academic outlets) and experiences from practitioners through interviews.

In the following step, we removed duplicates and excluded articles based on title, resulting in 247 articles. A review of the abstracts reduced the number of articles to 35. Through a backward and forward search [38] we identified another 26 potentially relevant articles. We applied the same inclusion and exclusion criteria to focus on articles that present either a process model, articulate specific requirements or present other relevant information for the design of gamification. Consequently, another 5 articles were added to the literature pool. Thus, we consider a list of 41 (35 from the literature search +5 from back and forward searches) articles that include relevant information about gamification as our final body of literature. From these articles, we extract the descriptions of methods, phases, activities, deliverables and requirements.

In total, we found 171 gamification methods. For each identified method we documented a corresponding process-deliverables-diagram (PDD) [4] in order to build our method database. A PDD is twofold, it describes the method activities and phases on the left side, while it summarizes corresponding deliverables as outcomes of those activities on the right side. 2.2. Expert Interview In order to complement and compare our require-ments, activities and deliverables from literature we conducted expert interviews. We used different cues to contact over 90 gamification experts. Within this study, we consider an individual as an expert based on their publicly available information about their occupation. In particular, an expert has real world gamification project experience and shows strong interest in the subject matter (such as through i) being a speaker at international gamification conference e.g. the Gamifi-cation World Congress, ii) being part of a gamification association, or iii) being one of the most active gamification “influencers” in social media channels2).

corresponding requirements for gamification projects to gain a comprehensive view [35]. 3. Results During our review of the literature and as result of our interviews it became clear that most models follow a similar process, with substantial differences in the details. Taken together, the activities of the considered methods can be divided into seven phases: (1) Project preparation: All activities that have to be executed before the project starts; (2) Analysis: Activities that are used to identify the necessary knowledge of users, processes and the project itself; (3) Ideation: Activities to come up with ideas for gamification designs; (4) Design: Designing of gamification approaches and creation of prototypes; (5) Implementation: Implemen-tation of a gamification approach; (6) Evaluation: Evaluation and testing of the gamification approach; (7) Monitoring: Monitoring of the gamification approach after the release.

We have made the division of the following sub-sections accordingly. 3.1. Project preparation Eleven gamification methods in the reviewed pub-lications and nearly all interviewed experts recommend to start with the identification of problems that should be addressed via gamification and to derive goals that could be used to measure the success of a gamification project (e.g. [10, 24, 39]). Nearly all interviewees confirmed this procedure in practice and emphasized that “many companies have a rough idea what they want to do, but it has to be clearly defined what the objectives are and how they can be measured” [I17]. The interviews highlighted that clear objectives are an essential requirement for successful gamification projects (Table 2). The goals should be used to guide the project and support the expectation management [I10, I12, I16, I17, I21].

The reviewed methods indicate that the user information and segmentation are typically documented in form of personas (Figure 2). Depending on the context, a designer has to determine the granularity of the user analysis and segmentation. Relevant literature provides a wealth of detailed guidelines to support the activities of the user and context analysis [6-8, 17, 33, 36, 39].

Especially the inter-views canonically highlighted that gamification designers need profound knowledge in game / gamification design and human motivation. The models found in the literature are a helpful start, but the experts emphasize that these frameworks cannot replace the knowledge, creativity and experience that is needed to design solid gamification approaches. The literature mentions this point often not explicitly, but provides manifold introductions to motivation theories and game design (“thinking” [17, 39]). Fifth, the interviews indicate that gamification projects fail due to a lack of understanding among key stakeholders. The literature highlights that projects fail if legal and ethical constraints are not considered in the design phase. Sixth, the literature recommends to control and curb for cheating/gaming the system. Moreover, we found that possibilities for cheating can reverse the effects of gamification and discourage users.

However, some experts reported that cheating can help to better understand the users and to optimize gamification designs. Seventh, the literature recommends continuous monitoring and optimization of gamification projects as a prerequisite for long-term success. The interviews showed that in practice gamification projects are often planed with a small budget and limited timeframe. In these cases, practitioners typically focus on the ideation, design and development phases. Evaluation and monitoring are often neglected. Some experts noted that, therefore, sometimes gamification projects fail and miss the objectives. All requirements form the foundation of successful gamification and are directly incorporated into the development of the method described above. 4. Evaluation of the method Finally, we evaluated the developed gamification method via expert interviews [31].

5. Discussion of the research findings The review and interviews shed novel insights into the overall nature of the gamification development and design discourse in both, academia and practice. We found interesting differences and overlaps between previously published methods for designing gamifica-tion and the actual practice of companies attempting to gamify. First, nearly all of the experts and reviewed gamification method related pieces of literature unanimously agreed that gamification design should follow an iterative, user-centered design process with high degree of user involvement as well as early testing of design ideas [6, 7, 10, 22, 27, 28, 33, 36, 39]. While iterative and user-centric design are hardly novel approaches in software development, our data is canonical about the crucialness of these approaches since gamification applications are exceedingly complex information systems.

Gamification requires holistic information system design; taking into account not only the stellar technical aspects but also the manifold and multidimensional aspects of user psychology and engagement [7, 20]. Second, we identified that several methods in previously published literature are not detailed enough to provide sufficient practical guidance (e.g. [5, 11, 16]). Most experts reported that they not follow a published method since most methods cannot completely cover the complexity that results from the nature of human motivation and the various application areas for gamification [15, 20]. Some experts have even noted that current methods are limiting the creativity and the possible design space if followed strictly. However, the experts generally agree that frameworks, which offer guidelines for the identification and allocation of gamification building blocks on different user characteristics (e.g. [27, 33, 39]), can partially useful for developing gamification designs and to support the ideation.

Third, we found differences in the design process between the review and the interviews. We identified that due to the complexity, the selection of game-design elements and game mechanics is often more creative and brainstorm-ing based in practice, than it is described in current literature [7] (e.g. [11, 16, 24, 27, 28, 39]). Previously published methods often lack a detailed description of the creative ideation and design phase [5, 11, 24, 27]. Therefore, we have included the ideation phase in our method and collected a set of tools and frameworks that have been employed in practice and may help in emergence of gamification ideas and designs (Table 1). 6. Conclusion In this paper we sought to advance the understand-ing of best practices related to the gamification design",/Users/baiyixin/Documents/Survey - design knowledge/expanded_pipeline_464_20260811/canonical_text/858cd2d5608b.txt,858cd2d5608b,"Morschheuser, Benedikt (1); Werder, Karl (2); Hamari, Juho (3); Abe, Julian (4)",2017,Proceedings of the Annual Hawaii International Conference on System Sciences,,,DM-C01,0,design | methods | method | design methods | knowledge | value | research | gamification | visualization | use | process | commissioning | systemic | business models | business,Design methods — Design process and Design research,"Design process, Design research",Design methods — Design process and Design research,Provisional interpretation,Assignment frozen; interpretation requires confirmation by at least two reviewers,Contrastive phrase label with source-grounded extractive summary.,Not assigned by Path 1,Not evaluated in this statistical interpretation,Not applicable,not_applicable,,,,-1,0.0,design | methods | method | design methods | knowledge | value | research | gamification | visualization | use | process | commissioning | systemic | business models | business,False,False,0,,,"During recent years, gamification has become a popular method of enriching information technologies. Several business analysts have made promising predictions about penetration of gamification, however, it has also been estimated that most gamification efforts will fail due to poor understanding of how gamification should be designed and implemented. Therefore, in this paper we seek to advance the understanding of best practices related to the gamification design process. We approach this research problem via a design science research approach; firstly, by synthesizing the current body of literature on gamification design methods and interviewing 25 gamification experts. Secondly, we develop a method for gamification design, based on the gathered knowledge. Finally, we conduct an evaluation of the method via interviews of 10 gamification experts. The results indicate that the developed method is comprehensive, complete and provides practical utility. We deliver a comprehensive overview of gamification guidelines and shed novel insights into the overall nature of the gamification development and design discourse. © 2017 Proceedings of the Annual Hawaii International Conference on System Sciences. All rights reserved.",-7.4734483,16.759142,0.15376150608062744,17,17,False,"[{'paper_id': 'd330bde18c87', 'title': 'Languaging design methods', 'cluster': 0, 'distance': 0.2104349136352539}, {'paper_id': 'f6588fca84f9', 'title': 'The Design Activity Framework: Investigating the Data Visualization Design Process', 'cluster': 0, 'distance': 0.2233978509902954}, {'paper_id': 'f16832406221', 'title': 'A Framework for Systemic Design', 'cluster': 0, 'distance': 0.2242804765701294}, {'paper_id': '0a373ca87142', 'title': 'Surveying a Landscape of Ethics-Focused Design Methods', 'cluster': 0, 'distance': 0.22489917278289795}, {'paper_id': '60c69d24c5a3', 'title': 'Evaluating the efficacy and effectiveness of design methods: A systematic review and assessment framework', 'cluster': 0, 'distance': 0.22514575719833374}]","First, we propose a ‘chain of evidence’, from motivation to claims, operationalising this in a systematic assessment framework. [E1] In this conceptual paper, we argue that there is a need for 'method corroboration'-the deliberate and reflected use and possible validation of a design method. [E3]"
Design methods,"Know-about, Know-that, Know-how: A Model for Moving Between Theory and Design Practice","Everything is designed. From the fork you hold in your hand, to the car you drive, to the public transportation you use, to the mechanisms for justice within a society, to the process of designing itself. Embedded in these designs are the assumptions that underlie the design methods and toolkits used in the design process. In practice, design happens through the application of methods (processes that result in design outcomes), toolkits (materials that support the implementation of methods), and heuristics (the skillful application of methods and toolkits) (Friedman & Hendry, 2019; Hendry, Friedman & Ballard, 2021; Nelson & Stolterman, 2012). Methods and toolkits originate within particular worldviews (Ansari, 2019) and carry with them the assumptions of those worldviews. For example, journey maps, a design method that originated and is used in industry, assume linear time and often ignore the material aspects of the experience at hand. Conversely, traditional methods for making coconut milk developed in Papua New Guinea, outside the dominant Western interpretations of time, allow for spending time together but take longer to enact (Wajcman, 2015). But there are always different ways of doing things, different worldviews, and different assumptions to bring to bear in a design situation. Designers can bring those different assumptions into a design situation by adapting design methods to account for new theoretical constructs. But in what ways does theory inform design methods and toolkits? How can this relationship be modeled? Can a model of the relationship between theory and design methods and toolkits be used to help translate specific theoretical constructs into established design methods and toolkits? If so, then could this model and the associated skills be taught to novice designers as they adapt design methods?In this dissertation, to gain traction on these questions, I begin by developing a bi-directional model of knowledge types – know-about, know-that, know-how – in design to describe how theory informs design practice and vice versa. While the model of knowledge types in design is bi-directional, to contain the scope of this dissertation I focus the remaining work on only one direction: from theory to practice. To demonstrate how the model of knowledge types in design could be used to guide the adaptation of design methods, I apply it to eight theoretical constructs (four about materiality and four about temporality) to translate theory-to-practice commitments for each construct and then use those commitments to adapt one established method, journey maps, and one established toolkit, Envisioning Cards. Then, I report on a brief educational case study, demonstrating how novice designers can use the model to adapt established design methods. Then, drawing on the above, I offer heuristics to guide others as they adapt design methods and toolkits. Finally, I reflect on the work of adapting design methods and toolkits as a design process and the flexibility of design methods and toolkits as a lever for incorporating theoretical constructs into design practice. This dissertation makes the following contributions: 1) a bi-directional model of knowledge types in design to describe how theory can inform design practice and vice versa; 2) one adapted design method; 3) one adapted design toolkit; 4) an educational case study exploring the use of the model of knowledge types in design as a tool for teaching method adaptation; and 5) heuristics that novice designers, design researchers, and practitioners can use to adapt other design methods and toolkits. ProQuest Subject Headings: Information science, Design, Computer science, Information technology. © Citation reproduced with permission of ProQuest LLC.",12,12,87713959435f_p0004;87713959435f_p0005;87713959435f_p0037;87713959435f_p0047;87713959435f_p0050;87713959435f_p0069;87713959435f_p0070;87713959435f_p0210;87713959435f_p0262;87713959435f_p0285;87713959435f_p0298;87713959435f_p0308,"be mode led? Can a model of the relationship between theory and design methods and toolkits be used to help translate specific theoretical constructs into established design methods and toolkits? If so, then could this model and the associated skills be taught to novice designers as they adapt design methods? In this dissertation, to gain traction on these questions, I begin by developing a bi-directional model of knowledge types – know-about, know-that, know-how – in design to describe how theory informs design practice and vice versa. While the model of knowledge types in design is bi -directional, to contain the scope of this dissertation I focus the remaining work on only one direction: from theory to practice. To demonstrate how the model of knowledge types in design could be used to guide the adaptation of design methods, I apply it to eight theoretical constructs (four about materiality and four about temporality) to translate theory-to-practice commitments for each construct and then use those commitments to adapt one established method, journey maps, and one established toolkit, Envisioning Cards.

Then, I report on a brief educational case study, demonstrating how novice designers can use the model to adapt established design methods. Then, drawing on the above, I offer heuristics to guide others as they adapt design methods and toolkits. Finally, I reflect on the work of adapting design methods and toolkits as a design process and the flexibility of design methods and toolkits as a lever for incorporating theoretical constructs into design practice. This dissertation makes the following contributions: 1) a bi - directional model of knowledge types in design to describe how theory can inform design practice and vice versa; 2) one adapted design method; 3) one adapted design toolkit; 4) an educational case stu dy exploring the use of the model of knowledge types in design as a tool for teaching method adaptation; and 5) heuristics that novice designers, design researchers, and practitioners can use to adapt other design methods and toolkits.

An interesting feature of Grant’s (1979) definition of design methods is that they are teachable/learnable, an early articulation of the connection between methods and design education. Indeed, others have argued that methods are a core way we transmit design knowledge across contexts and through domains (Daalhuizen, 2014). It is no surprise, then, that design methods and toolkits have a strong foothold in human-computer interaction education. Wilcox and colleagues (2019) surveyed human- computer interaction educators and found that 80% of educators stated that design methods were a top learning goal for students. An important part of learning design is not just the downloading of design methods, but the learning of the method mindset (Andreasen, 2003), which consists of both mastering the proper use of method and the ability to judge the appropriateness of using one method over others.

I identified a theoretical construct from each of the eight selected pieces, then I used the model of knowledge types in design to translate theory-to-practice commitments for each theoretical construct. This work provides a bi-directional model of knowledge types in design establishing a way to conceptualize relationship between theory and design method and toolkits in relation to R1 and demonstrates its application to theoretical constructs in order to translate theory -to-practice commitments, laying the groundwork for R2. With this conceptual framing, both the model and the specific theory-to-practice commitments translated using the model, I then turn to the substance of R2: can a model of the relationship between theory and design methods and toolkits be used to help translate specific theoretical constructs into established design methods and toolkits?

Adapting just one method or toolkit would be enough to establish that the model of knowledge types in design can be used for this purpose, but, taken together, the adaptation of a design method and a design toolkit demonstrates a more comprehensive reach for the model. After establishing that the model of knowledge types in design can be used to adapt design methods, I turn to R3: Could this model and the associated skills be taught to novice designers as they adapt design methods? In Chapter 8, I offer a brief, empirical, educational case study, demonstrating how the model was used by novice designers to explore adapting established design methods. Specifically, I taught an undergraduate course on design and introduced students to the model of knowledge types in design through in-class design activities. In design studios, they first practiced bringing new theoretical constructs into design practice by applying the adapted Envisioning Cards from Chapter 7, then practiced using the model of knowledge types in design directly by adapting journey maps and finally demonstrated promising mastery by using the model of knowledge types in design to adapt a method of their choosing.

Design practice is the process of applying design knowledge in a specific design situation to achieve an intended design outcome (Nelson & Stolterman, 2012). In design practice, designers employ a wide range of tools, key among them methods, toolkits, and heuristics. These three elements of practice in the model are concerned with design action (i.e., taking concrete steps in a design situation). Often, methods are used in combination with toolkits and informed by heuristics, and the same method, toolkit, or heuristic can be used for different purposes or at different times within a design process. Importantly, methods, toolkits, and heuristics are all developed within certain worldviews and carry with them the assumptions of those worldviews. Tensions arise when methods, toolkits, and heuristics are applied outside of the worldview in which they were developed (Ansari, 2019).

Methods are focused activities or processes intended to uncover or develop particular kinds of design insights or directions. Methods can range from general processes (e.g., conducting user interviews or prototyping) to a very specific set of instructions (e.g., journey maps or affinity diagrams) and are often used for transferring design knowledge across design situations and for teaching design (Daalhuizen, 2014). In practice, methods are quite flexible, and when and how to apply a method is informed by heuristics and the designer’s own expertise. While methods are steps or processes, toolkits are a collection of resources (digital or physical) that support design investigations or the execution of design methods. Like methods, toolkits are useful for the sharing of design knowledge across design situations. Unlike methods, toolkits don’t necessarily follow a predefined set of steps or instructions. Examples of toolkits include the value sensitive design Envisioning Cards (Friedman & Hendry, 2012), the Human AI eXperience (HAX) Toolkit (Amershi et a l.,

After putting forward the model of knowledge types in design in response to R1 and using it to adapt a design method and design toolkit in response to R2, I turn now to R3: could this model and the associated skills be taught to novice designers as they adapt design methods? To answer this question I conducted an empirical, educational case study, for which there are three research questions: (RQ3.1) Can participants apply a toolkit that was adapted using the model of knowledge types in design, introducing the concepts into a design situation? (RQ3.2) Can participants use the model of knowledge types in design to successfully translate theory-to-practice commitments? And, finally, (RQ3.3) can participants use the theory-to-practice commitments to adapt existing design methods?

The model can support the task of adapting methods. As discussed in the findings, there is evidence that the model can support novice designers as they do the work of adapting design methods. Despite some challenges, in the majority of cases, participants were able to successfully use the model of knowledge types in design to talk, think, and design with theory when adapting established design methods. One participant stated that the “steps,” referring to the model of knowledge types in design, supported their work to adapt design methods: “If it wasn't for the steps that we had to follow, I would have thought this would have been an incredibly difficult studio, mainly because I wouldn't know how to approach it whatsoever. I think the steps that were used genuinely really helped frame our minds and guide through what we needed to understand…I feel like this is a great set of instructions to help someone slowly learn the method.” This case study provides initial evidence that the model of knowledge types in design enables novice designers to engage with specific theoretical constructs in design practice.

Using the Model of Knowledge Types in Design The ten final heuristics below offer direction to novice designers, design researchers, and practitioners who want to adapt design methods to enact specific theoretical constructs. The title of the heuristic is in bold and italicized, the text of the heuristic is italicized, and an example follows. They are ordered to match the general structure of the method adaptation process, from heuristics that support project scoping (Identify theoretical constructs that are meaningful to engage in light of your proj ect goals) to heuristics that support specific design moves in method adaptation work (Break the form). These heuristics guide the way for others who wish to adapt design methods and toolkits using the approach taken in this dissertation and informed by the model of knowledge types in design.

Chapter 10: Reflections and Conclusion Thus far, I have generalized a bi-directional model of knowledge types in design to demonstrate how theory is related to design practice, demonstrated the model in use in the direction of theory to practice by translating theory-to-practice commitments from eight theoretical constructs related to materiality and temporality, used the theory-to-practice commitments to adapt one design method and one design toolkit, reported on an educational case study which provides early evidence that the model of knowledge types in design can be used by novice designers to adapt design methods, and provided a set of ten heuristics to guide others who wish to adapt design methods and toolkits using the model of knowledge types in design. In this chapter, I restate the contributions of this dissertation, discuss some limitations of my approach, and close with final reflections and open questions.

Limitations of the model of knowledge types in design. In applying the model of knowledge types in design to theories related to materiality and temporality, I did not encounter any specific theories for which I could not articulate a theoretical construct and translate a theory-to-practice commitment. In the method adaptation work, I did not encounter any methods or toolkits for which I couldn’t anticipate potential adaptations in response to the theory-to-practice commitments I was working with. This begs the questions, what are the limits of this approach? Are there certain theories, methods, or toolkits which do not lend themselves to adaptation? Additional design work is needed to explore the boundaries of method adaptation. Re-complicating design through the adaptation of design methods. A lot of the work of modern design and modern design methods is to simplify the design process, making it repeatable and scalable across different design situations.",/Users/baiyixin/Documents/Survey - design knowledge/expanded_pipeline_464_20260811/canonical_text/87713959435f.txt,87713959435f,"Ballard, Stephanie (1)",2023,ProQuest Dissertations and Theses Global,,,DM-C01,0,design | methods | method | design methods | knowledge | value | research | gamification | visualization | use | process | commissioning | systemic | business models | business,Design methods — Design process and Design research,"Design process, Design research",Design methods — Design process and Design research,Provisional interpretation,Assignment frozen; interpretation requires confirmation by at least two reviewers,Contrastive phrase label with source-grounded extractive summary.,Not assigned by Path 1,Not evaluated in this statistical interpretation,Not applicable,not_applicable,,,,-1,0.0,design | methods | method | design methods | knowledge | value | research | gamification | visualization | use | process | commissioning | systemic | business models | business,False,False,0,,,"Everything is designed. From the fork you hold in your hand, to the car you drive, to the public transportation you use, to the mechanisms for justice within a society, to the process of designing itself. Embedded in these designs are the assumptions that underlie the design methods and toolkits used in the design process. In practice, design happens through the application of methods (processes that result in design outcomes), toolkits (materials that support the implementation of methods), and heuristics (the skillful application of methods and toolkits) (Friedman & Hendry, 2019; Hendry, Friedman & Ballard, 2021; Nelson & Stolterman, 2012). Methods and toolkits originate within particular worldviews (Ansari, 2019) and carry with them the assumptions of those worldviews. For example, journey maps, a design method that originated and is used in industry, assume linear time and often ignore the material aspects of the experience at hand. Conversely, traditional methods for making coconut milk developed in Papua New Guinea, outside the dominant Western interpretations of time, allow for spending time together but take longer to enact (Wajcman, 2015). But there are always different ways of doing things, different worldviews, and different assumptions to bring to bear in a design situation. Designers can bring those different assumptions into a design situation by adapting design methods to account for new theoretical constructs. But in what ways does theory inform design methods and toolkits? How can this relationship be modeled? Can a model of the relationship between theory and design methods and toolkits be used to help translate specific theoretical constructs into established design methods and toolkits? If so, then could this model and the associated skills be taught to novice designers as they adapt design methods?In this dissertation, to gain traction on these questions, I begin by developing a bi-directional model of knowledge types – know-about, know-that, know-how – in design to describe how theory informs design practice and vice versa. While the model of knowledge types in design is bi-directional, to contain the scope of this dissertation I focus the remaining work on only one direction: from theory to practice. To demonstrate how the model of knowledge types in design could be used to guide the adaptation of design methods, I apply it to eight theoretical constructs (four about materiality and four about temporality) to translate theory-to-practice commitments for each construct and then use those commitments to adapt one established method, journey maps, and one established toolkit, Envisioning Cards. Then, I report on a brief educational case study, demonstrating how novice designers can use the model to adapt established design methods. Then, drawing on the above, I offer heuristics to guide others as they adapt design methods and toolkits. Finally, I reflect on the work of adapting design methods and toolkits as a design process and the flexibility of design methods and toolkits as a lever for incorporating theoretical constructs into design practice. This dissertation makes the following contributions: 1) a bi-directional model of knowledge types in design to describe how theory can inform design practice and vice versa; 2) one adapted design method; 3) one adapted design toolkit; 4) an educational case study exploring the use of the model of knowledge types in design as a tool for teaching method adaptation; and 5) heuristics that novice designers, design researchers, and practitioners can use to adapt other design methods and toolkits. ProQuest Subject Headings: Information science, Design, Computer science, Information technology. © Citation reproduced with permission of ProQuest LLC.",-7.918665,18.008585,0.13712859153747559,14,14,False,"[{'paper_id': 'd330bde18c87', 'title': 'Languaging design methods', 'cluster': 0, 'distance': 0.17709088325500488}, {'paper_id': '0a373ca87142', 'title': 'Surveying a Landscape of Ethics-Focused Design Methods', 'cluster': 0, 'distance': 0.18597197532653809}, {'paper_id': '40a2d86cd488', 'title': 'Elements of a design method - a basis for describing and evaluating design methods', 'cluster': 0, 'distance': 0.18677371740341187}, {'paper_id': '5389fb1cc38b', 'title': 'Elements of a design method – a basis for describing and evaluating design methods', 'cluster': 0, 'distance': 0.1879969835281372}, {'paper_id': '878cf959ac53', 'title': 'Designerly Research Methods and Researcherly Design Methods', 'cluster': 0, 'distance': 0.18994909524917603}]","First, we propose a ‘chain of evidence’, from motivation to claims, operationalising this in a systematic assessment framework. [E1] In this conceptual paper, we argue that there is a need for 'method corroboration'-the deliberate and reflected use and possible validation of a design method. [E3]"
Design methods,Designerly Research Methods and Researcherly Design Methods,"This paper builds on the complementary identities distinguished by Joyce Yee of a ‘researcherly designer’ as a designer trained in research and a ’designerly researcher’ as its counterpart: a researcher trained in design (Yee, 2017). Joyce reflects that adopting these two roles informs her practice allowing her to select “the right research tools for different purposes”. Here, I extend and examine this duality paying close attention to the methods used in these two professional practices. I argue that ‘the same’ techniques, tools, and methods are used by individuals when they engage in design activity and when they ‘change hats’ to engage in research activity. Whilst it is certainly true that individuals integrate and blend these activities within the same project, I make the argument that how they use these methods can be clearly distinguished by the purposes for which they use them. Individuals who are in the position to execute roles as different as designers and researchers are ‘ambidextrous’ and they cultivate creative synergies between these worlds. However, switching membership between such different communities is not without its challenges (Gold, 2007). The paper addresses the opportunities, risks, and ethical tensions that come from ‘changing hats’ and it draws from earlier work on the creative adaptation of design methods for crossdisciplinary research (Sosa & Grocott, 2020). The paper concludes with recommendations and generative questions for those who embark on the advanced practices of design and research.",12,12,878cf959ac53_p0003;878cf959ac53_p0014;878cf959ac53_p0015;878cf959ac53_p0017;878cf959ac53_p0019;878cf959ac53_p0025;878cf959ac53_p0026;878cf959ac53_p0027;878cf959ac53_p0028;878cf959ac53_p0033;878cf959ac53_p0036;878cf959ac53_p0038,"The paper addresses the rich diversity, the opportunities and risks, and the ethical tensions that come from ‘chang-ing hats’ between design and research established practices, and the ‘queer’ uses of methods in such interstices. I draw from earlier wor k on the creative adaptation of design methods for crossdisciplinary research (Sosa & Grocott, 2020). The paper con -cludes with generative questions for those who embark onto the emerging revolution-ary practices between design and research. Keywords Research methods, Queer uses, Non-Traditional Research Outputs, Design metod

391Designerly Research and Researcherly Design Skills, Mindsets, and Methods Across Contexts Methods in design have transitioned through stages ranging from reductive and prescriptive formulations some decades ago, all the way to the current proliferation of toolkits. Multiple voices persuasively push back against the constraints imposed by methods in design, yet their pedagog - ical value is difficult to underestimate. These days, a widely-accepted ver - sion of design methods encompasses tools, techniques, and heuristics used in teaching and practice (Kumar, 2013) and facilitation (Slocum, 2003). Methods in research are given significantly higher prominence than in design. Research communities are normally defined around their alle - giance to a subset of research methods aligned with a specific epistemological stance. Most graduate programs include mandatory training in methodologies, and across many research cultures, methods are constitutive to the planning, execution and evaluation of research activity.

In research (as in design), methodological innovation has been recognized both as necessary and inevitable (Kara, 2015). Design research can be considered multi-para - digmatic and opportunistic, and thus methodological traditions from across all research cultures coexist in design research (Beck & Stolterman, 2016). The space between well-established activities includes vast areas for diversity and creative action. Designers carry out informal research practices and researchers carry out informal design practices. By the for - mer we mean those primarily occupied in design activity who intuitive - ly conduct a review of historical precedents or who unsystematically ap - ply some measurements using a prototype or ad-hoc instruments such as surveys or interviews. Such informal research activities are in service of gaining insights for their design activity and are not carried out to claim a direct contribution to the knowledge base of the field except through their role in loosely informing the final design product.

392Designerly Research and Researcherly Design Skills, Mindsets, and include formal collaborations or integrations, i.e., those formally trained in both design and research (Yee, 2017) corresponding to the standard categories of research into, through, and for design (Frayling, 1994). Another area where methods intersect is that between design and research in the Humanities, which includes a set of approaches to knowl - edge based on analysis and argumentation, whether historical, textual, or conceptual. There, the designers of “propositional artefacts” explicitly avoid claiming “strong connotations of systematic method” but see their design practice as a “mode of discovery” that “tends to defy systematiza - tion” but which “can be a powerful way of probing, developing, and illus - trating ideas and arguments” (Walker, 2013). In situating the application of design skills in research activity, Walker further clarifies: As an element of a research methodology whose purpose is primarily exploratory and conceptual, the activity of designing should be regarded less as a problem-solving activity and more as a question-asking activity . (…) The resulting artifacts, which are effectively questions-in-form, exist within a continual process of exploration, debate, and knowledge deve - lopment.

Considering that the purposes of design activity and the role of the designed artefacts change so notably between these two contexts, it seems reasonable to infer that design methods change when used for research. Acknowledging the limitations of methods both in design (Agid & Akama, 2020) and in research (St. Pierre, 2021) does not entail that they are not a significant part of practice and, again, that they play important roles in - cluding as pedagogical tools.

The vi - gnette method used to create these cases applies a priori reasoning (Kitcher, 2000) in a process of creative synthesis informed by cases and sources that are well documented and accessible to the public, rather than by data collected purposely and analyzed by researchers behind the scenes. The first vignette synthesizes the way methods are used by de - sign practitioners as they recount their work in keynote presentations at specialist guild events such as the Design Indaba Conference 1. The topics, nature, and length of these presentations vary but they normally include specific references to professional design projects of prominence led by the presenter. Exemplary presentations in this category include those by Alex Chen, Jen Bilik, Michael Bierut, and Christine Goudie 2. When these professionals talk about their craft, we can infer their use of design methods in professional contexts.

As listed and illustrated in Figure 1, this use methods is primarily to address a problem and with the intention to generate new solutions. For the professional designer, results take priority over process. When they talk about their work, they emphasize what they got out of the process rather than how they got it. They take pride on results that were unexpected or to some extent surprising to the market. The professional use of design methods is of a highly instrumental nature, they select methods in ad-hoc ways and for a specific purpose. The use of methods by pro - fessionals is often opaque, there is no need to justify the choice of methods or the correctness of use. This type of usage is highly contextual, as no-one would expect the same design method to produce the same results if ap - plied by other designers or in a different project.

Lastly, the time scale in design projects is days to weeks, and the ultimate test of whether a method was appropriate, useful, and applied adequately is defined by the perfor - mance of the designed solution, normally by commercial success, critics’ review, or by the funding body (Hanington, 2003; Laurel, 2003). Crucially, design communities are not defined by their methods -the type of designed artefacts is what defines design communities: graphic, industrial, interac - tion design, etc.

395Designerly Research and Researcherly Design Skills, Mindsets, and Fig 1. Vignette of the professional use of design methods The second vignette shown in Figure 2 captures the ways in which design researchers use design methods as inferred from how they are re - quired to present their work in academia. The sources for this vignette in - clude Appendix 2 “Criteria for assessing PhD work” in (Gray & Malins, 2016) and presentations by design researchers in academic conferences such as those by P. Malasan; S. Thakurata and P. Banerjee; and Alexandra Alden at PIVOT 2020 3. The academic use of design methods radically differs from their professional use. First, methods are used to address research ques - tions with the intent to generate or test knowledge. In research contexts, the process is an important measure of the results or outcome. In other words, how the researcher got those results is as critical as the results themselves.

This way, they use methods that can be characterized somewhere between designerly-research and researcherly-design methods to reveal new problems and questions, and to examine ideas, knowledge, and meanings. Their use of methods shows that the gaps between process and results are blurred, and unanticipated ques - tions and outcomes are welcome. Their approaches show that instrumental and haphazard uses of methods become complementary throughout a project. Some uses of methods are opaque, others more transparent uses -in ways that resemble the distinction between autographic to allographic media, with the former being created with a personal intent and the latter to be reproducible and shared (Goodman, 1976). The ways methods are used in this vignette range from particular to transferable and from applicable to pre-anticipatory. Lastly, the time scale can reach from days to months and their ultimate assessment includes by self, by peers, and by the market. Fig 3. Vignette of the revolutionary uses of design methods in the interstices

Most of the PhD students in Creative Technologies at AUT University are indeed co-supervised between people of different backgrounds and affiliations who continuously learn method - ological possibilities from each other and together. When it comes to the PhD thesis, these students formulate personal strategies around formats which go beyond the traditional manuscript or the traditional exhibition plus exegesis. For example, some of them have chosen to dedicate a chapter of their thesis to first-person creative practices and how these contribute to their research project. Examiners tend to appreciate the value of linking this meaningful personal creative engagement with the research method - ologies in the thesis. The revolutionary uses of methods advocated for in this paper also open new opportunities for skill development and the creation of new languages and tools to support other ways of knowing. This is consistent with anti-colonial agendas both in industry and academia, and supports

The work presented here is motivated by the observation that “knowledge, experience, and skills from almost any arena can make a use - ful contribution to research” (Kara, 2015). Thus far designers engaging with research have yet to make substantial contributions to research methods, other than following tropes from artistic research traditions that do lit - tle more than argue for practice- as-research. We seek to contribute to the conversation around how design contributes to research (Stappers, 2007) by sharing how research activity can make use of creative reframings of purpose, question, and methods. The main purpose here has been to offer an argumentation for people who are in different trajectories but meet in between the conventional design and research areas. It is our aim to invite them to think beyond bi - narism and to reject the reductive choice to conform as designers or as re - searchers.",outputs/batch1/canonical_text_284/878cf959ac53.txt,878cf959ac53,R. Sosa,2020,,,https://www.semanticscholar.org/paper/3c1e79eab204a59ccd27f91f5c60a8bc77fd660a,DM-C01,0,design | methods | method | design methods | knowledge | value | research | gamification | visualization | use | process | commissioning | systemic | business models | business,Design methods — Design process and Design research,"Design process, Design research",Design methods — Design process and Design research,Provisional interpretation,Assignment frozen; interpretation requires confirmation by at least two reviewers,Contrastive phrase label with source-grounded extractive summary.,Not assigned by Path 1,Not evaluated in this statistical interpretation,Not applicable,not_applicable,,,,-1,0.0,design | methods | method | design methods | knowledge | value | research | gamification | visualization | use | process | commissioning | systemic | business models | business,False,False,0,,,"This paper builds on the complementary identities distinguished by Joyce Yee of a ‘researcherly designer’ as a designer trained in research and a ’designerly researcher’ as its counterpart: a researcher trained in design (Yee, 2017). Joyce reflects that adopting these two roles informs her practice allowing her to select “the right research tools for different purposes”. Here, I extend and examine this duality paying close attention to the methods used in these two professional practices. I argue that ‘the same’ techniques, tools, and methods are used by individuals when they engage in design activity and when they ‘change hats’ to engage in research activity. Whilst it is certainly true that individuals integrate and blend these activities within the same project, I make the argument that how they use these methods can be clearly distinguished by the purposes for which they use them. Individuals who are in the position to execute roles as different as designers and researchers are ‘ambidextrous’ and they cultivate creative synergies between these worlds. However, switching membership between such different communities is not without its challenges (Gold, 2007). The paper addresses the opportunities, risks, and ethical tensions that come from ‘changing hats’ and it draws from earlier work on the creative adaptation of design methods for crossdisciplinary research (Sosa & Grocott, 2020). The paper concludes with recommendations and generative questions for those who embark on the advanced practices of design and research.",-7.992493,16.829742,0.08074164390563965,7,7,False,"[{'paper_id': 'd330bde18c87', 'title': 'Languaging design methods', 'cluster': 0, 'distance': 0.1170695424079895}, {'paper_id': '60c69d24c5a3', 'title': 'Evaluating the efficacy and effectiveness of design methods: A systematic review and assessment framework', 'cluster': 0, 'distance': 0.12333983182907104}, {'paper_id': '6e06768bb26b', 'title': 'Design as Research in Landscape Architecture', 'cluster': 2, 'distance': 0.13690310716629028}, {'paper_id': '40a2d86cd488', 'title': 'Elements of a design method - a basis for describing and evaluating design methods', 'cluster': 0, 'distance': 0.1441713571548462}, {'paper_id': 'b5d968168f35', 'title': 'A Framework of Design Method Corroboration', 'cluster': 0, 'distance': 0.1443992257118225}]","First, we propose a ‘chain of evidence’, from motivation to claims, operationalising this in a systematic assessment framework. [E1] In this conceptual paper, we argue that there is a need for 'method corroboration'-the deliberate and reflected use and possible validation of a design method. [E3]"
Design methods,"The Design of Business Models: What, How and Why","Over the last decade, management and organisation scholars, practitioners and policymakers alike have increasingly paid attention to business models and variously highlighted the importance of designing them. However, what it means, in essence, to design business models, remains unclear. The received literature reveals a highly fragmented and heterogeneous picture, with different interpretations and implicit meanings of the term ‘design’, leading to varied perspectives on what, how and why business models should be designed. In this editorial I attempt to clarify the meaning of ‘the design of business model’ by providing a framework that will hopefully help synthesise, organise and clarify the multifaceted aspects of designing business models. Additionally, I highlight three emerging meta insights from the nine papers published in this Special Issue: 1) the (importance of) integration of design principles, 2) the need for specialised, context-dependent design methods and tools and 3) the potential of technology, particularly AI, to reshape business model design. These insights offer pathways for advancing the understanding and practice of designing business models that, combined with an appreciation of the different aspects of designing business models, will hopefully encourage and shape future research directions and cumulative progress in this field.",12,12,885a1eee70e3_p0011;885a1eee70e3_p0012;885a1eee70e3_p0021;885a1eee70e3_p0024;885a1eee70e3_p0033;885a1eee70e3_p0041;885a1eee70e3_p0042;885a1eee70e3_p0049;885a1eee70e3_p0053;885a1eee70e3_p0055;885a1eee70e3_p0056;885a1eee70e3_p0061,"It provided an environment conducive to exploration and innovation, fostering the exchange of knowledge and expertise among researchers, students and industry partners. It played a pivotal role in catalysing new approaches and methodologies in business design, which today are variously taught to students at AAU by the fellows of the centre.

being designed or even how it ‘should’ be designed (i.e. what are the validity criteria and purposes of design). Gaining clarity on these key aspects is critical if we are to lay down solid foundations for the development of a robust and rigorous comprehension of the phenomenon, subtending the design of business models to be able create knowledge for action that matters to practitioners in the field. The lack of a unified conceptualisation of the de - sign of business models is one of the drivers that motivated the selection of the focus for this Special Issue. In addition, further research is needed to elucidate the complex and multifaceted interconnec - tions between business models and design. This editorial represents an attempt to fill this gap by providing a framework that will hopefully help syn - thesise and organise the different facets of design - ing business models and provide a starting point for future research.

There are several factors that may help explain why managers of established firms, corporate explor - ers (Binns et al., 2022), intrapreneurs and founders might pay attention to the design of business mod - els. These include enablers, such as technological change and technological advances (Chesbrough and Rosenbloom, 2002; Zott et al., 2011) or the ac - quisition of new capabilities (Seelos and Mair, 2007) and change triggers, such as external threats, new opportunities, competition, regulation and social and customer pressures (Casadesus-Masanell and

In a review of 20 studies on business model in - novation processes, Wirtz and Daiser (2018) found that despite sometimes considerable differences (e.g. some studies propose three stages while oth - ers identify ten stages), most of them share similar stages, namely analysis, ideation, integration and implementation. Eventually, and anchoring in the design and design thinking literature, they propose seven stages to innovate a business model: analysis, ideation, feasibility, prototyping, decision-making, implementation and sustainability. Roger Martin (2009), rooting in the notion of abductive reasoning, conceptualised the design of business as the process of moving across a knowledge funnel through three main stages characterised by increasing clarity and understanding. These are the mystery (and hunch), the heuristic and the algorithm.

As suggested by Kendling and Havemo (2024, this issue), the severity of these challenges is contingent upon the extent and nature of change involved in BMR (e.g. incremental, modu - lar, integrated and transformational). Conversely, BMD is marked by attributes such as (considerable) uncertainty, the need for knowledge search and re - combination and, in general, the liability of newness, demanding a different treatment from BMR. BMDi, on the other hand, is characterised by the complexities inherent in managing two business models si - multaneously (Markides and Charitou, 2004) and the tensions between exploration and exploitation (O’Reilly III and Tushman, 2013), among other idiosyncratic attributes. In summary, the literature under - lines the importance of treating various instances of business models differently to enhance our under - standing of the overarching concept of the design of business models. differences between BMR, BMDi and BMD, adapted from Massa and Tucci (2021).

Nonetheless, formal instantiation of business models can act as catalysis in the pro - cess of designing business models by providing ‘a bridge between individuals by triangulating on something in common, by facilitating a flow of information and knowledge, and [by] reducing the time required for sensemaking’ (Grichnik et al., 2016, p. 4). In synthesis, the intersection between formal busi - ness models and business model design can rep - resent (another) fruitful area of inquiry and an opportunity to advance our understanding of the design of business models. The contributions to this special issue offer several insights, for example, the idea of digital forms of prototyping (Ksouri-Gerwien and Poeppelbuss, 2024) that speak to the use of formal models in the process of designing business models. Summary of the literature on the design of business models facets of the design of business models delineated thus far.

Designing business models spans three inter - pretations of business models: business models Real Business Models (Firm/organization level business logics) Cognitive Schema Formal and Conceptual Models (Conceptual Designs) Design of formal & conceptual models Types of formal models • Frameworks • Simulation • Patterns • … Formal & conceptual models in the design of real business models Design of real business models Instances of real business models • Exosystemic business models • Sustainable Business Models • … ----- Instances of design of real business model • BM Design in startups (BMDs) • BM Design in incumbents (BMDi) • BM Reconfiguration (BMR) • Types of BMR • … Testing and evaluation of formal models Grounded cognition (inertia and visions) • Neutralize cognitive barriers • Ideation • Opportunity sensing • Formulating assumptions • …

The design of busi - ness models, according to this view, is as much about business models as it is about design, incor - porating design mindsets, methodologies, princi - ples and governing ideas (Beausoleil, 2022). The concept of ‘design’ (or ‘designing’) is not understood metaphorically (as in many business model papers) but is rather infused with the meaning of a practice entailing modes of cognition that prioritise fluidity, creativity and the interplay between divergent and convergent thinking, which are reflective of how designers think and know (Cross, 2006). Beausoleil also underlines the centrality of design methods, tools and approaches to problem solving, such as prob - lem framing (and reframing), ethnographic research, storytelling, prototyping, user and customer journey mapping, design thinking workshops and sprints. She offers an overview of how the Rotman School of Business at the University of Toronto created and evolved a whole curriculum at the intersection of business concepts and standard education and de - sign methods and relative pedagogy.

incorporating principles like planet, network and prosperity to guide the creative exploration of sus - tainable business models. Lüdeke-Freund and col - leagues (Lüdeke-Freund et al., 2024) introduce the Sustainable Business Model Design (SBMD) frame - work, founded on patterns for sustainable business model design (Lüdeke-Freund et al., 2018; Lüdeke- Freund et al., 2022), which emphasises the core of solutions to enduring and recurrent ecological, so - cial or economic problems that arise when an or - ganisation aims to create sustainable value. Bitetti and Bedolla (2024) examined the cognitive effects of patterns for sustainable business model design, finding significant evidence of the benefits associ - ated with using specialised tools during the initial design phases to support the generation of ideas aligned with sustainable value creation.

Standard business modelling tools and frameworks that focus on representing business models in isolation may be inadequate. Vorbohle and Kundisch (2024; this issue) analysed a real-world example of a business ecosystem from the maritime logistics industry, highlighting five significant design challenges for exosystemic business models, setting apart the design of such business models from the design of more conventional firmcentric business models. They offer a critical analy - sis of these challenges and deduce the implications and functional design requirements for business modelling tools from a conceptual perspective. Overall, the design of ecosystemic business models could represent a fruitful area of inquiry or even in - creasing practical relevance, given the advances in digital technologies as enablers of such business models. Conducting research in this area could also offer the opportunity to develop tools and method - ologies tailored to the unique design requirements of this instance of business models.

3. Digital technologies have the potential to considerably support the design of business models. Generative artificial intelligence (AI) is emerging as a pivotal force poised to significantly influence the contours of busi - ness model design across various phases of its lifecycle. Simulation, particularly system dynamics-based, could serve as a tool for the design of business models, supporting digital forms of prototyping and managerial sensemaking. Digital technologies could play an important role in shaping the design of business models. Generative artificial intelligence Generative technologies are technologies that rely on vast amounts of data sets collected and analysed thanks to AI to produce content (text, images, vid - eo or other kinds of media) in response to user in - puts (called prompts). Generative technologies are changing the way knowledge is conceived, created, structured and shared.

In very general terms, the design of business models refers to the design of the logics of value creation, delivery and capture that firms, or other organisa - tions, operate as they go to markets and society. This special issue reveals that the concept of de - signing business models encompasses complexities that extend beyond such general understandings, illustrating diverse interpretations and implicit meanings of design that lead to varied perspectives on what, how and why business models are or should be designed. Understanding these complexities is crucial for fostering cumulative progress in the field and deepening our comprehension of what it truly means to design business models. It is my hope that this editorial, along with the insights from this spe - cial issue, which marks the 10th year of the Journal of Business Models , can serve as a foundation to steer and guide further research in this domain and the creation of knowledge for action.",outputs/batch1/canonical_text_284/885a1eee70e3.txt,885a1eee70e3,Lorenzo Massa,2024,Journal of Business Models,,https://www.semanticscholar.org/paper/4ddeee32ce878180b4aa8e380f01a51103dc9b26,DM-C01,0,design | methods | method | design methods | knowledge | value | research | gamification | visualization | use | process | commissioning | systemic | business models | business,Design methods — Design process and Design research,"Design process, Design research",Design methods — Design process and Design research,Provisional interpretation,Assignment frozen; interpretation requires confirmation by at least two reviewers,Contrastive phrase label with source-grounded extractive summary.,Not assigned by Path 1,Not evaluated in this statistical interpretation,Not applicable,not_applicable,,,,-1,0.0,design | methods | method | design methods | knowledge | value | research | gamification | visualization | use | process | commissioning | systemic | business models | business,False,False,0,,,"Over the last decade, management and organisation scholars, practitioners and policymakers alike have increasingly paid attention to business models and variously highlighted the importance of designing them. However, what it means, in essence, to design business models, remains unclear. The received literature reveals a highly fragmented and heterogeneous picture, with different interpretations and implicit meanings of the term ‘design’, leading to varied perspectives on what, how and why business models should be designed. In this editorial I attempt to clarify the meaning of ‘the design of business model’ by providing a framework that will hopefully help synthesise, organise and clarify the multifaceted aspects of designing business models. Additionally, I highlight three emerging meta insights from the nine papers published in this Special Issue: 1) the (importance of) integration of design principles, 2) the need for specialised, context-dependent design methods and tools and 3) the potential of technology, particularly AI, to reshape business model design. These insights offer pathways for advancing the understanding and practice of designing business models that, combined with an appreciation of the different aspects of designing business models, will hopefully encourage and shape future research directions and cumulative progress in this field.",-5.705321,17.07201,0.10770654678344727,11,11,False,"[{'paper_id': 'f16832406221', 'title': 'A Framework for Systemic Design', 'cluster': 0, 'distance': 0.16697674989700317}, {'paper_id': 'bee7b59885fa', 'title': 'Adapting the FBS Model of Designing for Usage-Driven Innovation Processes', 'cluster': 0, 'distance': 0.1779623031616211}, {'paper_id': '5661de15ea0f', 'title': 'A Typology of Design Ideas', 'cluster': 0, 'distance': 0.18141502141952515}, {'paper_id': '878cf959ac53', 'title': 'Designerly Research Methods and Researcherly Design Methods', 'cluster': 0, 'distance': 0.18438315391540527}, {'paper_id': '40a2d86cd488', 'title': 'Elements of a design method - a basis for describing and evaluating design methods', 'cluster': 0, 'distance': 0.18447673320770264}]","First, we propose a ‘chain of evidence’, from motivation to claims, operationalising this in a systematic assessment framework. [E1] In this conceptual paper, we argue that there is a need for 'method corroboration'-the deliberate and reflected use and possible validation of a design method. [E3]"
Design methods,Using System Dynamics to Construct Design Theory for Community Information Systems,"Virtual communities are complex and evolving socio-technical systems. The design of community information systems requires much theoretical research to solve design problems. A design theory is a prescriptive theory which helps optimize design methods. Community IS design theory is still very young and fragmented, however. In the design theory development process, a mix of theory components is used to solve novel problems or existing problems more effectively and efficiently. We present a meta-model of IS development which focuses on the role of theory in IS design. We show how simulation via system dynamics could play an important role in a more systematic development of design theory for community information systems.",12,12,94347a49c12b_p0004;94347a49c12b_p0005;94347a49c12b_p0010;94347a49c12b_p0017;94347a49c12b_p0018;94347a49c12b_p0021;94347a49c12b_p0033;94347a49c12b_p0034;94347a49c12b_p0035;94347a49c12b_p0042;94347a49c12b_p0044;94347a49c12b_p0047,"Still, systematic methods for the development of community information systems solidly grounded in theory are rare and may as yet be premature. IS research is still a young discipline. Paradigms, concepts, models, methods and techniques are in the early stages of development, compared to the more established natural and social sciences. Much Information Systems (IS) development theory is inspired by a behavioral science paradigm, in which the goal is to develop and justify theories that explain or predict the organizational and human phenomena surrounding information systems analysis, design, implementation, management and use. A complementary perspective is provided by a problem-solving design science paradigm. It seeks to create innovations that define the ideas, practices, technical capabilities, and products through which the study and development of information systems can be accomplished effectively and efficiently (Hevner et al., 2004).

When trying to build theory on community IS development, this design science paradigm is an important starting point. A design theory is prescriptive theory based on theoretical underpinnings which say how a design process can be carried out in a way which is both effective and feasible (Walls, 1992). Such a theory can help describe, analyze, and optimize design methods. To aid in theory development, Hevner et al.'s (2004) framework for conducting, evaluating, and presenting IS research is useful. The framework focuses on the relations between behavioral and design research processes. These processes are informed by both the ‘Environment’ (people, organizations, and technologies) and a ‘Knowledge Base’ of conceptual Foundations and Methodologies potentially useful in conducting the research. Using such an analytical

Unhealthy fragmentation is not equal to healthy pluralism. When pluralism prevails in a research community there is a diversity of ideas, perspectives, research approaches and paradigms, but there is also a shared underlying core set of knowledge or beliefs. In the case of fragmentation, there is insufficient communication between different (sub)-communities, and no such – necessary – core knowledge set exists (Hirschheim and Klein, 2003). There are several reasons for this state of fragmentation in community IS design research. The field is still very young, even younger than the IS field in general. Furthermore, because of cultural differences, there is large gap between theorists and practitioners in this domain. Often rightly so, practitioners, working with and in communities express a sense of hostility towards the many researchers still presenting quick technological fixes for very complex social problems.

The purpose of a design theory is to support the achievement of goals, contrary to the purpose of natural science theory. Walls et al (1992) give a good introduction to design theories for information systems. They show how explanatory, predictive, or normative theories can be put to practical use. In their view, design needs to be seen both as a process and as a product. From a product-perspective, a design theory consists of several components: metarequirements, describing the class of goals to which the theory applies; meta-design, a class of artifacts hypothesized to meet the meta-requirements; kernel theories governing design requirements; and testable design product hypotheses, to check whether the meta-design satisfies the meta-requirements. From a process-perspective, the components are a design method describing procedures for artifact construction; kernel theories governing the design process; and testable design process hypotheses, to check whether or not the design method results in an artifact consistent with the meta-design.

Hevner et al. (2004) present a related view on IS design theories. In their information systems research framework, design science (applied to address novel organizational problems) creates and evaluates IT artifacts intended to solve the identified problems. IS research is influenced by the “Environment of use” (people, organizations, and technology), as well as by a “Knowledge Base of theoretical components” consisting of “Foundations” and “Methodologies”. To build IS relevant to an environment, applicable knowledge from the Knowledge Base must be applied in the building of artifacts that are part of the IS. These artifacts, put to use, must then be evaluated according to the utility criterion of how well they meet the business needs of the users. If the intervention has proven to be successful, the knowledge that a particular foundational/methodological component was useful in the design of a particular artifact for this particular context can be added to the knowledge base.

To capture the rationale for this decision, the designer formulates one or more design hypotheses which state how the theory component could contribute to the resolution of the problem3. After implementing and using the system, the information system utility is evaluated. Different performance criteria can be used for this, depending on the users’ preferences. The design hypotheses can now be tested. This is a non-trivial process in which the designer aims to assess the extent to which particular theory components have contributed to the system’s performance. Based on this assessment, the validity of the theory components for addressing design problems of this particular type will be adjusted and added to the design theory knowledge base. The idea of theoretical components having validity requires some elaboration. What we mean by this is that theoretical components (e.g. constructs, models, methods, measures etc.) have associated with them a set of hypotheses.

Construction Here, we outline a methodology for community IS design theory construction, combining the meta-model of IS development presented earlier, along with system dynamics as the components of the dynamic model (Fig.4): The steps of the methodology, here presented as an interaction between a human user and a supporting Design Theory Development System, are as follows: • To aid an investigator in theory development, four primary knowledge bases are needed: (1) a knowledge base of Design Problems, (2) a knowledge base of Design Hypotheses, (3) a knowledge base of Theory Components, and (4) a knowledge base of Dynamic Model Components4: • The Design Problem knowledge base contains cases, examples, reports and so on describing design problems, including problems related to the use, development, and maintenance of community IS. The problem descriptions can be in the form of case studies, project report excerpts, hypothetical scenarios, and so on. • The Design Hypothesis knowledge base contains information on how well a particular theory component or combination of components has addressed (based on implementation and use experiences) a particular design problem.

Validity can be indicated in different ways: source of the data, reviews, conditions of the experiment, links to other theory components, and so on. • The Theory Component knowledge base has pointers to a whole array of theoretical components. Hevner et al (2004), in their Knowledge Base list the following quite complete list of ‘Foundations’ and ‘Methodologies’: theories, frameworks, instruments, constructs, models, methods, instantiations, data analysis techniques, formalisms, measures, and validation criteria. • The Theory Component knowledge base is a source of information for the development of a Dynamic Model Component knowledge base. This knowledge base contains operationalizations of the theories described in the Theory Component knowledge base. Such operationalizations, including labels for concepts and values for parameters, are typically obtained in empirical studies testing one or more design hypotheses. • If a researcher encounters a design problem for which no solution has yet been found, she can query the Design 4 Ideally, the construction of these knowledge bases should be done by the at large community of community informatics researchers and practitioners’ over an extended period of time.

Problem knowledge base, and identify the problem that best seems to fit her case. The system presents her with hypotheses (retrieved from the Design Hypothesis knowledge base) that have proven to be successful in other cases dealing with the selected design problem5. The user selects the hypotheses she finds most valid, according to her own criteria. The system then first retrieves the theory components associated with the selected hypotheses. Subsequently, it retrieves the dynamic model components that are associated with these theory components. It then helps the researcher to compose an integrated dynamic model out of these components (assuming that any inconsistencies between these models have been dealt with). • The researcher can now perform a range of simulations, which will give her a much deeper understanding of the design problem, solutions, and their interrelationships.

Our purpose in this paper was not to propose the ultimate, or even a tentative design theory. Instead, we focused on how the process of getting to such a theory could be understood, charted and facilitated. A better understanding of the design theory development process is a first step towards this objective, as exemplified by our meta-model. However, a second step is also needed. The complexity of design theory formulation in the domain of community IS is very high. Support by the analytical machinery of systems dynamics is a powerful way to build a more integrated core of conceptual knowledge in our domain. Theory formulation benefits from a strong theoretical-empirical cycle. In other fields, such as the natural sciences, experimentation is common to get to such an integrated body of paradigmatic knowledge. In information systems research, particularly in community IS design, this is very difficult to achieve however, because of the situated, longitudinal and systemic aspects of design research.

In this paper we have given only a hypothetical example of the use of simulation and merely a sketch of a method for design theory construction using system dynamics. Many issues need to be addressed before the outline presented here can be realized. For example, to obtain a true body of deep knowledge, many more, and better community IS dynamic model components need to be developed, based on solid theoretical and practical findings. Interfaces between such model components need to be clearly defined. This is not trivial, since there are many epistemological differences between the theory components on which they should be based. Many interesting empirical findings already exist, but they are scattered across practice and the literature. Such data needs to be translated into indicators and parameter values of the dynamic models to which they apply.

Initially, she wants to focus on those studies that have been successful in dealing with conflict in online gaming communities, hoping that she will come to a better understand the range of interventions possible. • Selecting a design problem Jane first accesses the Design Problem Knowledge Base. She searches this knowledge base for those studies which say something about both “online gaming” and “conflict”. She gets two hits. One study (Study A) found that in a smallsized online gaming community conflicts increased considerably after a formal conflict management procedure",outputs/batch1/canonical_text_284/94347a49c12b.txt,94347a49c12b,A. Moor,2007,Journal of Community Informatics,,https://www.semanticscholar.org/paper/9898a05d24456f06fae80b2792799f42c78e97c2,DM-C03,2,design | theory | knowledge | methods | rock | architecture | complexity | engineering | research | systems | rock engineering | design theory | building | interactive | process,Design methods — Design process and Design theory,"Design process, Design theory",Design methods — Design process and Design theory,Provisional interpretation,Assignment frozen; interpretation requires confirmation by at least two reviewers,Contrastive phrase label with source-grounded extractive summary.,Not assigned by Path 1,Not evaluated in this statistical interpretation,Not applicable,not_applicable,,,,-1,0.0,design | theory | knowledge | methods | rock | architecture | complexity | engineering | research | systems | rock engineering | design theory | building | interactive | process,False,False,0,,,"Virtual communities are complex and evolving socio-technical systems. The design of community information systems requires much theoretical research to solve design problems. A design theory is a prescriptive theory which helps optimize design methods. Community IS design theory is still very young and fragmented, however. In the design theory development process, a mix of theory components is used to solve novel problems or existing problems more effectively and efficiently. We present a meta-model of IS development which focuses on the role of theory in IS design. We show how simulation via system dynamics could play an important role in a more systematic development of design theory for community information systems.",-5.4985394,17.413172,0.1062854528427124,4,4,False,"[{'paper_id': 'f16832406221', 'title': 'A Framework for Systemic Design', 'cluster': 0, 'distance': 0.16749835014343262}, {'paper_id': '5611cdb5c33a', 'title': 'Generating implications for design through design research', 'cluster': 2, 'distance': 0.20189368724822998}, {'paper_id': '5661de15ea0f', 'title': 'A Typology of Design Ideas', 'cluster': 0, 'distance': 0.2050323486328125}, {'paper_id': '40a2d86cd488', 'title': 'Elements of a design method - a basis for describing and evaluating design methods', 'cluster': 0, 'distance': 0.2051335573196411}, {'paper_id': 'ac2f5510db32', 'title': 'Beyond geometric complexity: a critical review of complexity theory and how it relates to architecture engineering and construction', 'cluster': 2, 'distance': 0.20537590980529785}]","Our findings identify a broader range than previously described, additional sources and heuristics supporting their development as well some important evaluation criteria. [E1] This paper presents a survey on complexity theory inclusive of work from the disciplines which range from cybernetics to systems and information theory. [E3]"
Design methods,Multiple forms of applications and impacts of a design theory -ten years of industrial applications of C-K theory,"C-K theory has been developed by Armand Hatchuel and Benoit Weil and then by other researchers since 1990s. In this paper we show that its very abstract nature and its high degree of universality actually supported a large variety of industrial applications. We distinguish three types of applications: 1) C-K theory provides a new language, that supports new analysis and descriptive capacity and new teachable individual models of thoughts; 2) C-K theory provides a very general framework to better characterize the validity domain and the performance conditions of existing methods, leading to potential improvement of these methods; 3) C-K theory is the conceptual model at the root of new design methods that are today largely used in the industry.",12,12,95c2b3d44aff_p0003;95c2b3d44aff_p0005;95c2b3d44aff_p0006;95c2b3d44aff_p0007;95c2b3d44aff_p0011;95c2b3d44aff_p0026;95c2b3d44aff_p0028;95c2b3d44aff_p0029;95c2b3d44aff_p0030;95c2b3d44aff_p0033;95c2b3d44aff_p0041;95c2b3d44aff_p0046,"In the 80s there has been great debat es in Germany to know whether Systema tic Design was applied and efficient in practice (Ehrlenspiel 1995; Heymann 2005). Many empirical studies were made to asses the use and ef ficient of the methods. It appeared that, when working alone on a design problem, a designer didn‟t fully follow the methods or was more efficient when he did not fully follow the steps. Still, at the same period, in the industry and the companies appeared norms for engineering (see VDI Richtlinie 2221 and 2222, see the French AFNOR norm NF EN ISO 9000:2000) that were directly inspired by the systamtic design fram ework; the routines of project management (list of r equirements, stage-gate, steps, V-cycle,…) as well as the software and tools associated to product development relied on systematic design; the theory also inspired the organization charts and procedures used to organize collective design work like the relationship between marketing department and engineering department, between integrators and su ppliers of components in complex systems, between engineering department and research labs,… Hence the language of a design the ory was used as the language to organize collective action (functional descript ion, conceptual models, embod iment,…).

look at) is a way to look at things. As such, in a very broad sense, it provides a r igorous language for action. This is not only true for design theory. For instance, when Steinmetz, by General Electric, used complex numbers to design electric circuits, he actually used a theory to “look at” electrical circuit s with specific lenses. Decision theory provides us another example of multiple forms of applic ations. Of course it was “transformed” into methods (decision trees for risk ma nagement, real options,…). It was also used to create new organizational roles and procedures (manager as decision -maker, the role of experts in decision - making,…). As a general language of performance, it helped to discuss the rati onality of past dec isions or the validity of empirical methods (in statistics it pr ovided firm ground for the theory of tests).

Even more: as a very general, transdi sciplinary paradigm, it had an impact in other disciplines; the theory diffused for example in management, economics, or neuroscience, where it helped, for i nstance, to analyze decision making situ ations or to diagnose “bias” in decision making. These new results led in turn to other, polymorphic applications. In a nutshell, evaluating the industrial applications and impact of a design theory might consist in evaluating four dimensions: 1. Improvement of analytical and descriptive capacities 2. Improvement and positioning of existing methods and processes. The theory helps to characterize (and occasionally increase) the validity d omain of (empirical) methods and processes. 3. Development of new tools and p rocesses. These tools and processes will, for instance, address situations that are out of the validity domain of the available methods.

4. Impact on other disciplines and on design professions. We trace here the diffusion of the theory in other academic dis ciplines and how the theory is taught to professionals who could, in turn, develop individually or colle ctively lop new methods and techniques in the future.

Still available methods in engineering design departments and, more generally, in R&D organizations, had been historically thought to support so -called new product development processes. Methods like funct ional analysis and QFD, processes like NPD projects, stage -gate and V -cycles, organization like project / competences matrices were adapted to listen to the customer, to select the right r equirements at the right level and to optimally use technical skills and competences to meet the specifications, relying on a network of suppliers and R&D labs. M ethods were available for rule -based design. But, beside this rule -based design mission, new design missions appeared that consist in exploring an innovation fiel d, without clear customer requirement, consist in creating new knowledge instead of just using the available one, consist in breaking existing design rules precisely to explore out-of-the-box, and consist in creating new ecosystems instead of relying on the existing one.

3 C-K theory, a framework to position and develop existing design methods and processes As a general design theory, C -K theory helped to analyze exiting design m ethods. Casting any method into the C -K theory leads to u ncover and clarify some implicit aspects: hypothesis on the available knowledge, on the user capacities, on the kind of concept that can be expected from the method… Even more: it can lead to propose improvements to these methods. Let‟s mention some examples: - C-K was used to analyze Advanced Systemic Inventive Thinking (ASIT, a special method derived from TRIZ); it helped to underline the critical issue of the “closed world assumption”, it showed that ASIT was a specific way to be creative “while staying in the box” and it led to propose improv ements to ASIT (Reich et al. 2010) - C-K was used to compare Parameter Analysis to other forms of Conc eptual Design (Kroll 2013).

- In an historical perspective, C -K helped to compare some of the theories that led to the systematic design framework. It led to reveal the critical fe atures of systematic design, namely: a str uctured language of the unknown (and not only the “known” as tend to do scientists in a modeling perspe ctive) and a constant effort to improve the generativity of the theories (Le Masson and Weil 2013). - In (Shai et al. 2009, 2013) , the use of the Infused Design methodology in the creative scientific discovery process is modelled with C -K theory, leading to a deeper understanding of both Infused Design and C-K theory. - In (Lenfle 2012), Lenfle uses C-K theory to analyze and evaluate the m ethods used in breakthrough projects. He revealed that, contrary to co nventional wisdom, these methods were strongly different from project ma nagement techniques like PERT and stage -gate processes; and he was ab le to clarify some specific features of these very original methods for brea kthrough innovation projects. - Studying the most recent CAD tools for industrial designers, Pierre - Antoine Arrighi identified critical features with the help of C -K theory (Arrighi et al.

2013) . For instance, he uncovered a logic of “acquired cre ativity”: whereas it is often considered that there is a trade off between r obustness and creativity, some CAD tools managed to simultaneously i ncrease the originality and the robustness of a design (Arrighi et al. 2012). 4 C-K theory, a conceptual model to develop methods and processes for innovative design situations Beyond this analytical perspective, C -K theory was also used as a “conceptual model” to design methods and proces ses for managing innovative design processes. Here again it is not possible to account exhaustively for all the methods that were developed. We will just mention some examples in three families: the methods to manage innovative design processes; the method s to organize innov ative design in companies; and the methods to support innovative design in ecosy stems (beyond the single firm).

4.1 Methods for innovative design processes: KCP, C-K invent, C-K expert, C-K for the design of Generic Technologies,… KCP is a method derived from C -K theory to support innovative design processes that need to involve many participants like experts, users, researchers, engineers, designers, customers.... C -K theory helped to analyze the limits of tr aditional methods of collec tive creativity (Hatchuel et al. 2009) : methods of group

C-K theory was also used to develop a method to design patents, C -K invent (Felk 2011; Felk et al. 2011) or a method to involve experts in “rule -breaking” processes, C-K expert. More recently C-K theory was used to manage risk in “double unknown” situ ations: when market and technologies are unknown, techno -push and market -pull strategies are impossible. It is often said that such situations are doomed to (cos tly) trial and error or, a bit more optimistic, “try and learn”. Still advances in design theory, and in particular the logic of K -reordering in C -K theory, helps to figure out strategies to design generic technologies that break the fatality of low market and technology probability (Kokshagina et al. 2013a) . Interestingly enough, this method shows that the risk management in a design perspective doesn‟t consist in uncertainty reduction but in structuring the unknown and designing independences (Le Masson et al. 2013).

Methods for Innovation team at Mines ParisTech. Those practices are indeed adapted very finely to the technological, social and organizational co ntexts of their applications. 5.2 Impact on disciplines, beyond engineering design The implications of C -K theory have disseminated in many academic fields (see figure 8) , such as creativity research (Le Masson et al 2011; Hatchuel et al 2011), data mining and knowledge management (Ondrus, Pigneur 2009; Poelmans et al 2009; Goria 2009), history of engineering design (Le Masson & Weil 2010a; 2010b), psychology and cognition ( Hatchuel et al 2011; Agogué et al, 2011), ecology (Berthet, Bartignolle and Segrestin, 2012; Berthet et al 2012), philosophy (Schmid, 2009; Schmid, Mambrini -Doudet & Hatchuel, 2011) and economics (Colasse & Nahkla, 2011; Nahkla & Colasse, 2011).

We have shown that we have to broaden the usual term of “applications” if we want to be able to evaluate the impact of a design theory. The matter is not only to “apply” such theories , but also to use them as means to increase our ability to reinvent and regenerate industries and to deal with the so numerous challenges our contemporary societies are facing. How design theories could help us to explore and move the new frontiers of the unknown? This first attempt to analy ze applications and impacts of C -K design theory leads us to formulate t he hypothesis that the evolutions of recent design theories are very closely link to the transformations of our contemporary society and the knowledge they use and produce. Design sciences would appear as a mean to r ebuild new forms of epistemologies relevant for contemporary knowledge.",outputs/batch1/canonical_text_284/95c2b3d44aff.txt,95c2b3d44aff,A. Hatchuel; P. Masson; B. Weil; Marine Agogué; A. Kazakçi; S. Hooge,2016,,,https://www.semanticscholar.org/paper/5975acb4d5d895ad651694e7ae4694f8abac61d2,DM-C03,2,design | theory | knowledge | methods | rock | architecture | complexity | engineering | research | systems | rock engineering | design theory | building | interactive | process,Design methods — Design process and Design theory,"Design process, Design theory",Design methods — Design process and Design theory,Provisional interpretation,Assignment frozen; interpretation requires confirmation by at least two reviewers,Contrastive phrase label with source-grounded extractive summary.,Not assigned by Path 1,Not evaluated in this statistical interpretation,Not applicable,not_applicable,,,,-1,0.0,design | theory | knowledge | methods | rock | architecture | complexity | engineering | research | systems | rock engineering | design theory | building | interactive | process,False,False,0,,,"C-K theory has been developed by Armand Hatchuel and Benoit Weil and then by other researchers since 1990s. In this paper we show that its very abstract nature and its high degree of universality actually supported a large variety of industrial applications. We distinguish three types of applications: 1) C-K theory provides a new language, that supports new analysis and descriptive capacity and new teachable individual models of thoughts; 2) C-K theory provides a very general framework to better characterize the validity domain and the performance conditions of existing methods, leading to potential improvement of these methods; 3) C-K theory is the conceptual model at the root of new design methods that are today largely used in the industry.",-6.9618897,18.052652,0.13007581233978271,6,6,False,"[{'paper_id': '60c69d24c5a3', 'title': 'Evaluating the efficacy and effectiveness of design methods: A systematic review and assessment framework', 'cluster': 0, 'distance': 0.2035517692565918}, {'paper_id': '5661de15ea0f', 'title': 'A Typology of Design Ideas', 'cluster': 0, 'distance': 0.20421063899993896}, {'paper_id': '40a2d86cd488', 'title': 'Elements of a design method - a basis for describing and evaluating design methods', 'cluster': 0, 'distance': 0.20837843418121338}, {'paper_id': '5389fb1cc38b', 'title': 'Elements of a design method – a basis for describing and evaluating design methods', 'cluster': 0, 'distance': 0.20980054140090942}, {'paper_id': '878cf959ac53', 'title': 'Designerly Research Methods and Researcherly Design Methods', 'cluster': 0, 'distance': 0.21390795707702637}]","Our findings identify a broader range than previously described, additional sources and heuristics supporting their development as well some important evaluation criteria. [E1] This paper presents a survey on complexity theory inclusive of work from the disciplines which range from cybernetics to systems and information theory. [E3]"
Design methods,Beyond geometric complexity: a critical review of complexity theory and how it relates to architecture engineering and construction,"ABSTRACT The wide application of digital design, the advances of digital fabrication and robotic processes have facilitated the materialization of bespoke geometries. In turn it has raised the issue of how architects can reduce design complexity using computational techniques. This paper presents a survey on complexity theory inclusive of work from the disciplines which range from cybernetics to systems and information theory. We synthesize a taxonomy of different definitions of complexity and ways of managing design complexity by decomposing its different levels as they relate to the fields of architecture, engineering and construction. Our hypothesis is that by reviewing the literature on complexity theory which appears to be highly fragmented, we can aid designers build a better understanding of the underlying principles. Thus designers can develop a more system approach towards the use of digital design tools and make use of concepts coming from the field of complexity theory such as abstraction, adaptation and self-organization in order to come up with novel computational design methods. Such methods can enable designers to deal with design problems holistically and manage design complexity in the contemporary digital design context.",12,12,ac2f5510db32_p0004;ac2f5510db32_p0006;ac2f5510db32_p0009;ac2f5510db32_p0013;ac2f5510db32_p0018;ac2f5510db32_p0036;ac2f5510db32_p0041;ac2f5510db32_p0042;ac2f5510db32_p0043;ac2f5510db32_p0053;ac2f5510db32_p0055;ac2f5510db32_p0069,"Our environment becomes increasingly complex and therefore complexity theory and computational methods have been radicallyinfluencingresearchinnearlyalldisciplinesbothinthe sciencesandthehumanities(Bundy 2007).Agoodexamplefrom CONTACT EvangelosPantazis epantazi@usc.edu ViterbiSchoolofEngineering–CivilandEnvironmentalEngineering,UniversityofSouthernCalifornia, KaprelianHall3620SVermontAve,LosAngeles,CA90089,USA the field of sciences is the paradigmatic shifts that occurred in fields such as physics and biology which was a direct result of adoptingnotionsofcomplexityandusingcomputationalmethods as a primary tool for simulating and modelling natural processes. Reductionist models have been successively modified or replaced as the predominant paradigm of research in the recent years. To clarify this more, the mechanistic worldview of nature which relies on the continuous top-down reduction of a whole into its parts is being replaced by the correlation of local interactions, and the identification of patterns that can bring the parts into an equilibrium as an emergent property of the overall system(Figure 2).

As early as the 1960s, a group of architects and researchers such as Gordon Pask, Cedric Price, Nicholas Negroponte and Christopher Alexander foresaw radical computational advancements and firmly believed that design tools and the architectural approach had to move from being purely descriptive and prescriptive in the sense of producing blueprints towards one that can be predictive, which can generate better performing designsbyharnessingthepotentialsofArtificialIntelligence(AI) and computational design methods (Frazer1995; Negroponte 1970;P a s k1969). They addressed the necessity of approaching the design process from a ‘system’s thinking’ perspective andintroducedtermssuchascontrol,communicationandfeedback as well as emergence and evolution for reconsidering the architectural design process. Additionally, a number of architectural theorists have written about complexity in architecture, among them Eisenman (Eisenman1993), Jencks (Jencks 1997) and Lynn (Lynn and Kelly1999), but attempts to address the notion of complexity theory in architecture have rarely ventured beyond rather diagrammatic and iconic applications. Despitetheautomationthatdigitaltoolshavebroughtandtheir

Recent work from both the academia and practice shows that this prospect is achievable by employing computational designmethodsthatcanhelpmanagecomplexityinthedesign process. Despite the increasing interest in complexity in the fields of ArchitectureandEngineeringandtheimportanceofdeveloping a good understanding, a unified definition of the term is still to date virtually nonexistent. The observation that there is a lack of a unifying framework, which can support the investigation of multiple levels of complexity within the fields of Architecture, Engineering and Construction (AEC) is a core motivation of this work. Another motivation is that although digital design tools are widely adopted in the recent years, current design methodologies could be characterized as computer based and not computational (Von Bülow2007). Designers have no holistic understanding of the different levels of complexity and thus have to a large extent used digital design methods to generate solelygeometriccomplexity.

Our bibliographic research (ca. 260 publications) was organized into two levels: on a ‘local’ level, the literature within the architectural computer-aided design communities (Cumincad,CAADria,eCAADe,ACADia)wasqueriedbasedonkeywords relating to complexity (i.e. complexity theory, design complexity, architectural complexity, etc.) and main references and key terms were extracted. On a ‘global’ level, the largest available corpusofdigitalizedbooks(ca.10,000publicationsdatingfrom 1910 to 2010) was queried using N-Gram viewer for different types of complexity (i.e. architectural complexity) and related key terms (i.e. feedback, emergence, self-organization) which wereextractedfromourlocalbibliographicsearch. N-Gram viewer is an online graphing tool, using a probabilistic Markov model for predicting the combination of characters on a database (collection of digitized books) given an inputsequenceofcharactersandcharts,annualcountsofwords andpossiblecombinationsaccordingly(i.e.database = google Books, input sample sequence = design complexity, 1-gram sequence: design, complexity, 2-gram sequence: design complexity, ... ) (Weiss2015).

humanlife(e.g.behavioural,socialandenvironmentalsciences), instancesofsystemswithcharacteristicsoforganizedcomplexity are also abundant in applied fields such as architecture and engineering(Klir 1985).JaneJacobsstatedthatanessentialquality shared by all living cities is the high degree of organized complexity (Jacobs 1961). Pask, emphasizing on the level of organized complexity embodied in buildings, regarded them not as ‘machines for living’ but as evolving environments with whichtheinhabitantscooperateandinwhichtheyperformtheir mentalprocesses(Pask 1969).Paskconsideredarchitectsas‘systemdesigners’ratherthan‘geometersandmasterbuilders’and identified that there is a demand for a system-oriented thinking in order to respond to the complex nature of architectural design. The design of a building or a city entails another level of complexity which goes beyond analysing and understanding how such complex systems function and that relates to thecomplexityofcreatingsomethingthatdoesnotexistpreviously.

As it can be observed in the section above, contemporary researchersininformationtheory,biology,andengineeringand computer science have developed separately different definitionsandmeasuresofcomplexitybutthereseemstobealsoan overlap as they were asking the same questions of complexity but within their own disciplines. By reviewing the literature, we can conclude that the most frequent questions that appear in theliteratureacrossdisciplinesforquantifyingcomplexityofan object,anorganism,aproblem,aprocessorevenaninvestment arethefollowing: (1) Howhardisittodescribe? (2) Howhardisittocreate? (3) Whatisitsdegreeoforganization? The difficulty of description (i.e. logical depth) can be measuredinbits(i.e.effectivecomplexity)whilethedifficultyofcreation (i.e. design content) can be measured in time and energy (i.e. entropy). Entropy can be considered as a measure of randomness of operations in the design process and can be used for measuring the potential of generative design systems to

Despite the fact that the use of computational tools offers an opportunity to formalize design process there are no formal architectural design methods that follow the above model in a systematic way. The design process can be considered as one in which the designer (i.e. architect, engineer) navigates through an illdefinedproblemdomainandemploysvariousstrategiestoelaborate the problem description. She then iteratively generates and evaluates design alternatives and after a number of iterations, i.e. when given a time-constraint, it proposes a solution (Gero1996). In computational terms, the design process can be described as a purposeful (not random), constrained, decision making, exploratory and learning activity. Decision making implies a set of variables that relate to the problem definition and context. Search is the common process used in decisionmaking.Explorationhereisakintochangingtheproblem space within which the decision making occurs.

Learning impliestherestructuringofknowledgebasedonthecycleofpresupposition–conjecture–analysis–evaluation cycle (Gero2000). Theill-structurednatureofthedesignproblems,theexistenceof changingcontextualfactorsandtheengagementofthehuman factor do not allow the clear definition of the solution space to beexploredandthereforeincreasethecomplexityofthedesign process.Non-linearityandtheamountofinterconnecteddesign parametersbetweentheconjecture-analysiscyclesalsoincrease the complexity. In an attempt to improve the latter, research and professional practice have focused more on automating traditional «manual» methods of production using computeraideddesignandalgorithmicdesigntools(Gero 1996;Scheurer

2007). Current parametric design systems have facilitated the design and management of non-standard geometries and at first sight seem to reduce complexities of the design process, at least in terms of algorithmic complexity. This is easily measuredifweconsiderthattheprintoutofacodeforaparametric model together with a table of all the parameter sets is much shorter than all the workshop drawings (Scheurer2010). However, there are complexities relating to the description of the problem and the definition of efficient design strategies which remainlargelyunresolved.Forinstance,inbiologicalsystemsthe blueprint of an organism, that is its genetic code, is considered as a set of instructions which are dependent on an environmental context for its interpretation and manifestation and is subjecttoevolutionandadaptation.Inarchitecture,despitedigital design tools were developed to streamline the production of the blueprints of buildings, less focus has been put towards formalizingtheencodingprocess.Althougharchitecturaldesign processes has been computer based for over 20 years, only recently there has been rigorous research towards the adaptation of computational methods for design exploration (Von Bülow 2007).

Recently we haveseentheintroductionofcomputationaltoolsthatpromote designexplorationandattempttoextendtothedesigner’sintellectbycorrelatingdatainnovelways(VonBülow 2007).Thegeneralization of geometry via computational tools and methods requires a higher level of formalization of design thinking but also provides new forms of creative expression. Suh who introduced the axiomatic design approach argues that via design formalizationandviasystematicallyincorporatingscientificprinciplesindesign,thereisthepotentialtoinformempiricismand intuitionindesignandevaluatethecomplexityofadesignproblem holistically (Suh1990). Kotnik states that the consideration ofdigitaldesignascomputablefunctionsoffersanopportunity to systematize design knowledge and compare existing methods in design(Kotnik2010).Thisis becausemathematical functions make the governing of cause and the effect explicit, and therefore connecting methods of digital design with the concept of computational functions offers a platform for directly transferring formal mathematical concepts into architecture.

Following the axiomatic design approach, design can be broadly defined as the creation of a synthesized solution which satisfies a set of perceivedneedsthroughthemappingofprocessbetweenfunctional requirements, which exist in the functional domain and designparameterswhichexistinthephysicaldomain.Through this perspective, concepts such as self-organization, autonomy, topology, holism and entropy from the field of complexity theory can be used to correlate the multiple levels of complexity acrossthedifferentfieldsofAEC. 4. A holistic digital design approach for managing building complexity The analysis in the previous sections shows that the complexity of creating a building design description (added design

In this analogy, the designer acts like an apprentice that uses a specific language (python, c++, java) or interface to pose questions to the master (computer) and respectfully awaiting the answer. In order to promote the designers’creativity,computationaldesigntoolsneedtobeconceived not as drafting aids but as the user’s/designer’s apprentice, which when given a set of specifications, are capable to generate proposals (design alternatives) that the user/designer (mastercraftsman)canevaluateandcritique.Insuchasituation, the tool is expected to build knowledge through the interaction with the user and the processing of multiple data sets. By tracingevolutionarypatternsinexistingtypologies(i.e.vernacularstructures)andcombiningthemwithoccupants’behaviours, environmental conditions and building paradigms, simple yet notsimplifiedgenerativedesignsystemsandrobustdistributed construction systems can be devised for exploring larger and moremeaningfulsolutionspaces. Note",outputs/batch1/canonical_text_284/ac2f5510db32.txt,ac2f5510db32,Evangelos Pantazis; D. Gerber,2019,Architectural Science Review,,https://www.semanticscholar.org/paper/b50cc2220c9a692e8c31e6465f08e7008ae10dbf,DM-C03,2,design | theory | knowledge | methods | rock | architecture | complexity | engineering | research | systems | rock engineering | design theory | building | interactive | process,Design methods — Design process and Design theory,"Design process, Design theory",Design methods — Design process and Design theory,Provisional interpretation,Assignment frozen; interpretation requires confirmation by at least two reviewers,Contrastive phrase label with source-grounded extractive summary.,Not assigned by Path 1,Not evaluated in this statistical interpretation,Not applicable,not_applicable,,,,-1,0.0,design | theory | knowledge | methods | rock | architecture | complexity | engineering | research | systems | rock engineering | design theory | building | interactive | process,False,False,0,,,"ABSTRACT The wide application of digital design, the advances of digital fabrication and robotic processes have facilitated the materialization of bespoke geometries. In turn it has raised the issue of how architects can reduce design complexity using computational techniques. This paper presents a survey on complexity theory inclusive of work from the disciplines which range from cybernetics to systems and information theory. We synthesize a taxonomy of different definitions of complexity and ways of managing design complexity by decomposing its different levels as they relate to the fields of architecture, engineering and construction. Our hypothesis is that by reviewing the literature on complexity theory which appears to be highly fragmented, we can aid designers build a better understanding of the underlying principles. Thus designers can develop a more system approach towards the use of digital design tools and make use of concepts coming from the field of complexity theory such as abstraction, adaptation and self-organization in order to come up with novel computational design methods. Such methods can enable designers to deal with design problems holistically and manage design complexity in the contemporary digital design context.",-6.3639097,16.70511,0.09056961536407471,2,2,True,"[{'paper_id': 'f16832406221', 'title': 'A Framework for Systemic Design', 'cluster': 0, 'distance': 0.17145752906799316}, {'paper_id': '6e06768bb26b', 'title': 'Design as Research in Landscape Architecture', 'cluster': 2, 'distance': 0.18613553047180176}, {'paper_id': 'd54cc84186ed', 'title': 'Examining Rock Engineering Knowledge through a Philosophical Lens', 'cluster': 2, 'distance': 0.2046283483505249}, {'paper_id': '94347a49c12b', 'title': 'Using System Dynamics to Construct Design Theory for Community Information Systems', 'cluster': 2, 'distance': 0.20537590980529785}, {'paper_id': '885a1eee70e3', 'title': 'The Design of Business Models: What, How and Why', 'cluster': 0, 'distance': 0.20601558685302734}]","Our findings identify a broader range than previously described, additional sources and heuristics supporting their development as well some important evaluation criteria. [E1] This paper presents a survey on complexity theory inclusive of work from the disciplines which range from cybernetics to systems and information theory. [E3]"
Design methods,Tracing situated effects of innovative design methods: inexperienced designers' practices,"In recent years the design research community has been active in developing new methods for user involvement and collaboration in the design process. The new methods, often called innovative design methods, correspond more to designer's genuine ways of thinking and working than do traditional user-centered ones. The entire purpose of innovative method is to allow for designer's creativity in the design of method and reflective learning, instead of relying on predefined rules of method. For this reason, codification and scientific evaluation are often regarded very challenging, if meaningful at all. This leads us to raise a question; what could be relevant ways of framing and communicating innovative design methods to better capture their nature and value?As one attempt to explore this question, our study takes a close look at inexperienced designers' practices with innovative methods, such as probes or co-design workshops. We chose students as research subjects because their situated actions -- and the challenges they face in understanding and applying these methods -- reveal just kind of knowledge about the innovative methods that needs to be communicated. To do this, we analyzed students' learning diaries written during the design course. When the students reported uncertainties and disappointments due to 'ill-defined' nature of such methods, we were able to trace the reasons for disappointments. We also found that the innovative design methods in fact supported the students for empathic learning and design inspiration from the making process of the methods.",12,12,b2234ef79a5a_p0002;b2234ef79a5a_p0004;b2234ef79a5a_p0006;b2234ef79a5a_p0007;b2234ef79a5a_p0008;b2234ef79a5a_p0013;b2234ef79a5a_p0016;b2234ef79a5a_p0027;b2234ef79a5a_p0030;b2234ef79a5a_p0047;b2234ef79a5a_p0054;b2234ef79a5a_p0055,"We chose students as research subjects because their situated actions – a n d t h e c h a l l e n g e s t h e y f a c e i n understanding and applying the se methods – r e v e a l j u s t kind of knowledge about the innovative methods that needs to be communicated. To do this, we analyzed students’ learning diaries written during the design course. When the students reported uncertainties and disappointments due to ‘ill-defined’ nature of such methods, we were able to trace the reasons for disappointments. We also found that the innovative design methods in fact supported the students for empathic learning and design inspiration from the making process of the methods . Keywords Innovative design methods, co -design, empathic design, design education

These new methods suit particularly well for the early design process, the fuzzy front -end, to direct design decisions; to inform what actually should be designed, and for whom. In t his paper, we call these new methods the innovative design methods , f o l l o w i n g B r u c e H a n i n g t o n ’ s r e n o w n nomenclature [8]. Whereas traditional UCD methods are mostly borrowed from marketing research, ethnographic study or human engineering, the innovative design methods rather correspond to designer’s genuine ways of thinking and working, i.e., visual, creative, and inspired learning. According to Hanington [8], the whole purpose of innovative method is to allow for creativity in designing methods appropriate t o t h e project situation. R a t h e r t h a n being an objective tool with predefined rules, innovative method is actualized as designer’s or researcher’s competence in interaction with particular circumstances [10].

recipe for applying ‘a right method right’, has been ongoing (for example, see [1]). In fact we seldom read about innovative method development that elaborates the themes much further o r deeper than case trials along the path of rigorous validation and generalization [10]. Due to this nature of innovative methods, i.e., without predefined rules to guarantee ‘right outcomes’, we have observed that people who are inexperienced with these methods often report uncertainties and disappointments, and sometimes doubt about effectiveness of these methods. In multi -disciplinary design projects, stakeholders from conventional science fields also show similar reactions to the use of innovative meth ods. This observation leads us to raise a question; if the innovative methods can hardly be codified or generalized, what are then relevant and appropriate mindsets for applying these methods in design projects?

And what kind of knowledge should be communicated and published to better capture ‘true effects’ of innovative methods and encourage such mindsets? As one attempt to explore these questions, we propose to have a closer look at human actor’s (designer or design researcher) situated actions, emotions , changing mindsets, and challenges with innovative methods - phenomena as it occurs, beyond a procedural and normative perspective – what it ought to be . In so doing, we expect that audience of the methods may gain the perspective that can deal with uncertainty (e.g. [6]) or creative adaptation (e.g. [15]) instead of over -relying on procedures or techniques of the methods. From this perspective, this study looks into how inexperienced designers go about the innovative methods for their design projects. Th e reason why we particularly chose inexperience designers’ practices, instead of experienced ones’, is that their interpretation, actions and confusions may reflect the nature of innovative methods.

And that is where we can start building discussion on wha t kind of knowledge should be communicated about those methods and how. Indeed the students learn by doing, but they are often left with a rather inexpedient frustration of “methods that don’t work”, as they have no opportunity t o reach a level of equilibrium [9]. As Iversen and Buur [9] posit, the students are less able to flexibly and reflectively adapt the new methods for their design projects than experienced designers. They tend to rely on a method as a pre- defined tool rather than creatively adapting it for their own ways of working. Thus the situated actions, emotions and challenges from the students’ design work can more saliently show possible discrepancies between real application cases and what are written in ‘method papers.’ In this paper, we analyzed students’ weekly learning diaries written during User -Inspired Design (UID) course at Master’s degree program of Industrial and Strategic Design, Aalto University (more about the UID course, see [17]).

(A new design) method is seen as situated action utilizing and depending on the environment, the language, and t he physical, technical and social surrounding. Depending on the designers’ expertise, and on the knowledge available in the environment, a method can be completely or partly internalized skill of a person and tacit, or to a remarkable extent, but never completely explicit and transparent [10]. This conception of ‘method as comp etence’ includes the human actors and the particular circumstances of application into the necessary elements of its definition and description. Thus its objective validation among alternatives is very challenging, and sometimes even irrelevant. In their original introduction of Cultural Probes [4], Gaver and his colleagues have proposed the assumption shift in engaging a user perspective in design [5].

Drawing on these notions from the earlier studies, we frame conceptions of innovative design methods in three aspects in this paper: method-human actor relationship, outcomes of m e t h o d, and method validation. In this paper, the term ‘human actor’ refers to those who apply the method in practices, such as design students, designers or researchers. • Method-human actor relationship : Whereas traditional research methods in UCD are conceived as an instrument with power and rigidity separable from a human actor, innovative design methods are rather internalized competence of her, situated actions and reflections. Creating, applying and learning from innovativ e methods depend on the human actor, thus different for individual designers or researchers. • Outcomes of method : Learning from innovative methods depends on researcher’s or designer’s level of reflection.

“I am a bit disappointed though that after many lectures about methods it is mentioned that ‘the goal of these methods is to spark discussion …’ It almost feels like no one has any developed and proved methods how to get ahead, but only way to make more questions…” “(When reading about methods) as a reader trying to get more insight, it gets confusing, and you cannot help being technical and focused on definitions of words and processes. I guess as designers all start different processes in tandem, this universe of new jargon and descriptions is unavoidable… I really do not think there is a defined method for approaching user -inspired design. It cannot entirely be seen as a method either, since it is not entirely defined.” The students may have this impression o f ‘ ill-defined methods’ b e c a u s e t h e innovative m e t h o d s neither involve predefined step- by-step guidelines nor promise fixed forms of dataset.

I a m k i n d o f w o r r i e d a n d f e e l i n g uncertain of our next step just after the session.” We see that the students were disappointed because they expected explicit data sets t h a t c o n t a i n c o m p l e t e u s e r information or promising design ideas, with which they could start to analyze and design. And they considered the work prior to collecting the user data as preparation for user study, not as actions through which they can already gain understanding of users and design inspiration . As far as we concern, the ‘outcomes’, i.e. knowledge about users and design ideas, are not only identified from end results of the probes or the generative workshops but embedded in students’ internal and reflective learning built throughout the whole span of the project, i.e. from contacting the users, designing the methods and so on. In following sections, we will discuss how we see the effects and the outcomes of the innovative design methods by closely examining the students’ learning diaries.

And this is not the knowledge that students can learn from literature or lectures (although they can suggest tips), but the knowledge they can gain by having enough experiences. The Probe Returns Might Not Be The Main Data. As shown above, the studen ts thought that their methods for user study were not productive because they sought explicit forms of outcomes that they could immediately identify and take for design. However, as we have argued throughout the paper, the merits and learning are not mainly from end results of the user study, but emerge and are constituted in the sequence of actions already from contacting users, designing methods, and at various informal meetings. Although the sequence of those actions are not conventionally considered pri mary in user study, we have observed that those actions taking place around the innovative methods can actually provide considerable inputs for the students: for knowing about users and (re -) framing design space, just as the student group realized their stereotypic image to the elderly and reframed the design direction.

Most importantly, the innovative design methods support the students to build empathy towards users, and such mindset plays an important role in having confidence for creatively employing the methods and for deciding design solutions. To better capture these situated effects of innovative methods, we propose t o frame and communicate the innovative method in terms of an evolving process a n d a constitutive stage, rather than a tool . This framing of method as evolving process and constitutive stage includes the method design phase or informal meetings with users within the conceptual boundary of method. This holistic view helps to acknowledge that learning about users and locating design possibilities can occur throughout the whole process, and they are living outcomes of innovative methods. The living outcomes are reflected in next actions, such as modifying initial probe designs or re -framing design directions.

In academic publications, innovative design method is often introduced in case studies; many papers describe aims and designs of the method, procedures, a nd results. We argue that with this procedural manner for describing methods, there might be much of importance that ‘falls through the cracks’ due to simplistic attitudes. As we discussed throughout the paper, in most cases codification of innovative design method is very challenging because of its particularity that is actualized by designer’s competence",outputs/batch1/canonical_text_284/b2234ef79a5a.txt,b2234ef79a5a,"Lee, Jung-Joo and Vaajakallio, Kirsikka and Mattelm\""aki, Tuuli",2011,Procedings of the Second Conference on Creativity and Innovation in Design,10.1145/2079216.2079231,https://doi.org/10.1145/2079216.2079231,DM-C02,1,design | methods | human | empathy | ll | children | autobiographical | autobiographical design | users | embodied | user | method | ai | designers | role playing,Design methods — Design process and Design research,"Design process, Design research",Design methods — Design process and Design research,Provisional interpretation,Assignment frozen; interpretation requires confirmation by at least two reviewers,Contrastive phrase label with source-grounded extractive summary.,Not assigned by Path 1,Not evaluated in this statistical interpretation,Not applicable,not_applicable,,,,-1,0.0,design | methods | human | empathy | ll | children | autobiographical | autobiographical design | users | embodied | user | method | ai | designers | role playing,False,False,0,,,"In recent years the design research community has been active in developing new methods for user involvement and collaboration in the design process. The new methods, often called innovative design methods, correspond more to designer's genuine ways of thinking and working than do traditional user-centered ones. The entire purpose of innovative method is to allow for designer's creativity in the design of method and reflective learning, instead of relying on predefined rules of method. For this reason, codification and scientific evaluation are often regarded very challenging, if meaningful at all. This leads us to raise a question; what could be relevant ways of framing and communicating innovative design methods to better capture their nature and value?As one attempt to explore this question, our study takes a close look at inexperienced designers' practices with innovative methods, such as probes or co-design workshops. We chose students as research subjects because their situated actions -- and the challenges they face in understanding and applying these methods -- reveal just kind of knowledge about the innovative methods that needs to be communicated. To do this, we analyzed students' learning diaries written during the design course. When the students reported uncertainties and disappointments due to 'ill-defined' nature of such methods, we were able to trace the reasons for disappointments. We also found that the innovative design methods in fact supported the students for empathic learning and design inspiration from the making process of the methods.",-8.45687,16.598713,0.1014438271522522,4,4,False,"[{'paper_id': '878cf959ac53', 'title': 'Designerly Research Methods and Researcherly Design Methods', 'cluster': 0, 'distance': 0.14457273483276367}, {'paper_id': '60c69d24c5a3', 'title': 'Evaluating the efficacy and effectiveness of design methods: A systematic review and assessment framework', 'cluster': 0, 'distance': 0.15299010276794434}, {'paper_id': 'd330bde18c87', 'title': 'Languaging design methods', 'cluster': 0, 'distance': 0.15478241443634033}, {'paper_id': '40a2d86cd488', 'title': 'Elements of a design method - a basis for describing and evaluating design methods', 'cluster': 0, 'distance': 0.15509682893753052}, {'paper_id': '5389fb1cc38b', 'title': 'Elements of a design method – a basis for describing and evaluating design methods', 'cluster': 0, 'distance': 0.15683019161224365}]","Subsequently, we described the extracted key know-how as 'patterns' by using the pattern language framework, and we developed a booklet listing the 30 patterns in an easy-to-reuse manner. [E1] Embodied, co-design and children-specific methods have been gaining traction in Interaction Design for Children, and their potential and benefits are well-established. [E2]"
Design methods,A Framework of Design Method Corroboration,"Practitioners design artifacts of different kinds. Researchers and practitioners both create methods for designing such artifacts. The question arises whether those methods are actually valid and useful. In this conceptual paper, we argue that there is a need for 'method corroboration'-the deliberate and reflected use and possible validation of a design method. We present a literature review of method corroboration in the IS and more specifically in the DSR literature. The findings are summarized as a conceptual model outlining eight strategies of method use, which are then condensed into a 2-by-2 framework of method corroboration. The results of this paper present insight into the current state of method corroboration in the DSR field and provide guidance for working with design methods in research and practice. © 2023 IEEE Computer Society. All rights reserved.",12,12,b5d968168f35_p0002;b5d968168f35_p0004;b5d968168f35_p0006;b5d968168f35_p0007;b5d968168f35_p0008;b5d968168f35_p0009;b5d968168f35_p0010;b5d968168f35_p0014;b5d968168f35_p0018;b5d968168f35_p0023;b5d968168f35_p0035;b5d968168f35_p0038,"The results of this paper present insight into the current state of method corroboration in the DSR field and provide guidance for working with design methods in research and practice. Keywords: design science research, design methods, method evaluation, method validation, research rigor. Introduction A design method is defined as a descriptive or prescriptive procedure on how to create new artifacts (Cross, 2021). It provides “procedures, techniques, aids, or tools for designing“ (J. C. Jones, 1992, p. 290). In that sense, the term “design method” encompasses both, abstract principles or step-by-step instructions and concrete tools for how to design something. Design research unites a wealth of disciplines, which requires a suitable approach to bring structure to the questions and applications, and the possibility of reducing the complexity of the field to such an extent that events, constructs, and applications become meaningfully manageable.

We argue that it is crucial to know if and when a method works and when it does not. Still, many design methods are used in blind trust. As stressed by Badke-Schaub and Voute (2018) the actual scientific rigor of design methods is often doubtful, since there is usually little to none evidence about their actual impact and usefulness. Finally, (3) many new design methods are being developed from scratch. Often, these appear to be rather arbitrary. For example, Roberts (2016) presents a list of more than 100 innovation canvases. However, most of them did not describe their development process, nor were they empirically evaluated or theoretically understood (Thoring et al., 2019). We address the three problems outlined above within the Information Systems (IS) discipline for the following reasons: The IS discipline, and specifically the design science research (DSR) field is concerned with the design of artifacts, where artifacts are mostly considered as socio-technical IT artifacts (Hevner et al., 2004).

theories resemble methods in so far that both are concerned with the questions of an intervention that changes the initial state into a preferred state. Davison et al. (2021) mention instrumental theories that try to solve a problem or develop an organization. We argue that design methods could offer a process for designing (1) technological resources or (2) any kinds of resources. Hevner et. al (2004, p. 100) limit design science to activities “with respect to technology, engaging in the creation of technological artifacts [...]”. Technological resources behave more predictable than people. Procedural and structural constraints might place limits to their choices but they “always have the possibility to do otherwise” (M. R. Jones & Karsten, 2008, p. 137) and are therefore challenging as a part of a prescriptive method. IS is not only concerned with the design of new artifacts (and the related involvement of design methods), but also with the development of new methods.

Consequently, we identify two levels of interest within this context: What are the methods for designing IT artifacts? And how can we design a new IS method itself? We argue that for both, we need a thorough understanding of a method’s effectiveness and working mechanisms. We argue that there is a need for what we call “method corroboration” – that is, the deliberate and reflected use, development, and possible validation of design methods, possibly increasing their theoretical understanding and/or empirical validation. While the DSR discipline provides several rigorous guidelines, frameworks, and step-by-step instructions for artifact development on an abstract scientific level, e.g., (Gregor & Jones, 2007; Peffers et al., 2007; Venable et al., 2016), there is less research on concrete, practical design methods and tools that would help researchers and practitioners to actually better design an IT artifact.

Moreover, we can find several sources dealing with the construction of DSR research methods (Möller et al., 2020; Venable & Baskerville, 2012) but not many sources presenting research on how to validate or develop DSR design methods. Consequently, the goal of this conceptual paper is guided by the following research questions: RQ1: What is the state of design method corroboration according to the IS literature? RQ2: How could the corroboration of design methods be increased? The term “corroboration” is used throughout this paper as an indicator for a robust and valid design method. The remainder of this conceptual paper is structured as follows: First, we provide a systematic literature review on method corroboration within the Basket of Eight of top IS journals. Based on the findings, we derive (1) a conceptual model outlining the possible approach of design method usage, and (2) a structured 2-by-2 framework that defines different degrees of method corroboration.

We conclude with a critical discussion and provide an outlook to future work. 2. Literature review of design methods in Information Systems In order to understand if there are different levels of method corroboration and how these are applied in the Information Systems discipline, we take a look into the Information Systems DSR literature. We created a sample of Information Systems papers based on the Senior’s Scholars Basket of Eight IS journal list. We limited the papers to the last 10 years from 2012 to 2022. We applied the IS Ontology (Mueller et al., 2022) and only looked at DSR papers that mentioned design methods or one of its synonyms (as defined in the IS Ontology). The following synonyms for “design method” were used in the full text search (including the plural version): design methodology, design process, DSR process, design science process, DSR process model, design science research process, design science research process model, and framework for evaluation in design science.

This procedure created a list of 53 candidate DSR papers. We looked at each candidate paper manually and excluded (1) editorial papers, (2) papers that only discussed research methods, and (3) papers that only presented design artifacts but not the methods for designing these artifacts. This reduced the list of papers to 13. Each paper was analysed, and types of method usages were noted in an Excel sheet. These codes were collected, clustered, and combined by two authors until no new concepts emerged. Table 1 shows an excerpt of our coding database, in which selected phrases from the analysed papers are presented to illustrate the allocation to the respective categories. Table 1: Selected key phrases used to allocate the method usage category Paper Selected relevant key phrases Allocated category (Thummadi & Lyytinen, 2020) We collected process data from six software projects with the goal of understanding the extent to which development routines differed in terms of the two design methods. Observe (Payton, 2016) […] followed by design lessons as offered by the MyHealthImpactNetwork.org user experience. Reflect Page 5157

discuss each of the eight strategies in more detail in the following subsections. (1) Observe. The first step toward method corroboration is to carefully observe the methods and processes. This can be either the observation and reflection of one’s own approach, or of an existing method that is applied by others. A typical approach in the design field are protocol analysis (Ericsson & Simon, 1984; Hay et al., 2017)—a systematized approach for observing and analysing team behaviour. (2) Reflect. A critical reflection of the observed methods and processes is required to describe a method in a formalized and reproducible way. Jobst et al. (2020) introduced a tool to facilitate reflection in the design process. (3) Describe. Formalized descriptions of a method can be derived, for example, based on method engineering, a systematic approach that is concerned with the description, design, adaption, and evaluation of methods, using engineering principles (Welke & Kumar, 1992).

We argue that theoretical understanding of the method will increase its corroboration. (6) Copy/Apply. Numerous design methods exist and several books present collections of manifold design methods (Curedale, 2013; J. C. Jones, 1992; Kumar, 2012). The vast availability of design methods can be overwhelming for the designer and present them with the challenge to pick the right method for their respective goals. As a consequence, the way how these methods are applied by designers and design researchers, varies. We can observe intuitive and skilful method application, mainly applied by expert designers on the one hand, and unreflected copying of step-by-step instructions in a “painting-by-numbers” manner on the other, as well as several steps in between. Several authors have studied the impact of expertise level on method usage and application and suggest that typically novice designers rely more on methods than experts, who tend to follow a skilful, intuitive process (Dreyfus & Dreyfus, 1980).

Moreover, many of these canvases lack a formal description and do not present the process they followed when developing the tool. Hanington (2003) suggests the need for more “creative” design methods in contrast to “traditional” or “adapted” methods, in order to achieve creative and innovative results. The question of how to develop new design methods is rarely picked up in the literature. Thoring and colleagues present a set of guidelines on how to design canvases (Thoring et al., 2019), and workshops as a research method (Thoring et al., 2020). We suggest that the previously introduced concepts do not follow a linear sequence but are rather intertwined and influencing each other. Figure 1 illustrates the concepts’ interrelationships. We argue Page 5160

Both models outline a space of possible strategies towards method corroboration. On the one hand, people can take them as a blueprint when designing methods, and on the other hand, they could use them as a reference for evaluating methods. Finally, both models can be used by reviewers and editors to evaluate the rigor of DSR papers that work with existing or newly developed design methods 5. Conclusions In this paper, we present a conceptual model of design method usage, based on a literature review within the Basket of Eight IS journals, and a resulting framework of design method corroboration. The conceptual model (Figure 1) suggests eight concepts relevant for design method usage and implementation. The mutual influences and relationships of these concepts are discussed and, thus, answer our first research question (What is the state of design method corroboration according to the IS literature?).

Another limitation of this paper is the question of how the eight concepts for method corroboration could actually be implemented. What we need here is some sort of “meta-methodology” that provides the methods for developing corroborated design methods. This question will be explored in future work. Page 5163",outputs/batch1/canonical_text_284/b5d968168f35.txt,b5d968168f35,"Thoring, Katja (1); Mueller, Roland M. (2); Lecuna, Alejandro (3); Badke-Schaub, Petra (4)",2023,Proceedings of the Annual Hawaii International Conference on System Sciences,,,DM-C01,0,design | methods | method | design methods | knowledge | value | research | gamification | visualization | use | process | commissioning | systemic | business models | business,Design methods — Design process and Design research,"Design process, Design research",Design methods — Design process and Design research,Provisional interpretation,Assignment frozen; interpretation requires confirmation by at least two reviewers,Contrastive phrase label with source-grounded extractive summary.,Not assigned by Path 1,Not evaluated in this statistical interpretation,Not applicable,not_applicable,,,,-1,0.0,design | methods | method | design methods | knowledge | value | research | gamification | visualization | use | process | commissioning | systemic | business models | business,False,False,0,,,"Practitioners design artifacts of different kinds. Researchers and practitioners both create methods for designing such artifacts. The question arises whether those methods are actually valid and useful. In this conceptual paper, we argue that there is a need for 'method corroboration'-the deliberate and reflected use and possible validation of a design method. We present a literature review of method corroboration in the IS and more specifically in the DSR literature. The findings are summarized as a conceptual model outlining eight strategies of method use, which are then condensed into a 2-by-2 framework of method corroboration. The results of this paper present insight into the current state of method corroboration in the DSR field and provide guidance for working with design methods in research and practice. © 2023 IEEE Computer Society. All rights reserved.",-6.623346,17.60319,0.08450615406036377,8,8,False,"[{'paper_id': '60c69d24c5a3', 'title': 'Evaluating the efficacy and effectiveness of design methods: A systematic review and assessment framework', 'cluster': 0, 'distance': 0.12420952320098877}, {'paper_id': 'd330bde18c87', 'title': 'Languaging design methods', 'cluster': 0, 'distance': 0.14083874225616455}, {'paper_id': '878cf959ac53', 'title': 'Designerly Research Methods and Researcherly Design Methods', 'cluster': 0, 'distance': 0.1443992257118225}, {'paper_id': '40a2d86cd488', 'title': 'Elements of a design method - a basis for describing and evaluating design methods', 'cluster': 0, 'distance': 0.1487075686454773}, {'paper_id': '5389fb1cc38b', 'title': 'Elements of a design method – a basis for describing and evaluating design methods', 'cluster': 0, 'distance': 0.14950060844421387}]","First, we propose a ‘chain of evidence’, from motivation to claims, operationalising this in a systematic assessment framework. [E1] In this conceptual paper, we argue that there is a need for 'method corroboration'-the deliberate and reflected use and possible validation of a design method. [E3]"
Design methods,The Designer's Body as Resource in Design: Exploring Combinations of Point-of-view and Tense,"The design of wearable, tangible and embedded interactive products requires a focus on bodily/kinesthetic aspects of the user experience, that is, how the product ""feels"" in use. Although best practice in user-centered design (such as iterative design, prototyping, user testing) also applies for this new type of product, the designer's skill set needs to be supplemented with design methods and practices that utilize bodily intelligence and empathy with the user. We present a framework for categorizing such body-centered design practices based on two dimensions: point-of-view (1st, 2nd, 3rd person) and tense (past, present, future). Inspired by Merleau-Ponty's phenomenology of the body, Shusterman's work on somaesthetics, and Buber's theories on intersubjectivity, the framework provides a language for talking about different ways designers and co-designers can utilize their body as a design resource. The intention is not to be prescriptive on method, but to provide guidance during planning, execution and analysis.",12,12,b8c02b0994bd_p0004;b8c02b0994bd_p0005;b8c02b0994bd_p0006;b8c02b0994bd_p0014;b8c02b0994bd_p0017;b8c02b0994bd_p0020;b8c02b0994bd_p0023;b8c02b0994bd_p0026;b8c02b0994bd_p0028;b8c02b0994bd_p0034;b8c02b0994bd_p0058;b8c02b0994bd_p0060,"Designing digital technology for the body, that being wristworn emergency alarms for elderly, augmented reality headsets for gamers, or interactive costumes for actors, is a complex task, requiring the designer to pay careful attention to the interplay between the product, its users , and the intended use context. Through decades, HCI research has addressed many such design issues, using the terms embodied, tangible, wearable, and embedded for these products and body-centered design to refer to the practice of designing such products. Other terms for these design practices include soma-based design [18, 19], movement-based design [28], embodied design [6], or “designing with and for the body” [47]. Several body-centered design methods have been developed to supplement existing interaction design methods (e.g. [9, 16, 20, 28, 29, 36, 38]).

Common to mo st of these methods is that their successful application to a large degree depends on the skills and sensitivities of the individual designer. Some of the proposed methods originate in performance arts and rely on pr evious training in dance or drama (e.g. [28, 38]). Others rely on training in bodily self -reflection (e.g. [20]), special intervie wing techniques (e.g. [34]) or soma - based design [49]. Our aim is not to devise ways to train body-centered skills and sensitivities, but to provide a language for talking about these in the context of design. Compared to screen-based interaction design, body-centered design is new, and comparably little has been written on what it takes to make such design projects successful. How do we design for the body? What design methods exist? What skills do these methods require from the designers?

How do we combine these and other methods in specific design projects? To help answer these questions, we provide an analytical framework for talking about different ways designers and codesigners can utilize their bodily skills and sensitivities as a resource in design. Our intention is not to provide a prescriptive method, but to provide a language for reflecting on design practice during the planning, execution and analysis of d esign projects that require a body -centered approach. We have found the two dimensions of point-ofview (1st, 2nd and 3rd person) and tense (past, present and future) fruitful as an analytical lens for this purpose. In this paper, we will use two design ca ses to illustrate the framework. During the planning phase of a project, the framework can help identify what combination of design methods and activities best fit the project in its different phases.

Hummels et al. [16] describe the design method Move to get moved inspired by Gibson´s ecological theory of perception and choreography ( somatics). They describe how they changed their design practice from designing interaction on paper to design interaction while interacting. Schiphorst [38] describes two first-person design methods used in the design workshops of the Whisper project. First, Attentional redirection is a method inspired by practices such as mindfulness and contemporary dance with the aim of redirecting attention from the external world to the inner felt qualities of an experience. She refers explicitly to Depraz et al. [3], who draw on the phenomenology of Husserl [17] and describe this as the three-step bracketing process

Finally, Hillerup Fogtmann [10] developed Kinesthetic Empathy Interaction as a 2nd person approach to design. Common to all above body-centered methods is that the authors say very little about the skills and sensitivities required to successfully practice their method.

3rd person: The body as object Implicit in all 3rd person theories of the user is the assumption that users can be described and understood with the same tools and theories that we use to study other objects in the world. This is the paradigm of western medicine, cognitive science, ergonomics, and movement science. Deeply rooted in most of these theories is the Cartesian assumption that people is the sum of body and mind, — a body having a mind, or a mind having a body. 3rd person design methods The 3rd person approach has given us insights about cognition and perception that have been important for the design of today´s easy-to-use user interface s. Examples include the gestalt theorie s of vision (screen layout), and recognition vs. recall (GUI vs. text interfaces). The aim of most u ser-centered design methods , such as observation, interviews, usability testing, and co -design workshops, is to gain a better understanding of the user s.

At this level, which Merleau-Ponty regards as the level of mental representations, we can already speak of explicitly conscious somatic perception or Somaesthetic observation"" (ibid. p. 55). Somaesthetic reflection can be trained We all observe our bodily reactions in everyday life; tense shoulders on our way to a job interview, excitement before meeting a person we like, tiredness after a long day. But somaesthetic reflection is also a skill that can be improved through training in drama and dance classes, eastern mindbody practices such as Tai Chi, yoga, meditation and martial arts. Somaesthetics has lately been made relevant to bodycentered design by bringing Shusterman into design centers, teaching researchers and designers somaesthetic reflection through hands-on workshops [7, 27]. 1st person design methods Most of the current body-centered design methods are 1st person, e.g [16, 18 -21, 28-30, 38, 50].

See [8] for a discussion). 2nd person design methods Empathy with the user has been explicitly stated as a goal in design within HCI since the early 2000s (e.g. Fulton Suri [43]), but has often been seen as something that would emerge automatically from observing or interviewing users. As Wright and MacCarthy [51] put it: “ By their tight focus on a functional use of empathy, for example to design attractive systems, early attempts to introduce empathy into HCI often seem somewhat paradoxically to have maintained a third-person perspective on users” (ibid., p. 644). Hillerup Fogtmann ´s Kinesthetic Empathy Interaction [10] and Kouprie et al.´s Empathizing Process [24] are examples of design method that put empathy center stage. 2nd person vs. 3rd person: Buber We find the work of the Austrian philosopher Martin Buber relevant for a discussion about the 2nd person perspective in body-centered design, even though his focus was not primarily on the “tacit” bodily aspects of intersubjectivity.

The body-centered design methods differ in point- of-view (1st, 2nd, and 3rd), but they also differ in tense, i.e. whether a particular method is intended to answer questions about what has happened in the past, what is happening now, or what might happen in the future. Present vs. Past The difference between present and past lies in the current experiences contrasting memories and recollections; Hummel et al.’s Move to get moved [16] for example, is a 1st person method that is very much in the present. It is concerned with exploring design alternatives through interaction here and now from a 1st person perspective. Similarly, Schiphorst ’s Attentional redirection [38] is concerned with the present, in an attempt at getting access to the 1st person experience of interacting. When doing an Elicitation Interview [34], as exemplified and described by Petitmengin [35] on the other hand, the interviewer is taking the interviewee back to previous encounters with technology.

Although not explicitly related to embodied design, the paper is relevant in showing the pros and cons of the different approaches to design. Wilde et al. [50] present a theoretical framework for analyzing the inner working of Embodied Design Ideation (EDI) Methods. The framework sees the design metho ds as examples of estrangements (Shklovsky). Eight EDI methods from two conference workshops are analyzed. The framework does not discuss neither Point -of-View nor Tense, but is relevant because EDIs are examples of methods that will occupy the 1st person – Present and 1st person – Future cells in our framework.

The rationale for conceptualizing the point-of-view / tense matrix for categorizing design activities and skills was not to be prescriptive on method or process, but to provide a language for talking about different ways designers and codesigners can utilize their bod ies and lived experience s as resource in body-centered design projects. For the two design cases presented here, we found it useful in several ways: • The trajectory of the design phases through the matrix gave a new perspective on the design processes, with its detailed focus on the skills and working modes of designers and other stakeholders. • The analyses also made us aware of potentials for skill training. Designing for the body is to a large extent not about designing artifacts, but about orchestrating bodily user experiences. For both design cases, we believe that much could have been gained by training in somaesthetic reflection and kinesthetic empathy. • By looking at the blank cells in the matrixes for the two cases, it became apparent that alternative design methods could have been applied in the projects.

Although “3rd person” data, such as accelerometer measurements of user movements, may seem more objective than verbal accounts of how it feels for the user, such data also pose problems of validity and reliability . The data have always been recorded with a focus on certain aspects of the use situation, leaving others out, and they need to be interpreted. The framework is also not intended to capture all aspects of body-centered design. It has several blind spots that are better dealt with by other frameworks: • With its focus on the intra-subjective and intersubjective skills and sensitivities involved in the design process, it does not provide knowledge on how to plan an iterative user-centered design process. A number of frameworks already exist for this purpose (e.g. [5]). • Further, the framework does not give advice on how to characterize user experiences or structure user data. Others frameworks and methods are useful for this purpose (see [26]).",/Users/baiyixin/Documents/Survey - design knowledge/expanded_pipeline_464_20260811/canonical_text/b8c02b0994bd.txt,b8c02b0994bd,"Svan\aes, Dag and Barkhuus, Louise",2020,Proceedings of the 2020 CHI Conference on Human Factors in Computing Systems,10.1145/3313831.3376430,https://doi.org/10.1145/3313831.3376430,DM-C02,1,design | methods | human | empathy | ll | children | autobiographical | autobiographical design | users | embodied | user | method | ai | designers | role playing,Design methods — Design process and Design research,"Design process, Design research",Design methods — Design process and Design research,Provisional interpretation,Assignment frozen; interpretation requires confirmation by at least two reviewers,Contrastive phrase label with source-grounded extractive summary.,Not assigned by Path 1,Not evaluated in this statistical interpretation,Not applicable,not_applicable,,,,-1,0.0,design | methods | human | empathy | ll | children | autobiographical | autobiographical design | users | embodied | user | method | ai | designers | role playing,False,False,0,,,"The design of wearable, tangible and embedded interactive products requires a focus on bodily/kinesthetic aspects of the user experience, that is, how the product ""feels"" in use. Although best practice in user-centered design (such as iterative design, prototyping, user testing) also applies for this new type of product, the designer's skill set needs to be supplemented with design methods and practices that utilize bodily intelligence and empathy with the user. We present a framework for categorizing such body-centered design practices based on two dimensions: point-of-view (1st, 2nd, 3rd person) and tense (past, present, future). Inspired by Merleau-Ponty's phenomenology of the body, Shusterman's work on somaesthetics, and Buber's theories on intersubjectivity, the framework provides a language for talking about different ways designers and co-designers can utilize their body as a design resource. The intention is not to be prescriptive on method, but to provide guidance during planning, execution and analysis.",-8.630111,15.70095,0.09286284446716309,1,1,True,"[{'paper_id': '234ec11212b7', 'title': 'Under the umbrella: components of empathy in psychology and design', 'cluster': 1, 'distance': 0.16839677095413208}, {'paper_id': 'f47226c43979', 'title': 'The Human-Centredness Metric: Early Assessment of the Quality of Human-Centred Design Activities', 'cluster': 1, 'distance': 0.17857497930526733}, {'paper_id': 'f16832406221', 'title': 'A Framework for Systemic Design', 'cluster': 0, 'distance': 0.1962578296661377}, {'paper_id': '878cf959ac53', 'title': 'Designerly Research Methods and Researcherly Design Methods', 'cluster': 0, 'distance': 0.19851338863372803}, {'paper_id': '5661de15ea0f', 'title': 'A Typology of Design Ideas', 'cluster': 0, 'distance': 0.200644850730896}]","Subsequently, we described the extracted key know-how as 'patterns' by using the pattern language framework, and we developed a booklet listing the 30 patterns in an easy-to-reuse manner. [E1] Embodied, co-design and children-specific methods have been gaining traction in Interaction Design for Children, and their potential and benefits are well-established. [E2]"
Design methods,Adapting the FBS Model of Designing for Usage-Driven Innovation Processes,"There has been rising interest in confronting formal models of design with practical design methods, in order to understand better both and to explore how they can improve each other. In this article, we try to map the Radical Innovation Design (RID) methodology in Gero’s Function-Behavior-Structure (FBS) framework. We encounter difficulties in doing so, and propose new constructs extending the FBS framework to account for some processes in RID. For instance, FBS is extended to describe the early stages of RID, where usages are analyzed to identify the appropriate situations and problems on which to innovate. We present a short practical case study to illustrate the relevance of these concepts. Our findings join those of others who have investigated the use of FBS to illustrate innovative projects, where requirements are unclear. We propose perspectives for future research, notably pursuing this work with the situated FBS framework.",12,12,bee7b59885fa_p0002;bee7b59885fa_p0006;bee7b59885fa_p0007;bee7b59885fa_p0010;bee7b59885fa_p0012;bee7b59885fa_p0017;bee7b59885fa_p0019;bee7b59885fa_p0033;bee7b59885fa_p0035;bee7b59885fa_p0037;bee7b59885fa_p0042;bee7b59885fa_p0046,"The lack of validation of design methods is sometimes lamented [1]. Analyzing design methods through the lens of design theories is one way forward to understand the mechanisms through which they support good design practice and promote value creation. Using theories to understand and assess methods, treatments and programs is a long -standing proposition in evaluation research [2]. In return, confronting design theories with design methods that have positive practical impact could be one way of testing them. This article is part of a research program aimed at exploring how our understanding of the Radical Innovation Design (RID) methodology [3-6] can be enhanced by confronting it with existing formal frameworks of design reasoning and of design process. We have already looked at RID through the lens of abductive design and the two -step innovative abduction model [7].

The e mphasis on problem setting in RID has proven its benefits, since it was shown that the quality of the problem setting stage affected positively the final design results [4]. Readers interested in practical examples and the application of RID to industrial problems may be referred to [3, 19, 20]. The Process of RID stages and four sub -processes: The Problem setting stage, with the knowledge design and problem design sub-processes, and the Problem solving stage, with the solution design and business - design sub-processes. In the Problem setting stage, designers start by defining an activity field in which it is suspected that something can be done to create value. This activity field is investigated empirically to identify archetypal usage situations and problems met by use rs. Designers model how problems happen through causal modelling.

They also investigate how existing solutions act on these causal networks, and how they ultimately alleviate users ’ problems. This information is then processed using an algorithm, which helps identify the frequent usage situations where serious problems happen which are not well addressed by existing solutions [3]. These instances are called “value buckets ”. To identify the ones that are worth exploring further, a Kano survey is carried with potential users, and the fitness between value buckets and the company’s strategy is also taken into account. In the end, a subset of value buckets is selected for further investigation, called the ambition perimeter. This Problem design sub -process is supported by intensive research to create a knowledge base, the Knowledge design subprocess. Designers use empirical research approaches (participant observation, interviews), literature review and expert opinions to construct “books of knowledge ” on relevant topics. In the Problem solving stage, designers concurrently develop a solution system (Solution design) and its business

Design Issue Definition Requirements (R) All expressions of customer or market needs, demands, wishes and constraints that are ex plicitly provided to the designers at the outset of a design task Function (F) Teleological representations that can cover any expression related to potential purposes of the artefact Expected Behavior (Be) Attributes that describe the artefact ’s expected interaction with the environment Structure Behavior (Bs) (or behavior derived from structure) Attributes of the artefact that are measured, calculated or derived from the observation of a specific design solution and its interaction with the environment Structure (S) Components of an artefact and their relationships Design description (D) Any form of design -related representations produced by designers, at any stage of the design process

The FBS model expressed that designing an artefact aims at transforming a set of requirements and functions into a set of design descriptions [24]. In the FBS model, this process is broken down into eight fundamental design processes, described in Table 2 and numbered on Figure 2.

Even if implications are different, this problem may be encompassed in a broader issue dealing with the lack of dynamics of the FBS framework, including also the descriptive/prescriptive discussion from Vermaas and Dorst [13] and the introduction of the sFBS [23]. A last remarkable discussion about FBS is proposed by Cascini et al. [12] about, one more time, the first process (formulation) and design issues (Requirements and Function). They propose an evolution of the situated FBS framework by making a distinction between Needs (N, a new design issue) and Requirements (R) and by instantiating these objects in the three situated worlds. We do not discuss in detail these proposals in this paper, but one remarkable observation is the introduction of considerations that go beyond the design of material objects (in a mechanical design tradition).

Applications of the FBS framework The FBS model of designing has been applied to different contexts with different purposes. One may distinguish two main fields of application, ‘as a theoretical vehicle for understanding design, and as a conceptual basis for computerized tools intended to support practicing designers’ [10]. Let us illustrate four recent applications. Pourmohamadi and Gero [25] use FBS as a coding scheme to structure a software tool, LINKOgrapher, which aims at automating the calculations in design protocol analysis. FBS coding scheme ensures a domain-independent re-usability of the tool to assist designers. Lammi [26] considers FBS to analyze high school students’ system thinking in engineering design. FBS design issues are used to support the analysis of students ’ reasoning (mental

design methods average in practice user types, expectations, usage contexts, and situations. Design Documents comprise the documents considered in FBS model but also all relevant information gathered during the Problem setting stage, i.e. during the knowledge design sub - process of RID. However, this latter information is crucial to define properly expected value buckets Ve. In RID methodology, this information gathered during the knowledge desig n is synthesized into “books of knowledge” which are distinct from technical information defining the designed structure. Once that we have described ten new or adapted design issues, the next subsection describes the associated fundamental processes. The six fundamental processes of UDIP model In RID, the six fundamental processes are the same than the ones of FBS model: Formulation, Synthesis, Analysis, Evaluation, Documentation, and Reformulation (expressed as three processes in FBS).

They then processed and synthesized this knowledge into a set of value buckets [3], i.e. serious problems happening in important usage situations where current market solutions provide poor relief (see RID projects in the native FBS framework without losing details: all these activ ities happen even before the FBS notion of “requirements” are established. OF THE UDIP FRAMEWORK ON A CASE STUDY.

X X Cognitive overload Casted shadow by parts of the body Movement restriction and physical pain Inappropriate lighting Moving in dark places Manipulating an object in a dark place Precision inspection of an object Precise manipulation of an object

Evaluation compares expected value buckets with value buckets derived from structure (Ve ↔ Vs). Here, the comparison is made between expected and derived -from-structure value buckets. In UDIP , this is the result that matters, i.e. Vs being close to Ve, and not the means for the structure to act, i.e. Bs being close to Be. Documentation Documentation 5a transforms expected value buckets into documentation (Ve → D). This documentation is the one generated during the Problem setting stage, especially during the knowledge design sub -process of RID. It is not mentioned in the initial FBS mode l. However, we believe that this information (synthesized into “books of knowledge” in RID) must be carefully saved since: (a) value buckets of Ve types are gold nuggets and their fine description is invaluable, (b) only some value buckets will be selected in the ambition perimeter for following up with the ideation phase, then recording the others can serve in the future, (c) keeping the reasoning traceability leading to value buckets of Ve types is determining for a posteriori justifying the usefulness of the structure solution.

This approach is more oriented on the service delivery performances and overall quality than on the way the service is delivered. RID is more adapted to the design of PSS (Product-Service Systems). 5. Elementary process 1d is novel. It means that RID pay more attention to existing structures in the competitive landscape (called “existing solutions” in RID) for specifying design objectives (Ve) than the traditional designing methods. 6. Elementary process 5a is novel. It means that RID attaches as much importance to generate documentation during problem setting as to documentation during problem solving. RID is more compatible with open innovation principles for which different types of deliverables may generate value along an innovation funnel like licensing [31, 32]. A fine analysis of this work highlights the fact that in the RID methodology (and thus in the UDIP model), behaviors are considered (chronologically) before functions.",outputs/batch1/canonical_text_284/bee7b59885fa.txt,bee7b59885fa,B. Yannou; François Cluzel; G. Lamé,2018,Volume 7: 30th International Conference on Design Theory and Methodology,,https://www.semanticscholar.org/paper/eca62463fe663c3015618cf05fc19693f7cec6fa,DM-C01,0,design | methods | method | design methods | knowledge | value | research | gamification | visualization | use | process | commissioning | systemic | business models | business,Design methods — Design process and Design research,"Design process, Design research",Design methods — Design process and Design research,Provisional interpretation,Assignment frozen; interpretation requires confirmation by at least two reviewers,Contrastive phrase label with source-grounded extractive summary.,Not assigned by Path 1,Not evaluated in this statistical interpretation,Not applicable,not_applicable,,,,-1,0.0,design | methods | method | design methods | knowledge | value | research | gamification | visualization | use | process | commissioning | systemic | business models | business,False,False,0,,,"There has been rising interest in confronting formal models of design with practical design methods, in order to understand better both and to explore how they can improve each other. In this article, we try to map the Radical Innovation Design (RID) methodology in Gero’s Function-Behavior-Structure (FBS) framework. We encounter difficulties in doing so, and propose new constructs extending the FBS framework to account for some processes in RID. For instance, FBS is extended to describe the early stages of RID, where usages are analyzed to identify the appropriate situations and problems on which to innovate. We present a short practical case study to illustrate the relevance of these concepts. Our findings join those of others who have investigated the use of FBS to illustrate innovative projects, where requirements are unclear. We propose perspectives for future research, notably pursuing this work with the situated FBS framework.",-5.155373,16.81565,0.112510085105896,12,12,False,"[{'paper_id': '885a1eee70e3', 'title': 'The Design of Business Models: What, How and Why', 'cluster': 0, 'distance': 0.1779623031616211}, {'paper_id': 'f16832406221', 'title': 'A Framework for Systemic Design', 'cluster': 0, 'distance': 0.1855645775794983}, {'paper_id': '5661de15ea0f', 'title': 'A Typology of Design Ideas', 'cluster': 0, 'distance': 0.19378149509429932}, {'paper_id': '40a2d86cd488', 'title': 'Elements of a design method - a basis for describing and evaluating design methods', 'cluster': 0, 'distance': 0.1998823881149292}, {'paper_id': '5389fb1cc38b', 'title': 'Elements of a design method – a basis for describing and evaluating design methods', 'cluster': 0, 'distance': 0.20149874687194824}]","First, we propose a ‘chain of evidence’, from motivation to claims, operationalising this in a systematic assessment framework. [E1] In this conceptual paper, we argue that there is a need for 'method corroboration'-the deliberate and reflected use and possible validation of a design method. [E3]"
Design methods,DEFINING HUMAN-CENTERED AI: A COMPREHENSIVE REVIEW OF HCAI LITERATURE,"This paper investigates the evolution of Human-Centered Artificial Intelligence (HCAI) as an emergent perspective on the design, development, and deployment of Artificial Intelligence (AI). It provides an overview of HCAI definitions, from the most established to the less common definitions found in the literature, highlighting the variety of emphases as well as the shared understandings among them. Based on the review, the paper proposes a new comprehensive HCAI definition, synthesizing the main features of the different definitions. Our HCAI definition highlights the necessity to understand the involved and affected people. To identify and understand their needs and values, the new definition highlights the use of Human-Centered Design methods. In an HCAI context, needs and values are mainly manifested through the concepts of Augmentation, and Control. Augmentation refers to the idea of using AI to enhance human capabilities and performance, rather than replacing human beings with machines. Control, on the other hand, deals with the governance and management of AI systems to ensure that they operate ethically and safely. The paper highlights the importance of collaboration between AI and IS researchers to advance the HCAI agenda and ensure that AI serves the interests of society. © 2023 International Conference on Information Systems, ICIS 2023: 'Rising like a Phoenix: Emerging from the Pandemic and Reshaping Hu. All Rights Reserved.",12,12,c1149e306456_p0005;c1149e306456_p0006;c1149e306456_p0009;c1149e306456_p0017;c1149e306456_p0021;c1149e306456_p0024;c1149e306456_p0033;c1149e306456_p0034;c1149e306456_p0035;c1149e306456_p0038;c1149e306456_p0039;c1149e306456_p0040,"The current emphasis lies on optimizing performance metrics, such as accuracy, speed, or resource ef-ficiency, rather than explicitly considering human values or societal impacts. As a consequence of these prevalent practices, Human-Centered Artificial Intelligence (HCAI) emerged as a different point of view on Artificial Intelligence (AI) design, development, and deployment that prioritizes human needs and aspirations. HCAI acknowledges the impact of AI systems on individuals, societies, and the overall human experience and puts humans at the center and its research strategies emphasize that the next frontier of AI is not just technological but also humanistic and ethical. HCAI is a crucial perspective for the responsible design, development, and deployment of AI. Digital technologies may have a dual role, sometimes being part of the problem or facilitating solutions to ex-isting problems (Dwivedi et al., 2022; Pappas et al., 2023).

Placing human beings at the center allows the creation of AI systems that are more inclusive, trustworthy, and aligned with human values and goals (Schoenherr et al., 2023; Shneiderman, 2020a). It can guide AI design ensuring that AI can support and

The rest of the paper is structured as follows. First, the research method is presented. Then, different HCAI definitions are presented and synthesized into a new comprehensive definition. After that, a discussion is provided before concluding the paper. 2 Research Method For this systematic literature review we applied the methodological framework by Kitchenham (2004), following her structured literature review process. The three steps within the framework consist of plan-ning-, conducting-, and reporting the review. In the first step, we developed a detailed search protocol, defining specific search terms as well as inclusion/exclusion criteria. In the second step, the review was conducted. This includes identification, selection, appraisal of quality, evaluation, and synthesis of the literature. In the last step, the findings of the literature review are summarized and reported.

The 15th Mediterranean Conference on Information Systems (MCIS) and the 6th Middle East & North Africa Conference on digital Information Systems (MENACIS), Madrid 2023 4 requires combining AI-based algorithms with human-centered design (HCD) thinking. The fundamental conviction is that the adoption of user-centered design methodologies will lead to HCAI systems that support human goals, activities, and values. By that, Shneiderman indicates that HCAI is not the sole responsibility of a single discipline. Designers, engineers, product managers, government agencies, evaluators, and educators need to include HCAI ways of thinking. The goal is to enable a human-cen-tered future with technologies that amplify, augment, and enhance human abilities and enhance human performance. Shneiderman’s work has been the conceptual foundation for many studies that take an HCAI perspec-tive.

The “Ethics” component relates to the creation of AI solutions that guarantee fairness, justice, and account-ability. He et al. (2022) used Xu’s framework in their study on challenges and opportunities for Trust-worthy Robots and Autonomous Systems. They concluded that AI human-centeredness requires con-sideration of users and their cognition along with an understanding of reasoning processes and knowledge at the human level. The Stanford Institute for Human-Centered Artificial Intelligence (HAI) states that Human-Centered AI aims “[...] to augment the abilities of, address the societal needs of, and draw inspiration from human beings” (HAI, 20121). The goal of HAI is to advance AI research, education, policy, and practice to improve the human condition, augment human intelligence, and thereby enhance human welfare by using machine intelligence. Stanford’s HAI institute follows three objectives: technical reflection about

The work by Au-ernhammer has been used by Subramonyam et al. (2021) for the development of a Process Model for Co-Creating AI Experiences (AIX). Subramonyam and colleagues provide designers with practical guidance on how to work with AI systems as a design material and offer design considerations for in-corporating data probes. Dignum & Dignum (2020) describe an AI system as “Human-centered” if the system does not operate in isolation but is socially aware of performing its tasks for someone, within a local and temporal con-text. It is argued that AI systems are socio-technical systems in the sense that the social context of how these systems are developed, used, and acted upon is a fundamental consideration. This means, that for a Human-Centered approach to AI, the technical component cannot be separated from the socio-tech-nical system (Dignum, 2019; Schoenherr et al., 2023).

4 Discussion This literature review illustrates multiple takes on what “Human-Centered Artificial Intelligence” could mean. This is not surprising, since defining a term that is linked to a constantly evolving technology like AI, is like trying to hit a moving target. Deconstructing the term HCAI into its two parts “Human-Centeredness - HC” and “Artificial Intelligence - AI” further illustrates this difficulty. While there are definitions available for human-centeredness, for example, from HCI, Interaction-, and UX Design (Xu, 2019), a universally agreed definition of AI is yet to be found. And even if such a lack of consensus is accepted, the question remains if HCAI just describes the intersection of HC and AI, or if it constitutes something greater than the sum of its parts. As the literature review unveiled, for some, HCAI is under-stood as the amalgamation of Human-Centered Design and AI.

Several definitions highlight the neces-sity of incorporating Human-Centered Design methods in the design and development processes of AI systems. Yet for others, HCAI constitutes nothing less than a paradigm shift, moving beyond the prev-alent technology-centered approaches towards AI driven by human values. Developing a common and shared definition can play an important role in advancing scientific research by promoting clarity, collaboration, and progress. In the realm of scientific inquiry having a shared understanding of key concepts and terms is essential to foster clear communication among researchers, minimizing misunderstandings. A shared understanding promotes a meaningful exchange of ideas that allows scholars and practitioners to build upon each other's work, develop new hypotheses, and advance the scientific discourse. A common conceptual ground can encourage collaboration among researchers as well as with practitioners and help to align efforts, combine expertise, and work towards common goals.

Furthermore, such a shared understanding can enhance the reliability and reproducibility of re-search findings. This is crucial for validating and building upon existing research, strengthening the knowledge base, and fostering knowledge transfer within the scientific community. At the same time agreed-upon definitions and a shared understanding of involved concepts facilitate critical thinking, fostering intellectual growth and driving scientific progress. This allows for focused debates, evaluating the strengths and weaknesses of different approaches, and critically analyzing the implications of re-search outcomes. Our analysis of existing HCAI definitions identified a common understanding that a human-centered approach to AI foregrounds human needs and values. This is most notably manifested in the two

Xu et al. (2022) highlight a shift from human-centered automation to human-controlled autonomy. The same understanding is implied in the definitions by Holzinger (2022a) and in Xu’s earlier work (2019). The concept of control raises questions around the ultimate power of decision, considering how human-beings are involved in decision making processes when AI is also involved. To gauge appropriate levels of augmentation and control, our definition highlights the importance of established Human-Centered Design (HCD) methods and practices. HCD describes a creative approach to problem-solving that starts with understanding the people involved and designing around their needs and values. An HCD approach is described as cultivating deep empathy with the people you’re designing with, generating ideas, building different prototypes, sharing what you’ve made together, and eventually putting your innovative new solution out in the world (IDEO, 2023).

The US Office of Science and Technology Policy in its Strategic Plan on National AI Research and Development, has recently explic-itly favored human factors, usability, and human-centered design research methods (OSTP, 2023). In particular, the report argues for the analysis of user needs and requirements through iterative design methods to understand and address the ethical, legal, and societal implications of AI and to ensure safety and security. Enhancing human abilities with the help of technology, while exploring appropriate levels of automa-tion, supervision, and decision-making are known objects of inquiry. Back in 1989, Banon and Schmidt noted that by changing the allocation of functions between humans and their implements, changes in technology induce changes in work organization (Banon & Schmidt, 1989). As AI becomes widespread and ubiquitous across work settings, and more functions get delegated to AI-infused systems, the rele-vance of HCAI becomes clear.

Liikkanen (2019) describes that human-centered design will be crucial in further defending humans, particularly underprivileged users at risk of being mistreated by AI. 5 Conclusion This literature review provides an overview of HCAI definitions, from the most established to the less common ones. It highlights the partly shared conceptual understanding, but also the existing diversity of emphases among them. Based on the review, we are proposing a new comprehensive HCAI defini-tion, synthesizing the main attributes of the different existing definitions. Our proposed HCAI definition highlights the necessity to engage with and understand the involved and affected people. To identify and understand their needs and values, our new definition also highlights the use of HCD methods. In regard to such needs and values, a particular focus has been identified for the concepts of Augmentation, and Control.",/Users/baiyixin/Documents/Survey - design knowledge/expanded_pipeline_464_20260811/canonical_text/c1149e306456.txt,c1149e306456,"Schmager, Stefan (1); Pappas, Ilias (1); Vassilakopoulou, Polyxeni (1)",2023,"International Conference on Information Systems, ICIS 2023: 'Rising like a Phoenix: Emerging from the Pandemic and Reshaping Human Endeavors with Digital Technologies'",,,DM-C02,1,design | methods | human | empathy | ll | children | autobiographical | autobiographical design | users | embodied | user | method | ai | designers | role playing,Design methods — Design process and Design research,"Design process, Design research",Design methods — Design process and Design research,Provisional interpretation,Assignment frozen; interpretation requires confirmation by at least two reviewers,Contrastive phrase label with source-grounded extractive summary.,Not assigned by Path 1,Not evaluated in this statistical interpretation,Not applicable,not_applicable,,,,-1,0.0,design | methods | human | empathy | ll | children | autobiographical | autobiographical design | users | embodied | user | method | ai | designers | role playing,False,False,0,,,"This paper investigates the evolution of Human-Centered Artificial Intelligence (HCAI) as an emergent perspective on the design, development, and deployment of Artificial Intelligence (AI). It provides an overview of HCAI definitions, from the most established to the less common definitions found in the literature, highlighting the variety of emphases as well as the shared understandings among them. Based on the review, the paper proposes a new comprehensive HCAI definition, synthesizing the main features of the different definitions. Our HCAI definition highlights the necessity to understand the involved and affected people. To identify and understand their needs and values, the new definition highlights the use of Human-Centered Design methods. In an HCAI context, needs and values are mainly manifested through the concepts of Augmentation, and Control. Augmentation refers to the idea of using AI to enhance human capabilities and performance, rather than replacing human beings with machines. Control, on the other hand, deals with the governance and management of AI systems to ensure that they operate ethically and safely. The paper highlights the importance of collaboration between AI and IS researchers to advance the HCAI agenda and ensure that AI serves the interests of society. © 2023 International Conference on Information Systems, ICIS 2023: 'Rising like a Phoenix: Emerging from the Pandemic and Reshaping Hu. All Rights Reserved.",-8.904301,16.231995,0.17856067419052124,10,10,False,"[{'paper_id': 'f47226c43979', 'title': 'The Human-Centredness Metric: Early Assessment of the Quality of Human-Centred Design Activities', 'cluster': 1, 'distance': 0.19110798835754395}, {'paper_id': '7ebbe03ea0d8', 'title': 'Autobiographical design in HCI research: designing and learning through use-it-yourself', 'cluster': 1, 'distance': 0.2865169048309326}, {'paper_id': 'b8c02b0994bd', 'title': ""The Designer's Body as Resource in Design: Exploring Combinations of Point-of-view and Tense"", 'cluster': 1, 'distance': 0.2892836332321167}, {'paper_id': 'ac2f5510db32', 'title': 'Beyond geometric complexity: a critical review of complexity theory and how it relates to architecture engineering and construction', 'cluster': 2, 'distance': 0.29174959659576416}, {'paper_id': '0a373ca87142', 'title': 'Surveying a Landscape of Ethics-Focused Design Methods', 'cluster': 0, 'distance': 0.2965671420097351}]","Subsequently, we described the extracted key know-how as 'patterns' by using the pattern language framework, and we developed a booklet listing the 30 patterns in an easy-to-reuse manner. [E1] Embodied, co-design and children-specific methods have been gaining traction in Interaction Design for Children, and their potential and benefits are well-established. [E2]"
Design methods,Languaging design methods,"Design methods have been integral to design studies research, with initial goals of bringing rationality and objectivity to design activities, later shifting to the creation and provision of methods as tools to encourage more reflective, meaningful, and socially responsible design practices. However, little research exists that describes how methods are created, what knowledge is used to inform this creation, or connects elements of methods to performance by designers. In this research note, I describe performative, codification-oriented, and presentation-oriented stances towards design methods, articulating a vocabulary that languages aspects of methods. I describe areas where this vocabulary may support design researchers, including building new design methods, informing descriptive accounts of methods in use, and supporting the creation of a theory of method. All rights reserved Elsevier.",12,12,d330bde18c87_p0004;d330bde18c87_p0005;d330bde18c87_p0012;d330bde18c87_p0013;d330bde18c87_p0014;d330bde18c87_p0015;d330bde18c87_p0020;d330bde18c87_p0038;d330bde18c87_p0040;d330bde18c87_p0046;d330bde18c87_p0050;d330bde18c87_p0055,"However, despite the rapid creation and dissemination of hundreds of such methods across a range of traditional to business-focused design framings (e.g., Curedale, 2012; Kumar, 2013; Hanington & Martin, 2019; van Boeijen et al., 2014), most existing research focuses on characterizing design knowledge in relation to methods or design methods as supports for broader methodologies (e.g., Research through Design; Prochner & Godin, 2022) , with virtually no descriptions of how methods are created (and with what sources of knowledge), and few examples of how elements of design methods may relate to the performance of methods by designers (see Goodman, 2013 and Reeves, 2019 as rare examples). In this research note, I will seek to build a fuller account of how methods are languaged, identifying a preliminary vocabulary to describe the knowledge bound up in methods that may point towards patterns of performance.

This note connects with Theme 9, the “study of design methods” (Cash et al., 2022) where I focus primarily on the definition of methods with implications for the development of methods. I build upon the linguistic and critical theory denotation of languaging in the work of Krippendorf (1995) and other scholars, positioning the use of particular vocabulary as a means of enacting a design discourse. This vocabulary allows design to be constituted as social engagement with multiple forms of existing and potential knowledge(s) that can be structured in many forms. By making explicit the ways in which we always already language our existence as designers through methods, it is my intention for this preliminary vocabulary to lead to greater precision in creating, evaluating, and characterizing methods, providing new translational opportunities among design researchers, educators, and practitioners. I build explicitly both on prior work from researchers who have studied methods in multiple design practice contexts; for instance, creativity support (Chulvi et

1. What work do method designers engage in when creating a new method? How do they depict and inscribe their expectations of the method into the method presentation? 2. What aspects of methods are perceived as most salient to potential designers when the designer selects, modifies, appropriates, combines, or creates a wholly new design method? How do designers fit or alter methods to address particular needs in practice, and how do they decide when a method has served its purpose? 3. How can methods be productively collected, described, and disseminated? How do these descriptions of methods point towards a future theory of method? 2. The language of methods To describe the range of knowledge contained within methods, I first identify and synthesize three different stances towards methods knowledge that relate to distinct sets of taxonomic features and vocabulary that may add precision to the description of extant methods, identification of key components of methods use in education and practice, and in generating opportunities for new methods support.

In doing so, I build upon descriptions in the literature that alternatively focus on method description as the formation of propositional knowledge that can be interpreted, organized into taxonomies, and validated (Frey & Dym, 2006; Roschuni et al., 2011) and method description as informing the potential for performance by designers in nondeterministic ways (Daalhuizen, 2014; Goodman, 2013; Reeves, 2019). In particular, I build on the work of Gray (2016b), who previously argued for engagement with both prescriptive and performative attitudes towards design methods, describing opportunities for cross-cutting elements of these perspectives to impact how methods are viewed, created, articulated, theorized, and adapted. In synthesizing these different philosophical, research-oriented, and pragmatic attitudes towards methods, I will describe three distinct-yetoverlapping stances towards methods that will inform the development of a vocabulary to describe design methods: 1) codification-oriented, 2) performative, and 3) presentation-oriented.

A codification-oriented or prescriptive stance reveals the extent to which procedural and descriptive knowledge is bound up in the method itself. In this stance, methods are distilled as recipes or blueprints, indicating potential support for particular forms of design action, yet in inert and inactivated form. A performative stance reveals aspects of embodied and designerly engagement with methods as it relates to design action under the control of a designer . In this stance, methods are taken up as tools to aid the designer in forming design judgments and making decisions about how to traverse the design space, with more expert designers often engaging with methods without full awareness of how these methods are shaped by emergent properties of the design situation, examples from their repertoire, and elements of the codified methods that already exist and appear salient in the moment.

Building on these two existing stances proposed by Gray (2016b), I also introduce a third stance that relates to how a method is presented , relating both to form and knowledge type. In this stance, methods are presented in particular media formats that reveal assumptions or opportunities for use that range from didactic to playful, academic to practice-oriented, in ways that can have profound impact on performative qualities of the method. To support this investigation, my colleagues and I collected and evaluated a set of design methods relating to ethics and values as part of a larger project on supporting pragmatic ethics in technology practice. During this process, we collected a set of 63 ethics-focused methods and evaluated these

A codification-oriented vocabulary describes aspects of a method that relate to procedural or propositional knowledge, revealing opportunities for potential performance by designers. Procedural knowledge is oriented towards action (knowing-how) and can be applied directly to a task (e.g., steps to use or apply a method in an authentic design context), while propositional knowledge is oriented towards facts (knowing-that) which is generally represented more abstractly in declarative forms (e.g., theoretical commitments of a methods, placement within a design process). Within a codification-oriented stance, a method is viewed through the lens of its authored description, which in its construction, offers springboards for potential future designer engagement. The method—viewed through a prescriptive lens—contains procedural kno wledge that supports “how to” action, with varying levels of abstraction to encourage higher or lower levels of anticipated interpretation by a designer attempting to utilize the method in their own practice.

Currently, the most common and successful mechanisms for publishing methods include the curation of general-purpose design methods into edited collections, as in the Delft Design Guide and Universal Methods of Design , alongside more widely known resources such as Ideo’s Design Kit 2, available as a website. These popular curated sets of methods—often with large images and minimal instructions and references, reveal assumptions about the level and type of detail designers may be willing to tolerate, or the level of specification that is needed to inform successful use of a given method. Other methods are distributed in less accessible ways, including through academic papers and books—modes of dissemin ation that are far less accessible to everyday designers and the public—while also taking on addit ional connotations of prestige and using more complex language.

interactive website but could also point towards downloadable resources; and while Judgment Call: The Game originated as an academic paper, the method is also available using downloadable and printable resources and has been distributed to design practitioners as a physical game as well. Second, the type of guidance selected by the method designer describes the level of abstraction and scaffolding through which the prescribed knowledge is communicated and structured. The type of guidance indicates the level of control and types of interactions on which the designer may be able to build their performance, with some types of guidance pointing towards stepwise procedures and others towards less structured engagement. Types of guidance include communication structures such as: steps, lenses, questions, heuristics, methodologies, frameworks, and guidelines.

is used by designers to employ methods foregrounds ways in which practitioners and method designers alike might “distill[] and translat[e] qu ality insights into concrete, actionable guidance for design research practice.” These conditions include how methods designers anticipate conditions that will allow methods to be flexible and resonant, and which dimensions or stances towards methods may appear particularly salient for a combination of particular methods designed for use in particular contexts. In particular, considerations of method “ validation” and articulation could consider Stolterman’s (2008) notion of “rationality resonanc e,” which describes how supports for design work (or a new “rationality”) must resonate with existin g practice “rationality” in order to be successful. High resonance could result from a method that is appropriately flexible to take into consideration contextual or practical limitations while also fitting culturally into existing design work practices, while low resonance could result when attempting to use a method that assumes particular conditions or control over existing design processes, wherein the method becomes brittle and fragile under real world conditions.

Potential types of research engagement to investigate these adaptive practices could include investigation into the designer’s own sense of design complexity in relation to the tool support of a method, the use of methods to deliberate, facilitate, or build common ground with other disciplinary or organizational partners, or as a means of describing how methods encode and support cultural values particular to specific design disciplines or traditions. Additionally, designers may benefit from reflecting on their own adaptative practices to design, adapt, transform, or otherwise use methods as a way of languaging their felt design complexity, using a legitimate and intentionallyformed set of designerly practices to ground and support their work in relation to that complexity. 3.3 Towards a theory of method The vocabulary I have introduced to describe the knowledge contained within design methods also points towards the ability of methods to impact the designer themself , and not only the design activity through which a performance of the method might be framed.

In this research note, I have articulated a provisional vocabulary of design methods that facilitates the languaging of methods in current and future design research. Building on performative, codificationoriented, and presentation-oriented stances towards design methods, I have identified vocabulary that relates to the creation and specification of methods, the relationships between specification and interpretation as a designer performs methods in design work, and the ways in which the presentation and structure of methods impacts dissemination and uptake by designers. I propose multiple paths forward in building upon and utilizing this vocabulary to support the creation of new design methods, describe patterns of method use and adaptation, and provide some initial guidance regarding what a formal theory of method might include. 5.",/Users/baiyixin/Documents/Survey - design knowledge/expanded_pipeline_464_20260811/canonical_text/d330bde18c87.txt,d330bde18c87,"Gray, C.M. (1)",,Design Studies,10.1016/j.destud.2021.101076,,DM-C01,0,design | methods | method | design methods | knowledge | value | research | gamification | visualization | use | process | commissioning | systemic | business models | business,Design methods — Design process and Design research,"Design process, Design research",Design methods — Design process and Design research,Provisional interpretation,Assignment frozen; interpretation requires confirmation by at least two reviewers,Contrastive phrase label with source-grounded extractive summary.,Not assigned by Path 1,Not evaluated in this statistical interpretation,Not applicable,not_applicable,,,,-1,0.0,design | methods | method | design methods | knowledge | value | research | gamification | visualization | use | process | commissioning | systemic | business models | business,False,False,0,,,"Design methods have been integral to design studies research, with initial goals of bringing rationality and objectivity to design activities, later shifting to the creation and provision of methods as tools to encourage more reflective, meaningful, and socially responsible design practices. However, little research exists that describes how methods are created, what knowledge is used to inform this creation, or connects elements of methods to performance by designers. In this research note, I describe performative, codification-oriented, and presentation-oriented stances towards design methods, articulating a vocabulary that languages aspects of methods. I describe areas where this vocabulary may support design researchers, including building new design methods, informing descriptive accounts of methods in use, and supporting the creation of a theory of method. All rights reserved Elsevier.",-8.408833,18.077814,0.07112497091293335,5,5,False,"[{'paper_id': '0a373ca87142', 'title': 'Surveying a Landscape of Ethics-Focused Design Methods', 'cluster': 0, 'distance': 0.10061013698577881}, {'paper_id': '40a2d86cd488', 'title': 'Elements of a design method - a basis for describing and evaluating design methods', 'cluster': 0, 'distance': 0.11010348796844482}, {'paper_id': '5389fb1cc38b', 'title': 'Elements of a design method – a basis for describing and evaluating design methods', 'cluster': 0, 'distance': 0.11053907871246338}, {'paper_id': '878cf959ac53', 'title': 'Designerly Research Methods and Researcherly Design Methods', 'cluster': 0, 'distance': 0.1170695424079895}, {'paper_id': '60c69d24c5a3', 'title': 'Evaluating the efficacy and effectiveness of design methods: A systematic review and assessment framework', 'cluster': 0, 'distance': 0.12352311611175537}]","First, we propose a ‘chain of evidence’, from motivation to claims, operationalising this in a systematic assessment framework. [E1] In this conceptual paper, we argue that there is a need for 'method corroboration'-the deliberate and reflected use and possible validation of a design method. [E3]"
Design methods,Examining Rock Engineering Knowledge through a Philosophical Lens,"This paper presents a philosophical examination of classical rock engineering problems as the basis to move from traditional knowledge to radical (innovative) knowledge. While this paper may appear abstract to engineers and geoscientists more accustomed to case studies and practical design methods, the aim is to demonstrate how the analysis of what constitutes engineering knowledge (what rock engineers know and how they know it) should always precede the integration of new technologies into empirical disciplines such as rock engineering. We propose a new conceptual model of engineering knowledge that combines experience (practical knowledge) and a priori knowledge (knowledge that is not based on experience). Our arguments are not a critique of actual engineering systems, but rather a critique of the (subjective) reasons that are invoked when using those systems, or to defend conclusions achieved using those systems. Our analysis identifies that rock engineering knowledge is shaped by cognitive biases, which over the years have created a sort of dogmatic barrier to innovation. It therefore becomes vital to initiate a discussion on the subject of engineering knowledge that can explain the challenges we face in rock engineering design at a time when digitalisation includes the introduction of machine algorithms that are supposed to learn from conditions of limited information.",12,12,d54cc84186ed_p0004;d54cc84186ed_p0006;d54cc84186ed_p0007;d54cc84186ed_p0017;d54cc84186ed_p0018;d54cc84186ed_p0043;d54cc84186ed_p0044;d54cc84186ed_p0057;d54cc84186ed_p0060;d54cc84186ed_p0075;d54cc84186ed_p0097;d54cc84186ed_p0109,"Rock engineering can be deﬁned as the application of engineering and geology principles for the purpose of integrating geological factors to engineering design, and for the purpose of understanding the mechanisms of natural phenomena (e.g., landslides and rockslides) and extracting natural resources (e.g., open pit and underground excavations). Rock engineering seeks to blend two apparently contrasting knowledge perspectives [1], namely Episteme (scientiﬁc knowledge) and Phronesis (practical knowledge). We could say that practical knowledge, interpreted as a collection of experiences that cannot be studied in a deductive manner, dominates rock engineering. We understand the content of this paper may appear abstract to engineers and geoscientists more accustomed to engineering case studies and practical design methods. Therefore, how can a paper presenting an examination of rock engineering knowledge be of interest to engineers seeking practical solutions to their design problems?

Geosciences 2022, 12, 174 2 of 21 The authors believe it is important to initiate a discussion on the subject of engineering knowledge that can explain the challenges we face in rock engineering design at a time when digitalisation includes the introduction of machine algorithms that are supposed to learn from conditions of limited information. Geoscientists have long recognised the important role of knowledge and cognitive bias in the study of geology [3–5]. However, except for studies concerning reliability methods and uncertainties, little attention has been given to the impact that subjectivity, human factors, and lack of scientiﬁc replicability have on the empirical methods used in rock engineering design. We are too concerned with the introduction of new technology and numerical simulations, while ignoring the difference between the science behind technological advancement and the empirical knowledge that is driving our design decisions.

More importantly, this paper offers an opportunity to contextualise the teaching of rock engineering outside of the domain of mechanical and technological matters to better account for the societal perception of engineering design (e.g., the design of an underground nuclear waste repository or a large tailing storage facility). The following questions frame the motivation behind the importance of looking at what engineering knowledge is in the context of a very practical discipline such as rock engineering: • What is the risk of introducing new technology without addressing the underlying role that human factors play in rock engineering design? • Are we creating a digital illusion of technological advancement, driven by scientiﬁc knowledge, but constructed on the empirical foundation of engineering knowledge? • Would our empirical methods have been developed differently had the same level of technology and digitalisation we use today been available 50 years ago when those empirical methods were ﬁrst introduced?

As illustrated in (Figure 2): • The ﬁre casting the shadows along the cave walls represents the process of quantiﬁcation of qualitative assessments of commonly accepted data collection methods. • The chains holding the engineers as prisoners in the cave are qualitative methods accepted as industry standards despite important limitations. Geosciences 2022, 12, x FOR PEER REVIEW 5 of 23

Engineering judgement alone is not sufficient to set engineers free from the confined spaces of the cave and see things for what they really are. What is required are objective data collections and design methods. However, that may be problematic, considering the challenges of assigning numbers to geology [14]. However, there is another solution, and that is to accept that geological processes are variable and therefore focus our attempts to better characterise variability rather than seeking to describe rock masses through a single numerical input. Exadaktylos and Stavropoulou [15], for example, suggested thinking of rock mass characterisation in the context of “ mechanics of materials” by focusing on rock mass damage processes. Their idea is analog ue to the concept of rock bridge potential described by Elmo et al. [10]. Clearly, the allegory of the rock engineering cave teaches us that there cannot be innovation without a shift in the way we approach rock engineering design, by prioritising data interpretation and mechanisms rather than collecting large amounts of subjective data. Referring to Kahneman’s behavioural science concepts [16], the former represents conscious reasoning, in contrast to the latter, which is a manifestation of intuitive reasoning.

In this context, unknown unknowns exist in the dimension of a priori knowledge. Intuitions may guide us towards the critical information required for the successful design of an engineered structure, thus allowing us to narrow the impact of uncertainty; the latter can be considered a material manifestation of unknown unknowns. However, unknown unknowns are also the realm of unknown uncertainty, a complex form of uncertainty that engineers, despite their practical experience, cannot remove from the design process. To make matters worse, the inherent variable nature of rock material is such that in rock engineering, the role of unknown uncertainty increases as the scale of the engineering problem increases [36]. The methods used to both acquire and apply knowledge in rock engineering include ﬁeld observations, lab experiments, theoretical analyses, numerical simulations and, more recently, big data-based methods.

A comprehensive review of those methods, albeit important, is outside the scope of this paper. In this paper, we have attempted to frame the discussion as a high-level overview rather than focusing on speciﬁc rock engineering problems. Indeed, the use of mathematical laws and formulations used in rock engineering design would be implicitly included in the knowledge framework and the series learning nodes illustrated in Figure 5. Nonetheless, it is important to recognise the role that both knowns and unknowns play in the overall rock engineering process. This is illustrated in Figure 6. In an idealised design scenario, unknowns would disappear as a project approaches completion. Knownunknown frameworks are used as part of the risk analysis in aerospace engineering, focusing on moving unknowns to the known domain. Different forms of uncertainty exist at different times during the rock engineering process.

The act of designing implies an active, non-neutral approach to a given subject. Design is not solely driven by questions (cognitive knowledge), but foremost by the objectives that the design itself is supposed to fulﬁl, entwined with socioeconomic constraints. This intimate relationship between the engineer and the act of designing creates the perfect conditions for cognitive biases to thrive, since the engineer’s mind becomes distracted by the practical aspects of the design process, some of which are driven by socioeconomic factors, and therefore he becomes less interested in understanding the scientiﬁc rules that underpin the design process. Vincenti [ 2] expressed the view that

In reality, the resistance to deploy existing, less qualitative and reproducible alternatives (e.g., systematic point loading) is a clear manifestation of preferential attachment biases, which are further reinforced by not exposing students (i.e., future engineers) to the difference between scientiﬁc and engineering knowledge. Preferential attachment biases resulting, amongst others, from different styles and schools of rock engineering practice are also responsible for the irreversibility of engineering knowledge when applied in the form of classiﬁcation systems [ 10]. Rock mass classiﬁcation systems are traditionally used in rock engineering to link observable geological and geotechnical qualities to a numbered rating scheme to derive quantitative data for engineering design and to provide a quantitative measure to compare geological conditions at different sites.

Language is not neutral, and words are important [54]. Even more important is the perception that those words leave in the mind of an audience, particularly when the audience is not made of engineers and geoscientists. The language we use is in part to blame, as demonstrated by looking at the words that describe two main design methods: Factor of Safety and Probability of Failure. Which of those words would instil more confidence in an individual? Which words could be perceived in more negative terms? Finally, which words could be perceived to suggest a lack of knowledge? There is no doubt that the use of the term “failure” in any statement concerning the stability of a given structure would would determine the GSI of the three—only apparently different—rock outcrops.

Geosciences 2022, 12, 174 19 of 21 the ﬁeld of metascience seeks to improve scientiﬁc practice by researching research itself, and examining possible reforms. For instance, preregistration is a novel method used in some research publication journals, where the hypotheses, methods, and/or analyses of the study are registered prior to conducting the actual research. The registered report undergoes a peer review process, and if approved, the publication of the research is assured. Hence, the researchers are less inclined to present their results in a misleading manner to display signiﬁcance and improve their chances of publication. Another possible solution that has been advocated is encouraging researchers to conduct replication research. Most often, researchers are keen on publishing their own original ideas and work, rather than attempting to reproduce studies conducted by others.

41. Kerr, E. Evidence in engineering. Philos. Eng. 2017, 2, 43–59. 42. Reese, T.S. My Collaboration with John Heuser. Eur. J. Cell Biol. 2020, 83, 243–244. [CrossRef] [PubMed] 43. ISRM. Suggested methods for geophysical logging of boreholes. Int. J. Rock. Mech. Min. Sci. Geomech. 1981, 18, 67–84. 44. Stevens, S.S. On the theory of scales of measurement. Science 1946, 103, 677–680. [CrossRef] 45. Hoek, E.; Kaiser, P .K.; Bawden, W.F.Support of Underground Excavations in Hard Rock; Balkema: Rotterdam, The Netherlands, 1995. 46. Marinos, V .; Carter, T.G. Maintaining geological reality in application of GSI for design of engineering structures in rock.Eng. Geol. 2018, 248, 357–360. [CrossRef] 47. Marinos, P .; Hoek, E.; Marinos, V . Variability of the engineering properties of rock masses quantiﬁed by the geological strength index: The case of ophiolites with special emphasis on tunnelling.",/Users/baiyixin/Documents/Survey - design knowledge/expanded_pipeline_464_20260811/canonical_text/d54cc84186ed.txt,d54cc84186ed,D. Elmo; A. Mitelman; Beverly Yang,2022,Géosciences,,https://www.semanticscholar.org/paper/96c627da585dc9846308a76414e6afb8c16122f3,DM-C03,2,design | theory | knowledge | methods | rock | architecture | complexity | engineering | research | systems | rock engineering | design theory | building | interactive | process,Design methods — Design process and Design theory,"Design process, Design theory",Design methods — Design process and Design theory,Provisional interpretation,Assignment frozen; interpretation requires confirmation by at least two reviewers,Contrastive phrase label with source-grounded extractive summary.,Not assigned by Path 1,Not evaluated in this statistical interpretation,Not applicable,not_applicable,,,,-1,0.0,design | theory | knowledge | methods | rock | architecture | complexity | engineering | research | systems | rock engineering | design theory | building | interactive | process,False,False,0,,,"This paper presents a philosophical examination of classical rock engineering problems as the basis to move from traditional knowledge to radical (innovative) knowledge. While this paper may appear abstract to engineers and geoscientists more accustomed to case studies and practical design methods, the aim is to demonstrate how the analysis of what constitutes engineering knowledge (what rock engineers know and how they know it) should always precede the integration of new technologies into empirical disciplines such as rock engineering. We propose a new conceptual model of engineering knowledge that combines experience (practical knowledge) and a priori knowledge (knowledge that is not based on experience). Our arguments are not a critique of actual engineering systems, but rather a critique of the (subjective) reasons that are invoked when using those systems, or to defend conclusions achieved using those systems. Our analysis identifies that rock engineering knowledge is shaped by cognitive biases, which over the years have created a sort of dogmatic barrier to innovation. It therefore becomes vital to initiate a discussion on the subject of engineering knowledge that can explain the challenges we face in rock engineering design at a time when digitalisation includes the introduction of machine algorithms that are supposed to learn from conditions of limited information.",-6.9972763,18.330389,0.12595707178115845,5,5,False,"[{'paper_id': '40a2d86cd488', 'title': 'Elements of a design method - a basis for describing and evaluating design methods', 'cluster': 0, 'distance': 0.18777060508728027}, {'paper_id': '5389fb1cc38b', 'title': 'Elements of a design method – a basis for describing and evaluating design methods', 'cluster': 0, 'distance': 0.1894153356552124}, {'paper_id': '6e06768bb26b', 'title': 'Design as Research in Landscape Architecture', 'cluster': 2, 'distance': 0.19984233379364014}, {'paper_id': 'ac2f5510db32', 'title': 'Beyond geometric complexity: a critical review of complexity theory and how it relates to architecture engineering and construction', 'cluster': 2, 'distance': 0.2046283483505249}, {'paper_id': '60c69d24c5a3', 'title': 'Evaluating the efficacy and effectiveness of design methods: A systematic review and assessment framework', 'cluster': 0, 'distance': 0.21533513069152832}]","Our findings identify a broader range than previously described, additional sources and heuristics supporting their development as well some important evaluation criteria. [E1] This paper presents a survey on complexity theory inclusive of work from the disciplines which range from cybernetics to systems and information theory. [E3]"
Design methods,Patterns for living lab practice: describing key know-how to promote service co-creation with users,"'Value co-creation' among actors related to service provision is one of the key concepts in service design. Living Lab (LL) is a co-creative service design methodology in which designers and users collaboratively design services. In LL, users are actively involved in service design processes over long periods. Because LL is a design methodology based on longterm co-creation with users, its practices involve more direct and indirect communication and collaboration with users than typical service design does. Therefore, in order to make value co-creation successful in LL projects, it is crucial for designers to use not only knowledge of service design methods, but also practical know-how related to 'facilitating long-term cocreation with users.' Such know-how is not always shared, however, among LL practitioners, because it is often buried in their experiences. Thus, LL practice currently places heavy reliance on the practitioners’ intuition and experience. Therefore, to support LL practitioners, it is essential to extract key knowhow on how to achieve successful LL projects from experienced practitioners, and to describe such knowhow. This would allow us to share and reuse knowhow in planning and running an LL project. Hence, the purpose of this study is to extract such key knowhow for LL practice and describe it in an easy-to-reuse manner. We first developed a workshop to extract key know-how for LL practice. In this study, we held the workshop twice and could extract 30 items of key know-how. Subsequently, we described the extracted key know-how as 'patterns' by using the pattern language framework, and we developed a booklet listing the 30 patterns in an easy-to-reuse manner. The booklet can be used by LL practitioners to refer to and reuse the key know-how for LL practice. Through an evaluation, we confirmed that the developed booklet is useful for LL practitioners for referring to and using LL know-how. © 2020, Fuji Technology Press. All rights reserved.",12,12,dbf31702e533_p0003;dbf31702e533_p0006;dbf31702e533_p0010;dbf31702e533_p0017;dbf31702e533_p0040;dbf31702e533_p0041;dbf31702e533_p0044;dbf31702e533_p0050;dbf31702e533_p0052;dbf31702e533_p0053;dbf31702e533_p0055;dbf31702e533_p0056,"Servitization, which is a term coined by [1], is now widely recognized as the process of creating value by integrating services and products [2]. Today, there is much active research on services such as service engineering [3] and product-service systems ( PSS) [4]. One of the most important topics in the service research arena is “service design.” In service design studies, methods to support service design activities have b een proposed from a variety of approaches, such as operations research (OR) [5], design methodology [6], design thinking [7], and so on. “V alue co-creation” [8] among actors (including users, consumers, designers, or providers) is one of the key concepts in service design [9]. In the context of service design, there are two approaches of value co-creation, namely, (1) co-design [10] and (2) design-in-use [11]. Codesign is a design methodology in which designers (or providers) and users (or consumers) collaboratively design services [10].

these projects, LL has been applied to design and produce services for tackling societal challenges in many cultural settings [15–17]. Because LL is a design methodology based on longterm co-creation with users, its practices involve more direct and indirect communication and collaboration with users than typical service design process does [18]. Therefore, to make value co-creation successful in LL projects, it is crucial for designers to use not only knowledge of service design methods, but also knowledge related to “facilitatin g long-term co-creation with users” [19]. The required knowledge includes knowledge on how to behave towards users, how to set up places and environments for collaborative workshops with users, how to maintain users’ motivation to participate, and so on. This knowledge is a type of procedural knowledge that is often called “know-how.” Such know-how for LL practice, however, is not always shared among LL practitioners, because it is often buried in their experiences.

Pattern language is a method of describing design knowledge or good design practices in particular areas of a profession [22, 23]. The concept of pattern language was originally developed by Christopher Alexander as a method that enables users to learn and communicate good architectural design [20]. Each pattern in Alexander’s pattern language contains a numerical ID, a unique pattern name, and a picture or illustration; it also contains a set of short descriptions of the context and what the solution is [20]. The concept of pattern language has spread to various areas and is currently used in real-world scenarios such as architectural design [20] , software development [24], interaction design in human computer interactions (HCI) ﬁeld [23, 25], and dementia care [26]. As the pattern language method has been conﬁrmed as a very powerful tool to inform people about domain knowledge, we have adopted it for LL know-how description.

Data Recording method Contents of participants’ presentation Video recording Participants’ remarks in dialogue and sharing sessions Voice recording Worksheet results Photos Step 4: Sharing Finally, the participants share the worksheets ﬁlled out in step 3 with all group members. This makes the individual results common knowledge among all participants.

In contrast, the LL patterns in this study were extracted from the actual experiences of a total of 51 practitioners; therefore, the patterns include a very wide range of topics regarding LL practice. This is one advantage of this study in the LL research context. Furthermore, other important points of our LL patterns are (1) the uniﬁed form of know-how representation and (2) the description of speciﬁc episodes. All LL patters are uniformly described in terms of four elements: context, actions, results, and episode. This uniﬁed representation enables LL practitioners to easily understand the contents of the various patterns. In addition, as Colusso et al. pointed out [34], it is importa nt to provide design practitioners with practical information, such as examples and episodes, rather than abstract knowledge. In this sense, an LL pattern can be regarded as knowledge that LL practitioners can easily use in their practice, because all patterns include speciﬁc episodes. The above two points, (1) and (2), are unique features and advantages of the LL patterns in this study, as compared to other related guidelines as in [35].

In this study, we extracted 30 LL patterns through the two WoP WSs. The 30 patterns were extracted from 526 primary constituent elements obtained from the actual experiences of 51 LL practitioners. As described previously, we conducted the WoP WSs at two sites, in Denmark and Japan. In both WSs, we could obtain a wide range of data that was later linked to three categories of LL patterns (i.e., “co-creation with users,” “cocreation process management,” and “team building for cocreation”). Looking back at our WSs in more detail, however, we note that Denmark is a global pioneer in LLrelated design methodologies, such as participatory design [36] and co-design [10]. As a result, many of the participants were “activists” with extensive experience in advancing co-creative design with users. Therefore, in the Denmark WS, we obtained a relatively large amount of data related to the “co-creation with users” perspective, in terms of how to promote design with users and implement design outputs in society.

In this study, we designed a WS, called a Wisdom of Practice Workshop (WoP WS), to extract know-how for LL practice. In the ﬁrst step of the WoP WS (i.e., the presentation session), participants present their actual experiences in LL projects. Know-how is a type of practical knowledge embedded in the practitioners’ experiences. Therefore, the presentation session is important for extracting practitioners’ know-how, because it enables concrete discussions regarding their actual experiences in the subsequent dialogue session (i.e., step 2). This inclusion of the presentation session as the ﬁrst step is a characteristic feature of the WoP WS in comparison to other method for ﬁnding new insights through collaborative discussions: e.g., general dialogue methods [37], structured discussion methods such as design workshops [38], discussion methods using image s (photos, illustration, or etc.) [39, 40], or structured dialogue methods to share domain knowledge among experts [41]. The other procedural feature of our approach is its integration of the pattern language methodology with the WS. In our approach, practitioners’ know-how extracted in the

Hossain, S. Leminen, and M. Westerlundd, “A systematic review of living lab literature,” J. Cleaner Production, V ol.213, No.10, pp. 976-988, 2018. [15] M. Y asuoka, F. Akasaka, A. Kimura, and M. Ihara, “Living Labs As a Methodology for Service Design – An Analysis based on Cases and Discussions from a Systems Approach Viewpoint,” Proc. of the Int. Design Conf. 2018, pp. 127-136, 2018. [16] L. Malmborg, A. Light, G. Fitzpatrick, V . Bellotti, and M. Brereton, “Designing for Sharing in Local Communities,” Proc. of the ACM Conf. Extended Abstract on Human Factors in Computing Systems, pp. 2357-2360, 2015. [17] A. Emilson, P . A. Hillgren, and A. Seravalli, “Designing in the Neighborhood: Beyond (and in the Shadow of) Creative Communities,” P . Ehn, E. M. Nilsson, and R. Topgaard (Eds.), “Making futures: marginal notes on innovation, design, and democracy,” MIT Press, pp.

200-233, 2015. [23] S. L. Pauwels, C. H¨ ubscher, J. A. Bargas-Avila, and K. Opwis, “Building an interaction design pattern language: A case study,” Comput. Hum. Behav., V ol.26, No.3, pp. 452-463, 2010. [24] E. Gamma, “Design Patterns: Elements of Reusable Object- Oriented Software,” Addison-Wesley, 1995. [25] J. O. Borchers, “A pattern approach to interaction design,” AI & Society, V ol.14, No.4, pp. 359-376, 2001. [26] T. Iba and M. Okada, “Words for a Journey: the Art of Being with Dementia,” Lulu.com, 2015. [27] R. Scupin, “The KJ method: A tec hnique for analyzing data derived from Japanese ethnology,” Human Organization, V ol.56, No.2, pp. 233-237, 1997. [28] F. Akasaka, T. Ohno, and M. Y asuoka, “Challenges to Deploy Service Design in Organizations: Ana lysis through Scaling Up Workshops,” Y . Sawatani, J. Spohrer, S. Kwan, and T.

Takenaka (Eds.), “Serviceology for Smart Servic e System,” pp. 89-98, Springer, 2016. [29] C. E. Hmelo-Silver and H. S. Barrows, “Facilitating collaborative knowledge building, Cognition and instruction,” Cognition and instruction, V ol.26, No.1, pp. 48-94, 2008. [30] L. E. Wood, “Semi-Structured In terviewing for user-centered design,” Interactions, V ol.4, No.2, pp. 48-61, 1997. [31] L. Malmborg, E. Gr¨ onvall, J. Messeter, T. Raben, and K. Werner, “Mobilizing senior citizens in co-design of mobile technology,” Int. J. Mobile Hum. Comput. Interact., V ol.8, No.4, pp. 42-67, 2016. [32] B. Ley, C. Ogonowski, M. Mu, J. Hess, N. Race, D. Randall, and V . Wulf, “At home with users: A comparative view of living labs,” Interacting with Comput., V ol.27, No.1, pp. 21-35, 2015. [33] S. Juuj¨ arvi and K. Pesso, “Actor Roles in an Urban Living Lab: What Can We Learn from Suurpelto, Finland?,” Technol.

[38] A. V . Boeijen, J. Daalhuizen, R. Schoor, and J. Zijlstra, “Delft design guide: Design strategies and methods,” BIS Publishers, 2014. [39] L. Butler-Kisber and T. Poldma, “The power of visual approaches in qualitative inquiry: The use of collage making and concept mapping in experiential research,” J. Research Practice, V ol.6, No.2, pp. 1- 16, 2010. [40] B. Woods et al., “Reminiscence therapy for dementia,” Cochrane Database of Systematic Reviews, V ol.3, No.3, CD001120, 2005. [41] L. M. Schnapp, L. Rotschy, T. E. Hall, S. Crowley, and M. O’Rourke, “How to talk to strangers: facilitating knowledge sharing within translational health teams with the Toolbox dialogue method,” Translational Behavioral Medicine, V ol.2, No.4, pp. 469- 479, 2002. Fumiya Akasaka Researcher, NTT Service Evolution Laboratories 2011-2014 JSPS Research Fellow (DC1)

2014- Nippon Telegraph and Telephone Corp. • “Development of a Knowledge-Based Design Support System for Product-Service Systems,” Comput. Ind., V ol.63, pp. 309-318, 2012. • Society for Serviceology (SfS) • Japanese Society for the Science of Design (JSSD) Mika Y asuoka Associate Professor, Roskilde University Universitetsvej 1, DK-4000 Roskilde, Denmark",outputs/batch1/canonical_text_284/dbf31702e533.txt,dbf31702e533,"Akasaka, Fumiya (1); Yasuoka, Mika (2); Nakatani, Momoko (1); Kimura, Atsunobu (1); Ihara, Masayuki (1)",2020,International Journal of Automation Technology,10.20965/ijat.2020.p0769,,DM-C02,1,design | methods | human | empathy | ll | children | autobiographical | autobiographical design | users | embodied | user | method | ai | designers | role playing,Design methods — Design process and Design research,"Design process, Design research",Design methods — Design process and Design research,Provisional interpretation,Assignment frozen; interpretation requires confirmation by at least two reviewers,Contrastive phrase label with source-grounded extractive summary.,Not assigned by Path 1,Not evaluated in this statistical interpretation,Not applicable,not_applicable,,,,-1,0.0,design | methods | human | empathy | ll | children | autobiographical | autobiographical design | users | embodied | user | method | ai | designers | role playing,False,False,0,,,"'Value co-creation' among actors related to service provision is one of the key concepts in service design. Living Lab (LL) is a co-creative service design methodology in which designers and users collaboratively design services. In LL, users are actively involved in service design processes over long periods. Because LL is a design methodology based on longterm co-creation with users, its practices involve more direct and indirect communication and collaboration with users than typical service design does. Therefore, in order to make value co-creation successful in LL projects, it is crucial for designers to use not only knowledge of service design methods, but also practical know-how related to 'facilitating long-term cocreation with users.' Such know-how is not always shared, however, among LL practitioners, because it is often buried in their experiences. Thus, LL practice currently places heavy reliance on the practitioners’ intuition and experience. Therefore, to support LL practitioners, it is essential to extract key knowhow on how to achieve successful LL projects from experienced practitioners, and to describe such knowhow. This would allow us to share and reuse knowhow in planning and running an LL project. Hence, the purpose of this study is to extract such key knowhow for LL practice and describe it in an easy-to-reuse manner. We first developed a workshop to extract key know-how for LL practice. In this study, we held the workshop twice and could extract 30 items of key know-how. Subsequently, we described the extracted key know-how as 'patterns' by using the pattern language framework, and we developed a booklet listing the 30 patterns in an easy-to-reuse manner. The booklet can be used by LL practitioners to refer to and reuse the key know-how for LL practice. Through an evaluation, we confirmed that the developed booklet is useful for LL practitioners for referring to and using LL know-how. © 2020, Fuji Technology Press. All rights reserved.",-8.772627,17.5382,0.12485247850418091,5,5,False,"[{'paper_id': 'd330bde18c87', 'title': 'Languaging design methods', 'cluster': 0, 'distance': 0.20393311977386475}, {'paper_id': '878cf959ac53', 'title': 'Designerly Research Methods and Researcherly Design Methods', 'cluster': 0, 'distance': 0.21722173690795898}, {'paper_id': '0a373ca87142', 'title': 'Surveying a Landscape of Ethics-Focused Design Methods', 'cluster': 0, 'distance': 0.21913206577301025}, {'paper_id': '6e06768bb26b', 'title': 'Design as Research in Landscape Architecture', 'cluster': 2, 'distance': 0.22424721717834473}, {'paper_id': '60c69d24c5a3', 'title': 'Evaluating the efficacy and effectiveness of design methods: A systematic review and assessment framework', 'cluster': 0, 'distance': 0.2253507375717163}]","Subsequently, we described the extracted key know-how as 'patterns' by using the pattern language framework, and we developed a booklet listing the 30 patterns in an easy-to-reuse manner. [E1] Embodied, co-design and children-specific methods have been gaining traction in Interaction Design for Children, and their potential and benefits are well-established. [E2]"
Design methods,Universal Participatory Design: Achievements and Challenges,"According to the principles of participatory design, a genuine democratic process requires effective participation of all affected people in the design process; this must include affected disabled users. However, user participation entails complex problems, which are aggravated by conditions of illiteracy and/or aging. This article presents the concept of Universal Participatory Design, a design philosophy and practice that aims to be inclusive during the design process, and which has a positive result for all. We first conducted a review of the literature to understand the limits of the relationships between participatory design and universal design. This paper then addresses some of the challenges to achieve Universal Participatory Design (UPD) by juxtaposing deficits observed in the literature with issues we experienced during two research projects. We discuss the key components of Participatory Design and its relationship to UPD, and establish a research agenda that aims to conceptualize and investigate participatory design with universal access. Our findings indicate the need for flexible design methods, adaptable artifacts, and positive designers’ attitudes when encountering unexpected situations.",12,12,f02904f836be_p0002;f02904f836be_p0023;f02904f836be_p0037;f02904f836be_p0039;f02904f836be_p0044;f02904f836be_p0045;f02904f836be_p0056;f02904f836be_p0065;f02904f836be_p0074;f02904f836be_p0077;f02904f836be_p0078;f02904f836be_p0081,"We discuss the key components of Participatory Design and its relationship to UPD, and establish a research agenda that aims to conceptualize and investigate participatory design with universal access. Our findings indicate the need for flexible design methods, adaptable artifacts, and positive designers’ attitudes when encountering unexpected situations. Keywords— Universal Access · Participatory Design · Accessibility · Democracy in Design

The design for users with visual impairments is a key aspect to be considered in universal and participatory design. Kim et al. [20] proposed a modified PD method for visually impaired people, which was applied in the development of haptic interfaces. Their study considered the user’s involvement in the entire development process. They faced issues regarding how to reconsider visual-prototyping techniques for people with low vision during early design phases. The authors aimed to engage users with visual disability in the design of nonvisual interfaces to reflect user’s needs. Design of haptic interfaces is only considered for users with visual disability. Gonzalez et al. [22] investigated alternatives for improving an interactive digital whiteboard for Down Syndrome students. The study focused on alternatives that would aid the process of learning addition and subtraction operations.

According to the analyzed papers, the involvement of disabled people at the start of the design phases contributes to the design of universally accessible products. We did not find articles published in UAIS that focused specifically on the design of methods to promote accessible user participation during design activities that promote UD. Most of the investigations dealt with specific disabilities or groups of people. Most of the TOCHI papers (with some exceptions) adopted long-term studies and/or controlled user evaluation methods that focused on the efficacy of the proposed solutions (in terms of accessibility). These studies were used to produce evidences of the importance of understanding the users’ accessibility needs. The analyzed papers emphasized the need for long-term evaluative (or participatory) studies in order to understand accessibility issues prior and after design.

This paper considered two projects that emphasized the promotion of PD and UD. The objective was to analyze the difficulties and challenges faced in the projects. Section 3.1 presents the research method used to collect and understand data from the projects. Section 3.2 presents a description of the projects, one aimed at including digitally illiterate users, and the other addressing the inclusion of deaf users in participatory design. It is out of the scope of the paper to discuss the specific methods adopted in the projects. Section 3.3 describes the findings from our analysis of the case studies. A. Research Method We aim to provide an overview of the problems faced, and adopted solutions, in the case studies investigated that promote UPD. From this main objective, we pursued the following goals: (1) provide the designers’ view of accessibility problems faced during the projects’ executions; (2) elicit their adopted solutions; and (3) organize the problems from physical to the social levels.

The VilanaRede refers to an interactive web system created from the joint efforts of stakeholders, including those with disadvantaged access to knowledge and the digital culture. The Brazilian context is characterized by vast socioeconomic, cultural, and geographical differences, as well as unequal access to technology and knowledge. Social indicators during the time in which the Project was conducted indicated that almost one third of the Brazilian population, between the ages of 15 and 64 years old, were considered functionally illiterate [23]. This indicator increases significantly with the

age of the population. Brazil was thus a relevant scenario for the development of inclusive solutions. The ISN represents an opportunity for interaction, access to information, and knowledge through the Web. Such system aimed, primarily, to allow for people to share their interests and activities, constituting communities. The e-Cidadania project had the intention of transforming an ISN into an engine for digital inclusion and citizenship. The ISN had to be accessible to people unfamiliar with information and communication technologies. The system design was elaborated with the participation of representatives from several groups that were already constituted, such as members of the neighborhood associations, youth representatives, and service providers in the region. The project included 24 participants with different social profiles, such as housewives, cooks, handicraftsmen, hairdressers, seamstresses, retirees, teachers, students, and others.

I often noticed, through the users’ reaction, that the interpreters translated he information in their own way. This resulted in misunderstandings during the execution of the practices, and required further explanation and revisions”. Direct participation of users without proxies (e.g., someone who interprets their statements and communicates with the designers) is also advocated by other PDs studies (e.g., [18]). In addition to the democratic principles of equal opportunities for participation, the direct participation of users (without proxies) provides for richer design, user interactions, and mutual learning. The designers agreed that even in situations when the participation of interpreters is possible, extra methods and artifacts are needed for deaf users to express their views clearly and directly. With adequate methods and artifacts, the interpreter’s role changed from being exclusively directed at communication, to a supporting role, with the objective of facilitating communication in contextualized practices.

Semantic issues were exacerbated by aspects such as regionalism and individualities. Although many participants had similar educational levels (in terms of years of schooling), they had different levels of practice with the written language. The designers had to be flexible and prepared to “rephrase” when talking with deaf users, considering the singularity of each participant. The use of long texts in explanations about methods and artifacts was avoided, and visual explanations were needed. Videos in sign language were constantly reviewed to support the users so that they could understand the practices. Pragmatics. This level stands for aspects related to expression, interpretation, and negotiation of intentions during the design process. The users presented different motivations for participating in the design and use of the Web. Motivation was essential during the practices with the users, and a way of taking them into account when planning the design of the methods and artifacts.

Thus, we highlighted (in addition to the presented issues) the relevance of rethinking the design of PD methods so as to motivate participants (not only the designers) to think of “the others”, aiming to produce universal solutions with UD principles. This is especially relevant when we consider the impossibility of guaranteeing that everyone is represented in a PD group. Several TOCHI papers focused on long-term studies, like the case of the e-Cidadania project. In this project, we conducted 11 workshops over 3 years. We found that the major challenges faced were related to pragmatic and social levels of the Semiotic Framework. They were only clarified (at least in parts) after some workshops, and required long-term evaluation. The designers must be aware that some issues, such as the understanding of participants’ habits and values, cannot be addressed in a few participatory sessions. Likewise, the design of methods that considers practical limitations (e.g., time, resources, and skills) remains particularly challenging.

- Long-term studies and/or controlled user evaluation methods focused on the efficacy of accessible solutions; - empirical evidences for understanding the users’ accessibility; - UD term was only occasionally mentioned; - discussions regarding how the design activities were planned and executed was less frequent.

- present long term evaluations; - UD challenges at pragmatic and social levels were clarified after some workshops, though there is the need for long-term evaluation; - both projects’ results are based on empirical evidences; - understanding of participants’ habits and values required long term evaluation; - design of methods considering practical limitations remains a challenge.

The use of more performative (and flexible) design artifacts must be explored to increase the users’ participation during design, and after design, activities [51]. Adoption of open participatory methods. Whereas some studies in the literature identify groups of users who need (or prefer) more rigid and predictable methods to systematize effective participation, other studies describe users who need (or prefer) open methods (using open artifacts) that accommodate for various levels and means of participation. This points to the need for the further investigation of methods that are able to be flexible and deal with unforeseen situations, assuring that PD principles such as democracy and opportunity of participation in all situations. The adequate balance between rigid methods that allow for better evaluation of results and possibility of replication, and methods that promote creativity and free participation, requires further investigations.",outputs/batch1/canonical_text_284/f02904f836be.txt,f02904f836be,R. Bonacin; Júlio Cesar dos Reis; M. Baranauskas,2019,,,https://www.semanticscholar.org/paper/06bb9a92fbf53b9d7a93c86acc244c380656fc1f,DM-C03,2,design | theory | knowledge | methods | rock | architecture | complexity | engineering | research | systems | rock engineering | design theory | building | interactive | process,Design methods — Design process and Design theory,"Design process, Design theory",Design methods — Design process and Design theory,Provisional interpretation,Assignment frozen; interpretation requires confirmation by at least two reviewers,Contrastive phrase label with source-grounded extractive summary.,Not assigned by Path 1,Not evaluated in this statistical interpretation,Not applicable,not_applicable,,,,-1,0.0,design | theory | knowledge | methods | rock | architecture | complexity | engineering | research | systems | rock engineering | design theory | building | interactive | process,False,False,0,,,"According to the principles of participatory design, a genuine democratic process requires effective participation of all affected people in the design process; this must include affected disabled users. However, user participation entails complex problems, which are aggravated by conditions of illiteracy and/or aging. This article presents the concept of Universal Participatory Design, a design philosophy and practice that aims to be inclusive during the design process, and which has a positive result for all. We first conducted a review of the literature to understand the limits of the relationships between participatory design and universal design. This paper then addresses some of the challenges to achieve Universal Participatory Design (UPD) by juxtaposing deficits observed in the literature with issues we experienced during two research projects. We discuss the key components of Participatory Design and its relationship to UPD, and establish a research agenda that aims to conceptualize and investigate participatory design with universal access. Our findings indicate the need for flexible design methods, adaptable artifacts, and positive designers’ attitudes when encountering unexpected situations.",-7.6077485,15.555366,0.13218533992767334,7,7,False,"[{'paper_id': '234ec11212b7', 'title': 'Under the umbrella: components of empathy in psychology and design', 'cluster': 1, 'distance': 0.20375502109527588}, {'paper_id': '878cf959ac53', 'title': 'Designerly Research Methods and Researcherly Design Methods', 'cluster': 0, 'distance': 0.20539045333862305}, {'paper_id': 'f16832406221', 'title': 'A Framework for Systemic Design', 'cluster': 0, 'distance': 0.20739907026290894}, {'paper_id': 'b2234ef79a5a', 'title': ""Tracing situated effects of innovative design methods: inexperienced designers' practices"", 'cluster': 1, 'distance': 0.21704095602035522}, {'paper_id': '6e06768bb26b', 'title': 'Design as Research in Landscape Architecture', 'cluster': 2, 'distance': 0.22159481048583984}]","Our findings identify a broader range than previously described, additional sources and heuristics supporting their development as well some important evaluation criteria. [E1] This paper presents a survey on complexity theory inclusive of work from the disciplines which range from cybernetics to systems and information theory. [E3]"
Design methods,A Framework for Systemic Design,"As designers move upstream from traditional product and service design to engage with challenges characterised by complexity, uniqueness, value conflict, and ambiguity over objectives, they have increasingly integrated systems approaches into their practice. This synthesis of systems thinking with design thinking is forming a distinct new field of systemic design. This paper presents a framework for systemic design as a mindset, methodology, and set of methods that together enable teams to learn, innovate, and adapt to a complex and dynamic environment. We suggest that a systemic design mindset is inquiring, open, integrative, collaborative, and centred. We propose a systemic design methodology composed of six main activities: framing, formulating, generating, reflecting, inquiring, and facilitating. We view systemic design methods as a flexible and open-ended set of procedures for facilitating group collaboration that are both systemic and designerly.",12,12,f16832406221_p0005;f16832406221_p0018;f16832406221_p0020;f16832406221_p0038;f16832406221_p0041;f16832406221_p0042;f16832406221_p0043;f16832406221_p0044;f16832406221_p0045;f16832406221_p0046;f16832406221_p0047;f16832406221_p0049,"organisational design, to name a few. The term design thinking is of more recent origin than these anteceden ts. It first appeared during the 1960s. Cross (2006) identified the London Conference on Design Methods in 1962 as a landmark event, which led to the founding of the Design Research Society and “...marked the launch of design methodology as a subject or ﬁeld of enquiry, and the ‘design methods movement’.” This movement introduced the term design thinking in its modern sense of shifting attention away from the artifacts of design to the general process of designing (see for example (Archer, 1965; Jones, 1969)). In the last decade, the workshop and edited book Managing as Designing (Boland & Collopy, 2004), as well as the collaborations among Procter and Gamble, IDEO, the Rotman School, and IIT Institute of Design (Brown & Katz , 2009; Martin, 2009), have generated widespread awareness of design thinking beyond the field of design, particularly its applications to business.

Three Levels of Systemic Design Our framework conceives of systemic design as consisting of three mutually reinforcing levels: mindset, methodology, and method. By method, we mean a set of procedures for facilitating group process that specifies how group members should work together to generate and externalise ideas. By methodology, we mean a logic for selecting and combining methods in a coherent sequence to move between deepening understanding of the challenge and generating actions to improve the sit uation. Each school of systems and/or design practice tends to promote a signature methodology as a key point of differentiation. Despite this variance , a large number of innovation methodologies have been mapped by VanPatter and Pastor (2013) into a generic cycle with four main sequential activities: Discover and orient; Define and conceptualise; Optimise and plan; and Execute and measure , shown in Figure 1.

By mindset, we me an the values and habits the systemic designer brings to the challenge, which guide judgement during the application of methodology and shape selection of methods. Methodology is meta to the level of method: it is about method, providing principles that justify the use of a particular method or methods (Checkland, 2000). Similarly, mindset is meta to the level of methodology: it justifies the choice of methodology and guides interpretation through the values the mindset promotes. These three levels are inte rrelated, as depicted in Figure 2. Each new systemic design experience creates opportunities for application and co-evolution of the practitioner’s mindset, methodology, and methods.

 Facilitation regulates how the team m oves between each of the other activities, as well as managing the process by which each individual activity is performed. Facilitation is defined broadly to include setting and policing norms for participant behavior, selecting the number and size of sub -groups for each activity, deciding which systemic design methods to employ when and for how long, and documenting the outputs of the project. The project is documented with both visualisations and a

Systemic Design Methods The most granular building block in our framework is the systemic design method. Systemic design methods amplify or augment natural human capacities to facilitate co llaborative reasoning, visualising, modelling, and making. As tools, methods provide a set of criteria and constraints on task performance, which yields improved control both in terms of outcome and structure of the task (Baber, 2003). When systemic design projects involve co -creation with stakeholders who may be unacquainted with the principles of systems thinking or design, methods are especially useful to encourage patterns of engaging with collaborative work that may be unnatural to participants. System ic design methods are also an important vehicle for distilling and sharing best practices among systemic design practitioners. Systemic design often borrows methods from both systemics and design.

Systemic methods we commonly employ include rich pictures (Checkland, 1981; Checkland & Scholes, 1990), systems maps (Armson, 2011), and causal loop diagrams (Sterman, 2000). Design methods we frequently use include brainstorming (Osborn, 1948), affinity diagrams (Kawakita, 1975), and low resolution prototyping (Kelley & Littman, 2008). Systemic methods encourage the team to embrace complexity and model an issue from multiple perspectives and at multiple scales. They illuminate sources of emergence, selforganisation and adaptation. Systemic methods evaluate the fitness of design concepts relative to a broader context. Systemic methods avoid analytic reductionism, confining analysis to one focal scale or privileging one perspective, creating binary for/against oppositions, applying apriori universal categories, or prescribing universal standards for success.

Designerly methods are human -centred, collaborative, and synthetic. They have low barriers to entry and perform well under time pressure, while also encouraging participants to explore, diverge, and engage pl ayfully with new possibilities. Designerly methods make thinking tangible, often by visualising or prototyping in two, three, or four dimensions. Methods that are overly technical, require specialised knowledge to learn, and months or years to apply should be avoided in co-design phases2 of a systemic design project. Rigid and

highly technical methods can have an intimidating effect on stakeholders, marginalising or excluding them from the conversation. systemic and designerly, and neither systemic nor designerly. For example, genetic algorithms (Holland, 1975) are common in systems thinking but rarely used in design thinking because they require knowledge of specialised programming skills. Video ethnography (Kumar, 2013) is accepted in design thinking, but seldom seen in systems thinking because it produces data from a single perspective. Work breakdown structures (Haugan, 2002) are neither systemic nor designerly, since they are both reductionist and quite rigid. Even methods that are not systemic or designerly may be used in systemic design, since it is the project as a whole that should be systemic and designerly. However, using methods that are consonant with both fields reinforces the systemic design mindset at the most granular level of activity, and can lead to a tighter integration of systemics and design.

GIGA-mapping provides an example of a method that is both systemic and designerly. GIGAmapping creates an information cloud for visualising complexity from which a designer can derive innovative solutions (Sevaldson, 2011). GIGA -maps provide a multi -scale, multi - layered framework for visualising information gathered during a systemic design inquiry. The GIGA-map helps to draw system boundaries , as well as to show and name connections and potential interactions across domains and categories. GIGA -maps are synthetic and flexible , potentially combining process, structure, function, imagery, hierarchical and non -hierarchical maps into a single thick description of a societal level challenge, the proposed actions to improve the situation, and potential future systemic effects. A caution must be raised on the dangers of method, especially the more prescriptive methods sometimes borrowed from so -called “first -generation” systems thinking or design thinking.3 An over -reliance on methods can undermine the whole point of doing systemic design.

Systemic design is intended to help teams to see a complex challenge in a different way, and to translate this “new seeing” into novel interventions. Taken to its extreme, the methods movement4 reduces all reasoning to a sequence of highly constrai ned procedures. If we apply the same procedures in the same order to each new challenge we face, we should not expect to deliver either new seeing or disruptive innovation. This is why the mindset is such a critical complement to methods and methodology. Any systemic design inquiry must maintain enough unstructured space for exploration, iteration, and divergence for surprises to emerge

and be exploited. In our practice, a systemic design mindset encourages a fast and loose approach to the application of de sign method . Misuse of a method in a context it was not intended for can lead to exaptation: the team may generate a relevant new insight even though they did not strictly follow the method’s guidelines or apply it to the situation it was intended for. In summary, methods augment the capacity of teams to visualise, model, and create together during systemic design. Methods that are both systemic and designerly reinforce the mindset that is an essential part of our systemic design framework. In turn, the mi ndset encourages groups to apply methods loosely and playfully, to encourage emergence and avoid a mechanistic proceduralisation of systemic design.

Together, the mindset, methodology, and methods for systemic design described in this paper provide a flexible and practical framework for integrating systems thinking and design thinking to help organisations and societies meaningfully confront their most complex challenges.",outputs/batch1/canonical_text_284/f16832406221.txt,f16832406221,A. Ryan,2014,,,https://www.semanticscholar.org/paper/e7cf73c02d6b1359d48322826cd202eb83161e7a,DM-C01,0,design | methods | method | design methods | knowledge | value | research | gamification | visualization | use | process | commissioning | systemic | business models | business,Design methods — Design process and Design research,"Design process, Design research",Design methods — Design process and Design research,Provisional interpretation,Assignment frozen; interpretation requires confirmation by at least two reviewers,Contrastive phrase label with source-grounded extractive summary.,Not assigned by Path 1,Not evaluated in this statistical interpretation,Not applicable,not_applicable,,,,-1,0.0,design | methods | method | design methods | knowledge | value | research | gamification | visualization | use | process | commissioning | systemic | business models | business,False,False,0,,,"As designers move upstream from traditional product and service design to engage with challenges characterised by complexity, uniqueness, value conflict, and ambiguity over objectives, they have increasingly integrated systems approaches into their practice. This synthesis of systems thinking with design thinking is forming a distinct new field of systemic design. This paper presents a framework for systemic design as a mindset, methodology, and set of methods that together enable teams to learn, innovate, and adapt to a complex and dynamic environment. We suggest that a systemic design mindset is inquiring, open, integrative, collaborative, and centred. We propose a systemic design methodology composed of six main activities: framing, formulating, generating, reflecting, inquiring, and facilitating. We view systemic design methods as a flexible and open-ended set of procedures for facilitating group collaboration that are both systemic and designerly.",-5.82466,16.458206,0.06945514678955078,4,4,False,"[{'paper_id': '60c69d24c5a3', 'title': 'Evaluating the efficacy and effectiveness of design methods: A systematic review and assessment framework', 'cluster': 0, 'distance': 0.1334143877029419}, {'paper_id': '5389fb1cc38b', 'title': 'Elements of a design method – a basis for describing and evaluating design methods', 'cluster': 0, 'distance': 0.1399219036102295}, {'paper_id': '40a2d86cd488', 'title': 'Elements of a design method - a basis for describing and evaluating design methods', 'cluster': 0, 'distance': 0.14018535614013672}, {'paper_id': 'd330bde18c87', 'title': 'Languaging design methods', 'cluster': 0, 'distance': 0.14866137504577637}, {'paper_id': '0a373ca87142', 'title': 'Surveying a Landscape of Ethics-Focused Design Methods', 'cluster': 0, 'distance': 0.15091770887374878}]","First, we propose a ‘chain of evidence’, from motivation to claims, operationalising this in a systematic assessment framework. [E1] In this conceptual paper, we argue that there is a need for 'method corroboration'-the deliberate and reflected use and possible validation of a design method. [E3]"
Design methods,The Human-Centredness Metric: Early Assessment of the Quality of Human-Centred Design Activities,"Human-centred design as a research field is characterised by multidisciplinarity and a variety of many similar methods. Previous research attempted to classify existing methods into groups and categories, e.g., according to the degree of user involvement. The research question here is the following: How can human-centredness be measured and evaluated based on resulting product concepts? The goal of the paper is to present and apply a new metric—the Human-Centredness Metric (HCM)—for the early estimation of the quality of any human-centred activity based on the four goals of human-centred design. HCM was employed to evaluate 16 concepts, utilising a 4-point Likert scale, covering four different everyday products that were created by four students, which used three different human-centred design methods for this. The first concept was created without the application of any additional human-centred design method. The results illuminated trends regarding the impact of additional human-centred design methods on the HCM score. However, statistical significance remained elusive, potentially due to a series of limitations such as concept complexity, the small number of concepts, and the early developmental stage. The study’s limitations underscore the need for refined items and expanded samples to better gauge the impact of human-centred methods on product development.",12,12,f47226c43979_p0007;f47226c43979_p0010;f47226c43979_p0011;f47226c43979_p0015;f47226c43979_p0021;f47226c43979_p0024;f47226c43979_p0049;f47226c43979_p0050;f47226c43979_p0053;f47226c43979_p0064;f47226c43979_p0067;f47226c43979_p0113,"Kaulio [11] sorts various user involvement strategies into the categories Design with, Design by, and Design for. Sanders [12] has created a map of design practice and research in which she categorises different methods, approaches, and mindsets according to whether they consider the users of the system rather as subjects or as active co-creators. In [13–15], methods are classiﬁed according to the resources that they require, including the number of participants and their skills and knowledge. This implicitly underscores the necessity for some degree of user or customer engagement to transpire. In contrast, Overik Olsen and Welo [ 16] also explicitly list methods in their overview that are based on the use of their own intuition and statistical data, as well as the creation of scenarios. Their classiﬁcation of human-centred activities is thus not only based on the involvement of users, but also includes activities and methods that they believe follow the same goal.

In the search for measurement methods that can be used even earlier in the process, work can be found, for example, from the ﬁeld of innovation research. For example, Genco et al. [ 25] measured the originality and quality of concepts created by undergraduate students after carrying out a creativity method. Zheng et al. [26] compared the effect of two concept selection tools on the quality and novelty of the concepts within a student team project. Haritaipan et al. [27] evaluated the beneﬁts of magic-based inspiration tools for the concepts of novice designers in terms of various objectives, including creativity, excitement, and enjoyment. According to them, the evaluation was carried out with prospective users, but they also speciﬁed that these were exclusively people with an engineering design background. The advantage of this type of measurement procedure and study design is that even a small change in the task for the participants—in this case, an additional design method—can

Appl. Sci. 2023, 13, 12090 3 of 25 be measured and evaluated directly and immediately on the basis of its added value with regard to the achievement of the goal—in this case, an increase in innovation. Consequently, different design methods and their added value in terms of goal achievement can be compared with each other within an experiment. This is not possible yet within the context of human-centred methods and activities. Between the implementation of a method, e.g., a focus group, a prototyping workshop or a persona method, weeks and months can pass until the fulfilment of human-centred design goals, e.g., usability or user experience, can be proven with the help of established evaluation, e.g., with the use of prototypes. Many different factors apart from the methods may have influenced the design of the product in the meantime. No valid link can be derived between the methods and the product design, e.g., in the form of a measurement model, if a long time has passed between the input and the output to be measured.

In methodology research, forming classes and clusters of methods and approaches, as well as comparing and contrasting them, is a fundamental prerequisite for gaining insights. As shown in the Introduction, most authors define and distinguish between human-centred and non-human-centred methods depending on the user–designer interaction or whether some kind of user involvement is part of the method. However, this definition is difficult in exploring the added value that human-centred techniques have for product development. It is not possible to draw any clear conclusions about the extent of user involvement in the product design process on the basis of the naming of a method. Creativity methods such as paper prototyping or brainstorming, for example, can take place with strong user involvement or without any users at all. Are these particularly human-centred or not?

paper and the experiment planned therein, this definition has an important practical implication. As we are not reduced to methods with direct user involvement, we can choose rather simple and manageable empathy-based methods and design guidelines for the initial testing of the HCM. These types of human -centred methods are also particularly favourable for use in a controlled experimental environment, as they exclude possible biases in the test environment due to the involvement of external users.

For example, interviews and different variations of them can be integrated at different points in the development process. They could be used in the form 1. In the context of human-cent(e)red design, the development goal and mindset is human-cent(e)red, if users and their needs are placed at the center of consideration as part of the product development process. 2. in the context of human-cent(e)red design, any activity is human-cent(e)red where data or information is collected from, with, or by the users themselves about the context of use as part of a product development process. Human-cent(e)red Design (ISO 9241-220: 2020-07): “Approach to the design and development of systems that aims to make interactive systems more usable by focusing on the use of the system and applying knowledge and techniques from the fields of ergonomics and usability.“ Human-cent(e)red design as a philosophy or mindset Human-cent(e)red design as a design approach (Abras, Maloney-Krichmar & Preece (2004)) Plan Context of Use Requirements Design

With reference to the overall aim of the experiment presented here and its design, we loosely follow the descriptions, models, and references of Blessing and Chakrabarti [57], Pedersen et al. [ 58], and Üreten et al. [ 59,60]. These contain descriptions of procedures for conducting validation studies in the context of design method research, as well as the levels of validity of a design method that should be evaluated over the course of various studies. Although the HCM presented here is not a design method per se, but rather a tool for analysing systems, the models from the ﬁeld of design method research appear to be helpful for our research. For example, Blessing and Chakrabarti [57] describe the ﬁrst stage of the validation of a method as “support evaluation” in their framework for the design

Appl. Sci. 2023, 13, 12090 10 of 25 research methodology. It provides initial evidence that the method developed meets the requirements and is internally consistent, complete, and applicable. They do not narrow down exactly how the proof is to be provided. Pedersen et al. [58] call this stage of validity “empirical structural validity”; they describe that this step serves to prove the correctness of the method and the appropriateness of the example application. Thus, the method fulﬁls the intended function within the setting of an appropriate example. They recommend that this should be demonstrated through an empirical study, but in a qualitative way. The work of Üreten et al. contains practical models for the step-by-step implementation of empirical studies to test the applicability and usefulness of design methods [59], as well as best practices regarding the implementation of empirical studies with students [60].

Students wrote their reports about the human-centred design methods that they used and also wrote a summary of the design concepts that they created. The quality of the concepts was not graded within the context of the teaching unit. However, the participants were informed that these concepts were to be evaluated as part of a series of experiments separate from the teaching unit. Expertise of participants. Although all four participating students were in higher stages of their studies and had also attended several basic lectures on the conception and design of technical systems, their knowledge of design methods or even humancentred methods was comparably low. Type of task. Within the tasks of each session, the participants were asked to devise a new concept in the form of sketches for a technical device. For this, they were also required to produce several intermediate results within the framework of a general design approach.

The Principles of Universal Design (M1) [48], the Persona Scenario Method (M2) [62], and the Dialogue Principles (M3) [63] were selected here. Although these three are not equally mature design methods—in the case of the guidelines, they are rather tools—they are nevertheless applicable in the context of early product development and still met our further requirements by far the best. For each, a method proﬁle was prepared. It consisted of a short summary of the basic idea and goals as well as the procedure of the method. In addition, the reference papers were provided. The Universal Design Principles (M1) are a set of guidelines or best practices about designing products, buildings, and information in such a way that they can be used by as many different people as possible without restriction or the need for adaptation [ 48]. Universal Design is thus intended to increase the accessibility of products.

Since we also suspected a potential inﬂuence of other factors, besides the use of additional human-centred design methods, these were also examined. These other factors were as follows. • The participants, i.e., that one participant develops signiﬁcantly better concepts regarding the human-centred quality goals than the other participants. Hypothesis (H2): Participants with similar background knowledge will develop concepts with signiﬁcant differences in terms of human-centred quality goals. • The order of development, i.e., those concepts that were developed last by the participants achieve higher values regardless of the methods used. Hypothesis (H3): Concepts developed at the end of the series will achieve signiﬁcantly higher values regarding human-centred quality goals than concepts developed at the beginning of the series. • The product examples, i.e., that, for example, Blu-Ray players achieve higher values on average than, for example, washing machines, regardless of the methods used.

The evaluation with the HCM shows patterns and trends with regard to better humancentredness when using additional methods that can be assigned to the area of humancentredness in the broadest sense, in contrast to not using any additional method. This also corresponds to our deﬁnition from Figure 1 that activities that take place without direct user interaction but provide information about the user or the context of use are also to be deﬁned as human-centred, since they are capable of improving human-centred design quality goals in the design. Due to the lack of signiﬁcance of the results, however, this answer cannot be given conclusively. The results seem to be independent of other inﬂuencing factors examined, such as the choice of product examples, the order in which",outputs/batch1/canonical_text_284/f47226c43979.txt,f47226c43979,O. Sankowski; Dieter Krause,2023,Applied Sciences,,https://www.semanticscholar.org/paper/e5f6abe0431dd1e20d6c555a3cdf31e1a8d632e9,DM-C02,1,design | methods | human | empathy | ll | children | autobiographical | autobiographical design | users | embodied | user | method | ai | designers | role playing,Design methods — Design process and Design research,"Design process, Design research",Design methods — Design process and Design research,Provisional interpretation,Assignment frozen; interpretation requires confirmation by at least two reviewers,Contrastive phrase label with source-grounded extractive summary.,Not assigned by Path 1,Not evaluated in this statistical interpretation,Not applicable,not_applicable,,,,-1,0.0,design | methods | human | empathy | ll | children | autobiographical | autobiographical design | users | embodied | user | method | ai | designers | role playing,False,False,0,,,"Human-centred design as a research field is characterised by multidisciplinarity and a variety of many similar methods. Previous research attempted to classify existing methods into groups and categories, e.g., according to the degree of user involvement. The research question here is the following: How can human-centredness be measured and evaluated based on resulting product concepts? The goal of the paper is to present and apply a new metric—the Human-Centredness Metric (HCM)—for the early estimation of the quality of any human-centred activity based on the four goals of human-centred design. HCM was employed to evaluate 16 concepts, utilising a 4-point Likert scale, covering four different everyday products that were created by four students, which used three different human-centred design methods for this. The first concept was created without the application of any additional human-centred design method. The results illuminated trends regarding the impact of additional human-centred design methods on the HCM score. However, statistical significance remained elusive, potentially due to a series of limitations such as concept complexity, the small number of concepts, and the early developmental stage. The study’s limitations underscore the need for refined items and expanded samples to better gauge the impact of human-centred methods on product development.",-9.100107,16.453611,0.0933297872543335,2,2,True,"[{'paper_id': '60c69d24c5a3', 'title': 'Evaluating the efficacy and effectiveness of design methods: A systematic review and assessment framework', 'cluster': 0, 'distance': 0.17844343185424805}, {'paper_id': 'b8c02b0994bd', 'title': ""The Designer's Body as Resource in Design: Exploring Combinations of Point-of-view and Tense"", 'cluster': 1, 'distance': 0.17857497930526733}, {'paper_id': '40a2d86cd488', 'title': 'Elements of a design method - a basis for describing and evaluating design methods', 'cluster': 0, 'distance': 0.1840483546257019}, {'paper_id': '5389fb1cc38b', 'title': 'Elements of a design method – a basis for describing and evaluating design methods', 'cluster': 0, 'distance': 0.18546688556671143}, {'paper_id': 'b2234ef79a5a', 'title': ""Tracing situated effects of innovative design methods: inexperienced designers' practices"", 'cluster': 1, 'distance': 0.19079554080963135}]","Subsequently, we described the extracted key know-how as 'patterns' by using the pattern language framework, and we developed a booklet listing the 30 patterns in an easy-to-reuse manner. [E1] Embodied, co-design and children-specific methods have been gaining traction in Interaction Design for Children, and their potential and benefits are well-established. [E2]"
Design methods,The Design Activity Framework: Investigating the Data Visualization Design Process,"This dissertation establishes a new visualization design process model devised to guide visualization designers in building more effective and useful visualization systems and tools. The novelty of this framework includes its flexibility for iteration, actionability for guiding visualization designers with concrete steps, concise yet methodical definitions, and connections to other visualization design models commonly used in the field of data visualization. In summary, the design activity framework breaks down the visualization design process into a series of four design activities: understand, ideate, make, and deploy. For each activity, the framework prescribes a descriptive motivation, list of design methods, and expected visualization artifacts.To elucidate the framework, two case studies for visualization design illustrate these concepts, methods, and artifacts in real-world projects in the field of cybersecurity. For example, these projects employ user-centered design methods, such as personas and data sketches, which emphasize our teams' motivations and visualization artifacts with respect to the design activity framework. These case studies also serve as examples for novice visualization designers, and we hypothesized that the framework could serve as a pedagogical tool for teaching and guiding novices through their own design process to create a visualization tool.To externally evaluate the efficacy of this framework, we created worksheets for each design activity, outlining a series of concrete, tangible steps for novices. In order to validate the design worksheets, we conducted 13 student observations over the course of two months, received 32 online survey responses, and performed a qualitative analysis of 11 in-depth interviews. Students found the worksheets both useful and effective for framing the visualization design process. Next, by applying the design activity framework to technique-driven and evaluation-based research projects, we brainstormed possible extensions to the design model. Lastly, we examined implications of the design activity framework and present future work in this space. The visualization community is challenged to consider how to more effectively describe, capture, and communicate the complex, iterative nature of data visualization design throughout research, design, development, and deployment of visualization systems and tools. ProQuest Subject Headings: Computer science, Design. © Citation reproduced with permission of ProQuest LLC.",12,12,f6588fca84f9_p0014;f6588fca84f9_p0018;f6588fca84f9_p0019;f6588fca84f9_p0020;f6588fca84f9_p0022;f6588fca84f9_p0023;f6588fca84f9_p0026;f6588fca84f9_p0027;f6588fca84f9_p0029;f6588fca84f9_p0032;f6588fca84f9_p0041;f6588fca84f9_p0047,"This dissertation introduces a new data visualization design process model to guide and support visualization designers through the act of creating eﬀective, useful, and usable visualization systems. Existing visualization design process models prove diﬃcult to use in practice due to a disconnect with design decisions, evaluation methods, design artifacts, and which step a designer is in. We propose the design activity framework to more eﬀectively guide visualization designers through a series of design activities. Each design activity has a descriptive motivation, a collection of generative or evaluative design methods, and the goal of visualization artifacts, such as design requirements, ideas, prototypes, and systems. The development of the design activity framework is grounded in a series of formative and summative data visualization projects, where we encountered limitations of existing models and utilized this framework as a solution.

Additionally, each step diﬀerentiates between generative and evaluative methods, where generative methods allow for divergent approaches that encourage exploration, novelty, creativity, and innovation [16], and the evaluative methods winnow and narrow these artifacts to a smaller set. Since steps can involve evaluative methods, it is important for a design process model to include justiﬁable design decisions as part of visualization designers’ rationale, and no existing models connect these design decisions [17], [18] with the design process. The design activity framework includes evaluative methods in each step or activity to promote the validation, justiﬁcation, and formation of or building upon existing guidelines [18]. Such guidelines can help determine the eﬀectiveness of a technique or encoding [19]–[22] and aid future designers in avoiding common pitfalls [8].

Other common design decisions stem from preexisting guidelines in the visualization community, such as using position along a common scale to encode the most important data visually, over less perceptually eﬀective channels such as angle, area, and saturation of color [23]. These methods and guidelines inform the design process and potential visualization artifacts. It is important to capture visualization designers’ decisions and rationale for establishing rigor and transferability [8] of a visualization design process and its various artifacts. With a broad range of generative and evaluative methods at their disposal, visualization designers could beneﬁt from adiscoverable approach for ﬁnding, utilizing, and reﬂecting on the use of diﬀerent

user-centered design methods. These design methods can be adopted from a wide variety of ﬁelds, from human-computer interaction to design to software engineering. The design activity framework speciﬁcally pulls from user-centered design methodologies [24], [25] to organize, suggest, and promote new kinds of design methods for visualization designers to employ. By emphasizing these design methods that focus on identifying and designing for user needs, the methods in this process model are useful for visualization designers conducting applied research with domain experts, such as design studies [8]. The design activity framework was constructed to highlight, correlate, and promote the discovery and inclusion of these user-centered design methods for a wide array of diﬀerent visualization design projects. Lastly, a crucial aspect of a visualization design process model is how actionable it is, for it to be understood, taught, and utilized by visualization designers.

The primary contribution of this dissertation is thedesign activity framework: a structure for how to perform a human-centered, data visualization design process while tracking design methods, visualization artifacts, and design decisions for each design activity. We introduce this framework as a methodology for visualization designers pursuing problem-driven work, such as design studies, but we also recognize its potential usefulness for general visualization design and data visualization pedagogy. The key novelty to this framework is its speciﬁcity for visualization design by connecting steps of the design process to the justiﬁable design decisions made and visualization-speciﬁc artifacts obtained. Other novel aspects of this framework include its ﬂexibility for design iteration, actionability to guide visualization designers, and discoverability of user-centered design methods.

To strengthen the contribution of this framework, we evaluated its use and application across several diﬀerent visualization design projects. Speciﬁcally, we utilized this framework to formulate, guide, and reﬂect on the design process of design studies and research in the ﬁelds of biology [3], cybersecurity [1], [2], [4], and data visualization storytelling [5]. For each of these projects, we employed a variety of qualitative and quantitative design methods in order to validate the utility of

The framework presents steps of a visualization design process through four design activities:understand, ideate, make, and deploy. Each activity contains a motivation or goal, a list of methods, and target visualization artifacts. These concise deﬁnitions support novice designers in learning and utilizing the framework to connect their design decisions to visualization artifacts. We showcase a series of design timelines to illustrate how to track and report on activities with their associated artifacts. Lastly, we include a table of possible design methods that visualization designers can employ to generate and evaluate visualization artifacts. The design activity framework came out of reﬂections of the successful design project explained in Chapter 4. This project focused on redesigning a cybersecurity tool, resulting in updates to the underlying system as a result of this separate design process.

This isolation of the design and development enabled us to reﬂect on how to best describe and explain our visualization design process to collaborators from diﬀerent ﬁelds. As a result, we describe this project as a case study for how to use the design activity framework, and this chapter presents a variety of design methods, visualization artifacts, and a design timeline. In Chapter5, we used the design activity framework to perform a successful design study to create a cybersecurity visualization dashboard. This design study highlights signiﬁcant challenges for usercentered design, such as limited access to end users and data. We present several design methods that we used to overcome these challenges and produce useful visualization design artifacts. We include

The design activity worksheets are a new approach to teach the next generation of visualization designers about the data visualization design process, by equipping them with not only the theoretical knowledge but also the practical skills for building better visualization systems and tools. Chapter 7 explores diﬀerent applications of the design activity framework for visualization through a perspective on the role of the design process across diﬀerent kinds of visualization research. For example, a project we encountered before we had the knowledge of this framework involved the creation of a novel technique for exploring correlation, but the resulting technique and tool failed to adequately solve the larger real-world problems faced by our biology collaborators. Another project we conducted was an exploration and evaluation of a design space for interactive, visual data stories, and through this project we tested how readers interact with these stories by building diﬀerent visual experiences to compare.

Furthermore, we reﬂect on the role and use of human-centered design methods as a way to promote discoverability in visualization design. Following this, we explore the achievability and actionability of design process models with respect to how design pedagogy is incorporated in the data visualization community. In the next chapter, we will introduce the design activity framework as a way to bridge design activities with the decisions a visualization designer might make, supporting all ﬁve goals for an improved data visualization design process model.

Design decisions, rationale, and guidelines are formed from employed evaluation methods. Existing visualization process models fail to incorporate this justiﬁability because they have no link to decision models. Moreover, numerous existing models capture evaluation as only a step of the design process [9]–[11], [13] rather than a continuing role throughout the process as in design decision models.

Speciﬁcally, this combination supports goals of ﬂexibility and actionability. Visualization-speciﬁc design process models describe unique aspects for designing and evaluating visualization systems; however, they largely do not connect to visualization design decisions and do not explicitly incorporate aspects of a creative design process, such as the goals of ﬂexibility and discoverability. The seminal research method of multidimensional longitudinal case studies [ 31] proposes a process and speciﬁc methods for assessing and evaluating visualization systems deployed in the wild. This model, however, does not cover the creation and development of a visualization system. More abstracted design process models for visualization have also been proposed in a variety of forms — waterfall, cyclical, and spiral — to perform user-centered design [10], [11], [13], but they emphasize convergence as in an engineering design process model.",/Users/baiyixin/Documents/Survey - design knowledge/expanded_pipeline_464_20260811/canonical_text/f6588fca84f9.txt,f6588fca84f9,"McKenna, Sean Patrick (1)",2017,ProQuest Dissertations and Theses Global,,,DM-C01,0,design | methods | method | design methods | knowledge | value | research | gamification | visualization | use | process | commissioning | systemic | business models | business,Design methods — Design process and Design research,"Design process, Design research",Design methods — Design process and Design research,Provisional interpretation,Assignment frozen; interpretation requires confirmation by at least two reviewers,Contrastive phrase label with source-grounded extractive summary.,Not assigned by Path 1,Not evaluated in this statistical interpretation,Not applicable,not_applicable,,,,-1,0.0,design | methods | method | design methods | knowledge | value | research | gamification | visualization | use | process | commissioning | systemic | business models | business,False,False,0,,,"This dissertation establishes a new visualization design process model devised to guide visualization designers in building more effective and useful visualization systems and tools. The novelty of this framework includes its flexibility for iteration, actionability for guiding visualization designers with concrete steps, concise yet methodical definitions, and connections to other visualization design models commonly used in the field of data visualization. In summary, the design activity framework breaks down the visualization design process into a series of four design activities: understand, ideate, make, and deploy. For each activity, the framework prescribes a descriptive motivation, list of design methods, and expected visualization artifacts.To elucidate the framework, two case studies for visualization design illustrate these concepts, methods, and artifacts in real-world projects in the field of cybersecurity. For example, these projects employ user-centered design methods, such as personas and data sketches, which emphasize our teams' motivations and visualization artifacts with respect to the design activity framework. These case studies also serve as examples for novice visualization designers, and we hypothesized that the framework could serve as a pedagogical tool for teaching and guiding novices through their own design process to create a visualization tool.To externally evaluate the efficacy of this framework, we created worksheets for each design activity, outlining a series of concrete, tangible steps for novices. In order to validate the design worksheets, we conducted 13 student observations over the course of two months, received 32 online survey responses, and performed a qualitative analysis of 11 in-depth interviews. Students found the worksheets both useful and effective for framing the visualization design process. Next, by applying the design activity framework to technique-driven and evaluation-based research projects, we brainstormed possible extensions to the design model. Lastly, we examined implications of the design activity framework and present future work in this space. The visualization community is challenged to consider how to more effectively describe, capture, and communicate the complex, iterative nature of data visualization design throughout research, design, development, and deployment of visualization systems and tools. ProQuest Subject Headings: Computer science, Design. © Citation reproduced with permission of ProQuest LLC.",-5.4199524,16.057999,0.12965494394302368,13,13,False,"[{'paper_id': 'f16832406221', 'title': 'A Framework for Systemic Design', 'cluster': 0, 'distance': 0.17990070581436157}, {'paper_id': 'bee7b59885fa', 'title': 'Adapting the FBS Model of Designing for Usage-Driven Innovation Processes', 'cluster': 0, 'distance': 0.2056868076324463}, {'paper_id': '5661de15ea0f', 'title': 'A Typology of Design Ideas', 'cluster': 0, 'distance': 0.2074604034423828}, {'paper_id': '60c69d24c5a3', 'title': 'Evaluating the efficacy and effectiveness of design methods: A systematic review and assessment framework', 'cluster': 0, 'distance': 0.2101050615310669}, {'paper_id': 'b5d968168f35', 'title': 'A Framework of Design Method Corroboration', 'cluster': 0, 'distance': 0.21671509742736816}]","First, we propose a ‘chain of evidence’, from motivation to claims, operationalising this in a systematic assessment framework. [E1] In this conceptual paper, we argue that there is a need for 'method corroboration'-the deliberate and reflected use and possible validation of a design method. [E3]"
