k,average_silhouette,min_cluster_size,max_cluster_size,cluster_sizes,negative_silhouette_count
2,0.04104780046414872,23,87,0:87; 1:23,20
3,0.042418803649705905,18,56,0:36; 1:56; 2:18,27
4,0.055932577554389906,20,37,0:20; 1:30; 2:23; 3:37,17
5,0.06051197974883373,17,29,0:17; 1:21; 2:25; 3:18; 4:29,24
6,0.07195384567490884,10,30,0:10; 1:23; 2:12; 3:20; 4:15; 5:30,26
7,0.0749862275983928,10,20,0:10; 1:10; 2:20; 3:17; 4:18; 5:16; 6:19,24
8,0.07943820917742526,7,18,0:12; 1:7; 2:18; 3:18; 4:14; 5:17; 6:11; 7:13,19
