k,average_silhouette,min_cluster_size,max_cluster_size,cluster_sizes,negative_silhouette_count
2,0.05243348264985244,7,18,0:18; 1:7,2
3,0.050313661506542005,6,12,0:6; 1:12; 2:7,2
4,0.07642906858220748,3,9,0:8; 1:5; 2:9; 3:3,8
5,0.11221270247537518,2,8,0:6; 1:2; 2:3; 3:8; 4:6,9
6,0.10603167256953211,2,6,0:4; 1:2; 2:5; 3:3; 4:5; 5:6,9
7,0.12779057313507924,2,5,0:3; 1:4; 2:5; 3:4; 4:2; 5:3; 6:4,7
8,0.16107847458637664,2,4,0:3; 1:3; 2:2; 3:4; 4:3; 5:3; 6:3; 7:4,4
