k,average_silhouette,min_cluster_size,max_cluster_size,cluster_sizes,negative_silhouette_count
2,0.05243348264985244,7,18,0:18; 1:7,2
3,0.050313661506542005,6,12,0:6; 1:12; 2:7,2
4,0.07642906858220748,3,9,0:8; 1:5; 2:9; 3:3,8
