k,average_silhouette,min_cluster_size,max_cluster_size,cluster_sizes,negative_silhouette_count
2,0.058138996101323066,5,20,0:5; 1:20,3
3,0.05946083610183527,4,11,0:4; 1:11; 2:10,4
4,0.07787892347809872,4,9,0:9; 1:4; 2:8; 3:4,4
5,0.11148272005956342,2,7,0:7; 1:2; 2:3; 3:6; 4:7,7
6,0.0983434757860593,3,6,0:5; 1:3; 2:3; 3:4; 4:4; 5:6,3
7,0.1267717035442502,2,5,0:3; 1:4; 2:5; 3:3; 4:2; 5:4; 6:4,8
8,0.16376863018900878,2,4,0:3; 1:3; 2:2; 3:4; 4:3; 5:3; 6:3; 7:4,5
