k,average_silhouette,min_cluster_size,max_cluster_size,cluster_sizes,negative_silhouette_count
2,0.02071836553271951,10,32,0:10; 1:32,9
3,0.022417507154507,4,29,0:9; 1:29; 2:4,28
4,0.03276927318475775,3,18,0:18; 1:3; 2:13; 3:8,18
5,0.045422536667737864,2,12,0:2; 1:7; 2:10; 3:12; 4:11,24
6,0.0422759542995168,3,12,0:3; 1:12; 2:9; 3:4; 4:9; 5:5,17
7,0.06039550455801447,2,11,0:6; 1:5; 2:7; 3:11; 4:2; 5:5; 6:6,21
8,0.053242825479973076,3,7,0:7; 1:3; 2:6; 3:6; 4:6; 5:4; 6:6; 7:4,13
