k,average_silhouette,min_cluster_size,max_cluster_size,cluster_sizes,negative_silhouette_count
2,0.12363234847009894,3,17,0:17; 1:3,0
3,0.18977221556777896,2,15,0:3; 1:15; 2:2,1
4,0.21991565552979386,2,12,0:3; 1:2; 2:3; 3:12,3
