k,average_silhouette,min_cluster_size,max_cluster_size,cluster_sizes,negative_silhouette_count
2,0.12363234847009894,3,17,0:17; 1:3,0
3,0.18977221556777896,2,15,0:3; 1:15; 2:2,1
4,0.21991565552979386,2,12,0:3; 1:2; 2:3; 3:12,3
5,0.2671984903224845,2,8,0:2; 1:8; 2:5; 3:2; 4:3,3
6,0.2773937629378026,2,5,0:2; 1:5; 2:5; 3:3; 4:2; 5:3,4
7,0.3249891693862562,2,6,0:2; 1:2; 2:6; 3:2; 4:2; 5:3; 6:3,3
8,0.3284564204898967,2,4,0:2; 1:2; 2:3; 3:3; 4:2; 5:2; 6:4; 7:2,2
