k,average_silhouette,min_cluster_size,max_cluster_size,cluster_sizes,negative_silhouette_count
2,0.19024002181798344,2,9,0:2; 1:9,1
3,0.19169702683826803,2,6,0:3; 1:2; 2:6,2
4,0.2964268436696239,2,5,0:2; 1:2; 2:5; 3:2,0
5,0.32616197371231476,2,3,0:2; 1:2; 2:3; 3:2; 4:2,0
6,0.3105964443465864,1,2,0:2; 1:2; 2:2; 3:1; 4:2; 5:2,0
7,0.2737765974306652,1,2,0:2; 1:2; 2:1; 3:1; 4:2; 5:1; 6:2,0
8,0.22192029640785418,1,2,0:1; 1:2; 2:2; 3:1; 4:2; 5:1; 6:1; 7:1,0
