k,average_silhouette,min_cluster_size,max_cluster_size,cluster_sizes,negative_silhouette_count
2,0.03928138680554077,9,16,0:16; 1:9,4
3,0.04745747157146428,5,12,0:5; 1:12; 2:8,7
4,0.06401030559660172,5,8,0:6; 1:6; 2:5; 3:8,6
5,0.07285948238057119,3,6,0:5; 1:5; 2:6; 3:6; 4:3,5
6,0.08372053646977175,3,5,0:3; 1:4; 2:4; 3:5; 4:4; 5:5,2
7,0.1295338173684052,2,5,0:5; 1:5; 2:3; 3:2; 4:2; 5:3; 6:5,7
8,0.12489343634895382,2,4,0:2; 1:4; 2:3; 3:3; 4:3; 5:2; 6:4; 7:4,5
