k,average_silhouette,min_cluster_size,max_cluster_size,cluster_sizes,negative_silhouette_count
2,0.04369415539414089,9,16,0:9; 1:16,3
3,0.04668904866976327,7,10,0:10; 1:8; 2:7,5
4,0.06651259168621915,5,7,0:5; 1:7; 2:7; 3:6,7
5,0.0683445706806042,3,6,0:5; 1:5; 2:6; 3:6; 4:3,5
6,0.09436282570899855,2,6,0:6; 1:5; 2:4; 3:2; 4:4; 5:4,5
7,0.126036180178496,2,5,0:4; 1:5; 2:4; 3:2; 4:2; 5:3; 6:5,8
8,0.1463934817085634,2,6,0:2; 1:2; 2:3; 3:2; 4:6; 5:3; 6:3; 7:4,3
