k,average_silhouette,min_cluster_size,max_cluster_size,cluster_sizes,negative_silhouette_count
2,0.16967846838734427,3,11,0:3; 1:11,0
3,0.20935486388117086,2,7,0:2; 1:5; 2:7,3
4,0.24497890088833646,2,5,0:4; 1:5; 2:2; 3:3,1
5,0.25234683152497916,2,4,0:3; 1:3; 2:4; 3:2; 4:2,2
6,0.26860840303847494,1,4,0:2; 1:2; 2:4; 3:2; 4:3; 5:1,0
7,0.26244075452810217,1,3,0:2; 1:2; 2:2; 3:3; 4:1; 5:2; 6:2,0
8,0.2612874157081659,1,2,0:2; 1:2; 2:2; 3:2; 4:1; 5:2; 6:1; 7:2,0
