k,average_silhouette,min_cluster_size,max_cluster_size,cluster_sizes,negative_silhouette_count
2,0.04906850256757149,28,82,0:28; 1:82,13
3,0.05775188026616071,29,45,0:36; 1:29; 2:45,11
4,0.06220164035844091,16,55,0:55; 1:21; 2:16; 3:18,25
5,0.07458874565796243,9,32,0:32; 1:29; 2:24; 3:9; 4:16,20
6,0.07183516642155893,6,40,0:11; 1:17; 2:6; 3:17; 4:40; 5:19,35
7,0.0880374447379402,7,35,0:7; 1:19; 2:12; 3:35; 4:9; 5:20; 6:8,29
8,0.09332765410210134,6,21,0:9; 1:17; 2:21; 3:14; 4:14; 5:12; 6:17; 7:6,22
