paper_id,keyword,title,abstract,budget,selected_count,passage_ids,subdocument,canonical_text_path,authors,year,venue,doi,url,cluster_id,cluster,cluster_theme_terms,cluster_label_candidate,distinguishing_evidence_terms,cluster_summary_candidate,design_knowledge_form,contribution_type,contribution_type_support,contribution_type_definition,primary_application_domain,application_domain_support,application_domain_definitions,facet_population_or_context,facet_stakeholder_or_population,facet_method_or_lens,facet_artifact_or_domain,facet_contribution_or_outcome,theory_move_key,lda_topic,lda_topic_probability,lda_topic_words,hdbscan_peripheral,discussion_found,discussion_paragraph_count,discussion_summary,discussion_excerpt,umap_x,umap_y,distance_to_centroid,representative_rank,medoid_rank,is_representative_top3,nearest_papers
1d033f71eb02,Design Rules,"Soft, Flexible, and Stretchable Platforms for Tissue-Interfaced Bioelectronics","Seamless integration of electronic systems with living tissues requires not only biocompatibility but also careful matching of mechanical properties across heterogeneous organs. This review clarifies the often‐conflated notions of “soft,” “flexible,” and “stretchable” electronics, and links these definitions to a tissue‐mechanics framework spanning brain, nerve, skin, myocardium, and visceral organs. Based on this framework, we outline general mechanical design principles—ultrathin structures, stretchable architectures, and bioadhesive interfaces—that enable deformable devices to conform to moving, curved surfaces. Recent advances are then organized into tissue‐targeted platforms, including imperceptible skin‐mounted nanosheet and nanomesh electrodes, haptic and neural interfaces for bidirectional communication, and wet‐organ adhesive systems for cardiac and gastrointestinal applications. We further highlight emerging material systems such as liquid metal–based conductors and biodegradable transient electronics, which respectively extend mechanical adaptability and introduce time‐programmed disappearance to reduce surgical burden. Across these topics, the review distills unifying design rules for matching modulus, adhesion, and strain tolerance to specific biological environments, positioning soft, tissue‐interfaced bioelectronics as a coherent toolbox that bridges wearable, implantable, and transient formats for future healthcare technologies.",12,12,1d033f71eb02_p0010;1d033f71eb02_p0027;1d033f71eb02_p0030;1d033f71eb02_p0033;1d033f71eb02_p0052;1d033f71eb02_p0058;1d033f71eb02_p0063;1d033f71eb02_p0065;1d033f71eb02_p0068;1d033f71eb02_p0069;1d033f71eb02_p0089;1d033f71eb02_p0095,"various biological tissues compared with commonly used materials in electronic device fabrication, including ceramics, metals, alloys, polymers, elastomers, hydrogels, and liquid metals. PU: polyurethane; TPE: thermoplastic elastomer; GI tract: gastrointestinal tract. Reproduced with [ 25, 26 ], conjugated polymers [ 27–30 ], hydrogels [ 31, 32 ], and liquid metals [ 33, 34 ]. The integration of these design philosophies enables the creation of electronic systems that maintain mechanical integrity, electrical performance, and biocompatibility during continuous operation within dynamic biological environments. This review focuses on recent advances in soft, tissue-interfaced bioelectronics, spanning fundamental mechanics to clinical implementation. To provide a coherent framework, the article is organized into four complementary layers: (i) general mechanical design principles and strategies for achieving device-level stretchability, (ii) tissue-targeted platforms for skin, neural, and internal-organ interfaces, (iii) next-generation material systems, including liquid metal–based conductors and transient, biodegradable electronics, and (iv) representative applications in which these technologies are already being used in clinical settings.

To realize electronic systems that can accommodate large deformations while maintaining stable performance, two principal strategies have been established (Figure 4a ). Both approaches typically employ highly stretchable elastomeric substrates as the mechanical support. The first is the island–bridge strategy, in which rigid functional components such as transistors, diodes, or light-emitting diodes (LEDs) are miniaturized into discrete “islands” and interconnected by serpentine or wavy stretchable conductors that act as “bridges.”[ 15, 73–77 ] This design localizes strain within the compliant interconnects, thereby protecting the fragile active components while allowing the overall system to stretch. The second approach is the fully stretchable strategy, 6of30 AdvancedScience,2026

In parallel to structural design approaches, material-based strategies focus on developing intrinsically deformable conductors and semiconductors. Intrinsically stretchable systems based on conductive polymers [ 27, 29, 30 ], ionic conductors [ 106–108 ], and hydrogels [ 31, 32 ] have been extensively reported, offering soft mechanical properties and good biocompatibility; however, these materials typically exhibit limited electrical conductivity, and their transport characteristics often change markedly when stretched, which remains a key bottleneck for reliable operation under large deformation. Nanocomposites consisting of elastomer matrices filled with conductive fillers—such as carbon nanotubes, graphene, or metallic nanoparticles—enable tunable conductivity and compliance, although their performance is often limited by incomplete percolation and loss of conductive pathways under strain [ 27, 109–111 ].

Building on the general mechanical design principles and stretchability strategies outlined in Sections 2 and 3 , this section focuses on electronic systems that interface directly with skin. For skin-mounted platforms, key device requirements include ultralow flexural rigidity, modulus matching to the epidermis, breathable and irritation-free contact, and stable electrical coupling under repeated deformation. In the following subsections, we highlight recent representative implementations—ultrathin skin-conformable electrodes and skin-interfaced haptic devices— that exemplify how these design criteria can be translated into practical systems for long-term physiological monitoring and tactile interaction at the skin surface.

Such growth-adaptive morphing maintains conformal contact as peripheral nerves enlarge in diameter (up to ∼ 2.4-fold over two months in rapidly growing rats) while minimizing chronic inflammation and preserving stable stimulation and recording—outcomes that are difficult to achieve with conventional cuff or hook electrodes of fixed geometry. At the same time, these systems highlight the dual role of viscoelasticity and dynamic bonding chemistry: they are actively exploited to enable gradual shape adaptation and self-healing assembly during surgery, yet their time-dependent stress relaxation and interfacial rearrangement also dictate how stresses are redistributed at the tissue–device interface, thereby constraining long-term interface design.

Together, these advances demonstrate how innovations in structural mechanics—such as morphing, deployable, and mesh architectures exemplified by fiber-like mesh electrodes—and in materials science—particularly ultrathin, highly compliant conductor networks—are transforming the design philosophy of neural interfaces. For peripheral nerve systems, soft and adhesive electrodes that can maintain stable contact under large and repetitive deformations are essential to ensure reliable signal coupling during continuous body motion. For cortical ECoG interfaces, reducing film thickness and enhancing adhesion minimizes surgical invasiveness while enabling conformal, large-area neural mapping. For deep-brain implants, achieving ultralow mechanical stiffness is crucial to avoid chronic tissue damage and sustain long-term integration within fragile neural structures.

design exhibiting anisotropic out-of-plane swelling, rapid and robust adhesion to wet tissues, and high electrical conductivity. Bottom: schematic and photographs showing stable LED operation of a circuit adhered to an ex vivo porcine heart using the e-bioadhesive interface. Reproduced with permission bioadhesive semiconductor forming covalent bonding with wet tissue via an integrated semiconducting–adhesive polymer network. Right: Photographs (c) Tissue-adhesive optoelectronics for implantable, wirelessly powered metronomic photodynamic therapy (mPDT). Top left: construction of a tissue- 14of30 AdvancedScience,2026

Demonstrations on living cardiac and skeletal muscle tissues confirmed stable electrophysiological recording and stimulation under continuous motion, showing how molecular-level bioadhesion can simplify device design and enhance chronic stability. A third approach explores tissue-adhesive optoelectronic systems for localized cancer therapy (Figure 8c ) [ 183 ]. In this design, ultrathin PDMS nanosheets coated with polydopamine (PDA)— a mussel-inspired bioadhesive polymer [ 194, 195 ]—encapsulate wireless LED chips, achieving direct, suture-free attachment to moist organ surfaces. The ultrathin geometry ensures conformability and low flexural rigidity, while PDA chemistry provides durable bonding in wet environments. In vivo experiments demonstrated wireless, long-term localized illumination for tumor treatment in animal models, enabling metronomic photodynamic therapy (mPDT) [ 183, 196–199 ].

Electronics In Sections 2–6 , we have focused primarily on how to engineer mechanical compatibility between electronic systems and diverse organs—starting from fundamental tissue mechanics, then introducing general design principles, and finally demonstrating tissue-specific platforms for the skin, nervous system, and dynamic wet organs. These sections establish that appropriate combinations of ultrathin substrates, stretchable geometries, and bioadhesive interfaces can substantially reduce mechanical mismatch and enable stable, long-term integration on or within living tissues. Building on this foundation, this section shifts the perspective from structural design to materials choice, highlighting emerging classes of conductors and substrates that provide functionalities unattainable with conventional soft electronics. In particular, we first examine liquid metal–based systems that couple metallic-level conductivity with fluid-like deformability for wearable and implantable devices, and then discuss biodegradable transient materials that introduce time-programmed disappearance and resorption.

These next-generation materials, when combined with the design strategies outlined in the earlier sections, open pathways toward biointegrated electronic platforms that are not only mechanically matched to target tissues but also reconfigurable or vanishing in time.

Future efforts may also focus on integrating transient devices with drug delivery, tissue regeneration, or temporary modulation of neural and muscular activity. In summary, transient electronics expand the design space of biointegrated systems by introducing the concept of time-limited function followed by complete resorption. With advances in biodegradable metals, polymers, and elastomers, it is now possible to envision implantable devices that perform critical roles for days to months and then disappear without trace, eliminating the risks of surgical retrieval. As materials science, device engineering, and biomedical applications converge, transient electronics are poised to transform clinical practice by providing safer, less invasive, and more versatile therapeutic solutions.

The era when progress in bioelectronics could be defined merely by making devices thinner, softer, or more stretchable has come to an end. The next stage demands a deeper convergence of materials science, mechanical design, and physiology—not just 20of30 AdvancedScience,2026",outputs/batch1/canonical_text_284/1d033f71eb02.txt,Kento Yamagishi; Sunghoon Lee; Tomoyuki Yokota; Takao Someya,2026,Advancement of science,,https://www.semanticscholar.org/paper/c3374b7851bf707048b3359556ab8226b87eea9d,DRUL-C01,0,user | eudaimonic | mechanical | tissue | stretchable | experience | materials | HCI | technology | electronic | transient | stable | soft | interaction | well-being,"Design Rules — User, eudaimonic & mechanical [DRUL-C01]",user | eudaimonic | mechanical | tissue | stretchable | experience | materials | HCI | technology | electronic | transient | stable | soft | interaction | well-being,"Within the predefined Design Rules group, DRUL-C01 is statistically distinguished by user, eudaimonic, mechanical. Additional contrastive terms include tissue, stretchable, experience, materials, HCI. Representative papers include Perfect Eudaimonic User Experience Design That Aristotle Would Have Wanted; Soft, Flexible, and Stretchable Platforms for Tissue-Interfaced Bioelectronics. This is an analysis-frozen statistical interpretation, not a final editorial topic label.",Design Rules,Statistical bottom-up interpretation,Analysis frozen; confirmation by at least two reviewers pending,Contrastive cluster explanation using adapted class-based TF-IDF; not a predefined codebook classification.,Not assigned by Path 1,Not evaluated in this statistical interpretation,Not applicable,Predefined keyword group,Not assigned,BGE-M3 embedding + Spectral clustering,Not assigned,Adapted class-based TF-IDF interpretation,not_applicable,-1,0.0,user | eudaimonic | mechanical | tissue | stretchable | experience | materials | HCI | technology | electronic | transient | stable | soft | interaction | well-being,False,False,0,,,-5.9526205,-10.226984,0.08732366561889648,2,2,True,"[{'paper_id': 'f941f0424e1a', 'title': 'Design Rules, Volume 2: Chapter 6—The Value Structure of Technologies, Part 1: Mapping Functional Components', 'cluster': 1, 'distance': 0.2972140312194824}, {'paper_id': '5c096c480387', 'title': 'User interfaces of information retrieval systems and user friendliness', 'cluster': 1, 'distance': 0.32831871509552}, {'paper_id': '2a22a314dcfb', 'title': 'Studying Software Architecture Through Design Spaces and Rules', 'cluster': 1, 'distance': 0.33289635181427}, {'paper_id': 'dbc171dde63a', 'title': 'Perfect Eudaimonic User Experience Design That Aristotle Would Have Wanted', 'cluster': 0, 'distance': 0.3340436816215515}, {'paper_id': 'cf2ee8097a06', 'title': 'Design Rules, Volume 2: Chapter 4—The Mirroring Hypothesis: Linkages Inside and Across Transaction Free Zones', 'cluster': 1, 'distance': 0.3423665761947632}]"
2a22a314dcfb,Design Rules,Studying Software Architecture Through Design Spaces and Rules,"This report argues that the overall structure of software systems (software architecture) is usefully studied by constructing design spaces. A design space identifies the key functional and structural choices made in creating a system design, and it classifies the alternatives available for each choice. Rules can be formulated to relate choices within a design space. Sets of such rules are a valuable design aid and offer a promising route to automatic structural design. By codifying design practice, design spaces can also aid software maintenance and training. To support this argument, the report describes a design space and associated rules for user interface software, and it discusses an experimental that validated these design rules by comparing their predictions to real system designs.",12,12,2a22a314dcfb_p0005;2a22a314dcfb_p0006;2a22a314dcfb_p0010;2a22a314dcfb_p0051;2a22a314dcfb_p0052;2a22a314dcfb_p0060;2a22a314dcfb_p0061;2a22a314dcfb_p0063;2a22a314dcfb_p0064;2a22a314dcfb_p0068;2a22a314dcfb_p0069;2a22a314dcfb_p0070,"Software architecture is the study of the large-scale structure and performance of software systems [Shaw 89]. Important aspects of a system’s architecture include the division of functions among system modules, the means of communication between modules, and the representation of shared information. The architectural alternatives available to a system designer can be described and classified by constructing a design space. Within a design space, we can formulate design rules that indicate good and bad combinations of choices. Such rules can be used to select an appropriate system design based on functional requirements. The design space is useful in its own right as a shared vocabulary for describing and understanding systems. This work should be viewed as a means of codifying software design knowledge for use in day-to-day practice and in the training of new software engineers.

For this purpose, a set of design rules need not produce a ""perfect"" or ""best possible"" design. A valuable contribution will be made if the rules can help a journeyman designer to make choices comparable to those that a master designer would make---or even just help the journeyman to choose a reasonable design with no major errors. With sufficient experience, a set of such rules may become complete and reliable enough to serve as the basis for automated system design, but the rules can be of practical use long before that stage is reached. The work described in this report tested these notions by constructing a design space and rules for the architecture of user interface software systems. These rules were experimentally tested by comparing their recommendations to actual system designs. The results showed that a rather simple set of rules could achieve a promising degree of agreement with the choices of expert designers. These exploratory results suggest that the approach sketched here is a viable means of creating an organized body of knowledge for software engineering.

combat two opposite evils now widely seen in practice: both the tendency to invent every new system from scratch and the tendency to reuse a single design for every problem regardless of its suitability. Handbook-style texts are now widely available for selection of algorithms and data structures (e.g., [Knuth 73, Sedgewick 88]) but do not yet exist for higher levels of software design. The work reported here offers an organizational scheme (namely, design spaces and rules) for handbooks of software system structure, as well as the beginnings of specific knowledge for one such handbook (covering user interface systems).

There are very few hard-and-fast rules at this level of design. Most connections between design dimensions are better described by saying that a given choice along one dimension favors or disfavors particular choices along another dimension; the strength of this correlation varies from case to case. The designer’s task is to consider all such correlations and to select the alternative favored by the preponderance of the evidence. Therefore, a natural notation for a design rule is a positive or negative weight associated with particular combinations of alternatives from two (or more) dimensions. A given design can be evaluated by summing the weights of all applicable rules. The ""best"" design is then the one with the highest score. The author prepared a mechanically evaluatable set of design rules of this form and an evaluation program that would rank the structural alternatives when given a set of values for the functional dimensions. (Section 5 describes an experimental test of this rule set.) The rules can also be viewed less formally as guidelines for human designers.

It is useful to distinguish two categories of rules: those linking functional to structural dimensions, and those interconnecting structural dimensions. The first group allows system requirements to drive a structural design, while the second group ensures the internal consis- 3tency of the design. This second group complicates the task of finding the design with the highest score, since choices in different dimensions affect each other. The author resorted to combinatorial searching to locate the best designs; better algorithms may be found in the future. A possible source of better methods is ""neural network"" techniques, which seem to have some similarity to this problem. The mechanical design rule set contains 622 rules; these rules are written in a very primitive notation and can be reduced to about 170 rules at a more reasonable level of abstraction.

internal procedural notation, and there are some toolbox parameters that qualify as internal declarative notation. • Communication is based on events; no shared state variables are used. • cT uses basically a single thread of execution. An exception occurs in the development environment: while editing a cT program, incremental recompilation is done while waiting for user input. The ""background"" control thread used for this purpose is implemented with an event handler mechanism. The mechanical rule set is largely able to replicate these design decisions. For example, the rules recommend implicit and internal-procedural user interface notations, because the requirements for user customizability and application portability are not high enough to jus- 4tify the extra cost of external or declarative notations. The rules recommend strict singlethread control flow, so they disagree on the last of the sample dimensions.

To test the validity of the design space and rules, the rules’ recommendations were compared to the actual designs of some user interface systems. This experiment used six systems that had not been studied in the course of preparing the design space and rules. The test was carried out as follows: • A designer of each system was asked to describe his system in the terms of the design space; that is, to choose the most descriptive category in each functional and structural dimension. • Each system’s functional description was fed into a program that searched for the structural alternatives that were most highly rated by the rule set. • The resulting structural recommendations were compared to the actual system descriptions. The six systems covered a fairly wide range of user interface requirements. Among them were two radically different UIMSs, an integrated programming environment for teaching novice programmers, the cT system described above, a system for automatic creation of graphical database displays, and a flight simulator control program.

It may be that corrections and additions to the rules would improve this result. However, both of these design choices are heavily influenced by considerations of design-time methods and procedure. Since the present design space deals mainly with issues of run-time structure, it may well be that the space provides insufficient information to make correct choices in these two dimensions. In that case, the space would need to be extended to cover questions of design procedure before these dimensions could be handled reliably. These are remarkably good results when one considers the limited amount of information in the rules (Section 3.1 alone contains about ten percent of the full set). This suggests that the design space provides considerable leverage for the rules; that is, that the classifications made by the design space make it easier to select the right type of design.

Furthermore, these rules were developed and tuned to follow the author’s own judgments and those of the designers whose systems he studied while preparing the design space. This experiment compared the rules to the judgments of a completely separate group of designers. The extent of correlation is therefore especially striking: it depends not only on the rules successfully representing the knowledge on which they were based, but on agreement between two unrelated groups of designers. Therefore, this experiment shows that: • There is a significant body of agreement among expert user interface system designers about structural choices. • The design space and rules capture (at least part of) that agreement. Though the particular set of rules tested in this experiment possess numerous faults, these results strongly suggest that the overall approach is valid and powerful. This experiment is described in more detail in [Lane 90a].

This work attacks the problem of organizing software design knowledge to create routine design methods. Advances in this area promise not only to improve the basic process of software design, but to simplify a key task of software maintenance (namely understanding another person’s design) and to provide a way of organizing the training of software engineers. The underlying model of the design process is that one works from system requirements towards a completed design in several steps, or levels of abstraction. The particular design step considered here is the transition from high-level functional specifications to a gross system organization or architecture. We create a design space that describes the key functional specifications and the key structural choices to be made. Within this space, we formulate design rules that capture practical or theoretical knowledge about suitable choices for given requirements.

Since we view this technique as an engineering aid, the design rules need not be perfect to be useful. An informal set of rules (perhaps better called guidelines) can be useful simply by helping the designer to reject inferior choices quickly; this leaves more time available to consider and choose among the reasonable alternatives. In fact, even without rules the design space can be useful: it serves as a compact summary of different design approaches, and so can help the designer to avoid overlooking a good solution. Similarly, the functional side of the space reminds the designer of crucial considerations. In the longer run, a reliable set of such design rules could serve as the basis for an automatic design assistant, or even for fully automatic system construction. The rule set experimented with here is a long way from that point, but seems already usable as informal guidelines of the kind just described.

The present work has investigated only one domain of software design, namely the architecture of user interface systems. This was an essential limitation in order to create a design space of manageable size. The author hopes that other researchers will undertake the task of building design spaces and rules for other domains---both other kinds of systems, and other levels of abstraction in the design process. Aside from being useful in their own right, such studies will show whether or not this approach really is a general-purpose method for organizing software engineering knowledge. Eventually, the combination of such studies may lead to the discovery of general principles about software design; for example, some kinds of design dimensions may be found to be universal.",outputs/batch1/canonical_text_284/2a22a314dcfb.txt,"Lane, T. G.",Nov-90,,,,DRUL-C02,1,technical | modular | organizational | development | architecture | baldwin | components | structure | space | prototyping | clark | functional | hybrid | considerations | common,"Design Rules — Technical, modular & organizational [DRUL-C02]",technical | modular | organizational | development | architecture | baldwin | components | structure | space | prototyping | clark | functional | hybrid | considerations | common,"Within the predefined Design Rules group, DRUL-C02 is statistically distinguished by technical, modular, organizational. Additional contrastive terms include development, architecture, baldwin, components, structure. Representative papers include Design Rules, Volume 2: Chapter 6—The Value Structure of Technologies, Part 1: Mapping Functional Components; Studying Software Architecture Through Design Spaces and Rules. This is an analysis-frozen statistical interpretation, not a final editorial topic label.",Design Rules,Statistical bottom-up interpretation,Analysis frozen; confirmation by at least two reviewers pending,Contrastive cluster explanation using adapted class-based TF-IDF; not a predefined codebook classification.,Not assigned by Path 1,Not evaluated in this statistical interpretation,Not applicable,Predefined keyword group,Not assigned,BGE-M3 embedding + Spectral clustering,Not assigned,Adapted class-based TF-IDF interpretation,not_applicable,-1,0.0,technical | modular | organizational | development | architecture | baldwin | components | structure | space | prototyping | clark | functional | hybrid | considerations | common,False,False,0,,,-5.938708,-11.211094,0.09162783622741699,2,2,True,"[{'paper_id': 'f941f0424e1a', 'title': 'Design Rules, Volume 2: Chapter 6—The Value Structure of Technologies, Part 1: Mapping Functional Components', 'cluster': 1, 'distance': 0.18296003341674805}, {'paper_id': '8aeb26c1e21d', 'title': 'Steps toward a cognitive engineering: Design rules based on analyses of human error', 'cluster': 1, 'distance': 0.18300682306289673}, {'paper_id': 'cf2ee8097a06', 'title': 'Design Rules, Volume 2: Chapter 4—The Mirroring Hypothesis: Linkages Inside and Across Transaction Free Zones', 'cluster': 1, 'distance': 0.23253870010375977}, {'paper_id': '892ad7622adf', 'title': 'Modularity Design Rules for Architecture Development: Theory, Implementation, and Evidence from the Development of the Renault–Nissan Alliance “Common Module Family” Architecture', 'cluster': 1, 'distance': 0.23725706338882446}, {'paper_id': '5c096c480387', 'title': 'User interfaces of information retrieval systems and user friendliness', 'cluster': 1, 'distance': 0.24568665027618408}]"
43856ed76df1,Design Rules,Hybrid Prototyping: Pure Theory or a Practical Solution to Accelerating Prototyping Tasks?,"Physical prototyping is critical activity in the produce development process, but the cost and time required to produce prototypes hinders it use in the design process. Hybrid prototyping through coupling LEGO and FDM printing is presented as an approach to address these issues. After establishing the separate design rules for FDM printing and LEGO, this paper created new set of rules called Design for Fabrication (DfF) for hybrid prototyping. These cover the three main considerations (Technical, Process, and Design) that the designer and process planning must include to practically implement LEGO and FDM hybrid prototyping. The DfF rules were considered in a prototype of a computer mouse. While the fabrication time was not reduced as expected, it showed that the rules could be practically implemented in a real-world example. Additional considerations were identified that are to be included in the DfF rules.Further work is required to realise the predicted step-change reduction in fabrication time. The first approach is to leverage multiple printers to parallelise the printing. The second is to reduce fidelity while maintaining high fidelity in key regions of interest.",12,12,43856ed76df1_p0003;43856ed76df1_p0006;43856ed76df1_p0007;43856ed76df1_p0013;43856ed76df1_p0014;43856ed76df1_p0018;43856ed76df1_p0021;43856ed76df1_p0022;43856ed76df1_p0023;43856ed76df1_p0024;43856ed76df1_p0026;43856ed76df1_p0034,"Prototyping is a crucial part of the product development process (Wall, Ulrich, & Flowers, 1992 ) and it is widely accepted that increased prototyping activities lead to improved products (Menold, Jablokow, & Simpson, 2017 ). In particular, the use of physical prototypes has been shown to have numerous benefits to both the designer and the outcome of the product development process. It allows the designer to explore the design space (Hess & Summers, 2013) and learn about the design problem (Jensen, Elverum, & Steinert, 2017 ) while supplementing their mental models (Viswanathan & Linsey, 2011). Physical prototypes also give rise to unexpected phenomena (Otto & Wood, 2001), and act as boundary objects for communication within design teams and between stakeholders (Boujut & Blanco, 2003). The two biggest factors hindering the use of physica l prototypes in the design process are the cost and the time required to produce them (Camburn et al., 2017).

The affordances of this hybrid prototyping technique have been investigated through a theo retical, simulation-based study (Mathias et al., 2019), this showed that fabrication times could be reduced by 42% compared to simply FDM printing the prototype. However, this previous work does not consider the implementation of the approach - as a new physical prototyping technique it needs to be both feasible and practical for it to be usefully employed in the design process. Correspondingly, the motivation for this paper concerns the physical implementation of the LEGO and FDM hybrid prototyping. As the benefits have been shown, the ability to produce the p rototypes would determine whether it represents solely a theoretical proposition or whether it can be a practical solution to accelerating prototyping tasks. The contribution of the paper is to demonstrate and evaluate the viability of hybrid prototyping through the development and integration of a set of design rules for design, fabrication and assembl y.

The design considerations include attention to overall form or minimum feature size. The fabrication and assembly perspectives concern process planning for fabrication, and in particular, how to segment and then print the high -fidelity parts ; and, how the LEGO bricks should be assembled together to create a prototype of appropriate structural integrity, that is a prototype that is at least self-supporting. The paper begins with a summary of physical prototyping and the need for hybrid prototyping, before considering existing design rules for additive manufacture and LEGO assembly principles . The design for fabrication and assembly (DfFA) rules for hybrid pro totyping with FDM printing and LEGO are

While current approaches to hybrid prototyping are rather ad -hoc and have been shown to offer benefits, there is value in providing a more consistent framework and approach to maximise these benefits. This includes ensuring optimal time/cost/quality when producing prototypes. It also provides potential for computational offloading and automation, such as the techniques used by Mueller et al. to automatically generate the LEGO brick layout. To develop new design rules for hybrid prototyping with LEGO and FDM printing, the existing design rules and considerations for each prototyping method are first reviewed. Correspondingly, the following sections summarise relevant literature for design for a dditive manufacture (DfAM) and LEGO assembly. The contributions of this paper are tied to LEGO and FDM printing; while significant similarities with other methods exist, these would need to be designed/studied specifically.

3.1 Design for additive manufacture Design for additive manufacture is dependent on the specific additive manufacture (AM) process that is used - with each process having different rules and considerations. However, as the hybrid prototyping technique in this paper is focussing on FDM printing, the DfAM review will only consider those relevant to FDM printing. There are two areas in DfAM that the designer must understand: process considerations and geometric considerations (Goguelin, Flynn, & Dhokia, 2016). The process c onsiderations include the capability of the printers (size, accuracy, speed), material properties (strength, temperature, part anisotropy), and the print settings (layer height, infill percentage, wall thickness, support material etc). While the geometric considerations focus on the artefact being designed. Many of these variables are fixed by the use of desktop FDM printers - particularly with regard to material properties (typically limited to PLA or ABS) and capability of the printers.

Secondly, the size, and finite library, of LEGO bricks (the smallest being 8×8×3.2 mm) means that there is a fixed lower bound of an object’s size. On the other hand, while very large LEGO assemblies are possible, they are frequently too complex and costly to be viable outside LEGOLAND theme parks - giving rise to an upper bound for reasonably sized LEGO models. Gower et al. (1998) identify some general construction rules for creating stable LEGO structures: – The use of large bricks. – Alternating directionality of bricks in consecutive layers. – High proportion of overlap of each brick’s area (above and below) by other bricks. – High proportion of each brick’s vertical boundary is covered (above and below) by other bricks. These rules do not include any design considerations that would aff ect the geometry or possible designs of the assembled model - they are purely focussed on creating assemblies that have structural integrity.

This section covers the development of the design rules for hybrid prototyping and illustrates their application to the prototyping of a computer mouse. internal volume, while a hollow outside surface is FDM printed. This surface has to be segmented into parts so that it can be assembled or modified. The separation of these parts occurs at split planes - these do not have to be planar and could be more complex surfa ces. Finally, the level of fidelity of a hybrid prototype determines how much of the outer form is FDM printed versus how much is made from LEGO. In the case study considered in this paper, the level of fidelity is not reduced, and the entirety of the outer form is FDM printed. 4.1 Hybrid prototyping design rules From the existing design rules for FDM printing and LEGO, it is possible to separate the rules into two groups: ones that are technical capabilities/limitations of the technique, and ones that the desi gner

must consider when creating the design ’s geometry. In DfAM, these are called process and geometric considerations respectively. However, in coupling LEGO and FDM printing as a hybrid prototyping technique, a finer level of granularity is required in o rder to accommodate the rules that influence the process plan and ones that require input from the designer. As a result, we are considering three groups of design rules: Technical Constraints, Design Considerations, and Process Considerations. (blue), and the output hybrid prototype (green). The process and design considerations need the designer’s input (red), while the technical considerations are fixed by t he use and coupling of FDM printing and LEGO (orange). The technical considerations and designer ’s process decisions are combined in the process planning that generates the LEGO assembly and segmented FDM printed parts from the prototype geometry.

The following sections cover the rules established for each of the three groups for hybrid prototyping. While reduction in fabrication time is cited as one of the key benefits of coupl ing LEGO and FDM printing (Mathias et al., 2019), if the prototype cannot be made or is not self -supporting then the time reduction is irrelevant.

The technical constraints are fixed and cannot be impacted b y the actions of the designer. These constraints inform the decisions and calculations that in turn drive the process planning that generates the LEGO assembly and FDM printed geometry. Assembly/Disassembly - The prototypes must be able to be put together and taken apart. As a result, the LEGO pieces must be accessible via the split planes that separate the FDM printed outside surface. Structural integrity - The hybrid prototype must be strong enough to be handled and support its own weight. This should be achieved by following the LEGO structure assembly rules described in Section 3.2. The process planning must layout the bricks to reduce the loading place d on any single stud to the acceptable bounds (0.703 N (Luo et al., 2015)). Composition of LEGO set - The library of available brick sizes and their number needs to be specified in advance for the process planning to ensure that it d oes not generate prototypes that cannot be built due to insufficient available bricks.

4.1.2 Design considerations & checks The design check s are aspects that the designer must take into account when they are specifying the form, shape and geometry of the prototype. If the design fails these checks then it is not suitable for FDM and LEGO hybrid prototyping. Hybrid Prototype Process Planning Technical Considerations Process Considerations Prototype Geometry Design Checks

The illustrative case shows that the DfFA rules make hybrid prototyping feasible and practical. From enacting the DfFA rules m anually, several observations can be drawn regarding the additional considerations that would need to be included for hybrid process planning. These are: Orientation/support material - Once segmented, the process planning must consider and optimise the orientation of the FDM parts to minimise print time and requirement for support material. Location of the split planes - Some of the split planes ran through holes/studs on the FDM parts, causing the LEGO/FDM interface to be less secure and harder to assembl e. Where possible, this should be avoided in order to keep holes/studs intact. Connection between FDM parts - Although flat surfaces were used as split planes, positive connection between FDM parts would be useful, rather than relying on the LEGO interface.",outputs/batch1/canonical_text_284/43856ed76df1.txt,David Mathias; C. Snider; B. Hicks,2019,Proceedings of the Design Society,,https://www.semanticscholar.org/paper/9f9e2a02a0991265112e3a3b729389070bdb496f,DRUL-C02,1,technical | modular | organizational | development | architecture | baldwin | components | structure | space | prototyping | clark | functional | hybrid | considerations | common,"Design Rules — Technical, modular & organizational [DRUL-C02]",technical | modular | organizational | development | architecture | baldwin | components | structure | space | prototyping | clark | functional | hybrid | considerations | common,"Within the predefined Design Rules group, DRUL-C02 is statistically distinguished by technical, modular, organizational. Additional contrastive terms include development, architecture, baldwin, components, structure. Representative papers include Design Rules, Volume 2: Chapter 6—The Value Structure of Technologies, Part 1: Mapping Functional Components; Studying Software Architecture Through Design Spaces and Rules. This is an analysis-frozen statistical interpretation, not a final editorial topic label.",Design Rules,Statistical bottom-up interpretation,Analysis frozen; confirmation by at least two reviewers pending,Contrastive cluster explanation using adapted class-based TF-IDF; not a predefined codebook classification.,Not assigned by Path 1,Not evaluated in this statistical interpretation,Not applicable,Predefined keyword group,Not assigned,BGE-M3 embedding + Spectral clustering,Not assigned,Adapted class-based TF-IDF interpretation,not_applicable,-1,0.0,technical | modular | organizational | development | architecture | baldwin | components | structure | space | prototyping | clark | functional | hybrid | considerations | common,False,False,0,,,-5.159308,-10.832378,0.1950089931488037,9,9,False,"[{'paper_id': 'f941f0424e1a', 'title': 'Design Rules, Volume 2: Chapter 6—The Value Structure of Technologies, Part 1: Mapping Functional Components', 'cluster': 1, 'distance': 0.28724443912506104}, {'paper_id': '2a22a314dcfb', 'title': 'Studying Software Architecture Through Design Spaces and Rules', 'cluster': 1, 'distance': 0.29426854848861694}, {'paper_id': 'cf2ee8097a06', 'title': 'Design Rules, Volume 2: Chapter 4—The Mirroring Hypothesis: Linkages Inside and Across Transaction Free Zones', 'cluster': 1, 'distance': 0.320235013961792}, {'paper_id': '8aeb26c1e21d', 'title': 'Steps toward a cognitive engineering: Design rules based on analyses of human error', 'cluster': 1, 'distance': 0.3255809545516968}, {'paper_id': '892ad7622adf', 'title': 'Modularity Design Rules for Architecture Development: Theory, Implementation, and Evidence from the Development of the Renault–Nissan Alliance “Common Module Family” Architecture', 'cluster': 1, 'distance': 0.3333723545074463}]"
5c096c480387,Design Rules,User interfaces of information retrieval systems and user friendliness,"ABSTRACTThe paper deals with the characteristics of user interfaces of information retrieval systems with the emphasis on design and evaluation. It presents users’ information retrieval tasks and the functions which are offered through interfaces. Design rules, guidelines and standards are presented, as well as criteria and methods for evaluation. Special emphasis is placed on the concept of user friendliness as one of the most important characteristic of the user interfaces. Various definitions of user friendliness are presented and their elements are also discussed. In the end, the paper shows how user interfaces should be designed, taken into consideration all these criteria.",12,12,5c096c480387_p0005;5c096c480387_p0015;5c096c480387_p0019;5c096c480387_p0030;5c096c480387_p0034;5c096c480387_p0037;5c096c480387_p0043;5c096c480387_p0047;5c096c480387_p0052;5c096c480387_p0053;5c096c480387_p0054;5c096c480387_p0056,"V tem pomenu uporabniške vmesnike obravnavamo tudi mi. Dumas (1988) vmesnik opredeljuje kot skupek elementov, ki so vidni na zaslonu, njihovo organizacijo in postopke, potrebne za delo z njim: “Uporabniški vmesnik sestavljajo besede in simboli, ki jih uporabnik vidi na zaslonu, vsebina in oblika izpisa, postopki za vnos, shranjevanje in prikaz informacij ter organizacijska struktura vmesnika kot celote.” Podobno ga definirajo tudi Weinschenkova idr. (1997, str. 7): “Uporabniški vmesnik je del aplikacije, ki ga uporabnik vidi in je z njim v interakciji. Je povezan, ni pa enak strukturi v ozadju, arhitekturi in kodi, ki skrbijo za delovanje programske opreme. Vmesnik vključuje zaslonske slike, okna, kontrole, menije, metafore, online pomoč, dokumentacijo ...”. Beaulieujeva (2000, str. 433) uporabniški vmesnik razume kot, “vidno manifestacijo računalniškega sistema v ozadju, medij za komunikacijo med uporabnikom in sistemom in delovni prostor za oblikovanje in izvajanje operativnih nalog”.

To zahteva identifikacijo vseh bistvenih sestavnih delov in njihovo povezavo glede na zahteve in okoliščine. Težava, ki se pogosto pojavi, je, da večina sistemov za poizvedovanje ne vključuje pripomočkov niti za prepoznavanje niti za definicijo informacijskega problema, temveč predvideva, da je informacijski problem pred poizvedovanjem že dobro definiran. 2. Izbira informacijskega vira je problematična predvsem z vidika hitrega razvoja in raznolike ponudbe na tržišču. Žumrova navaja, da je izbor in dostop

Predvsem razvrščanje po relevantnosti je za uporabnika zelo primerno, še bolje pa je, če ga dopolnjuje povratna informacija o relevantnosti, ki omogoča takojšnjo in enostavno izboljšavo dotedanje poizvedbe. Carlyleova (1997, 1999) priporoča tudi dodatne razvrstitve zadetkov glede na elemente, po katerih

Teorije in modeli prispevajo okvir in so neodvisni od konkretne aplikacije. Principi oblikujejo alternative za načrtovanje in omogočajo primerjave med njimi, specifične smernice pa izhajajo iz prakse in so povezane s konkretnimi pravili ali situacijami. I. Teorije in modeli najvišjega nivoja Z njimi razlagamo, opisujemo, primerjamo ali predvidevamo določene lastnosti sistemov za poizvedovanje, vmesnikov, uporabnikov, npr. njihovo vedenje, zaznavne ali kognitivne lastnosti, obremenitve ipd. Njihov namen je na abstrakten način predstaviti dejansko stanje, ter oblikovati okvir za razumevanje specifičnih vidikov pri načrtovanju.

Weinschenk idr., 1997, Rowley in Slack, 1998, Johnson, 2000). Omenjeni raziskovalci se v svojih priporočilih izrazito osredotočajo na uporabnika in med drugim opozarjajo na: 1. potrebnost osredotočanja na uporabnike in njihove naloge, ne na tehnologijo, 2. upoštevanje v prvi vrsti funkcije, nato predstavitve, 3. prilagajanje uporabnikovemu razumevanju naloge,

3 Uporabnost in uporabniška prijaznost Uporabnost in uporabniška prijaznost sta koncepta, s katerimi se neprestano srečujemo pri načrtovanju, pa tudi pri vrednotenju uporabniških vmesnikov. Z njima opisujemo lastnost vmesnika, povezano z učinkovitostjo in uspešnostjo

2. Prilagajanje lastnostim vida: - čimmanj potrebe po očesnem gibanju, - upoštevanje principov dobrega oblikovanja, - preudarna uporaba barv in poudarkov, - ustrezno vizualno kodiranje informacij, - upoštevanje, da ljudje ne preberejo vsega. 3. Prilagajanje fizičnim lastnostim: - omejena uporaba kombinacij različnih tipk, - izogibanje posebno zahtevnim kombinacijam tipk, - upoštevanje spretnosti slepega tipkanja, - preprečevanje sindroma pogostih gibov, - zagotovljeno usposabljanje uporabnikov. 4. Prilagajanje okoljskim in socialnim lastnostim: - predvidevanje čustvenega odziva posameznika, - vgrajena predvidljivost, - upoštevanje stresnih okolij, - upoštevanje principov socialne interakcije. Omenili smo že, da lahko iz literature razberemo, da izraza uporabnost in uporabniška prijaznost označujeta zelo podoben, pravzaprav isti koncept. Nekateri raziskovalci to tudi eksplicitno navajajo.

V splošnem velja, naj ima uporaben, uporabniško prijazen in učinkovit uporabniški vmesnik sistema za poizvedovanje značilnosti, ki jih med drugimi omenjajo Weinschenkova idr. (1997), Rowleyeva in Slackova (1998), Shneiderman (1998), Nielsen (1994, 1999), Johnson (2000): - biti mora nezahteven za uporabo, - omogočati mora hitro in enostavno učenje oziroma spoznavanje, - uporabnika ne sme preobremenjevati s kognitivnimi obremenitvami (pomnjenjem, odločanjem ipd.), - zbujati mora občutek nadzora nad sistemom, - biti mora konsistenten in razumljiv, - informacije mora predstaviti na logičen in sistematičen način, njihova količina naj ne bo ne prevelika ne premajhna, - “oproščati” mora uporabnikove napake, oziroma biti do njih karseda toleranten, - vsebovati mora kakovostna in razumljiva navodila in različne vrste pomoči, - omogočati mora čimbolj neovirano gibanje po “prostoru” sistema za poizvedovanje, - omogočati mora enostavno izvajanje poizvedovanja, dela z zadetki in drugih akcij, - omogočati mora možnost izbire, kako bo uporabnik izvedel določeno akcijo, - uporabnik mora vedno imeti možnost, da se vrne korak nazaj ali razveljavi svoj zadnji ukaz, - uporabnik mora v vsakem trenutku vedeti, na katerem mestu v sistemu se nahaja, in kaj lahko v določenem trenutku stori, - uporabniku ni potrebno podrobno poznati delovanja sistema, da bi ga lahko uspešno uporabljal. Za uporabnike velja, da so usmerjeni v vsebino svojega dela, zato niso zelo pozorni na vizualne elemente uporabniškega vmesnika (npr. oblikovne ali barvne

library use: social practice and evaluation. Peterson Bishop, A., Van House, N., Buttenfield, B. (ur.). Cambridge, Massachusets, London, MIT. 85-118. 8. Carlyle, A. (1997). Fulfilling the second objective in the online catalog: schemes for organizing author and work records into usable displays. Library resources & technical services , 41(2), 79-100. 9. Carlyle, A. (1999). User organization of works: toward improved organization of online catalog displays. Journal of documentation , 55(2), 184-208. 10. Chen Q., Sharma, V. (2002). Human factors in interface design: an analytical survey and perspective. V: Szewczak, E. J., C. Snodgrass (ur.), Human factors in information systems. Hershey, PA: IRM Press. 45-55.

digital libraries: what are roles of interface characteristics, organizational studies, 57(3), 215-242. 39. Trenner, L. (1989). How to win friends and influence people: definitions of user-friendliness in interactive computer systems. Journal of information science, 13, 99-107. 40. Van der Veer, G., Van Vliet, H. (2003). A plea for apoor man’s HCI component in software engineering and computer science curricula; after all: the human computer interface is the system. Computer science education, 13(3), 207-225. 41. Wang, P. (2003). From OPACs to portals: perspectives on usability and usercentered design. V: Proceedings of CAS symposium on sustainable development and innovation libraries (Beijing, China, December 20-23, 2003). 256-267.

etc., Wiley Computer Publishing. 43. Xie, H.(I.) (2003). Supporting ease of use and user control: desired features and structure of web-based online IR systems. Information processing & management , 39, 899-922. 44. Xie, H.(I.) (2004). Online IR system evaluation: online databases versus web search engines. Online information review , 28(3), 211-219.

Wesley. 48. Žumer, M. (1995). Formulacija iskalnih izrazov z boolovimi operatorji: problemi in alternative. Knjižnica, 39(1-2), 85-92. 49. Žumer, M. (2000). User interfaces of national bibliographies on CD-ROM : results of a survey. Program, 34(3), 281-290. Doc. dr. Polona Vilar je zaposlena kot predavateljica na Oddelku za bibliotekarstvo, informacijsko znanost in knjigarstvo na Filozofski fakulteti Univerze v Ljubljani. Naslov: Aškerčeva 2, 1000 Ljubljana Naslov elektronske pošte: polona.vilar@ff.uni-lj.si Izr. prof. dr. Maja Žumer je zaposlena kot predavateljica na Oddelku za bibliotekarstvo, informacijsko znanost in knjigarstvo na Filozofski fakulteti Univerze v Ljubljani. Naslov: Aškerčeva 2, 1000 Ljubljana Naslov elektronske pošte: maja.zumer@ff.uni-lj.si",outputs/batch1/canonical_text_284/5c096c480387.txt,P. Vilar; M. ≈Ωumer,2013,Knjižnica,,https://www.semanticscholar.org/paper/9aa514c3ca92faefeccdf83e91e0ddef127ac487,DRUL-C02,1,technical | modular | organizational | development | architecture | baldwin | components | structure | space | prototyping | clark | functional | hybrid | considerations | common,"Design Rules — Technical, modular & organizational [DRUL-C02]",technical | modular | organizational | development | architecture | baldwin | components | structure | space | prototyping | clark | functional | hybrid | considerations | common,"Within the predefined Design Rules group, DRUL-C02 is statistically distinguished by technical, modular, organizational. Additional contrastive terms include development, architecture, baldwin, components, structure. Representative papers include Design Rules, Volume 2: Chapter 6—The Value Structure of Technologies, Part 1: Mapping Functional Components; Studying Software Architecture Through Design Spaces and Rules. This is an analysis-frozen statistical interpretation, not a final editorial topic label.",Design Rules,Statistical bottom-up interpretation,Analysis frozen; confirmation by at least two reviewers pending,Contrastive cluster explanation using adapted class-based TF-IDF; not a predefined codebook classification.,Not assigned by Path 1,Not evaluated in this statistical interpretation,Not applicable,Predefined keyword group,Not assigned,BGE-M3 embedding + Spectral clustering,Not assigned,Adapted class-based TF-IDF interpretation,not_applicable,-1,0.0,technical | modular | organizational | development | architecture | baldwin | components | structure | space | prototyping | clark | functional | hybrid | considerations | common,False,False,0,,,-7.0794163,-10.890146,0.165630042552948,8,8,False,"[{'paper_id': '8aeb26c1e21d', 'title': 'Steps toward a cognitive engineering: Design rules based on analyses of human error', 'cluster': 1, 'distance': 0.2389000654220581}, {'paper_id': 'dbc171dde63a', 'title': 'Perfect Eudaimonic User Experience Design That Aristotle Would Have Wanted', 'cluster': 0, 'distance': 0.24138951301574707}, {'paper_id': '2a22a314dcfb', 'title': 'Studying Software Architecture Through Design Spaces and Rules', 'cluster': 1, 'distance': 0.24568665027618408}, {'paper_id': 'f941f0424e1a', 'title': 'Design Rules, Volume 2: Chapter 6—The Value Structure of Technologies, Part 1: Mapping Functional Components', 'cluster': 1, 'distance': 0.26323896646499634}, {'paper_id': 'ba03a17bc120', 'title': 'The Good, the Bad, and the Ugly: A Theoretical Framework for the Assessment of Continuous Colormaps', 'cluster': 1, 'distance': 0.2997211813926697}]"
6f114a6d29d1,Design Rules,Toward a Conceptualization of Organizational Modularity,"Organizations are complex systems made up of many different elements interacting with each other. One particular form of organizational design, emerging from the need to deal with organizational complexity and environmental uncertainty, is modularity. There are several studies in the literature dealing with organizational modularity. However, neither a common definition nor a complete measurement model is proposed for this concept. What are the common properties of an organization characterized as highly modular? How are these properties related to organizational design parameters? None of these questions have been adequately addressed in the literature. Thus, this chapter aims to identify the common properties of an organization which can be considered to be highly modular and to propose a theoretical conceptualization of organizational modularity based on a framework originally linking Baldwin and Clark's visible design rules with Mintzberg's organizational design parameters and provides a suggestion for operationalizing the concept of organizational modularity.",12,12,6f114a6d29d1_p0006;6f114a6d29d1_p0008;6f114a6d29d1_p0009;6f114a6d29d1_p0013;6f114a6d29d1_p0014;6f114a6d29d1_p0019;6f114a6d29d1_p0020;6f114a6d29d1_p0028;6f114a6d29d1_p0035;6f114a6d29d1_p0036;6f114a6d29d1_p0042;6f114a6d29d1_p0056,"In order to quickly adapt to changing customer requirements and technological advancements, and react to new opportunities in the market, organizations need to review and reconfigure their complex structures and processes. This requires the organizations to gain insight into the interdependencies and interactions among their units. Knowledge of units and their interactions, in turn, helps establishing a set of organizational design rules (c.f. Baldwin & Clark, 2000) that provide a means to deal with organizational complexity. One particular form of organizational design, emerging from the need to deal with organizational complexity and environmental uncertainty, is modularity. Modularity is a special form of design that decomposes a system into highly independent components by defining how these components will interact and thus governs the ways in which system variants can be configured (Sanchez & Mahoney, 1996; Sanchez, 1999; Asan, Polat, & Sanchez, 2008).

However, neither a common definition nor a complete measurement model is proposed for this concept. The definitions suggested in the literature are rather incomplete or consider only specific aspects of the concept. The current methods for measuring the level of organizational modularity rely on a variety of restrictive assumptions. Most of them attempt to evaluate inter-organizational modularity and ignore important aspects originally rooted in the organization. Moreover, in the context of organizational design, modularity is not an independent and self-contained organizational concept as handled in the literature, but rather consists of several basic ideas that are integral parts of other organizational design concepts. Thus, this paper aims to identify the common properties of an organization that can be considered to be highly modular, and to propose a theoretical conceptualization of organizational modularity based on a framework originally linking Baldwin & Clark’s visible design rules (Baldwin & Clark, 2000) with

Although, organizational modularity is a frequently mentioned concept in organization theory, neither a common definition nor a measurement model exists for this concept. In order to address this issue, a conceptual definition together with the common properties of organizational modularity will be introduced based on the relationship established between the organizational design parameters of Mintzberg (1979) and visible design rules of Baldwin and Clark (1997). To serve this purpose, this section provides a comprehensive literature review conducted on organizational modularity and some related concepts, such as, modularity, product modularity, mirroring hypothesis, and organization design.

Baldwin and Clark (1997) argues that there exists three visible design rules for a modular system design: (i) architecture specifying the modules that will be part of the system and the functions of these modules, (ii) standards for testing the conformity of the modules to the design rules and for measuring module performances relative to the other modules, and (iii) interfaces that describe how the modules will interact (i.e., how they will fit together, connect, and communicate). Langlois (2002) referred to the set of these visible design rules as modularization. Rather

than a design goal that is achieved and stabilized, modularization is an evolutionary process, which advances gradually and can never be fully completed (MacDuffie, 2013). According to Zhang and Gao (2010), modularity is a special case of nearly decomposability, in which the interdependencies between modules are specified by specific design rules, and the degree of modularity is defined by the level of near decomposability -the extent to which inter-module dependencies are specified. Therefore, modularity can be defined as the degree to which a system's components can be separated and recombined (Schilling, 2000). Wolters (2002) summarized the features of a modular system as:

As mentioned before, in this study it is aimed to provide a conceptual definition of the organizational modularity concept by relating organizational design parameters of Mintzberg (1979) and visible design rules of Baldwin and Clark (2000). For that reason, it would be helpful to provide a brief introduction to the fundamental properties of these organizational design parameters (Mintzberg, 1979):

• Job specialization: Concerns the number and breadth of tasks of a given position (horizontal job specialization) and the incumbent's control over these tasks (vertical job specialization). Horizontal job specialization separates work by function whereas vertical job specialization separates the performance of the work from the administration of it. Typically, unskilled jobs are highly specialized in both dimensions, whereas, professional jobs are specialized only horizontally. • Behavior formalization: Refers to the extent of formal specification and standardization of work processes through job descriptions, work flows, and rules. Formalization reduces the variability of behavior and hence increases the control over it. Organization structures that rely on formalization of behavior for coordination are referred as bureaucratic. • Training and indoctrination: Is the design parameter by which the required knowledge and skills, together with the norms that must be acquired, are standardized through formal instructional programs for each position.

The modular approach aims to increase the reconfigurability of the organization as a system readily by substituting functional process variations into the process architecture (Sanchez, 1997). When modularity is discussed in terms of organizations, “autonomy in decision making (for each unit) together with low inter-unit dependencies” stand out as one of the most important design rules. Even if the units of an organization are designed independently with respect to this design rule, and hence have low level of interaction among each other, organizational hierarchy and decision mechanisms may not be suitable for this situation. In other words, such kind of design rules, which reveal the architecture of a system, do not ensure that units are completely independent from each other. Therefore, it is generally not possible to create completely independent modules regarding the autonomy of decision-making.

According to the given conceptual definition and explanations the following common properties of organizational modularity are proposed (these properties will be explained in Section 3): Selfcontainedness, Reconfigurability, Low number of hierarchical level, Autonomy, Defined output standards, Awareness, and Low level of interaction. The theoretical framework given in Table 2 represents the relationship between Baldwin and Clark (1997)’s visible design rules and Mintzberg (1979)’s organizational design parameters, and how the proposed properties relate to these rules and parameters.

parameters, and modular design rules Baldwin and Clark (1997)’s modular design rules Mintzberg (1979)’s organizational design parameters Properties of organizational Architecture Unit Grouping - Self-containedness - Reconfigurability Unit Size - Low number of hierarchical level (Flat structure) Vertical Decentralization - Autonomy (Independent decisions) Standards Planning and Control Systems - Defined output standards Interfaces Liaison Devices - Awareness - Low level of interaction

Especially for the industries that are associated with high levels of entry and exit, as new industry entrants commonly imitate the top performer, industry level product quality increases while differentiation decreases. In an another study, Takeishi (2002), indicated that for automobile companies, which perform regular projects that do not involve new technologies, architectural knowledge is more important rather than componentspecific knowledge, as such kind of knowledge is supposed to be provided by the suppliers. Conversely, component-specific knowledge is more important than architectural knowledge for the projects involving new technology. Eventually, Takeishi (2002) concluded that there exist a conditional relationship between product modularity organizational modularity, as Press and Geipel (2010) did. This result, indicating a conditional relationship, also had been observed in other studies that were performed in different industries (e.g., Prencipe, 1997; Chesbrough & Kusunoki, 2001) Brusoni and Prencipe (2001) conducted a study to explore aircraft engine manufacturers and indicated that these systems integrator firms outsource the detailed design and manufacturing processes to specialized suppliers, while they maintain in-house concept design and systems integration capabilities to coordinate the work.

Accordingly, Baldwin and Clark (2000) stated that the modules that will be a part of a system and the functions of these modules are specified by the architecture, and they emphasized that the modularity is a design rule, which deals with intra- and inter-module dependencies. By definition, since a system is composed of a set of components that act and interact together, organizations, which are referred to as complex social systems, are composed of discrete business units in which there exists individuals performing functional tasks. Therefore, a distinctive property of a modular organization is consisting of units, which are self-contained. These units should maintain their own activities without necessitating other units’ activities.",outputs/batch1/canonical_text_284/6f114a6d29d1.txt,Ayberk Soyer; U. Asan; Özgür Eriş,2019,"Advances in Logistics, Operations, and Management Science",,https://www.semanticscholar.org/paper/fcc6161b8680d7a12b3a2153bdee6188488ffd1b,DRUL-C02,1,technical | modular | organizational | development | architecture | baldwin | components | structure | space | prototyping | clark | functional | hybrid | considerations | common,"Design Rules — Technical, modular & organizational [DRUL-C02]",technical | modular | organizational | development | architecture | baldwin | components | structure | space | prototyping | clark | functional | hybrid | considerations | common,"Within the predefined Design Rules group, DRUL-C02 is statistically distinguished by technical, modular, organizational. Additional contrastive terms include development, architecture, baldwin, components, structure. Representative papers include Design Rules, Volume 2: Chapter 6—The Value Structure of Technologies, Part 1: Mapping Functional Components; Studying Software Architecture Through Design Spaces and Rules. This is an analysis-frozen statistical interpretation, not a final editorial topic label.",Design Rules,Statistical bottom-up interpretation,Analysis frozen; confirmation by at least two reviewers pending,Contrastive cluster explanation using adapted class-based TF-IDF; not a predefined codebook classification.,Not assigned by Path 1,Not evaluated in this statistical interpretation,Not applicable,Predefined keyword group,Not assigned,BGE-M3 embedding + Spectral clustering,Not assigned,Adapted class-based TF-IDF interpretation,not_applicable,-1,0.0,technical | modular | organizational | development | architecture | baldwin | components | structure | space | prototyping | clark | functional | hybrid | considerations | common,False,False,0,,,-4.6242323,-11.985285,0.11240249872207642,5,5,False,"[{'paper_id': 'cf2ee8097a06', 'title': 'Design Rules, Volume 2: Chapter 4—The Mirroring Hypothesis: Linkages Inside and Across Transaction Free Zones', 'cluster': 1, 'distance': 0.188163161277771}, {'paper_id': 'f941f0424e1a', 'title': 'Design Rules, Volume 2: Chapter 6—The Value Structure of Technologies, Part 1: Mapping Functional Components', 'cluster': 1, 'distance': 0.2010570764541626}, {'paper_id': '892ad7622adf', 'title': 'Modularity Design Rules for Architecture Development: Theory, Implementation, and Evidence from the Development of the Renault–Nissan Alliance “Common Module Family” Architecture', 'cluster': 1, 'distance': 0.20206409692764282}, {'paper_id': '2a22a314dcfb', 'title': 'Studying Software Architecture Through Design Spaces and Rules', 'cluster': 1, 'distance': 0.24755752086639404}, {'paper_id': '8aeb26c1e21d', 'title': 'Steps toward a cognitive engineering: Design rules based on analyses of human error', 'cluster': 1, 'distance': 0.24830061197280884}]"
892ad7622adf,Design Rules,"Modularity Design Rules for Architecture Development: Theory, Implementation, and Evidence from the Development of the Renault–Nissan Alliance “Common Module Family” Architecture","In this paper, we propose a set of rules for developing modular architectures. We first consider the well-known concept of “Design Rules” advanced by Baldwin and Clark. We then propose a broader conceptualization called “Modularity Design Rules” that is derived from later studies of the strategic, managerial, and organizational processes that must also be undertaken to implement successful modular development projects. We elaborate the critical role that the proposed Modularity Design Rules play in strategically grounding, organizing, and managing modular architecture development processes. We also identify key roles that top management must fulfill in supporting implementation of the proposed rules. We then provide evidence in support of the proposed Modularity Design Rules through a case study of the Renault–Nissan Alliance’s successful development and use of a modular “Common Module Family” architecture between 2009 and 2014. We then suggest some important implications of the Modularity Design Rules for open innovation processes in new product development.",12,12,892ad7622adf_p0001;892ad7622adf_p0006;892ad7622adf_p0007;892ad7622adf_p0009;892ad7622adf_p0011;892ad7622adf_p0012;892ad7622adf_p0013;892ad7622adf_p0014;892ad7622adf_p0018;892ad7622adf_p0093;892ad7622adf_p0104;892ad7622adf_p0105,"Journal of Open Innovation: Technology, Market, and Complexity Article Modularity Design Rules for Architecture Development: Theory, Implementation, and Evidence from the Development of the Renault–Nissan Alliance “Common Module Family” Architecture Ron Sanchez 1,* and Tomoatsu Shibata 2 /gid00030/gid00035/gid00032/gid00030/gid00038/gid00001/gid00033/gid00042/gid00045/gid00001 /gid00048/gid00043/gid00031/gid00028/gid00047/gid00032/gid00046 Citation: Sanchez, R.; Shibata, T. Modularity Design Rules for Architecture Development: Theory, Implementation, and Evidence from the Development of the Renault–Nissan Alliance “Common Module Family” Architecture. J. Open Innov. Technol. Mark. Complex. 2021, 7, 242. https://doi.org/10.3390/ joitmc7040242 Received: 29 July 2021 Accepted: 8 November 2021 Published: 7 December 2021 Publisher’s Note: MDPI stays neutral with regard to jurisdictional claims in published maps and institutional afﬁliations.

As we elaborate further below, deﬁning a new architecture to this extent as a ﬁrst step in a development process requires speciﬁc kinds of interactions between senior managers who will use the new architecture to carry out product market strategies, on the one hand, and technical managers who need to develop components and interfaces capable of providing the functionalities and strategic ﬂexibilities desired from the new architecture on the other [4,17,18]. The central proposition of this paper is that these essential upstream managerial interactions and subsequent development activities need to be carried out within a clear framework of speciﬁc rules for governing and guiding a ﬁrm’s processes for developing modular architectures. In their well-known ex post study of the technical structure of the IBM System 360 computer architecture, Baldwin and Clark [1] used the term Design Rules to refer to technical design practices that should be followed to create a product architecture with technically decoupled components that enable conﬁguration of component variations within the architecture.

At the same time and subsequently, using “real-time” research methods to investigate ongoing modular development processes, Sanchez [17,20,21] argued that modular architectures cannot be developed successfully through traditional development processes and practices, and that new rules and new roles are required to govern and guide a ﬁrm’s strategic, organizational, and managerial processes for developing modular architectures. In this paper, we undertake to extend prior research into rules applicable to modular architecture development processes by elaborating a formalized set of “Modularity Design Rules” (“MDRs”) that identify speciﬁc strategic, managerial, and organizational practices that we suggest are essential to achieving success in modular architecture development processes. In so doing, we also identify what we believe are the most signiﬁcant challenges to be met by managers in converting their organizations from traditional development practices to modular strategies and development processes consistent with the proposed MDRs [17,20,21].

In Section 3, we elaborate our proposed set of Modularity Design Rules and explain both the theoretical basis for and practical considerations motivating each rule. In Section 4, we suggest some essential roles for senior managers in implementing the proposed MDRs.

In addition to noting the potential strategic beneﬁts of using modular architectures in product market competition, some management researchers in the mid-1990s also observed that many ﬁrms using modular product designs appeared to have adopted new kinds of organizational forms and processes to support their development of modular product architectures [3,4,6]. By the late 1990s, some researchers began to investigate in greater depth the processes that ﬁrms might use to create modular architectures. In 2000, two key studies appeared with some answers to that question. In 2000, Baldwin and Clark published their well-known book Design Rules, based largely on their study of the technical structure of the 1960s IBM System 360 computer’s modular architecture. Adapting the Design Quality Matrix [ 22] used in Total Quality Management as a graphic tool for relating speciﬁc parts of product designs to consumer preferences, Baldwin and Clark developed a “Design Structure Matrix” (“DSM”) to identify the intended functional interactions of components within a product design.

They then applied their DSM tool to the analysis of the IBM System 360’s modular computer architecture. Their DSM analysis of the IBM System 360 showed that certain components were technically isolated or “decoupled” from other key components, thereby enabling both technically independent, “decoupled” processes for developing the components and subsequent reconﬁguration of component variations within the architecture to meet differing customer requirements for computing. Baldwin and Clark proposed that the DSM for a modular product architecture not only revealed the ex post technical decoupling of components within an architecture, but also implied a set of ex ante “Design Rules” for creating technical decoupling among components during the architecture development process. In effect, Baldwin and Clark argued that an organization seeking to create a modular design should create and then follow a set of design rules that explicitly seek to technically decouple speciﬁc components in order to make the new design conﬁgurable (i.e., modular).

Contemporaneous with and subsequent to Baldwin and Clark’s [1] development of their essentially technical notion of Design Rules, other researchers began to examine in greater depth various organizational and managerial processes involved in creating modular architectures. Concurrent with the publication of Baldwin and Clark’s historical study, and based on several “real-time” studies of ongoing modular development processes in Philips, General Electric, Chrysler, and other ﬁrms, Sanchez [17] proposed that design rules for guiding the technical design of modular architectures, such as those noted by Baldwin and Clark [ 1], can only be implemented effectively if a ﬁrm is also following other rules governing the strategic, organizational, and managerial processes that must be undertaken to initiate and guide modular development processes. In effect, Sanchez [17] argued that technical design rules revealed through DSM analyses are only the most readily visible tip of an iceberg, and that a broader and deeper set of “new rules and new roles” for organizing and managing modular development processes underlie and enable the use of technical design rules in a modular development process.

In the next section, we draw on and extend this broader perspective to elaborate a set of Modularity Design Rules (MDRs) for governing the organizational and managerial processes essential in developing modular architectures. The ten MDRs discussed in the body of this paper are summarized in Table 1 below.

We begin our elaboration of rules for managing modular architecture development processes by making a critical distinction between “technical modularity” and “strategic modularity” in product designs. We then divide our elaboration of Modularity Design Rules (“MDRs”) into (i) rules that apply to strategic, organizational, and managerial processes to be undertaken before beginning technical development of the components to be used in an architecture (Section 3.2), (ii) rules that apply most critically during the technical development of components (Section 3.3), and (iii) rules that apply after the technical development of components and during the commercial use of the architecture (Section 3.4). The MDRs that we elaborate here are drawn from more than 25 years of “real-time action research” [4,17,20,21] into numerous ﬁrms’ processes for creating modular product architectures in the automotive, aircraft, consumer electronics, information technology, manufacturing equipment, ofﬁce equipment, home appliance, personal health care, medical equipment, confections, ﬁnancial services, health services, and travel industries, as well as from multi-year longitudinal studies [8,9] of modular development processes in a number of Japanese ﬁrms.

Given the deep experience and accumulated knowledge in both Nissan and Renault relevant to the 4 + 1 modules and related components, computer simulation technology could be used both to develop modules and components and to conﬁrm the suitability of the interfaces between modules and components during development.

Baldwin and Clark’s [ 1] Design Rules was an early effort to delve into modular development processes by suggesting that achieving technical decoupling among components in an architecture would be facilitated by decoupling the organizational processes for developing such components. In this discussion, we have sought to elaborate an expanded notion of “Modularity Design Rules” that go beyond Baldwin and Clark’s essentially technical perspective on Design Rules to present an interrelated set of managerial and organizational rules that we suggest must be understood and followed in order to implement successful processes for developing modular architectures of strategic importance to an organization. We have also

J. Open Innov. Technol. Mark. Complex. 2021, 7, 242 21 of 22 suggested that the top managements of ﬁrms have essential roles that they must fulﬁll in supporting the adoption and implementation of Modular Design Rules. We have sought to provide some empirical evidence in support of the Modular Design Rules and essential top management roles elaborated here by reporting a case study of an initiative by the Renault–Nissan Alliance to create a “Common Module Family” modular architecture of major strategic importance to the two ﬁrms that make up the Alliance. We suggest that the notable ﬁndings that can be derived from our case study are that: (i) all ten of the Modular Design Rules that we propose here were in fact recognized as necessary and followed by the RNA’s senior management and the CMF development team in their highly successful development of the CMF modular architecture; and (ii) top management of the Alliance demonstrated their willingness to perform the four senior management roles that we suggest are also essential to achieving success in a strategic modular development process.",outputs/batch1/canonical_text_284/892ad7622adf.txt,R. Sanchez; T. Shibata,2018,"Journal of Open Innovation: Technology, Market and Complexity",,https://www.semanticscholar.org/paper/f0c8dde0db23ccabc0cd5d3499399bdb253bdf5c,DRUL-C02,1,technical | modular | organizational | development | architecture | baldwin | components | structure | space | prototyping | clark | functional | hybrid | considerations | common,"Design Rules — Technical, modular & organizational [DRUL-C02]",technical | modular | organizational | development | architecture | baldwin | components | structure | space | prototyping | clark | functional | hybrid | considerations | common,"Within the predefined Design Rules group, DRUL-C02 is statistically distinguished by technical, modular, organizational. Additional contrastive terms include development, architecture, baldwin, components, structure. Representative papers include Design Rules, Volume 2: Chapter 6—The Value Structure of Technologies, Part 1: Mapping Functional Components; Studying Software Architecture Through Design Spaces and Rules. This is an analysis-frozen statistical interpretation, not a final editorial topic label.",Design Rules,Statistical bottom-up interpretation,Analysis frozen; confirmation by at least two reviewers pending,Contrastive cluster explanation using adapted class-based TF-IDF; not a predefined codebook classification.,Not assigned by Path 1,Not evaluated in this statistical interpretation,Not applicable,Predefined keyword group,Not assigned,BGE-M3 embedding + Spectral clustering,Not assigned,Adapted class-based TF-IDF interpretation,not_applicable,-1,0.0,technical | modular | organizational | development | architecture | baldwin | components | structure | space | prototyping | clark | functional | hybrid | considerations | common,False,False,0,,,-5.289877,-12.5347595,0.14570939540863037,6,6,False,"[{'paper_id': '6f114a6d29d1', 'title': 'Toward a Conceptualization of Organizational Modularity', 'cluster': 1, 'distance': 0.20206409692764282}, {'paper_id': '2a22a314dcfb', 'title': 'Studying Software Architecture Through Design Spaces and Rules', 'cluster': 1, 'distance': 0.23725706338882446}, {'paper_id': 'f941f0424e1a', 'title': 'Design Rules, Volume 2: Chapter 6—The Value Structure of Technologies, Part 1: Mapping Functional Components', 'cluster': 1, 'distance': 0.24316489696502686}, {'paper_id': 'cf2ee8097a06', 'title': 'Design Rules, Volume 2: Chapter 4—The Mirroring Hypothesis: Linkages Inside and Across Transaction Free Zones', 'cluster': 1, 'distance': 0.24416053295135498}, {'paper_id': '8aeb26c1e21d', 'title': 'Steps toward a cognitive engineering: Design rules based on analyses of human error', 'cluster': 1, 'distance': 0.2897188067436218}]"
8aeb26c1e21d,Design Rules,Steps toward a cognitive engineering: Design rules based on analyses of human error,"This paper uses the analysis of human error to provide a tool for the development of principles of system design, both to minimize the occurrence of error and to minimize its effects. Eventually, it should be possible to establish a systematic set of guidelines, with explicit, quantitative cost-benefit tradeoffs that can lead toward a design discipline—a “Cognitive Engineering.” This short note starts the process.",12,12,8aeb26c1e21d_p0002;8aeb26c1e21d_p0003;8aeb26c1e21d_p0004;8aeb26c1e21d_p0005;8aeb26c1e21d_p0006;8aeb26c1e21d_p0012;8aeb26c1e21d_p0013;8aeb26c1e21d_p0014;8aeb26c1e21d_p0020;8aeb26c1e21d_p0021;8aeb26c1e21d_p0022;8aeb26c1e21d_p0023,"My hope is that by providing a rationale based upon modern cognitive theory, it will be possible to generalize these findings to new situations and to present them in such a way that designers will find them accessible and useable during the the course of design. This paper is simply the very beginning of the endeavor. There are several ways to begin. Let me describe three: I. Start with the psychological mechanisms that have been studied by psychologists; use knowledge of the processing mechanisms to derive the important constraints on human performance. This is the approach taken by Card, Moran, and Newell (1982). 2. People form mental models of each other, the world, and of the devices and systems with which they interact. These mental models are

Permission to copy without fee all or part of this material is granted provided that the copies are not made or distributed for direct commerical advantage, the ACM given that copying is by permission of the Association for Computing Machinery. To copy otherwise, or to republish, requires a fee and/or specific permission. used to predict system behavior and guide actions. The models, however, have interesting properties, sometimes being derived from idiosyncratic interpretations of the system. Moreover, the models must operate within the constraints of the human processing system (I expand on this in Norman, 1982). The study of these models, their veracity, and the capability of people to use the models wisely provides an important tool for the understanding of the human-system interface. This is the approach described in Mental Models (Gentner & Stevens, 1982).

3. Use analyses of people's performance in a variety of situations ~ but especially their errors -- to construct an analysis of the appropriate form of hm~an-machlne interface that would optimize performance and minimize either the incidence of error or the effect of the error, once committed. All three of these approaches are complementary to one another and should be combined in any complete attempt to produce a cognitive engineering. In this brief paper I use only the third approach. System Design Principles Can B__e Derived from th# Classes of Human Error I have collected a number of errors made by people, both in their everyday llfe and also in their use of computer systems (Norman, 1981). These errors yield some insight into the psychological mechanisms that are involved, but they can also be used to examine the human-machlne interface.

Call the highest level specification of a desired action an intention. The intention may result from conscious decision making or from subconscious processing. The important point is that it is a high level specification that starts a chain of processing that normally results in the accomplishment of that intention. An error in the intention is called a ""mistake."" An error in carrying out the intention is called a ""sllp."" Sllps can be classlfled into a small set of classes based upon the mechanisms that seem the most likely causes. The basic classification is based upon a simple model of the human in which it is assumed that any intention sets loose a number

of active schemas, each with an activation value and a set of trigger condltlons~ a schema is performed whenever the combination of Its activation value and the goodness of match of its trigger conditions reaches an appropriate level. This model gives rise to the classification of slips listed in Table I. For current purposes it is only necessary to examine a subset of the classification scheme shown in Table I. In particular, I discuss mode errors, description errors, capture errors, and activation errors. (modified from Norman, 1981).

especially bad in the design of nuclear power plant control rooms, where switches and controls are lald out in neat, logical, nice looking rows. The result, however, is clear potential for confusion, for reading the wrong instruments and for operating the wrong controls (Lockheed Missiles & Space Company, 1976). Description errors can be expected to occur wherever control panels are designed so that at a quick glance (or in peripheral visJ[on) the distinctions among controls are not clear enough. Solutlons to this problem have long been known. Three principles are as follows: I. Arrange instruments and controls in functional patterns, perhaps in the form of a flow chart of the system; 2. Use ""shape coding"" to make the controls and instrements look and feel different from one another; 3. Make it difficult to do actions that can lead to operations that have serious implications and that are not reversible.

With computer systems, these three principles are readily modified to their Computer"" (""C"") versions: 1C. Screen displays and menu systems should be organized functionally; 2C. Design the command language (or menu display headings) to be distinct from one another so as not to be easily confused, either in perception or in the action required; 3C. Make it difficult to do actions that can lead to operations with serious implications and that are not reversible Lack of consistency in command structure leads to description error___._s. One class of description errors occurs when a person attempts to re-derive an action sequence and does sO Improperly, forming a sequence appropriate for an action different from the one intended. This occurs primarily through a lack of consistency in command structure, so that the appropriate structure for one command is not the same for another, even though the commands appear to be related and share a common description of purposep action, and even part of the command format.

Similar situations occur in the interpretation of Instrement readings. The basic concept involved here is that when people lack knowledge about the proper operation of some aspect of a machine, they are apt to derive the operation by analogy with other, similar aspects of the device. The ""derivation"" may be unconscious, and it can influence behavior without the person realizing that it is happening. Forming conclusions from the relationships of one system to another is a common and powerful method of human thought, but it can lead to error if the mapping from one domain onto the other is not consistent (Lakoff & Johnson, 1981; Gentner, 1980). There are cases where lack of consistency seems desirable, and it is put into the design deliberately and with careful thought. This usually occurs when the normal sequence for an operation is long and tedious, and when such an operation is to be performed frequently it seems desirable to provide shortcuts.

It is not sufficient to ask the user to conflrm that a particular actlon sequence is wanted, because if confirmation is routinely asked for (and if the usual response is ""yes"") the confirmation itself becomes an automatically invoked component of the command sequence. Thus, if the command Is given In error, It is likely to have the confirmation invoked as part of the same error; in our experience, the confirmation is as apt to be in error as the original command. The point is that disastrous commands should be dlfflcult to carry out, and confirmations of the valldity of the command may not offer sufficient d!fflculty to be a satisfactory safeguard. Sometimes the command need only act as if it were done, but does not in fact have to be done. Consider the command to delete files from the system; the systum could claim to have removed the file, but in fact put them away on some temporary location so that they can be recovered if later their ""deletion"" was discovered to have been an error (reaideletton can be done on an infrequent basis, say after a lapse of several hours or basis, say after a lapse of several hours or days).

In Interllsp (Tettelmun & Maslnter, 1981) operations may be ""undone,"" even operations such as writing on or destroying files. Lessons These simple observations lead us to some conclusions about system design. Obviously, this analysis only takes us part of the way toward a set of design principles. An analysis of errors can only get at some classes of problems, and there may not always be general rules applicable to the issues. These analyses must be supplemented with other methods, including an understanding of the nature of a person's mental image of the system that is being used and an understanding of the human information processing cgpablllty of the user. Meanwhile, the analyses presented here do make several points that are useful to su~arize: Feedback: The state of the system should be clearly available to the user, 1deafly in a form that is unambiguous and that makes the set of options readily available so as to avoid mode errors.

Similarity of response sequences: Different classes of actions should have quite dissimilar command sequences (or menu patterns) so as to avoid capture and description errors. Actions should be reversible (as much as possible) and where both irreversible and of relatively hlgh consequence, they should be difficult to do, thereby preventing unlntentlonal performance. Consistency of the system: The system should be consistent in lts structure and design of command so as to minimize memory problems in retrieving the operations. These considerations, coupled wlth similar analyses of the properties of the users"" mental models of the system lead to other sets of rules for performance, including the notion of a system Image, which should be the first thing set up by the designer, and with all connnands, feedback, and instruction designed to be consistent with that system image.

However, this is another story, one that too is but in the early stages of development, and which is not fully ready to be discussed here. Research support was provided by the Office of Naval Research, the Air Force Office of Scientific Research, and the Naval Air Development Center under contract N00014-79-C-0323. Requests for reprints should be sent to Donald A. Norman, Program In Cognitive Science C-015; University of California, San Diego; La Jolla, California, 92093, USA.",outputs/batch1/canonical_text_284/8aeb26c1e21d.txt,"Norman, Donald A.",1982,Proceedings of the 1982 Conference on Human Factors in Computing Systems,10.1145/800049.801815,https://doi.org/10.1145/800049.801815,DRUL-C02,1,technical | modular | organizational | development | architecture | baldwin | components | structure | space | prototyping | clark | functional | hybrid | considerations | common,"Design Rules — Technical, modular & organizational [DRUL-C02]",technical | modular | organizational | development | architecture | baldwin | components | structure | space | prototyping | clark | functional | hybrid | considerations | common,"Within the predefined Design Rules group, DRUL-C02 is statistically distinguished by technical, modular, organizational. Additional contrastive terms include development, architecture, baldwin, components, structure. Representative papers include Design Rules, Volume 2: Chapter 6—The Value Structure of Technologies, Part 1: Mapping Functional Components; Studying Software Architecture Through Design Spaces and Rules. This is an analysis-frozen statistical interpretation, not a final editorial topic label.",Design Rules,Statistical bottom-up interpretation,Analysis frozen; confirmation by at least two reviewers pending,Contrastive cluster explanation using adapted class-based TF-IDF; not a predefined codebook classification.,Not assigned by Path 1,Not evaluated in this statistical interpretation,Not applicable,Predefined keyword group,Not assigned,BGE-M3 embedding + Spectral clustering,Not assigned,Adapted class-based TF-IDF interpretation,not_applicable,-1,0.0,technical | modular | organizational | development | architecture | baldwin | components | structure | space | prototyping | clark | functional | hybrid | considerations | common,False,False,0,,,-7.0165653,-11.633625,0.10329079627990723,3,3,True,"[{'paper_id': 'f941f0424e1a', 'title': 'Design Rules, Volume 2: Chapter 6—The Value Structure of Technologies, Part 1: Mapping Functional Components', 'cluster': 1, 'distance': 0.1757659912109375}, {'paper_id': '2a22a314dcfb', 'title': 'Studying Software Architecture Through Design Spaces and Rules', 'cluster': 1, 'distance': 0.18300682306289673}, {'paper_id': '5c096c480387', 'title': 'User interfaces of information retrieval systems and user friendliness', 'cluster': 1, 'distance': 0.2389000654220581}, {'paper_id': 'cf2ee8097a06', 'title': 'Design Rules, Volume 2: Chapter 4—The Mirroring Hypothesis: Linkages Inside and Across Transaction Free Zones', 'cluster': 1, 'distance': 0.2432330846786499}, {'paper_id': '6f114a6d29d1', 'title': 'Toward a Conceptualization of Organizational Modularity', 'cluster': 1, 'distance': 0.24830061197280884}]"
ba03a17bc120,Design Rules,"The Good, the Bad, and the Ugly: A Theoretical Framework for the Assessment of Continuous Colormaps","A myriad of design rules for what constitutes a “good” colormap can be found in the literature. Some common rules include order, uniformity, and high discriminative power. However, the meaning of many of these terms is often ambiguous or open to interpretation. At times, different authors may use the same term to describe different concepts or the same rule is described by varying nomenclature. These ambiguities stand in the way of collaborative work, the design of experiments to assess the characteristics of colormaps, and automated colormap generation. In this paper, we review current and historical guidelines for colormap design. We propose a specified taxonomy and provide unambiguous mathematical definitions for the most common design rules.",12,12,ba03a17bc120_p0009;ba03a17bc120_p0011;ba03a17bc120_p0024;ba03a17bc120_p0026;ba03a17bc120_p0044;ba03a17bc120_p0055;ba03a17bc120_p0057;ba03a17bc120_p0061;ba03a17bc120_p0106;ba03a17bc120_p0107;ba03a17bc120_p0108;ba03a17bc120_p0122,"Please note that the following items are speciﬁcally not attempted contributions of this paper: • We do not suggest new rules to evaluate colormaps; we simply collect them from the literature. • We do not judge whether or not the suggested rules from the literature are indeed necessary or sufﬁcient to produce a good colormap, but only catalog them objectively. • We do not claim that all criteria for the design of a good colormap can be put into a mathematical framework; we only assign formulas when it is possible. • We do not consider information about the data, user, display, or visualization task, using a general framework assuming only the colormap itself. • We do not restrict our framework to a speciﬁc colorspace, hypothesizing instead the existence of a metric space which describes human color perception. • We do not claim that the suggested measures are unique or the best ones available. • We do not yet provide a tool for colormap improvement.

We ﬁrst consider the breadth of colormap design rules and suggestions available in the literature with the goal of gathering relevant terms and meanings. We build on excellent survey works of the literature [68, 69, 90] and summarize chronologically. Please keep in mind that many of the rules have been intuitively applied for hundreds of years [1, 62, 70, 81]. For the reader wishing to review general color foundations ﬁrst, please see Section 3 before returning to this literature review. In the context of computer graphics, Sloan and Brown [71] mention as early as 1979 that a colormap should consist of colors that are maximally distinguishable and have an order that can be remembered easily. They suggest treating the colormap as a path through color space and mention the dependence on task, human perception, and display.

Intuition means that cultural implications and the nature of matter can improve understanding. Samsel et al. [64] also make use of intuitive colors for the visualization of environmental data. They provide sets of blue colormaps for water, browns for land and greens for vegetation. Using the natural colors of different matter aims at exploiting automated cognitive processes that require less conscious concentration [4]. Please note that not all rules are advocated for as hard and fast by the authors. They are often considered beneﬁcial qualities between which a trade-off needs to be found. At times, design rules are explicitly stated w.r.t. a speciﬁc task [3]. A large body of research is dedicated to properties of colormapping that can only be evaluated if the data is known, because certain perceptual effects depend on the frequency, the size of a color patch [16,73], or the composition of its surroundings [43, 45].

BUJACK ET AL.: THE GOOD, THE BAD, AND THE UGL Y: A THEORETICAL FRAMEWORK FOR THE ASSESSMENT OF CONTINUOUS COLORMAPS 925 simple, and in accordance with the names that have been used in the literature to date. After long discussions, we were able to agree on the taxonomy used in this paper. The deﬁnitions are general in the sense that they are operational and independent from the colorspace, task, or data under consideration. The contributions of this paper are as follows: • We start by cataloging the many suggested colormap design rules from the wide body of literature available. • We categorize them into perceptual, mathematical, and operational rules. • We interpret the perceptual rules based on how the authors used them and, where possible, we delineate this interpretation by means of a mathematical formula. • We unify, clarify, and standardize the taxonomy by distinguishing different uses of the same terms and summarizing different terms for the same concept. • Whenever possible, we associate perceptual concepts with mathematical concepts and suggest measures to evaluate them. • We provide an online tool that allows the user to assess a colormap based on these measures.

926 IEEE TRANSACTIONS ON VISUALIZATION AND COMPUTER GRAPHICS, VOL. 24, NO. 1, JANUARY 2018 deﬁne a rule. For example, Ware [83] states that monotonicity supports the qualitative task, while impeding the quantitative one. However, we do not need to know any of that to assign a formula to monotonicity. Using the nomenclature from this paper, we have collected and summarize the suggested rules from the literature. They fall into three main categories: perceptual, mathematical, and operational rules. The perceptual rules are fundamental. Table 1 is our attempt to gather the most important ones from the literature. In contrast to the perceptual rules, the mathematical ones are merely auxiliary tools to achieve the former. They already come with unambiguous deﬁnitions. The most common ones from the the literature are collected in Table 2. Finally, the operational rules, such as the use of a perceptually uniform colorspace [29, 30, 40, 49, 57, 72, 88, 89], device independence and adherence to display gamut [6, 40, 46, 76, 86, 88], or ease of implementation [6] are practical rules.

In the following section, we will use this measure to deﬁne the different design rules. For a colormap, the mutual distances between all pairs of points ti,t j, i, j ∈{ 0, ...,n} give a 2D scalar function Di, j : [0, 1]2 → R Di, j := ∆Eij = ∆E(x(ti), x(t j)) (1) as illustrated in Figure 2. The matrix visualization, similar to Demiralp et al. [14], uses luminance to indicate the mutual distances between any two colors. Higher luminance indicates a greater distance. From this, we can derive various statistical quantities such as minimum, maximum, mean, and standard deviation. Additionally, the distance allows for a deﬁnition of the metric speed ∀i ̸=j ∈{ 0, ...,n} : Vi, j : [0, 1]2 → R, Vi, j := Di, j |t j − ti| , (2) shown in Figure 1 for the showcase colormaps. Note that in a normed vector space, we could use the velocity, i.e. the vector valued derivative of the distance, but in an arbitrary metric space, it does not exist.

In this section, we analyze the most common design rules from the summary in Table 1: discriminative power, uniformity, and order. For each concept, we will ﬁrst browse the related work for nuances in the way they are used by the different authors, then specify the taxonomy. Finally, we will provide an unambiguous mathematical deﬁnition using only the measures of distance and speed introduced in the previous section and their derived quantities such as minimum, average, or standard deviation. The restriction to these measures for the evaluation of the design rules is crucial for the generality. We will illustrate the quality measures using a set of six showcase colormaps shown in Figure 1. The greyscale and rainbow are from ParaView [2], cool/warm divergent from Moreland [46], and Viridis [80] from Matplotlib. The adaptions of the greyscale we constructed ourselves for illustrative purposes. We will also brieﬂy discuss smoothness, attribute-related measures, and robustness, but without mathematical formulations.

Finally, the operational rules, such as the use of a perceptually uniform colorspace [29, 30, 40, 49, 57, 72, 88, 89], device independence and adherence to display gamut [6, 40, 46, 76, 86, 88], or ease of implementation [6] are practical rules. They form the groundwork on which the mathematical rules can be applied. Last but not least, even though not always stated explicitly, the underlying motivation of each of these suggested rules is the generation of a good visualization. That means they all follow the highest rule of producing images that best enable the observer to understand the underlying data. In this paper, we will deﬁne a coherent taxonomy for the most common or important perceptual rules. This will enable us to match the bold perceptual rules to a mathematical counterpart, providing them with an unambiguous deﬁnition.

We have developed a mathematical framework to describe and assess colormap properties, based solely on an assumed ∆E metric that mimics human perception. By separating local from global interpretations of the colormap design rules from the literature, we were thereby able to distinguish different uses of the same terms. This clariﬁcation enabled us to use mathematical formulas to cast the taxonomy in stone and provide measures that always exist in any metric space to evaluate them. Often, we could make use of already suggested formulas as we found relationships between the perceptual rules in Table 1 and the mathematical ones in Table 2. Table 3 summarizes our main ﬁndings, listing the correspondence between the mathematical and the perceptual concepts as well as our suggested measures for their evaluation. Mathematical descriptions relating the discriminative power and uniformity to the speed have occasionally been described within the literature.

We have structured them into a coherent framework. To our knowledge, this is the ﬁrst time that a mathematical formulation for the concept of order has been suggested. We hope that establishing this framework and the resultant measures will aid in experimental design and make colormap assessment more accessible. As an example, a recent paper by Ware et al. [85] develops an experimental approach to assess perceptual uniformity, an approach inspired by both previous research in color and by collaboration on this paper. Using a coherent taxonomy signiﬁcantly aided the collaboration between researchers from diferent ﬁelds because the necessary terms had unambiguous deﬁnitions. The differences between the experimentally measured uniformity from [85] and the predicted measures in the three colorspaces discussed here are indicative of how far we have to go to reach a colorspace that truly mimics human perception.

Y et the conclusions from Ware et al. are echoed by these mathematically derived measures. Experimental approaches such as [85] and [14], can provide roadmaps to move from theoretical to practical applications. As discussed in Subsection 3.2, we plan on expanding our framework to discrete and cyclic colormaps in future work. We want to ﬁnd a mathematical description for smoothness. We plan on conducting experiments to assess whether or not monotonicity in certain attributes implies order. Further, we will collect and compare other measures that can be used to assess the design rules and evaluate experimentally which ones correspond best to human intuition. We also plan on comparing algorithms for the automatic adaption of colormaps to satisfy the suggested design rules, such as uniformization or linearization algortihms. Once we have evaluated which algorithms perform best, we plan on integrating them into colormeasures.org to extend it into an interactive colormap design and improvement tool.

Y et the conclusions from Ware et al. are echoed by these mathematically derived measures. Experimental approaches such as [85] and [14], can provide roadmaps to move from theoretical to practical applications. As discussed in Subsection 3.2, we plan on expanding our framework to discrete and cyclic colormaps in future work. We want to ﬁnd a mathematical description for smoothness. We plan on conducting experiments to assess whether or not monotonicity in certain attributes implies order. Further, we will collect and compare other measures that can be used to assess the design rules and evaluate experimentally which ones correspond best to human intuition. We also plan on comparing algorithms for the automatic adaption of colormaps to satisfy the suggested design rules, such as uniformization or linearization algortihms. Once we have evaluated which algorithms perform best, we plan on integrating them into colormeasures.org to extend it into an interactive colormap design and improvement tool.",outputs/batch1/canonical_text_284/ba03a17bc120.txt,R. Bujack; T. L. Turton; F. Samsel; C. Ware; D. H. Rogers; J. Ahrens,2018,,10.1109/TVCG.2017.2743978,,DRUL-C02,1,technical | modular | organizational | development | architecture | baldwin | components | structure | space | prototyping | clark | functional | hybrid | considerations | common,"Design Rules — Technical, modular & organizational [DRUL-C02]",technical | modular | organizational | development | architecture | baldwin | components | structure | space | prototyping | clark | functional | hybrid | considerations | common,"Within the predefined Design Rules group, DRUL-C02 is statistically distinguished by technical, modular, organizational. Additional contrastive terms include development, architecture, baldwin, components, structure. Representative papers include Design Rules, Volume 2: Chapter 6—The Value Structure of Technologies, Part 1: Mapping Functional Components; Studying Software Architecture Through Design Spaces and Rules. This is an analysis-frozen statistical interpretation, not a final editorial topic label.",Design Rules,Statistical bottom-up interpretation,Analysis frozen; confirmation by at least two reviewers pending,Contrastive cluster explanation using adapted class-based TF-IDF; not a predefined codebook classification.,Not assigned by Path 1,Not evaluated in this statistical interpretation,Not applicable,Predefined keyword group,Not assigned,BGE-M3 embedding + Spectral clustering,Not assigned,Adapted class-based TF-IDF interpretation,not_applicable,-1,0.0,technical | modular | organizational | development | architecture | baldwin | components | structure | space | prototyping | clark | functional | hybrid | considerations | common,False,False,0,,,-6.3421125,-11.766176,0.15707552433013916,7,7,False,"[{'paper_id': '2a22a314dcfb', 'title': 'Studying Software Architecture Through Design Spaces and Rules', 'cluster': 1, 'distance': 0.24705541133880615}, {'paper_id': 'f941f0424e1a', 'title': 'Design Rules, Volume 2: Chapter 6—The Value Structure of Technologies, Part 1: Mapping Functional Components', 'cluster': 1, 'distance': 0.25024229288101196}, {'paper_id': '8aeb26c1e21d', 'title': 'Steps toward a cognitive engineering: Design rules based on analyses of human error', 'cluster': 1, 'distance': 0.25736355781555176}, {'paper_id': '6f114a6d29d1', 'title': 'Toward a Conceptualization of Organizational Modularity', 'cluster': 1, 'distance': 0.294089674949646}, {'paper_id': 'dbc171dde63a', 'title': 'Perfect Eudaimonic User Experience Design That Aristotle Would Have Wanted', 'cluster': 0, 'distance': 0.29953914880752563}]"
cf2ee8097a06,Design Rules,"Design Rules, Volume 2: Chapter 4—The Mirroring Hypothesis: Linkages Inside and Across Transaction Free Zones",A technology is a specific way to achieve a material goal. It describes a feasible path—a recipe—by which a group of people can arrive at a goal that none could achieve individually. Technical recipes thus require linkages between and among the various contributors to the technical process. The purpose of this chapter is to look at the relationship between the steps in a given technical recipe and organizational linkages between and among people implementing the recipe. I begin by introducing two concepts: (1) technical dependencies which are properties of the technical architecture; and (2) organizational ties which are properties of the organizational architecture. The idea that organizational ties ought to correspond to technical dependencies is known as the mirroring hypothesis. This chapter defines the mirroring hypothesis and describes its origins. It then investigates the theory behind the hypothesis and identifies a set of “predictable exceptions” where the hypothesis does not hold. Finally it considers the evidence for and against mirroring in the economy at large.,12,12,cf2ee8097a06_p0001;cf2ee8097a06_p0008;cf2ee8097a06_p0015;cf2ee8097a06_p0035;cf2ee8097a06_p0041;cf2ee8097a06_p0048;cf2ee8097a06_p0049;cf2ee8097a06_p0050;cf2ee8097a06_p0068;cf2ee8097a06_p0069;cf2ee8097a06_p0070;cf2ee8097a06_p0075,"Design Rules, Volume 2: How Technology Shapes Organizations Chapter 4 The Mirroring Hypothesis: Linkages Within and Across Transaction Free Zones By Carliss Y. Baldwin Note to Readers: This is a draft of Chapter 4 of Design Rules, Volume 2: How Technology Shapes Organizations. It builds on prior chapters, but I believe it is possible to read this chapter on a stand-alone basis. The chapter may be cited as: Baldwin, C. Y. (2020) “The Mirroring Hypothesis: Linkages Inside and Across Transaction Free Zones,” Design Rules, Volume 2: How Technology Shapes Organizations. Harvard Business School Working Paper (August 2020). I would be most grateful for your comments on any aspect of this chapter! Thank you in advance, Carliss. Abstract A technology is a specific way to achieve a material goal. It describes a feasible path—a recipe—by which a group of people can arrive at a goal that none could achieve individually.

The value of the whole is greater than the sum of the parts, which is the fundamental definition of complementarity in economics.6 The output of all tasks is more valuable than the output of any subset. In a large system, technical dependencies through transfers create a complex network of propagating cause and effect.7 Such networks we have seen can be mapped via a Design Structure Matrix (DSM). By definition, high levels of technical interdependency exist within modules; few or no dependencies exist across modules. Hierarchical dependencies exist between early and later tasks in a recipe, and between the design rules and the modules of a modular system. Problem solving in these systems consists of tracing paths of cause and effect through the task network and tweaking inputs or decisions at each step to make the ensemble perform better.

First, they can arise through ad hoc processes of voluntary association and joint consultation.10 Second, a central authority may set rules that solve common conflicts in advance. Rulemakers include the governing boards of organized marketplaces, the sponsors of platforms with ecosystems, the leaders of commons organizations, and founders and leaders of open collaborative projects. Membership in organizations with distributed governance is voluntary, but following the rules is often the price of admission.11 4.3 Where Will Organizational Ties Exist? The Mirroring Hypothesis In Chapter 2, we considered the question: where will (or should) transactions be located in a task network? We can ask the same question about organizational ties. Some organizational ties operate across an entire enterprise. For example, all employees of a company are linked through their common employment relation.

aligned with the structure of their technology will perform well, while those that are not well-aligned will perform poorly. IV. Management of Knowledge, Alliances and Consortia Transfers of knowledge require communication linkages whose bandwidth corresponds to the complexity of the knowledge. Thus the theory of economical problem solving suggests that knowledge will flow easily within transaction free zones where transfers are uncounted and unpriced. At the same time, conflicts of interest between firms as to the equality of contributions make it difficult and costly for two or more firms to share single transaction free zone. Thus, if the mirroring hypothesis holds, knowledge transfers will take place within firms, but not across firms. Attempts to share knowledge across firm boundaries or to build common knowledge among a group of firms will be risky and prone to failure.

hypothesis would predict that knowledge, like tasks, should be divided in accordance with the modular structure of the underlying technical system. This view has been challenged by a stream of work on system integration initiated by Stefano Brusoni, Andrea Prencipe and Keith Pavitt.24 Observing the design and construction of complex technical systems involving many firms, they found that whereas the systems were modular (and mirrored) for most partipants in the project, the systems integrator had to coordinate the entire network of component suppliers. To fulfill this role, systems integrators needed capabilities that spanned a wide range of technical fields. Thus their knowledge extended well beyond what was directly relevant to the tasks they performed inhouse. Such firms perforce “know more than they make”25 Partial mirroring is effective because, in complex systems with changing technologies, tasks and decisions are often more interdependent than system designers realize.

Relying on only organizational ties required by their own technical architecture, engineers and managers at the incumbent firm could not see the value inherent in the innovations arising outside the firm’s boundaries.31 Thus we expect to see strictly mirrored firms perform poorly in the face of new technologies arising outside their boundaries. Modular Technical Systems Created by Tight-knit Teams Modular technical systems do not arise naturally within firms. Transaction free zones within corporations support low-cost communication linkages, collocation, and dispute resolution processes. These organizational ties makes possible high levels of technical integration within the zone. Such ties are the antithesis of the strict rules and information hiding that define truly modular systems. Nevertheless, the natural tendency to integrate technical systems with a firm can be over-ridden by managers when the rewards of a modular system are perceived to be high.

Managers may envision a modular technical system with design rules and thin crossing points between modules and set out to make the vision real. This is in fact how IBM System/360 was created: a tight-knit team within IBM saw the value inherent in a broad, modular product line that allowed hardware and software upgrades at the user’s discretion. The task force specified the basic architecture of that system, and IBM then 30 Jacobides et al., 2006; Baldwin (2018). 31 Henderson and Clark (1990). Later, the ability to take in knowledge from outside a firm’s boundaries came to be known as “absorptive capacity.” Cohen and Levinthal (1990).

invested heavily to create a full line of compatible new products.32 The result was the first modular computer system and a template for all future computer systems.33 Corporations and other organizations can make the creation of a modular technical architecture an organizational priority. Thus we would expect to see cases where tight-knit teams operating within transaction free zones design and implement modular technical systems. In summary, the theory of an economic system based on tasks, transfers and transaction free zones suggests that creating a correspondence between technical dependencies and organizational ties is an economical way to solve problems arising in complex technical systems. Such “mirroring” places organizational ties where they are most needed. However, a deep dive into the theory reveals that there are times when mirroring is not the most desirable way to implement a given technical recipe or to respond to technical change.

Chapter 4 References Alchian, A. A. (1950). Uncertainty, evolution, and economic theory. Journal of political economy, 58(3), 211-221. Aoki, Masahiko (2001). Towards a Comparative Institutional Analysis, Cambridge, MA: MIT Press. Baker George, Robert Gibbons and Kevin J. Murphy (2002) “Relational Contracts and the Theory of the Firm,” The Quarterly Journal of Economics 117:39-84. Baldwin, C. Y. (2018) Bottlenecks, Modules, and Dynamic Architectural Capabilities. In The Oxford Handbook of Dynamic Capabilities (D.J. Teece and S. Leih, eds.) Oxford University Press. Baldwin, Carliss Y. and Kim B. Clark (2000). Design Rules, Volume 1, The Power of Modularity, Cambridge, MA: MIT Press. Baldwin, C. Y. and Von Hippel, E. (2011). Modeling a paradigm shift: From producer innovation to user and open collaborative innovation. Organization Science, 22(6), 1399-1417.

Baldwin, C.Y. and Henkel, J., 2015. Modularity and intellectual property protection. Strategic Management Journal, 36(11), pp.1637-1655. Bell, C. Gordon and Allen Newell (1971). Computer Structures: Readings and Examples, New York, NY: McGraw-Hill. Boudreau, Kevin J. and Andrei Hagiu (2011) ""Platform Rules: Multi-Sided Platforms As Regulators,"" in Platforms, Markets and Innovation, Annabelle Gawer, ed. (London: Edward Elgar) Brusoni, Stefano, Andrea Prencipe and Keith Pavitt (2001) ""Knowledge Specialization, Organizational Coupling and the Boundaries of the Firm: Why Do Firms Know More Than They Make?"" Administrative Science Quarterly, 46(4):597-621. Carlisle, K., & Gruby, R. L. (2017). Polycentric systems of governance: A theoretical model for the commons. Policy Studies Journal. Cohen, W. M., & Levinthal, D. A. (1990). Absorptive capacity: A new perspective on learning and innovation.

Administrative science quarterly, 128-152. Colfer, L.J. and Baldwin, C.Y., 2016. The mirroring hypothesis: theory, evidence, and exceptions. Industrial and Corporate Change, 25(5): 709-738. Conway, M. E. (1968). How do committees invent. Datamation, 14(4), 28-31. Eppinger, S. D., Whitney, D. E., Smith, R. P., & Gebala, D. A. (1994). A model-based method for organizing tasks in product development. Research in Engineering Design, 6(1), 1-13. Ferguson, Charles H. and Charles R. Morris (1993) Computer Wars: How the West Can Win in a Post-IBM World, New York, NY: Times Books.

Patterson, David A. and John L. Hennessy (1994) Computer Organization and Design: The Hardware/Software Interface, San Mateo, CA: Morgan Kaufmann Publishers. Pearl, J. (2009). Causality. Cambridge university press. Pearl, J., & Mackenzie, D. (2018). The book of why: the new science of cause and effect. Basic Books Puranam, P. (2018) The Microstructure of Organizations, Oxford University Press. Puranam, P., Alexy, O. and Reitzig, M., 2014. What's “new” about new forms of organizing? Academy of Management Review, 39(2), pp.162-180. Raymond, Eric S. (2001) The Cathedral and the Bazaar, Sebastopol, CA: O’Reilly & Associates, Inc., . Sosa, Manuel, Steven Eppinger and Craig Rowles (2004) ""The Misalignment of Product Architecture and Organizational Structure in Complex Product Development,"" Management Science, 50(12):1674-1689 Thompson, James D. (1967) Organizations in Action: Social Science Bases of Administrative Theory, New York, NY: McGraw-Hill. Ulrich, Karl T. and Steven D. Eppinger (1994) ""Product Architecture,"" Methodologies for Product Design and Development (New York: McGraw-Hill).",outputs/batch1/canonical_text_284/cf2ee8097a06.txt,Carliss Y. Baldwin,2020,Social Science Research Network,,https://www.semanticscholar.org/paper/b2acd9c3d6ff7edde932d69118071e11ebd21892,DRUL-C02,1,technical | modular | organizational | development | architecture | baldwin | components | structure | space | prototyping | clark | functional | hybrid | considerations | common,"Design Rules — Technical, modular & organizational [DRUL-C02]",technical | modular | organizational | development | architecture | baldwin | components | structure | space | prototyping | clark | functional | hybrid | considerations | common,"Within the predefined Design Rules group, DRUL-C02 is statistically distinguished by technical, modular, organizational. Additional contrastive terms include development, architecture, baldwin, components, structure. Representative papers include Design Rules, Volume 2: Chapter 6—The Value Structure of Technologies, Part 1: Mapping Functional Components; Studying Software Architecture Through Design Spaces and Rules. This is an analysis-frozen statistical interpretation, not a final editorial topic label.",Design Rules,Statistical bottom-up interpretation,Analysis frozen; confirmation by at least two reviewers pending,Contrastive cluster explanation using adapted class-based TF-IDF; not a predefined codebook classification.,Not assigned by Path 1,Not evaluated in this statistical interpretation,Not applicable,Predefined keyword group,Not assigned,BGE-M3 embedding + Spectral clustering,Not assigned,Adapted class-based TF-IDF interpretation,not_applicable,-1,0.0,technical | modular | organizational | development | architecture | baldwin | components | structure | space | prototyping | clark | functional | hybrid | considerations | common,False,False,0,,,-5.3274393,-11.841473,0.10546422004699707,4,4,False,"[{'paper_id': 'f941f0424e1a', 'title': 'Design Rules, Volume 2: Chapter 6—The Value Structure of Technologies, Part 1: Mapping Functional Components', 'cluster': 1, 'distance': 0.13575708866119385}, {'paper_id': '6f114a6d29d1', 'title': 'Toward a Conceptualization of Organizational Modularity', 'cluster': 1, 'distance': 0.188163161277771}, {'paper_id': '2a22a314dcfb', 'title': 'Studying Software Architecture Through Design Spaces and Rules', 'cluster': 1, 'distance': 0.23253870010375977}, {'paper_id': '8aeb26c1e21d', 'title': 'Steps toward a cognitive engineering: Design rules based on analyses of human error', 'cluster': 1, 'distance': 0.2432330846786499}, {'paper_id': '892ad7622adf', 'title': 'Modularity Design Rules for Architecture Development: Theory, Implementation, and Evidence from the Development of the Renault–Nissan Alliance “Common Module Family” Architecture', 'cluster': 1, 'distance': 0.24416053295135498}]"
dbc171dde63a,Design Rules,Perfect Eudaimonic User Experience Design That Aristotle Would Have Wanted,"The demand for a design for productivity and efficiency of technology is increasingly giving way to the demand for eudaimonic well-being (EWB) focusing on the support of user’s authenticity, excellence, meaning, and growth. Especially in human-computer interaction (HCI), the question is how EWB can be stimulated in its facets. In this provocative paper, we present the Eudaimonic User Experience (EUX) and its design rules and artifacts that we have derived based on previous work from HCI and psychology. The design rules are primarily intended to serve as a basis for discussing the possibility of focusing on alternative design beyond the current doctrines of simplicity, gradualism, and ease of use, which could be more human-centered than the aforementioned principles.",12,12,dbc171dde63a_p0002;dbc171dde63a_p0003;dbc171dde63a_p0004;dbc171dde63a_p0005;dbc171dde63a_p0006;dbc171dde63a_p0007;dbc171dde63a_p0008;dbc171dde63a_p0011;dbc171dde63a_p0012;dbc171dde63a_p0015;dbc171dde63a_p0016;dbc171dde63a_p0017,"Eudaimonic User Experience (EUX), Eudaimonic Technology, Human- Centered Design Julian Marvin Joers and Ernesto William De Luca. 2024. Perfect Eudaimonic User Experience Design That Aristotle Would Have Wanted. In Designing Interactive Systems Conference (DIS Companion ’24), July 01–05, 2024, IT University of Copenhagen, Denmark. ACM, New York, NY, USA, 6 pages. https://doi.org/10.1145/3656156.3663737

Today, as a technology designer, we often serve user’s pleasure with gradualism [2], inter-passivity [13] and simplicity [27] reducing cognitive demands and focusing on usability. By shifting decisionmaking to AI-powered systems [7], the user is increasingly assigned a passive role. So should we maximize inter-passivity instead of inter-activity from a design perspective and slowly hand ourselves over to the ""technical determinism"" [29], while exposing them to permanent stimulation through novelty, surprise, and pleasure? Or to put it in other words: Is Hedonia (seeking pleasure, relaxation, 4.0 License. DIS Companion ’24, July 01–05, 2024, IT University of Copenhagen, Denmark https://doi.org/10.1145/3656156.3663737 and comfort in life) the right guiding principle for designing humancentered interactive systems? Is this an answer to the discussion of well-being in HCI [30]?

Luckily, it is not that trivial, because human well-being probably goes beyond the satisfaction of needs [32]. This was already formulated by Robert Nozick (1974) in his thought experiment ""experience machine"", that the pure volume of pleasure cannot be the true driver of our satisfaction. Realizing that other factors should (also) contribute to individuals’ satisfaction than just moments of pleasure, the HCI community came across the Aristotelian concept of eudaimonia, a deontological concept (the how of your action is decisive, not the goal) that demands individuals to strive for greater goods such as authenticity, excellence, meaning, and growth [15] by stimulating psychological needs for autonomy, environmental mastery, personal growth, purpose in life, self-acceptance, and positive relations with others [25]. We’ve already found initial applications in HCI [17, 18, 20, 21, 28, 34] as well as recent applications with theoretical foundations connected to the idea of eudaimonia such as the self-determination theory (SDT) [4, 20].

In addition, design concepts and alternative interaction doctrines can be found such as the promotion of uncomfortable interactions [1], funology [3], i.e. the approach of technology that goes beyond the character of the instrument and direct interaction, designing for mental rest and refection in the sense of slow technology [12], or the idea of value sensitive design [8], taking human values into account at every stage. Motivated by the insights of psychology and philosophy regarding well-being concepts, we conducted a scoping review on current EWB studies in HCI and related felds identifying three essential aspects: the HCI community lacks concrete design ideas (1), measurement methods (2), and mixed methods approaches (3) for developing the Eudaimonic User Experience (EUX) as we defne it.

With this provocation, we aim to utilize the insights from our scoping review to propose concrete design rules. Interactive systems promote eudaimonic experiences when they can contribute to fostering behaviors such as learning, critical refection, intrinsic motivation, cognitive loading, or fow experience [6, 23, 24, 33]. At the same time, psychological well-being variables as already mentioned above have to be taken into account, because they highly infuence eudaimonic functioning. Of course, only focusing on these fve behavioral principles does not imply that the entirety of eudaimonic satisfaction with interactive technology is fully provided. However, these aspects serve us here as guidance to derive initiating rules. Thus, we propose the following rules:

Quantifcation In any form of learning process and other types of fow-demanding experiences, the focus is to inform the user about open tasks and opportunities. It’s important to avoid the use of reward mechanisms and thus gamifcation or even any kind of visible quantifcation of the user at all. If the system design requires some quantifcation, let the user decide when quantifcation is allowed or might be visible, e.g. set up a timer, tell me how much vocabulary I’ve learned today, remind me to drink more water [14]. Every form of quantifedself technology (QST) [9] should be critically evaluated in terms of human-centered design, whether it involves self-directed measurement or if it is generated proactively by the system. However, learning is the reward, the learning itself should be not rewarded by points or the like. By avoiding this, we promote intrinsic motivation instead of extrinsic motivation.

Empathy development and trustful relationships are essential components of EWB [25]. In this context, we particularly promote the idea of ethical mediation of behavior [26], i.e. the user has the autonomy to decide, but the system provides mediative instructions and thus moments for self-refection, deceleration, and empathic intelligence development. Warnings are also imaginable, which intervene in the event of potential injury or traumatization of the other person. However, the user will always decide. You fnd an example in Figure 2.

Forbiddance of Dark Patterns In the best situation, there are no color-guided interactions as illustrated in Figures 2, 3, and 4, meaning all buttons have the same color (OK is not positively colored in green, replace should be not colored in a warning color such as red), and content is arranged horizontally with two arrows directing to more content (see Figure 4). This setup promotes the highest level of cognitive load, allows minimal designcaused tendencies in interaction, and ensures the highest reading intensity. Designing cookie consents afects choice behavior [11]. Any form of an intended tendency such as a dark pattern, which means deliberately guiding the user to beneft the platform operator mainly (ordering more products, accepting autonomy-decreasing privacy options), should be completely forbidden, because it’s a violation of factors that contribute to eudaimonic well-being, such as autonomy and environmental mastery.

Recommendations & Personalization When interacting with recommendation systems, it is important to understand why the system generates these recommendations. First and foremost, suggestions remain suggestions and the user must have the opportunity to understand the information produced. In addition, the user should be able to infuence the functioning of the recommendation system via the interface (see Figure 4).

With LazyDuck, participants could only fnd a central video feed in which entertaining videos could be clicked. Impressions of the two wrappers can be seen in Figure 5 and 6. The experience was tested with questionnaire sets on experiences of causality perception, deep involvement, growth perception, and self-determination. A total of 86 participants took part in the study via Prolifc. For all aspects of experience mentioned above, a Mann-Whitney U test showed significant diferences between both groups (Flowolf and LazyDuck), i.e.

It can be seen that we can potentially increase the perception of eudaimonic well-being-related indicators through design principles. A potential barrier arises from the one-sided consideration of the user side so that the benefts for platform operators and stakeholders are negatively afected. Two arguments can be used to overcome this potential barrier: Firstly, acceptance for diferent user types (hedonic or eudaimonic-oriented) can be achieved through increased adaptability and diferent system designs of the technology for diferent usage intentions. The system must be able to fexibly serve interaction situations or exist as an alternative product with other features. The second argument is an increase in positive outcomes for the industry such as engagement, satisfaction, and behavior change by focusing on e.g. facilitation of high motivational quality [22].

This thus reinforces an argument for increased activity-oriented and therefore eudaimonic platform development, because the industry can beneft directly from it. In this paper, we have presented some novel not in the current state being fully evaluated design rules for EUX. With an initial case study, we evaluated these rules to verify if they have the potential to evoke eudaimonic perceptions of interaction with technology. We’re open for discussion to be able to extend the list of rules to increase the realization of eudaimonic interaction even better.",outputs/batch1/canonical_text_284/dbc171dde63a.txt,"Joers, Julian Marvin and De Luca, Ernesto William",2024,Companion Publication of the 2024 ACM Designing Interactive Systems Conference,10.1145/3656156.3663737,https://doi.org/10.1145/3656156.3663737,DRUL-C01,0,user | eudaimonic | mechanical | tissue | stretchable | experience | materials | HCI | technology | electronic | transient | stable | soft | interaction | well-being,"Design Rules — User, eudaimonic & mechanical [DRUL-C01]",user | eudaimonic | mechanical | tissue | stretchable | experience | materials | HCI | technology | electronic | transient | stable | soft | interaction | well-being,"Within the predefined Design Rules group, DRUL-C01 is statistically distinguished by user, eudaimonic, mechanical. Additional contrastive terms include tissue, stretchable, experience, materials, HCI. Representative papers include Perfect Eudaimonic User Experience Design That Aristotle Would Have Wanted; Soft, Flexible, and Stretchable Platforms for Tissue-Interfaced Bioelectronics. This is an analysis-frozen statistical interpretation, not a final editorial topic label.",Design Rules,Statistical bottom-up interpretation,Analysis frozen; confirmation by at least two reviewers pending,Contrastive cluster explanation using adapted class-based TF-IDF; not a predefined codebook classification.,Not assigned by Path 1,Not evaluated in this statistical interpretation,Not applicable,Predefined keyword group,Not assigned,BGE-M3 embedding + Spectral clustering,Not assigned,Adapted class-based TF-IDF interpretation,not_applicable,-1,0.0,user | eudaimonic | mechanical | tissue | stretchable | experience | materials | HCI | technology | electronic | transient | stable | soft | interaction | well-being,False,False,0,,,-6.8923287,-10.335972,0.08732348680496216,1,1,True,"[{'paper_id': '5c096c480387', 'title': 'User interfaces of information retrieval systems and user friendliness', 'cluster': 1, 'distance': 0.24138951301574707}, {'paper_id': '8aeb26c1e21d', 'title': 'Steps toward a cognitive engineering: Design rules based on analyses of human error', 'cluster': 1, 'distance': 0.2524498701095581}, {'paper_id': '2a22a314dcfb', 'title': 'Studying Software Architecture Through Design Spaces and Rules', 'cluster': 1, 'distance': 0.26028960943222046}, {'paper_id': 'f941f0424e1a', 'title': 'Design Rules, Volume 2: Chapter 6—The Value Structure of Technologies, Part 1: Mapping Functional Components', 'cluster': 1, 'distance': 0.2726742625236511}, {'paper_id': 'ba03a17bc120', 'title': 'The Good, the Bad, and the Ugly: A Theoretical Framework for the Assessment of Continuous Colormaps', 'cluster': 1, 'distance': 0.29953914880752563}]"
f941f0424e1a,Design Rules,"Design Rules, Volume 2: Chapter 6—The Value Structure of Technologies, Part 1: Mapping Functional Components","The purpose of this chapter is to build a robust and versatile language that is capable of representing the value structure of large technical systems. The language is based on elements I have labeled functional components. The language is more abstract than the language of technical recipes and task networks, thus it is capable of hiding details. However, the language also makes it possible to “trace back” from each named functional component to a technical recipe and a corresponding task network. Finally, although the language itself is non-mathematical, the value structure it reveals can be used to specify equations and prove mathematical propositions about the value of technical systems. The plan of the chapter as follows. I first explain why it is difficult to value technologies using standard economic methods based prices, quanities and probabilities. I then describe a methodology that shows how functional components are combined through technology to create a particular artifact or technical system. The methodology uses symbolic notation to clarify relationships between and among functional components. I illustrate these relationships using an ancient technology—the technology for making a garment from pieces of cloth. I go on to describe commonly observed patterns within technical systems, including optional features; composite functions; and platforms.",12,12,f941f0424e1a_p0001;f941f0424e1a_p0021;f941f0424e1a_p0028;f941f0424e1a_p0029;f941f0424e1a_p0031;f941f0424e1a_p0033;f941f0424e1a_p0042;f941f0424e1a_p0045;f941f0424e1a_p0054;f941f0424e1a_p0061;f941f0424e1a_p0067;f941f0424e1a_p0068,"© Carliss Y. Baldwin Comments welcome. Please do not circulate or quote. Design Rules, Volume 2: How Technology Shapes Organizations Chapter 6 The Value Structure of Technologies, Part 1: Mapping Functional Relationships By Carliss Y. Baldwin Note to Readers: This is a draft of Chapter 6 of Design Rules, Volume 2: How Technology Shapes Organizations. It builds on prior chapters, but I believe it is possible to read this chapter on a stand-alone basis. The chapter may be cited as: Baldwin, C. Y. (2020) “The Value Structure of Technologies, Part 1: Mapping Functional Relationships,” Design Rules, Volume 2: How Technology Shapes Organizations. Harvard Business School Working Paper (Rev. September 2020). I would be most grateful for your comments on any aspect of this chapter! Thank you in advance, Carliss. Abstract Organizations are formed in a free economy because an individual or group perceives value in carrying out a technical recipe that is beyond the capacity of a single person.

6.2 Functions in a Technical System Every technical system has both a structure and one or more functions. The system’s structure includes the causal dependencies among individual tasks and decisions. As discussed above, technological structure can be represented as a network of tasks and transfers and visualized in the form of a design structure matrix (DSM) and a corresponding network of organizational ties.13 Artifacts, designs and knowledge also have functions. Brian Arthur has argued that technology begins by “capturing a phenomenon.” In other words, a prescribed set of actions has some fairly predictable and reliable effect on the material world.14 Simple technologies capture simple phenomena: a hammer applies concentrated force to a small area. A needle can draw thread through material and thus can fasten different pieces together.

Physical predictions hypothesize that the laws of nature as they relate to the artifact work in a particular way. Social predictions hypothesize that humans interacting with the artifact will find it useful and desirable. These predictions are the starting point of a design process aimed at developing a new technical recipe. The nascent design then progresses through three states. First there is a concept, then a design, then a realization. Going from concept to design means forming a preliminary intention and then coming up with a recipe for making the intended artifact. Going from design to realization means performing the steps in the recipe to bring the design into the material world. Both the design process and the production process are parts of the greater task network. 18 Schumpeter (1934). 19 Bucciarelli (1994).

Of course, the three-stage process is not as linear as the diagram suggests.20 The design under development must pass through a series of “generate-test cycles” where the initial predictions, each a narrative in its own right, are tested, modified and tested again.21 As predictions are refuted, the underlying recipe must be revised to address the differences between hope and reality. The desired end result is a congruent triad: a concept (intention) with a corresponding design (recipe) that can be realized. When the recipe works, a useful new artifact has been created. Knowledge advances, and the human repertory of technologies is enlarged. To justify the effort involved in technological search, new technologies must be cost-effective in expectation. The expectations do not have to be precise or based on formal probabilities. They may be subject to bias.

Of all the functional components of a garment, only cloth can fulfill the same functions (though not as well). Similarly, the functional components needed to beat egg whites (eggs, bowl, whisk) cannot supply a soft foamy substance except by following the instructions of the technical recipe. In this sense the technologies of garment-making and egg-beating are transformative—what comes out in the end is very different from what goes into the 20 Godin (2006). 21 Simon (1981) pp. 149-150. Concept Design Artifact (Intention) (Recipe) (Realization) Design Production Process Process

It requires an understanding of cause and effect in the material world and the ability to imagine a state of the world that does not yet exist.22 Once a prototype exists, however, the performance of specific functions in the system can be traced back to one or more of the functional components. Working backward along a causal chain can lead to improvements in the artifact. For example, in the case of a garment, if you want to increase warmth, it makes sense to focus on the cloth. If more modesty or more style is your objective, best start with the pattern. Modularity in design, production or use also supports the process of improvement.23 Most garments are almost completely modular in design: at this stage, patterns, cloth, thread and stitching techniques can be mixed and matched in many different ways. Garments are also quite modular in production: the same stitcher can work on a wide range of cloths, threads and patterns.

They may be able to do this in a modular fashion, varying each recipe independently. However, if the technology is truly novel and transformative, the causal links between functions will not be well understood. (If they were, the technology would have been invented earlier.) Until the underlying dependencies are mapped out and calibrated, the structure of each new design will inevitably be interdependent. Changing one part will require changes in other parts. For example, in the case of an airplane, one cannot increase the size and weight of the fuselage without changing the lift capacity of the wings, the thrust of the engine, the stabilizers, the steering mechanism and the provisions for landing. Eventually it may be possible to modularize the design of the artifact by the method of dependency elimination described in Chapter 2. But any modularization will take time.

“The automatic shifting of gears was not a major item on the [original] technical agenda. … [However, in the 1930s, it] was the technical solution to a design problem whose time had come.”34 The functional representation of an artifact with features starts with the core artifact and then adds the optional features. It can be written as follows: Core Garment ☐ [1 + collar + zipper + sleeves☐[cuffs+buttons]] è Augmented Garment The leading “1” in the brackets indicates that the core garment has stand-alone value, even without any added features. In contrast, optional features inside the brackets 32 Whitney (1996; 2004); MacDuffie (2013); Kotha and Srikanth (2013). 33 Clark (1985), p. 245-246. 34 Ibid. p. 247.

As before, modules in the system are indicated by borders. Even though all functions within the platform were essential, only the Internet and Worldwide Web protocols were unique. Thus most of components in this technical system were weak economic complements, not strong ones. The fact that they and the options were modules also meant that users could mix and match different computers, telephones, modems, and optional applications. Hence the different components of this technical system could be produced by an ecosystem of independent firms. This functional representation can be seen as a value structure map of the technical system. Each module was an independent locus of value creation and value capture subject to system-level design rules. Each could be the basis of a distinct narrative that justified action or investment. Cost-effective transactions could be located at module boundaries.

References Arthur, W. Brian (1989) ""Competing Technologies, Increasing Returns, and Lock-in by Historical Events,"" Economic Journal, 99(397): 116-131. Arthur, W.B. (2009) The Nature of Technology: What It Is and How It Evolves, New York: Free Press. Baldwin, C. Y. and Von Hippel, E. (2011). Modeling a paradigm shift: From producer innovation to user and open collaborative innovation. Organization Science, 22(6), 1399-1417. Baldwin, Carliss Y. and Kim B. Clark (1997b) “Managing in the Age of Modularity,” Harvard Business Review Sept/Oct: 81-93. Bhidé, A. (2010). A call for judgment: sensible finance for a dynamic economy. Oxford University Press. Brealey, R. A., Myers, S. C., & Allen, F. (2019). Principles of Corporate Finance, 13th Edition. McGraw-Hill Education. Bucciarelli, Louis L. (1994) Designing Engineers, Cambridge MA: MIT Press. Clark, Kim B. (1985) ""The Interaction of Design Hierarchies and Market Concepts in Technological Evolution,"" Research Policy 14(5):235-51.

Sako, Mari and Fiona Murray (1999) “Modules in Design, Production and Use: Implications for the Global Automotive Industry,” Paper presented at the Fall Meeting of the International Motor Vehicle Program (IVMP) Annual Sponsors Meeting, 5-7 October 1999, Cambridge MA. Schumpeter, Joseph A. (1934) The Theory of Economic Development, Cambridge, MA: Harvard University Press. Simon, Herbert A. (1981). The Sciences of the Artificial, 2nd Ed. Cambridge, MA: MIT Press. Usher, A. P. (1954). A History of mechanical inventions. Harvard University Press. Vasbinder, N. (2014) Super Stiches Sewing: A Complete Guide to Machine-Sewing and Hand-Stitching Techniques, New York: Random House. Vincenti, W. G. (1990). What Engineers Know and How They Know It: Analytical Studies From Aeronautical History, Johns Hopkins University Press, Baltimore, MD. Von Hippel, E., 2016.

Free innovation. Cambridge, MA: MIT Press. Whitney, Daniel E. (1996) “Why Mechanical Design Cannot Be Like VLSI Design,” http://web.mit.edu/ctpid/www/Whitney/morepapers/design.pdf, viewed April 9, 2001. Whitney, Daniel E. (2004) ""Physical Limits to Modularity,"" http://esd.mit.edu/symposium/pdfs/papers/whitney.pdf, viewed July 21, 2005.",outputs/batch1/canonical_text_284/f941f0424e1a.txt,Carliss Y. Baldwin,2020,Social Science Research Network,,https://www.semanticscholar.org/paper/abcbcc31184f047ab91479bf2dc56bd1a2def833,DRUL-C02,1,technical | modular | organizational | development | architecture | baldwin | components | structure | space | prototyping | clark | functional | hybrid | considerations | common,"Design Rules — Technical, modular & organizational [DRUL-C02]",technical | modular | organizational | development | architecture | baldwin | components | structure | space | prototyping | clark | functional | hybrid | considerations | common,"Within the predefined Design Rules group, DRUL-C02 is statistically distinguished by technical, modular, organizational. Additional contrastive terms include development, architecture, baldwin, components, structure. Representative papers include Design Rules, Volume 2: Chapter 6—The Value Structure of Technologies, Part 1: Mapping Functional Components; Studying Software Architecture Through Design Spaces and Rules. This is an analysis-frozen statistical interpretation, not a final editorial topic label.",Design Rules,Statistical bottom-up interpretation,Analysis frozen; confirmation by at least two reviewers pending,Contrastive cluster explanation using adapted class-based TF-IDF; not a predefined codebook classification.,Not assigned by Path 1,Not evaluated in this statistical interpretation,Not applicable,Predefined keyword group,Not assigned,BGE-M3 embedding + Spectral clustering,Not assigned,Adapted class-based TF-IDF interpretation,not_applicable,-1,0.0,technical | modular | organizational | development | architecture | baldwin | components | structure | space | prototyping | clark | functional | hybrid | considerations | common,False,False,0,,,-6.240252,-12.5154705,0.0749504566192627,1,1,True,"[{'paper_id': 'cf2ee8097a06', 'title': 'Design Rules, Volume 2: Chapter 4—The Mirroring Hypothesis: Linkages Inside and Across Transaction Free Zones', 'cluster': 1, 'distance': 0.13575708866119385}, {'paper_id': '8aeb26c1e21d', 'title': 'Steps toward a cognitive engineering: Design rules based on analyses of human error', 'cluster': 1, 'distance': 0.1757659912109375}, {'paper_id': '2a22a314dcfb', 'title': 'Studying Software Architecture Through Design Spaces and Rules', 'cluster': 1, 'distance': 0.18296003341674805}, {'paper_id': '6f114a6d29d1', 'title': 'Toward a Conceptualization of Organizational Modularity', 'cluster': 1, 'distance': 0.2010570764541626}, {'paper_id': '892ad7622adf', 'title': 'Modularity Design Rules for Architecture Development: Theory, Implementation, and Evidence from the Development of the Renault–Nissan Alliance “Common Module Family” Architecture', 'cluster': 1, 'distance': 0.24316489696502686}]"
