k,average_silhouette,min_cluster_size,max_cluster_size,cluster_sizes,negative_silhouette_count
2,0.025464684102637306,35,40,0:40; 1:35,14
3,0.028659984671959803,18,37,0:20; 1:37; 2:18,22
4,0.024252756565138187,16,21,0:16; 1:21; 2:18; 3:20,24
5,0.028766425810756915,6,23,0:14; 1:23; 2:9; 3:23; 4:6,34
6,0.03360949731968819,6,22,0:13; 1:22; 2:9; 3:19; 4:6; 5:6,32
7,0.03606735629947898,7,14,0:8; 1:14; 2:12; 3:13; 4:13; 5:8; 6:7,32
8,0.04190102728277825,6,22,0:6; 1:11; 2:6; 3:22; 4:6; 5:10; 6:6; 7:8,35
