k,average_silhouette,min_cluster_size,max_cluster_size,cluster_sizes,negative_silhouette_count
2,0.026956158789683816,36,39,0:39; 1:36,13
3,0.028747795724504067,18,37,0:20; 1:37; 2:18,21
4,0.02840204480500112,14,21,0:14; 1:20; 2:21; 3:20,23
5,0.028713319296876587,6,24,0:14; 1:24; 2:9; 3:22; 4:6,36
6,0.03319906801410939,6,23,0:13; 1:23; 2:9; 3:18; 4:6; 5:6,32
7,0.03323809607774981,3,20,0:14; 1:11; 2:5; 3:20; 4:3; 5:12; 6:10,44
8,0.04065985848883745,4,19,0:7; 1:19; 2:10; 3:11; 4:7; 5:9; 6:8; 7:4,32
