k,average_silhouette,min_cluster_size,max_cluster_size,cluster_sizes,negative_silhouette_count
2,0.04933621889233097,7,18,0:7; 1:18,2
3,0.04286929138116422,6,12,0:6; 1:7; 2:12,6
4,0.053463962511881465,5,9,0:5; 1:6; 2:9; 3:5,7
