k,average_silhouette,min_cluster_size,max_cluster_size,cluster_sizes,negative_silhouette_count
2,0.09953684022921859,4,13,0:13; 1:4,0
3,0.1299708195617603,2,12,0:12; 1:3; 2:2,2
4,0.15939366186888293,2,9,0:2; 1:9; 2:2; 3:4,1
5,0.20429865193331664,2,9,0:2; 1:2; 2:9; 3:2; 4:2,1
6,0.20404187219561823,2,5,0:2; 1:2; 2:5; 3:2; 4:2; 5:4,1
7,0.21416280669387805,2,3,0:2; 1:2; 2:2; 3:3; 4:2; 5:3; 6:3,1
8,0.22093104225532842,1,3,0:2; 1:3; 2:2; 3:2; 4:2; 5:2; 6:1; 7:3,0
