k,average_silhouette,min_cluster_size,max_cluster_size,cluster_sizes,negative_silhouette_count
2,0.09250092228540358,4,13,0:13; 1:4,1
3,0.1342507851500353,2,11,0:11; 1:4; 2:2,1
4,0.1615844011910207,2,8,0:5; 1:2; 2:8; 3:2,0
5,0.2078145532249269,2,8,0:2; 1:3; 2:2; 3:8; 4:2,2
6,0.20122352386486825,2,4,0:4; 1:2; 2:2; 3:2; 4:4; 5:3,5
7,0.23661986428256476,2,4,0:2; 1:2; 2:2; 3:4; 4:2; 5:2; 6:3,2
8,0.2355373995701673,1,3,0:2; 1:2; 2:2; 3:2; 4:3; 5:2; 6:1; 7:3,3
