k,average_silhouette,min_cluster_size,max_cluster_size,cluster_sizes,negative_silhouette_count
2,0.04000957684199777,37,50,0:37; 1:50,8
3,0.0416556012110722,19,37,0:37; 1:31; 2:19,9
4,0.04874158749363003,12,32,0:24; 1:12; 2:32; 3:19,21
5,0.0566617044503924,8,22,0:21; 1:8; 2:22; 3:14; 4:22,26
6,0.06449347460151451,6,23,0:6; 1:18; 2:13; 3:23; 4:13; 5:14,24
7,0.06182101580437118,4,27,0:6; 1:17; 2:11; 3:12; 4:27; 5:10; 6:4,31
8,0.06973818831881493,5,14,0:12; 1:11; 2:9; 3:11; 4:14; 5:11; 6:14; 7:5,26
