paper_id,keyword,title,abstract,budget,selected_count,passage_ids,subdocument,canonical_text_path,authors,year,venue,doi,url,cluster_id,cluster,cluster_theme_terms,cluster_label_candidate,distinguishing_evidence_terms,design_knowledge_form,contribution_type,contribution_type_support,contribution_type_definition,primary_application_domain,application_domain_support,application_domain_definitions,facet_population_or_context,facet_stakeholder_or_population,facet_method_or_lens,facet_artifact_or_domain,facet_contribution_or_outcome,theory_move_key,theory_move,theory_move_support,theory_move_patterns,lda_topic,lda_topic_probability,lda_topic_words,hdbscan_peripheral,discussion_found,discussion_paragraph_count,discussion_summary,discussion_excerpt,keyword_conditioned_context,umap_x,umap_y,distance_to_centroid,representative_rank,medoid_rank,is_representative_top3,nearest_papers,cluster_summary_candidate
0050f73e4373,Design rationale,Integrating different perspective on design rationale: Supporting the emergence of design rationale from design communication,"Design rationale is a topic that implies different things to different people. To some it implies argumentation and frameworks for argumentation. To others it implies the documentation of design, like that required for many types of industrial or government work. Still others describe design rationale as the capture and potential reuse of nodal communication about design. These perspectives of design rationale use different representations, which influence their ability to capture and to retrieve and use information. We propose an integrated approach to design rationale where design communication is captured and, over time, incrementally structured into argumentation and other formalisms to enable improved retrieval and use of this information. Two systems, PHIDIAS and the Hyper-Object Substrate, are used to demonstrate: (1) how to capture and integrate a variety of design information, (2) how to support the structuring of unstructured information, and (3) how to use design information to actively support design.",12,12,0050f73e4373_p0001;0050f73e4373_p0003;0050f73e4373_p0004;0050f73e4373_p0018;0050f73e4373_p0033;0050f73e4373_p0034;0050f73e4373_p0037;0050f73e4373_p0046;0050f73e4373_p0048;0050f73e4373_p0053;0050f73e4373_p0054;0050f73e4373_p0059,"Integrating Different Perspectives on Design Rationale: Supporting the Emergence of Design Rationale from Design Communication Frank M. Shipman III Department of Computer Science Texas A&M University College Station, TX 77843-3112 E-mail: shipman@cs.tamu.edu Raymond J. McCall College of Environmental Design & Institute of Cognitive Science University of Colorado, Boulder Boulder, CO 80309 E-mail: mccall@spot.colorado.edu

The term design rationale (DR) means different things to different people. There are, in particular, at least three distinct perspectives on DR, which we will call argumentation, communication, and documentation. These perspectives differ but are not contradictory, for each aims at achieving a different goal and therefore uses different--albeit overlapping--approaches.

problems. It includes both the reasoning of the individual designer and the discourse among participants in a design project. This perspective is characteristic of designers and methodologists who seek to improve the quality of design by improving the reasoning of designers--in particular, by improving the arguments that they use. From the argumentation perspective, the purpose of recording design rationale is to call attention to deficiencies in that rationale and thus lead to the correction of these deficiencies. This approach was originated by Rittel [Rittel 1972], and the best-known examples of it are based on his Issue-Based Information System (IBIS) framework for argumentation [Kunz, Rittel 1970]. In the last decade a number of other frameworks have also been pursued. Some of these are described below. Typically, those who use the argumentative approach to DR attempt to get designers to think and discuss design within a given argumentative framework.

1994], INDY [Reeves 1993], and HOS [Shipman 1993]. There are three variants of task-based indexing in these systems. One is artifact-based indexing, which uses the graphical representations of the artifacts being designed to retrieve the rationale relevant to their design [Reeves 1993]. A second variant is critique-based indexing, which uses knowledge-based critics to ""look over the shoulders"" of designers as they work and detect possible violations of principles of design [Fischer et al. 1992]. A third variant is operation-based indexing, which enables designers to retrieve the design rationale relevant to specific editing operations on a given graphical object--such as moving, resizing, or replacing it [McCall et al. 1994]. In summary, the argumentation approach to DR, while having difficulty capturing information, has developed a rich collection of techniques and technologies for retrieval of relevant rationale.

effectiveness of retrieval and capture, there must in principle be a way to have both be effective. The second lesson is that for capture to be effective, the structuring of design rationale must happen after, not during capture. The problems we are then left to solve are those of how to capture and subsequently structure large quantities of argumentative rationale and to do so in the absence of the sort of legal constraints that motivate documentation.

Our basic approach in attempting to solve the problems of design rationale is threefold: 1. to use the communication perspective for capturing rationale, 2. to use the argumentation perspective for retrieving rationale, and 3. to bridge the gap between these two approaches by structuring rationale after capture and in a way that makes heavy use of the computer to reduce or eliminate the work of structuring. In using the communication perspective for capture our approach is to create software that integrates all the major kinds of digital media. Thus, we seek to incorporate e-mail text, word processor documents, video of meetings, voice mail conversations, scanned documents, photographs, and CAD drawings into a single, hypermedia database. By integrating these various media, we can integrate and interrelate all major forms of human communication.

Rationale There are a number of issues that arise in designing systems to support an integrated approach to design rationale based on the three-fold approach outlined above. Here we consider three: 1) how to capture and integrate a variety of types of design communication in a single system, 2) how to support the emergence of structure in design communication, in particular, the kind of indexing structure useful for retrieval, and 3) how to retrieve and use this rationale to actively support design.

The particular combination of hypermedia and knowledge-based system functionality in HOS is meant to facilitate the incremental addition of formalism to any piece of information in the system. Every HOS object may have a navigational link to a view object. Also, each object includes an extensible set of attributes and relations. Attributes and relations may be inherited between any pair of objects using a variation of prototype inheritance [Lieberman 1986] which allows inheritance networks to form generic graphs. This flexible representation can support communication, argumentation, and even more formally represented domain knowledge, avoiding the need for designers to move between systems in order to work with different types of information. Over time, communication between network designers can be migrated from informal textual annotations to either structured rationale about the design or to modifications to the underlying formal representation of the domain.

current goals. When it served their current goals, users would formalize domain knowledge in attributes and relations. Not only was the resulting formalization demand-driven, but the domain representation also could change with the evolving goals of the system. The use of a single underlying representation allows HOS to support the integration design communication and design artifacts without designers needing to consider information format and initial representation. For task-based structure to be added to the design communication it is critical that the representation enable an incremental approach to formalization.

One method of making use of acquired information in the context of design are critics [Fischer et al. 1992]. Critics ""look over the shoulder"" of the designer and attempt to recognize when particular aspects of design are suboptimal or the designer might otherwise benefit from being pointed at particular design rationale. As discussed in Section 2.1, the specific nature of the critics and their associated rationale allows systems to provide the designer with contextualized support. Critics can either be left active, and thus providing information, throughout the design process, or execute only when requested by the designer. station in the galley of the lunar habitat. http://www.csdl.tamu.edu/~shipman/aiedam/ (16 of 23)4/27/2004 6:06:40 PM

Besides providing the designer with initial information, such as the need for the inventory management station, the critic provides access to rationale associated with this design issue. The designer may also decide to argue with the critic, providing rationale about why the critic suggestion is inaccurate in this case. PHIDIAS uses the direct connections between design artifacts and design rationale, along with features of the current design situation, to determine when to provide information and what information to provide. In PHIDIAS, critics not only aid the act of design, but also promote the capture of design information and its use as argumentation.

We have discussed three perspectives on design rationale and their relative advantages and disadvantages. The argumentation perspective represents design information as structured arguments. Experience indicates it is difficult to acquire information in this representation but the resulting rationale may be retrieved through a combination of issue-based, task-based, and critic-based indexing. The communication perspective of design rationale uses a variety of representations to capture the natural communication that takes place as part of the design process. This approach can easily acquire large quantities of design information, but the variety of media and unstructured nature of the content makes retrieval and use of this information difficult. The notebook and form-based representations of the documentation perspective are an example of the successful use of structured representations.",outputs/batch1/canonical_text_284/0050f73e4373.txt,"Shipman III, Frank M. (1); McCall, Raymond J. (1)",1997,"Artificial Intelligence for Engineering Design, Analysis and Manufacturing: AIEDAM",,,DRAT-C01,0,designers | capture | communication | representation | language | support | argumentation | claims | decisions | quality | structure | advice | patterns | reasoning | context,Design rationale — Design process and Design decisions [DRAT-C01],"Design process, Design decisions",Design rationale — Design process and Design decisions,Provisional interpretation,Assignment frozen; interpretation requires confirmation by at least two reviewers,Contrastive phrase label with source-grounded extractive summary.,Not assigned by Path 1,Not evaluated in this statistical interpretation,Not applicable,Predefined keyword group,Not assigned,BGE-M3 embedding + Spectral clustering,Not assigned,Source-grounded cluster interpretation,not_applicable,,,,-1,0.0,designers | capture | communication | representation | language | support | argumentation | claims | decisions | quality | structure | advice | patterns | reasoning | context,False,False,0,,,"Design rationale is a topic that implies different things to different people. To some it implies argumentation and frameworks for argumentation. To others it implies the documentation of design, like that required for many types of industrial or government work. Still others describe design rationale as the capture and potential reuse of nodal communication about design. These perspectives of design rationale use different representations, which influence their ability to capture and to retrieve and use information. We propose an integrated approach to design rationale where design communication is captured and, over time, incrementally structured into argumentation and other formalisms to enable improved retrieval and use of this information. Two systems, PHIDIAS and the Hyper-Object Substrate, are used to demonstrate: (1) how to capture and integrate a variety of design information, (2) how to support the structuring of unstructured information, and (3) how to use design information to actively support design.",15.07833,19.31606,0.03921067714691162,2,2,True,"[{'paper_id': '4c8bdfbd1309', 'title': 'Integrating different perspectives on design rationale: supporting the emergence of design rationale from design communication', 'cluster': 0, 'distance': 0.0006548166275024414}, {'paper_id': '40034332988c', 'title': 'Redesigning the rationale for design rationale', 'cluster': 0, 'distance': 0.08479112386703491}, {'paper_id': '7a42dd52852e', 'title': ""What's in design rationale?"", 'cluster': 0, 'distance': 0.09990787506103516}, {'paper_id': 'ab97fa9e6ec7', 'title': '""Argumentative Design Rationale and the Object-Oriented Development Process: better analysis, better design""', 'cluster': 0, 'distance': 0.10391026735305786}, {'paper_id': '4567075d70b4', 'title': 'Making Argumentation Serve Design', 'cluster': 0, 'distance': 0.10471433401107788}]","In this paper we analyze the essential problems that prevent the successful development and use of design rationale systems. [E1] In this article, we develop a framework for evaluating the expressive adequacy of design rationale representations. [E2]"
12568f76ff90,Design rationale,Patterns or claims: do they help in communicating design advice?,"Past research asserts that patterns or claims will help capture and communicate interaction-design advice. Both structures attempt to provide advice in context along with the justifications for fit. These properties aim to make patterns or claims more concrete and comprehensible to novice designers than design guidelines. However, empirical work evaluating these promises is lacking. This research presents a controlled study that examines the value of structuring design advice as patterns or as claims. Patterns and claims seem different given their respective roots in architecture and design rationale. They also differ in their emphasis when capturing design decisions; patterns emphasize capturing a problem-solution pair in a certain context, whereas claims focus on capturing the positive and negative implications to a design decision. The findings from the study suggest it may be promising to combine the claim and pattern structures and that such a structure may facilitate discussions of design trade-offs.",12,12,12568f76ff90_p0003;12568f76ff90_p0007;12568f76ff90_p0014;12568f76ff90_p0015;12568f76ff90_p0016;12568f76ff90_p0019;12568f76ff90_p0020;12568f76ff90_p0025;12568f76ff90_p0029;12568f76ff90_p0031;12568f76ff90_p0034;12568f76ff90_p0035,"How should HCI re searchers and practitioners communicate design advice to their clients, end -users, or to each other? For a discipline with a strong belief in an iterative design -evaluate cycle, how advice gleaned from one evaluation cycle feeds into the next design cycle is clearly important. Sutcliffe (2000) argued that HCI design knowledge has traditionally been presented in a format that is comprehensible only to members of the HCI community. Given the inter -disciplinary nature of design, sharing design knowledge may be c r i t i c a l . S o m e h a v e t h e o r i z e d that the concrete and contextual nature of advice presented as patterns or claims will facilitate comprehension (Erickson, 2000; Sutcliffe, 2000), and sharing. Patterns or claims may also serve as middle ground between high -level guidelines or principles and concrete instances of design.

This section introduces patterns and claims and describes how these structures have been presented in the literature. Patterns in HCI Patterns in HCI d r a w t h e i r i n s p i r a t i o n f r o m p a t t e r n s i n architecture, introduced by Alexander et al. (1979). The HCI community has proposed that interaction patterns may serve as a common language for users and designers to voice their ideas and as a possible format to communicate interaction design knowledge to those interested in HCI (Bayle et al., 1998; Borchers, 2001; Erickson, 2000).

A detailed discussion on using claims analysis as part of teaching HCI using case studies and SBD is also available (Somerveir et al., 2004). These studies, however, do not to evaluate how claims communicate design knowledge in situations wher e the designers reviewed claims outside the source context. Nor do they show clear empirical support for the value of claims reuse in design . That is, how an archived claim helped a designer with a design problem at hand. There are studies reported that evaluate findability of claim in a claims library. These studies seem targeted at understanding how to organize claims to promote access or findability (Payne et al., 2003; Fabian et al., 2004; Fabian et al., 2006), and not on assessing the usefulness of advice presented in or as claims . In summary, we did not find much evidence of controlled studies involving claims reuse or patterns that evaluate the impact on communicating design advice.

Discussions have mainly focused on the form and organization (Borchers, 2000; Fincher et al., 2003). We believe improving access to design advice is important, but it's equally, if not more, important to examine whether the design advice is perceived as usable and effective first. Without evidence showing that articulati ng design advice as patterns or claims facilitates sharing and comprehension of design knowledge, the value of organization schemes, however well designed and argued, is unclear. From what we have seen, discussions of patterns or claims seem united in pur pose, but except for a brief comparison between patterns and claims in (Dearden and Finlay, 2006), research on these two approaches rarely intersect. We too see patterns and claims have a lot in common. Both: • Emphasize delivering design advice situated in the context-of-use • Share a common goal of abstracting from successful solutions for design problems, and extending HCI design knowledge. • Are aimed at facilitating communication of design advice by making design advice usable. • Discuss design trade -offs

Patterns and claims are arguably similar in many respects. Both describe the context in which the design decision will be deployed. Both describe the solution that this decision implements. They differ in that while patterns explicitly address the problem to be solved, claims do not. Rather, claims focus on the advantages and disadvantages of the solution while patterns consider only the advantages. Overall, there are three areas in which patterns and claims differ – (1) in whether they are problem -driven (patterns) or solution -driven (claims), (2) how exactly they define context and (3) how explicitly they present the rationale for design decisions. Problem-driven or Solution-driven Pattern d e s c r i p t i o n s t e n d t o i n c l u d e a s p e c i f i c problem statement that highlights the constraints present in the design space (Dearden et al., 2002).

Reviewing patterns in HCI will show an explicit discussion of context under a “use when” section describing some leading aspects of situations where this solution is relevant. However, we did not find any recommendations on how context needs to be articulated, nor did we find any clear strategies used in discussing context. Claims do not explicitly focus on describing contex t. A usage scenario (task -artifact) situates a claim, without which a claim loses its concreteness and context. In terms of scoping the context -of-use, claims do not attempt to be exhaustive, and instead target leading aspects of the usage scenario and how t h e i n t e n d e d s o l u t i o n w i l l a f f e c t t h e user. Conveying Design Rationale Pattern descriptions include justifications as to why it is a good solution. The supporting rationale tends to be sourced empirically (i.e., the solutions need to exist).

While most pattern descriptions include rationale, it is not clear how or what we need to record. The core pattern structure does not require an emphasis on negative consequences of implementing this solution or limitations. Example instances of the solution (i.e., screenshots) are included along with the advice to reinforce that these solutions indeed exist. The rationale aspect in claims seems more fleshed out than that in patterns. Carroll and Rosson (1992) offer more detailed instructions to guide capturing advice. Unlike patterns, claims describe both the positive and negative consequences on the use or usability. The basis for claims can be analytical or empirical. Furthermore, claims tend to present a v e r i f i e d s o l u t i o n r a t h e r t h a n generalizing from multiple suc cessful solutions. Patterns and Claims: Review Summary Given what we now know about patterns and claims, the contribution of this research lies in exploring how these similarities and differences contribute to the effectiveness of design advice.

No absolute measures exist to evaluate design advice because no representation is complete or sufficient in itself to fit all purposes; nonetheless, the following four criteria were adapted from other studies (Jeffries, 1994; Molich et al., 2007a, 2007b): • Context of Use Desc ribed or how well does the design advice describes the context of design advice (i.e., usage scenario, specific examples) • Rationale Expressed or whether there were justifications present for calling the menu option a good fit • Usefulness or how well does t he design advice address the fit between the design choice and the problem context (i.e., relevancy of rationale) • Overall Quality or in general how good is the prepared design advice In addition to these four measures, time taken for completing the exerci se was considered as an additional dependent measure.

Results in (M, SD) fo rmat Criteria Pattern Claim Control Context 3.00, 1.07 2.71, 1.13 2.68, 0.96 Rationale 3.50, 0.88 3.84, 1.29 3.39, 1.08 Usefulness* 3.13, 0.99 3.95, 1.12 2.79, 0.85 Quality 3.18, 0.87 3.34, 0.90 3.00, 0.83 Time (mins) 12.73, 5.14 13.15, 5.07 11.14, 5.63 deviations (SD); * significant at p<0.0125. A 7 -pt Likert type scale was used. Usefulness of Advice The advice structure had an impact on the usefulness of design advice. Claim structure perfo rmed significantly better than the pattern or control . Advice was rated more useful based on how many relevant implications were considered. To distinguish usefulness from rationale, rationale assessed whether reasons were given for picking a particular me nu (evaluative comments) whereas usefulness evaluated the content of the cited implications. Compared to the pattern and control condition, claim advice contained a significantly higher number of unique design implications, F (2, 54) = 6.32, p=.003.

We found that by discussing advantages and disadvantages of their design choice, the participants in th e claim condition also considered a significantly higher number of design implications. The number of unique design issues had a significant and strong correlation with usefulness (r=.686), rationale (r=.559), and overall quality (r=.598) ratings, at p < . 05 level, which seem to corroborate what we discovered from expert judging. Context ratings were weakly correlated with number of unique design issues (r=.224) and was not significant either. Rationale Presented in Design Advice Expert ratings did not reve al a significant difference between the three conditions when expressing rationale. In other words, the structure did not impact how much rationale was provided. In examining how participants argued for their design decision, we found that the claim condition elicited significantly higher number of evaluative comments (positive + negative) compared to the control condition or pattern condition, F(2, 54) = 6.37, p = .002.

Controlled studies in the past explored whether exposure to a set of patterns affected the resulting quality of the interface (Chung et al., 2004; Saponas et al., 2006; Wania, 2008). T h e r e s u l t s f r o m t h e s e s t u d i e s w e r e n o t conclusive in favor of patterns. Nevertheless, these studies argue that the real value of patterns lie in communicating design knowledge. Similarly, the claims - reuse literature argues for claims as a usable and comprehensible form of interaction design advice (Sutcliffe, 2000). This controlled study explored the promise of communication by examining whether presenting design advice using a pattern -derived or claim -derived structure influenced the effectiveness of adv ice. A pattern -derived structure suggested a problem -solution-context form whereas the claim -derived structure suggested participants to document advice as a usage scenario, pros and cons of the design decision.

In the following discussion, we present our findings as it relates to usefulness, rationale, and context of use. We also discuss these findings imply for pattern or claim research on sharing design advice. Case Against “Natural” Design Advice It appears that the pattern structure, as presented, did not offer a strategy for participants to easily identify and explore possible design implications. Given the freedom, participants displayed a tendency to “sell” their idea, and in the process were less critical. The control condition also displayed a sim ilar tendency. Offering only positive evidence, in the pattern and the control-advice, can be argued as being a “natural” strategy for communicating design advice. The findings, however, show that “natural” may be not be enough. The pros and cons approach in claim structure seems to have helped participants in considering more number of design implications, and in the process considered more design issues.",outputs/batch1/canonical_text_284/12568f76ff90.txt,"Abraham, George and Atwood, Michael E.",2009,Proceedings of the 21st Annual Conference of the Australian Computer-Human Interaction Special Interest Group: Design: Open 24/7,10.1145/1738826.1738831,https://doi.org/10.1145/1738826.1738831,DRAT-C01,0,designers | capture | communication | representation | language | support | argumentation | claims | decisions | quality | structure | advice | patterns | reasoning | context,Design rationale — Design process and Design decisions [DRAT-C01],"Design process, Design decisions",Design rationale — Design process and Design decisions,Provisional interpretation,Assignment frozen; interpretation requires confirmation by at least two reviewers,Contrastive phrase label with source-grounded extractive summary.,Not assigned by Path 1,Not evaluated in this statistical interpretation,Not applicable,Predefined keyword group,Not assigned,BGE-M3 embedding + Spectral clustering,Not assigned,Source-grounded cluster interpretation,not_applicable,,,,-1,0.0,designers | capture | communication | representation | language | support | argumentation | claims | decisions | quality | structure | advice | patterns | reasoning | context,False,False,0,,,"Past research asserts that patterns or claims will help capture and communicate interaction-design advice. Both structures attempt to provide advice in context along with the justifications for fit. These properties aim to make patterns or claims more concrete and comprehensible to novice designers than design guidelines. However, empirical work evaluating these promises is lacking. This research presents a controlled study that examines the value of structuring design advice as patterns or as claims. Patterns and claims seem different given their respective roots in architecture and design rationale. They also differ in their emphasis when capturing design decisions; patterns emphasize capturing a problem-solution pair in a certain context, whereas claims focus on capturing the positive and negative implications to a design decision. The findings from the study suggest it may be promising to combine the claim and pattern structures and that such a structure may facilitate discussions of design trade-offs.",15.0787,20.124851,0.13151103258132935,12,12,False,"[{'paper_id': '4c8bdfbd1309', 'title': 'Integrating different perspectives on design rationale: supporting the emergence of design rationale from design communication', 'cluster': 0, 'distance': 0.18966996669769287}, {'paper_id': '4567075d70b4', 'title': 'Making Argumentation Serve Design', 'cluster': 0, 'distance': 0.18974065780639648}, {'paper_id': '0050f73e4373', 'title': 'Integrating different perspective on design rationale: Supporting the emergence of design rationale from design communication', 'cluster': 0, 'distance': 0.190967857837677}, {'paper_id': '866d8935b9e0', 'title': 'Issues critical to the development of design history, design rationale and design intent systems', 'cluster': 0, 'distance': 0.1975107192993164}, {'paper_id': '40034332988c', 'title': 'Redesigning the rationale for design rationale', 'cluster': 0, 'distance': 0.1983017921447754}]","In this paper we analyze the essential problems that prevent the successful development and use of design rationale systems. [E1] In this article, we develop a framework for evaluating the expressive adequacy of design rationale representations. [E2]"
16b7f7939f93,Design rationale,Characterizing Design Rationales Using Computational Linguistics and Human Evaluations,"Design rationales capture the explicit justifications behind design decisions. Often, rationales vary in the content and depth of information, making the study and comparison of rationales challenging. This project aims to characterize design rationales and develop a standardized approach to assess design rationale quality at scale. In total, 2250 rationales were machine-generated across two different representations and evaluated by two raters across five dimensions of quality. Rationales were then characterized using natural language processing techniques, resulting in 108 linguistic features for each rationale. The linguistic features were used to build predictive models for each quality dimension. The main results identify correlations between linguistic features and human evaluations, show that structured rationales were rated higher than unstructured rationales across the five dimensions, and present a model to predict rationale quality for new texts. These findings help inform strategies to improve human- and machine-generated rationales. The predictive tool offers a scalable method for evaluating different representations of rationale, thereby supporting more effective documentation practices. © 2025 by ASME.",12,12,16b7f7939f93_p0003;16b7f7939f93_p0005;16b7f7939f93_p0007;16b7f7939f93_p0008;16b7f7939f93_p0020;16b7f7939f93_p0034;16b7f7939f93_p0051;16b7f7939f93_p0055;16b7f7939f93_p0058;16b7f7939f93_p0060;16b7f7939f93_p0065;16b7f7939f93_p0066,"Design rationale captures the reasoning processes or justiﬁcations behind design decisions, often appearing in written reports or verbal presentations. While the importance of capturing design rationales in the design process is well established, there is a lack of clear guidelines on what constitutes effectively communicated design rationales (i.e., quality). Throughout the literature, design rationale has been de ﬁned in various ways, captured through different techniques, and applied in multiple contexts [ 1–3]. For this study, we use Lee ’sd e ﬁnition, which describes design rationale as “not only the reasons behind a design decision but also the justi ﬁcation for it, the other alternatives considered, the tradeoffs evaluated, and the argumentation that led to the decision ” [4]. For example, a rationale might state, “We selected aluminum for the bike frame to reduce weight while maintaining structural strength, based on a ﬁnite element analysis (FEA) and user preferences for portability. ” This research focuses on characterizing written design rationales and evaluating their quality.

Thus, structuring design rationale in ways that enhance design processes and outcomes is of high importance. The motivation for this study stems from a need to provide designers with actionable insights to enhance design rationale documentation practices. While numerous capture and representation techniques exist [ 3], such as issue-based information systems (IBIS), [10], design rationale editor (DRed) [11], and free-text rationales [12], none have seen widespread adoption in practice. IBIS is a method that structures rationale around design issues, positions, and supporting arguments, while DRed is a software tool that graphically represents these elements. The limited adoption of these methods is likely due to the burden these methods place on designers, who are often expected to tag features or articulate decisions in ways that exceed what teams are willing (or resourced) to document.

systematic approach to assessing rationale quality, regardless of how it is produced, may help bridge the gap between existing representations and practical adoption. Current methods rely on human evaluators to judge whether a rationale is suf ﬁcient; however, these approaches are time-consuming, nonstandardized, and challenging to scale. This research aims to quantify the quality of design rationale using human evaluators and rubrics and then transfer those human evaluations into a predictive tool capable of assessing new design rationales at scale. While tools like Grammarly offer automated feedback on grammar and style, they are not designed to evaluate the reasoning or technical depth required in design rationales. The guiding research question is: How do linguistic features and structural representations in ﬂuence the quality of design rationales?

To address this overarching question, we explore the following three subquestions: (a) What linguistic features are most strongly associated with high-quality design rationales? (b) How does the structured feature, speci ﬁcation, and evidence (FSE) framework compare to unstructured approaches in producing high-quality design rationales? (c) How effectively can predictive models evaluate design rationale quality using linguistic features and human ratings? By addressing these questions, this work can help address the immediate gap in enhancing design rationale communication and holds the potential to shape future design support tools and methodologies. In order to explore these questions in depth, a dataset of design rationales was collected. Rubrics and raters were used to assess the quality of design rationale, and natural language processing (NLP) was used to extract meaningful features from the written text.

Overall, this project quanti ﬁes the quality of design rationales as noted in Fig. 1. In essence, what characterizes a “good” design rationale or justi ﬁcation behind a design decision? To do so, a dataset of design rationales was generated for 25 consumer products (each rationale containing about 100 –200 words). This dataset was then labeled using human raters on ﬁve dimensions [ 15]. The raw text was processed using the computational tool Coh-Metrix, resulting in 108 features [ 16]. Afterward, analyses identi ﬁed correlations between linguistic features and quality dimensions and compared the two representations. The most relevant features were explored and integrated into the predictive model. 3.1 Data. A total of 2250 design rationales were generated for 25 products (Table 6) with ﬁve features under two conditions with nine personas.

Design rationales ( n = 2250) were collected, characterized using natural language processing, and evaluated by human raters. The following sections outline the ﬁndings in three parts. The ﬁrst identiﬁes NLP features correlated with increased design rationale quality across the entire dataset. The second ﬁnding compares the two representations of design rationale (FSE structured and unstructured) regarding their human evaluations of quality and NLP characteristics. Lastly, the third ﬁnding presents a predictive model to assess design rationale quality.

The Coh- Metrix analyses reveal key linguistic differences between the two conditions in 81 out of 108 features (Table 3). Higher-rated rationales contained more words (word count) and were more speci ﬁc (hypernymy for nouns and verbs), while lower-rated rationales had more temporal cues (temporality) or pronouns (pronoun incidence) that reduced the clarity of the text. These rationales resemble those commonly found in student reports or patent data [ 20]. Often, these descriptions are associated with the product ’s function, behavior, or structure [ 25]. While such descriptions are useful, they do not address critical questions about why a design decision was made. Designers understand the importance of documenting design rationale, what information to include, and at what level of detail is not standardized in teaching or practice [ 2].

These ﬁndings offer a preliminary response to the third research subquestion, demonstrating the potential for using linguistic features and human ratings to support scalable, predictive evaluation of rationale quality. 5.4 Broader Implications. Documentation is often an afterthought despite its central role in capturing design decisions and supporting knowledge transfer. This study reinforces the importance of high-quality rationale documentation and offers a systematic, scalable method to evaluate and improve best practices. dimensions across three models Dimension Model RMSE AIC BIC Evaluating Model 1: dummy regressor 1.66 6936 6941 Model 2: linear regression 1.35 5365 5821 (n = 13) 1.34 6037 6114 Analyzing Model 1: dummy regressor 1.18 5762 5767 Model 2: linear regression 1.22 5105 5561 (n = 7) 1.09 5404 5448 Synthesizing Model 1: dummy regressor 1.15 5659 5665 Model 2: linear regression 1.24 5084 5540 (n = 14) 1.01 5212 5294 Structure Model 1: dummy regressor 1.28 6012 6018 Model 2: linear regression 1.08 5192 5648 (n = 9) 1.13 5510 5535 Validity Model 1: dummy regressor 1.37 6156 6161 Model 2: linear regression 1.35 5275 5731 (n = 13) 1.21 5611 5688 The bolded value represents the model with the lowest RMSE for a given dimension.

The feature, speci ﬁcation, and evidence framework was previously developed using student and industry reports to help identify what information is contained within design rationales. De ﬁnitions of each element are noted in Sec. 2.3 and in the prior publication, which also includes sample instructions and example outputs in the Appendix [20]. FSE is just one representation of design rationale. Alternative representations, such as issue-based information system (IBIS) [ 10] and QOC [ 26], or design rationale management systems could also be incorporated into education and practice. Additionally, the predictive tool from this study can provide a feedback mechanism to help generate better rationales. The intent is not to be used as a grading tool but as a feedback mechanism to support learning and development. The tool can provide quanti- ﬁable feedback between iterations as students try documenting design rationales using different representations or focusing on more concrete language. Thus, students can better understand how minor adjustments in content and structure can improve their writing and communication abilities.

Currently, machines can assist designers by generating design suggestions, often based on human behavior (e.g., alternative CAD designs) or complex algorithms. Such suggestions often lack explanations [29], a gap that generative rationale or rationale extraction techniques could address. Recent work by Yue et al. proposes another capture method that extracts information, such as artifacts, issues, intentions, and arguments, from technical literature into a design rationale management system [30]. In addition to existing design rationale management systems (e.g., SIBYL [ 31], ExplainIT [ 32], RATionale [ 33], and DRed [34]), these approaches could bene ﬁt from quantitatively assessing the quality or effectiveness of the rationales, as outlined in this article. Standardized assessment enables systematic comparisons across capture mechanisms and helps establish benchmarks for highquality rationale—strengthening support for industry-wide adoption, a challenge faced by many design rationale capture approaches.

Design rationales articulate the justi ﬁcations behind a design decision. The structure and content of these rationales impact their perceived quality and usefulness. This study examined the relationship between linguistic features and human-rated rationale quality across ﬁve dimensions: evaluating, analyzing, synthesizing, Journal of Mechanical Design DECEMBER 2025, Vol. 147 / 121404-9

structure, and validity. A dataset of 2250 design rationales was evaluated by trained raters and characterized using natural language processing techniques. Results identi ﬁed correlations between linguistic features and human ratings of quality, showed that FSE-structured rationales outperformed unstructured rationales, and built a predictive model that can assess the design rationale quality of new texts. This work contributes a scalable, data-driven approach to evaluating design rationales and provides a foundation for improving both human- and machine-generated rationale quality in design practice. Acknowledgment This work is based on preliminary research presented at the 2024 ASME International Design Engineering Technical Conferences (DETC2024-142788). This work has been supported by the National Science Foundation Graduate Research Fellowship under Grant No.",outputs/batch1/canonical_text_284/16b7f7939f93.txt,"Mirabito, Yakira (1); Liu, Xiaowen (2); Goucher-Lambert, Kosa (1)",2025,Journal of Mechanical Design,10.1115/1.4069232,,DRAT-C01,0,designers | capture | communication | representation | language | support | argumentation | claims | decisions | quality | structure | advice | patterns | reasoning | context,Design rationale — Design process and Design decisions [DRAT-C01],"Design process, Design decisions",Design rationale — Design process and Design decisions,Provisional interpretation,Assignment frozen; interpretation requires confirmation by at least two reviewers,Contrastive phrase label with source-grounded extractive summary.,Not assigned by Path 1,Not evaluated in this statistical interpretation,Not applicable,Predefined keyword group,Not assigned,BGE-M3 embedding + Spectral clustering,Not assigned,Source-grounded cluster interpretation,not_applicable,,,,-1,0.0,designers | capture | communication | representation | language | support | argumentation | claims | decisions | quality | structure | advice | patterns | reasoning | context,False,False,0,,,"Design rationales capture the explicit justifications behind design decisions. Often, rationales vary in the content and depth of information, making the study and comparison of rationales challenging. This project aims to characterize design rationales and develop a standardized approach to assess design rationale quality at scale. In total, 2250 rationales were machine-generated across two different representations and evaluated by two raters across five dimensions of quality. Rationales were then characterized using natural language processing techniques, resulting in 108 linguistic features for each rationale. The linguistic features were used to build predictive models for each quality dimension. The main results identify correlations between linguistic features and human evaluations, show that structured rationales were rated higher than unstructured rationales across the five dimensions, and present a model to predict rationale quality for new texts. These findings help inform strategies to improve human- and machine-generated rationales. The predictive tool offers a scalable method for evaluating different representations of rationale, thereby supporting more effective documentation practices. © 2025 by ASME.",15.485461,18.548094,0.08249878883361816,10,10,False,"[{'paper_id': '75731fe2e6d1', 'title': 'Feature, specification and evidence framework for communicating design rationale', 'cluster': 0, 'distance': 0.0982433557510376}, {'paper_id': '7a42dd52852e', 'title': ""What's in design rationale?"", 'cluster': 0, 'distance': 0.12687623500823975}, {'paper_id': '40034332988c', 'title': 'Redesigning the rationale for design rationale', 'cluster': 0, 'distance': 0.14187133312225342}, {'paper_id': '4c8bdfbd1309', 'title': 'Integrating different perspectives on design rationale: supporting the emergence of design rationale from design communication', 'cluster': 0, 'distance': 0.14864438772201538}, {'paper_id': '0050f73e4373', 'title': 'Integrating different perspective on design rationale: Supporting the emergence of design rationale from design communication', 'cluster': 0, 'distance': 0.14976835250854492}]","In this paper we analyze the essential problems that prevent the successful development and use of design rationale systems. [E1] In this article, we develop a framework for evaluating the expressive adequacy of design rationale representations. [E2]"
296e021afe91,Design rationale,A generic model for reflective design,"Rapid technological change has had an impact on the nature of software. This has led to new exigencies and to demands for software engineering paradigms that pay particular atttention to meeting them. We advocate that such demands can be met, at least in large parts, through the adoption of software engineering processes that are founded on a reflective stance. To this end, we turn our attention to the field of Design Rationale. We analyze and characterize Design Rationale approaches and show that despite surface differences between different approaches, they all tend to be variants of a relatively small set of static and dynamic affinities. We use the synthesis of static and dynamic affinities to develop a generic model for reflective design. The model is nonprescriptive and affects minimally the design process. It is context-independent and is intended to be used as a facilitator in participative design, supporting group communication and deliberation. The potential utility of the model is demonstrated through two examples, one from the world of business design and the other from programming language design",12,12,296e021afe91_p0002;296e021afe91_p0006;296e021afe91_p0007;296e021afe91_p0008;296e021afe91_p0011;296e021afe91_p0014;296e021afe91_p0029;296e021afe91_p0031;296e021afe91_p0033;296e021afe91_p0034;296e021afe91_p0082;296e021afe91_p0090,"It is context-independent and is intended to be used as a facilitator in participative design, supporting group communication and deliberation. The potential utility of the model is demonstrated through two examples, one from the world of business process design and the other from programming language design. Categories and Subject Descriptors: D.2.1 [ Software Engineering ]: Requirements/Specifications—Elicitation methods (e.g., rapid prototyping, interviews, JAD); D.2.2 [ Software Engineering]: Design Tools and Techniques General Terms: Design, Human Factors, Management Additional Key Words and Phrases: Design aids, design rationale, development, participative, reflective

Our work focuses not on ameliorating the design process by defining or altering it, but by aiding it through a fostering of the appropriate reflective stance [Schön 1983]. This is achieved through the provision of a conceptual framework for capturing, making models of, using, and reasoning on the systems development process, thus promoting a metadesign process, where the design process itself is brought into focus. This objective is also shared by approaches in the field of Design Rationale [Moran and Carroll 1996]. Design Rationale aims at capturing the why behind the how in design, i.e., on externalizing and documenting the reasons behind design decisions and artifact features. In brief, Design Rationale aims for a careful and open consideration of the reasons behind the decisions taken and of the background behind the development process, by capitalizing precisely on this background.

Design Rationale has produced a large body of research and a number of different approaches have been proposed with the aim to (among others): facilitate group discussions during cooperative design sessions; provide explanations about particular designs, the alternatives available, the arguments used for the choices made and the evaluation of different designs; discover generalized patterns of design for reusing them in similar settings. The concern of Design Rationale approaches lies close to our concern of promoting reflectiveness; Design Rationale approaches, however, also comprise other extraneous characteristics stemming from the specific applica-

tions for which they were developed and their developers’ preferences. We aim at a generic model for reflective design of potentially wide applicability. Through a systematic analysis we deconstruct existing Design Rationale approaches and derive their commonalities in terms of structure and process. In short, we devise a context-independent aid for reflective design by abstracting and synthesizing from a number of more specific purpose models in the same area. In Section 2 we present various Design Rationale approaches, along with comments on general characteristics and trends. In Section 3 we use the approaches presented in order to develop a conceptual aid for participative design processes. Specifically, in Section 3.1 we abstract the semantic affinities of the approaches, and in Section 3.2 we abstract their operational affinities; in Section 4 the two sets of affinities are combined in a single model for reflective reasoning.

According to this definition, the DR research field comprises all research pertaining to the capture, recording, documentation, and effective use of the rationale in development processes. A complete record, e.g., by video, of the whole development process, combined with any materials used and produced, could, in theory, be used to find the rationale behind the decisions taken. Since this is unwieldy, the main idea in DR research is that the rationale can be structured by providing a proposed formalism using a small set of concepts appropriate for representing the deliberations taking place. The definition of Design Rationale given above is sufficiently broad to include a large number of approaches, not all of which are relevant to our purposes. Figure 1 shows a kind of genealogical tree of the approaches considered in this paper (the two shades of gray correspond to the distinction between metamodel-based and non-metamodel-based approaches that is explained in Section 3.1): —Issue-Based Information System (IBIS) —Representation and Maintenance of Process Knowledge (REMAP) —Potts and Bruns, and Potts —Procedural Hierarchy of Issues (PHI) —Questions, Options, and Criteria (QOC) —Decision Representation Language (DRL) —Psychological Design Rationale (PDR) —Problem-Centered Design (PCD)

2.2.2 Representation and Maintenance of Process Knowledge . The Representation and Maintenance of Process Knowledge (REMAP) approach is similar to that of IBIS, but with additional entities and relationships which render it semantically richer [Ramesh and Dhar 1992]. This can be seen in metamodel). Specifically, the following additional entities are introduced: —Requirements that are the goals that guide the design process by generating specific issues. —Decisions that are the actions by which a resolution is reached and a Position is selected. —Constraints that represent commitments, created by Decisions, that have to be satisfied. —Design Objects that represent the artifacts under consideration. —Assumptions that provide the context in which an Argument is considered to be applicable.

We present them summarily, along with the reasons for their exclusion in the synthesis of semantic and operational affinities that follows in Section 3. Functional Representation (FR) [Chandrasekaran et al. 1993] is an approach for a formal representation of the artifacts functioning. FR can support diagnostic knowledge generation, simulation, design verification, and case-based design. The same focus on automation in DR is presented by Generative Design Rationale [Gruber and Russel 1992], which aims at an automated generation of the rationale behind artifacts; for this, it proposes reasoning ontologies and processes for use by computers. The idea of actively generating documentation is also pursued in Active Design Documents (ADD) [Garcia and Howard 1992]; an improved version of the system, ADD 1 [Garcia and de Souza 1997], produces better rationale by using an approach for rhetorical organization.

OSC (from the French outil de suivi de conception ) is a tool aiming at helping designers track and reuse decisions [Arango et al. 1991]. It is not intended, however, to be employed by the designers, but as a core for developing extensions for more specialized tools. DRCS is a structured language with explicit semantics for capturing design rationale in concurrent engineering teams [Klein 1993] A Generic Model for Reflective Design • 211

DRIVE (Design Rationale for the Information Phase of Value Engineering) is a “path-finder” based on building dependency networks (paths) between objects parameters and constraints and their rationale [de la Garza and Alcantara 1997]; for us, DR is more about communication than about dependencies. DRIM (Design Recommendation- Intent Model) [Peña-Mora et al. 1995] is an ontology for representing DR. It is outside our concerns, since it aims at automating conflict mitigation and on actively providing part of the rationale for this purpose. In a setting closer to Software Engineering, DRIM is combined with design patterns to enhance their reusability by using the rationale behind them [Peña-Mora and Vadhavkar 1997]. The idea of combining design rationale with design patterns has also been pursued in the area of end-user tailoring of applications.

Argumentation, combined with pictures, diagrams, stories and scenarios, provides the rationale behind application units; the user can tailor the units while consulting the related rationale [Mørch 1994; 1995]. Also, although the idea of using bare video for capturing DR is not very practical, it has, with appropriate modifications, led to an approach for documenting design history. In Raison d’Etre [Carroll et al. 1994], interviews with the designers are videotaped. The footage is broken into small clips with specific themes. The clips are transcribed; clips and transcriptions are entered into a multimedia environment allowing searching and browsing. The idea of using multiple media to capture history in the making is employed in the development of the Blacksburg Electronic Village [Carroll and Rosson 1996], with the assumption that the use of history can improve the design process. Our interests focus on using DR capture itself for improving the design process, and not in using its outcome, i.e., the rationale, for documentary and historical purposes.

Automation can be potentially useful in extending the capabilities of the approach both in synchronic and in diachronic communication. Some desirable characteristics of computer support can be posited here in brief. The merits of diachronic use are those of experience: past rationale can function as a sort of collective memory that can be brought to bear on present problems. Moreover, this memory is evolving, incorporating new rationale and new decisions produced by the use of the approach. If artifacts are also stored, their features can be traced back to the relevant decisions. Advice can be offered by mapping the present situation to the knowledge stored; this can be passive, with the designers asking the system for it, or active, with the system offering it by following the designers’ steps and trying to establish points of intervention.

Being simple and nonprescriptive it aims at being nonintrusive. —DR is produced by design itself, and hence it is a by-product of the design activity. —It captures both process and product rationale. The process rationale (the rationale behind the sequence of events during design) is captured, since the creation of loop networks proceeds chronologically, mirroring the design process itself. 10 The product rationale (the rationale behind specific artifact features) is also captured, since the Design Actions connect the artifacts to the reasoning loop. 11 These characteristics determine the application context of our approach. The reasoning loop is to be applied to help resolve wicked problems, i.e., real-world problems with no clear statement, no clear final state, and no clear set of means to transform the initial state to the final state [Rittel and Webber 1984].",outputs/batch1/canonical_text_284/296e021afe91.txt,"Louridas, Panagiotis and Loucopoulos, Pericles",2000,ACM Trans. Softw. Eng. Methodol.,10.1145/350887.350895,https://doi.org/10.1145/350887.350895,DRAT-C01,0,designers | capture | communication | representation | language | support | argumentation | claims | decisions | quality | structure | advice | patterns | reasoning | context,Design rationale — Design process and Design decisions [DRAT-C01],"Design process, Design decisions",Design rationale — Design process and Design decisions,Provisional interpretation,Assignment frozen; interpretation requires confirmation by at least two reviewers,Contrastive phrase label with source-grounded extractive summary.,Not assigned by Path 1,Not evaluated in this statistical interpretation,Not applicable,Predefined keyword group,Not assigned,BGE-M3 embedding + Spectral clustering,Not assigned,Source-grounded cluster interpretation,not_applicable,,,,-1,0.0,designers | capture | communication | representation | language | support | argumentation | claims | decisions | quality | structure | advice | patterns | reasoning | context,False,False,0,,,"Rapid technological change has had an impact on the nature of software. This has led to new exigencies and to demands for software engineering paradigms that pay particular atttention to meeting them. We advocate that such demands can be met, at least in large parts, through the adoption of software engineering processes that are founded on a reflective stance. To this end, we turn our attention to the field of Design Rationale. We analyze and characterize Design Rationale approaches and show that despite surface differences between different approaches, they all tend to be variants of a relatively small set of static and dynamic affinities. We use the synthesis of static and dynamic affinities to develop a generic model for reflective design. The model is nonprescriptive and affects minimally the design process. It is context-independent and is intended to be used as a facilitator in participative design, supporting group communication and deliberation. The potential utility of the model is demonstrated through two examples, one from the world of business design and the other from programming language design",14.3310795,18.820818,0.06537795066833496,8,8,False,"[{'paper_id': 'ab97fa9e6ec7', 'title': '""Argumentative Design Rationale and the Object-Oriented Development Process: better analysis, better design""', 'cluster': 0, 'distance': 0.10201936960220337}, {'paper_id': '4c8bdfbd1309', 'title': 'Integrating different perspectives on design rationale: supporting the emergence of design rationale from design communication', 'cluster': 0, 'distance': 0.11825072765350342}, {'paper_id': '0050f73e4373', 'title': 'Integrating different perspective on design rationale: Supporting the emergence of design rationale from design communication', 'cluster': 0, 'distance': 0.1196213960647583}, {'paper_id': '7a42dd52852e', 'title': ""What's in design rationale?"", 'cluster': 0, 'distance': 0.1222771406173706}, {'paper_id': '4567075d70b4', 'title': 'Making Argumentation Serve Design', 'cluster': 0, 'distance': 0.13021564483642578}]","In this paper we analyze the essential problems that prevent the successful development and use of design rationale systems. [E1] In this article, we develop a framework for evaluating the expressive adequacy of design rationale representations. [E2]"
40034332988c,Design rationale,Redesigning the rationale for design rationale,"One goal of design rationale systems is to support designers by providing a means to record and communicate the argumentation and reasoning behind the design process. However, there are several inherent limitations to developing systems that effectively capture and utilize design rationale. The dynamic and contextual nature of design and our inability to exhaustively analyze all possible design issues results in cognitive, capture, retrieval, and usage limitations. In addition, there are the organizational limitations that ensue when systems are deployed. In this paper we analyze the essential problems that prevent the successful development and use of design rationale systems. We argue that useful and effective design rationale systems cannot be built unless we carefully redefine the goal of design rationale systems. © Springer-Verlag Berlin Heidelberg 2007.",12,12,40034332988c_p0001;40034332988c_p0003;40034332988c_p0005;40034332988c_p0007;40034332988c_p0015;40034332988c_p0016;40034332988c_p0018;40034332988c_p0020;40034332988c_p0022;40034332988c_p0023;40034332988c_p0024;40034332988c_p0025,"J. Jacko (Ed.): Human-Computer Interaction, Part I, HCII 2007, LNCS 4550, pp. 11–19, 2007. © Springer-Verlag Berlin Heidelberg 2007 Redesigning the Rationale for Design Rationale Michael E. Atwood and John Horner College of Information Science and Technology Drexel University Philadelphia, PA 19104 USA {atwood, jh38} @drexel.edu

Over the past two decades, much has been written about design rationale. That design rationale has remained an active research area within the human-computer interaction (HCI) community for an extended time indicates that researchers see it as an attractive and productive area for research. We share this enthusiasm for research on design rationale. But, at the same time, we have little confidence that useful and usable design rationale systems will ever be built. And, should they ever be built, we have little confidence that they will be used. The only solution we see to successful research on design rationale is to carefully define the rationale underlying design rationale. Our motivation in writing this paper is derived from two questions. First, since we don’t have a common understanding of what design is, how can we have a common understanding of what design rationale is?

Wania et al reported a bibliometric cocitation analysis of the HCI literature over much of the past two decades. From this analysis, shown in Figure 1, seven major approaches to design were identified. It is important to note that the Design Rationale cluster spans across much of the map, almost connecting one side to the other. Two points are worth noting here. First, design rationale is not a tool that other design communities use as much as it is a research area of its own; that is why is appears here as a separate cluster, Second, the design rationale community does not have a great deal of commonality in interest. The authors in the Design Rationale cluster all seem to be boundary spanners. Each author in this cluster is located very close to another cluster. This suggests that design rationale may mean different things to the different researchers and practitioners within this community.

In designers consider alternatives to design issues they are facing [3]. Then, they store the rationale for their decisions in a design rationale system. At a later time, another design can browse the design rationale system to review earlier decisions and potentially to apply these earlier decisions to the current design. All of this, of course, sits in some organizational context.

Redesigning the Rationale for Design Rationale 15 the design context. Grudin [10] notes that in certain development environments, exploring design space can be detrimental because it diverts critical resources. Additionally, many design decisions are considered in informal situations, where capturing the rationale is infeasible [11]. Tracking the location of where the rationale was recorded, the persons present at the ti me of design rationale capture, their roles and expertise, and the environmental context of the capture can help reviewers infer why specific information was considered. Designers Should Design, Not Record Rationale. Tacit knowledge [12] is a term used to describe things that we know, but are not able to bring to consciousness. It is possible that design rationale may unintentionally be omitted because a designer may not be able to explicate their tacit knowledge.

Designers may not be able or willing to spend the energy to articulate their thoughts into the design rationale system, especially when they reach breakdowns, and are focusing on understanding and resolving the problem at hand. Conklin and Bergess-Yakemovic [7] state that designers focus should be on solving problems and not on capturing their decisions. During routine situations, designers react to problems as they arise without consciously thinking about them. Recording Rationale Can Be Dangerous! Sharing knowledge can be detrimental to designers, especially if the information they share could potentially be used against them. Designers may be hesitant to simply give away knowledge without knowing who will use it or how it will be used. Rewarding knowledge sharing is a challenging task that involves creating tangible rewards for intangible ideas.

Karsenty [13] evaluated design documents and found that design rationale questions were by far the most frequent questions during design evaluation meetings. However, only 41% of the design rationale questions were answered by the design rationale documentation. The reasoning for the discrepancy between the needed and captured design rationale is broken into several high-level reasons, including analysts not capturing questions, options, or criteria; the inadequacy of the design rationale method; and the lack of understanding. Other literature has focused on several issues

When rationale is exhaustively captured, there is an additional effort required to capture the information. And, when too little information is captured, the reviewers’ questions remain unanswered. Belkin [17] describes information retrieval as a type of communication whereby a user is investigating their state of knowledge with respect to a problem. Belkin contends that the success of the communication is dependent upon the extent to which the anomaly can be resolved based on the information provided, and thus is controlled by the recipient. This suggests that designers cannot recognize the relevance of rationale until a person queries it. And, later uses may not be able to specify what information will be most useful, but rather will only recognize that they do not have the necessary knowledge to resolve a problem. Indexing. A more structured representation can make it more difficult to capture design ideas, but can facilitate indexing and retrieval.

People reviewing design rationale have a goal and a task at hand that they hope the design rationale will support. Often, these people are also involved in designing. If this is the case, the reviewers may not know whether retrieved rationale is applicable to their current problem. The Same Problem in a Different Context Is a Different Problem. Because design problems are unique, even rationale that successfully resolved one design problem may not be applicable to a different problem . In addition to the problem of accurately and exhaustively capturing rationale, recognizing the impact of rationale can be a difficult task. Understanding rationale tied to one problem could help resolve similar problems in the future. However, design is contextual, and external factors often interact with the

Redesigning the Rationale for Design Rationale 17 design activity in a complex and unexpected manner. Reviewers of rationale are interested in understanding information to help them with their task-at-hand, and without understanding the context of those problems, utilization of the information becomes difficult. The inherent problem of identifying the impact of rationale across different design problems adds a net cost to utilizing rationale, decreasing the overall utility in the design process. Initiative Falls on the User. Design rationale systems are passive rather than active. The initiative to find relevant rationale falls on the user. The system does not suggest it; it is the user’s responsibility to retrieve it.

As Davenport and Prusak warn in their book [18] “if you build it, they may not come."" Being able to build a system is only an initial step; the “gold standard” against which success is measured, however, is whether people will accept and use it. Designers don’t Control the Reward Structure of Users. As system builders, we do not have much control over the personal reward systems of the individual users and management mandate that many [18,19] recommend will enhance usage of the technology, and therefore we can not motivate our users as such. Therefore, we must rely on other factors. Informal Knowledge is Difficult to Capture. Design Rationale tools must support both formal and informal knowledge, making the system flexible enough so that broad content types were supported [20]. They must support multiple levels of organization of content and design systems so that knowledge can be structured at any time after it is entered [21].

In this paper, we have explored the role of design rationale research within the broader design community. And, we have looked into a number of barriers that impede design rationale as an effective tool for reflection, communication, and analysis. The barriers were discussed in terms of cognitive, capture, retrieval, usage, and organizational limitations. At one level, the intent of design rationale is to transmit information from a designer working at one time and in one context to another designer working in another time and context. This is the most frequently-cited goal in design rationale research. But, is this the ultimate goal of design rationale? We argue that it is not. The goal of research on design rationale is to improve the quality of designs. There are fundamental barriers to developing information systems that support asynchronous communication among designers working on different design problems. Therefore, design research should focus on supporting designers who better understand the context of their unique problems.",outputs/batch1/canonical_text_284/40034332988c.txt,"Atwood, Michael E. (1); Horner, John (1)",2007,Lecture Notes in Computer Science (including subseries Lecture Notes in Artificial Intelligence and Lecture Notes in Bioinformatics),10.1007/978-3-540-73105-4_2,,DRAT-C01,0,designers | capture | communication | representation | language | support | argumentation | claims | decisions | quality | structure | advice | patterns | reasoning | context,Design rationale — Design process and Design decisions [DRAT-C01],"Design process, Design decisions",Design rationale — Design process and Design decisions,Provisional interpretation,Assignment frozen; interpretation requires confirmation by at least two reviewers,Contrastive phrase label with source-grounded extractive summary.,Not assigned by Path 1,Not evaluated in this statistical interpretation,Not applicable,Predefined keyword group,Not assigned,BGE-M3 embedding + Spectral clustering,Not assigned,Source-grounded cluster interpretation,not_applicable,,,,-1,0.0,designers | capture | communication | representation | language | support | argumentation | claims | decisions | quality | structure | advice | patterns | reasoning | context,False,False,0,,,"One goal of design rationale systems is to support designers by providing a means to record and communicate the argumentation and reasoning behind the design process. However, there are several inherent limitations to developing systems that effectively capture and utilize design rationale. The dynamic and contextual nature of design and our inability to exhaustively analyze all possible design issues results in cognitive, capture, retrieval, and usage limitations. In addition, there are the organizational limitations that ensue when systems are deployed. In this paper we analyze the essential problems that prevent the successful development and use of design rationale systems. We argue that useful and effective design rationale systems cannot be built unless we carefully redefine the goal of design rationale systems. © Springer-Verlag Berlin Heidelberg 2007.",14.883056,18.30656,0.04751676321029663,3,3,True,"[{'paper_id': '4c8bdfbd1309', 'title': 'Integrating different perspectives on design rationale: supporting the emergence of design rationale from design communication', 'cluster': 0, 'distance': 0.08360415697097778}, {'paper_id': '0050f73e4373', 'title': 'Integrating different perspective on design rationale: Supporting the emergence of design rationale from design communication', 'cluster': 0, 'distance': 0.08479112386703491}, {'paper_id': '7a42dd52852e', 'title': ""What's in design rationale?"", 'cluster': 0, 'distance': 0.09484821557998657}, {'paper_id': '4567075d70b4', 'title': 'Making Argumentation Serve Design', 'cluster': 0, 'distance': 0.1000986099243164}, {'paper_id': '866d8935b9e0', 'title': 'Issues critical to the development of design history, design rationale and design intent systems', 'cluster': 0, 'distance': 0.11076921224594116}]","In this paper we analyze the essential problems that prevent the successful development and use of design rationale systems. [E1] In this article, we develop a framework for evaluating the expressive adequacy of design rationale representations. [E2]"
4567075d70b4,Design rationale,Making Argumentation Serve Design,"Documenting argumentation (i.e., design rationale) has great potential for serving design. Despite this potential benefit, our analysis of Horst Rittel's and Donald Schon's design theories and of our own experience has shown that there are the following fundamental obstacles to the effective documentation and use of design rationale: (a) A rationale representation scheme must be found that organizes information according to its relevance to the task at hand; (b) computer support is needed to reduce the burden of recording and using rationale; (c) argumentative and constructive design activities must be linked explicitly by integrated design environments; (d) design rationale must be reusable. In this article, we present the evolution of our conceptual frameworks and systems toward integrated design environments; describe a prototype of an integrated design environment, including its underlying architecture; and discuss some current and future work on extending it.",12,12,4567075d70b4_p0002;4567075d70b4_p0006;4567075d70b4_p0007;4567075d70b4_p0008;4567075d70b4_p0010;4567075d70b4_p0014;4567075d70b4_p0026;4567075d70b4_p0032;4567075d70b4_p0050;4567075d70b4_p0066;4567075d70b4_p0069;4567075d70b4_p0070,"Documenting argumentation (i.e., design rationale) has great potential for improving design. In addition to being invaluable for maintenance, redesign, and reuse, it promotes critical reflection during design. Despite such potential benefits, our experience has shown that there are fundamental obstacles to the effective documentation and use of design rationale. Argumentation does not naturally serve design; it must be made to do so. The structure of this article follows the history of our work, driven by the development and evaluation of conceptual frameworks and prototype systems. In Section 2, the term design rationale is characterized. In Section 3, we discuss issue-based information systems (IBIS) and Procedural Hierarchy of Issues (PHI), two frameworks for representing argumentation. We show that IBIS has fundamental problems.

78). This definition covers a wide range of fields, including architectural (building) design, urban design, software design, hardware design, and various types of engineering design. We call the transactions of designers with materials and artifacts construction, which is the activity of creating the actual form of the solution. Construction cannot always be physical but may have to be carried out in the abstract on the drafting board). Physical interactions with materials may be too expensive or too dangerous. Des* Rationale. In our approach, design rationale means statements of reasoning underlying the design process that explain, derive, and justify design decisions. A truly complete account of the reasoning relevant to design decisions is neither possible nor desirable. It is not possible because some design decisions and the associated reasoning are made implicitly by construction and are not available to conscious thinking.

Some of the rationale must be reconstructed after design decisions have been made. Many design issues are trivial; their resolution is obvious to the competent designer, or the design issue is not very relevant to the overall quality of the designed artifact. Accounting for all reasoning is not desirable because it would divert too many resources from designing itself. Design rationale in our approach is a synonym for argumentation. Rittel

was the first to advocate systematic documentation of design rationale as part of design (Rittel, 1972). He sees design problems as fundamentally open ended and controversial in the sense that there are no objective criteria for closing problem definitions and settling disagreements. Such closing and settling are necessary for design, but, for the designer, the decisions on closing and settling are judgmental and political in nature. The design rationale takes the form of a network of issues (design questions), selected and rejected answers, and arguments for and against these answers (see Section 3). The Promise of Design Retionale. Design rationale serves design if it helps designers (a) to improve their own work, (b) to cooperate with other people holding stakes in the design, and (c) to understand existing artifacts communicate with past designers).

Without knowing the rationale, a designer is apt to violate constraints and to repeat errors by ignoring what previous designers have learned. That is, the rationale created in one design project may be a resource for future, related design projects. Even If the difficulties encountered in a project are not overcome, they might still be informative for future designers. The mere existence of unforeseen problems is itself valuable information. Often, design is based on mistaken predictions of how the artifact will perform in use. If these predictions are documented, they can be compared to actual use. This allows for the development of better theories for predicting performance.

The identification and solution of fundamental problems in the creation and use of issue-based design rationale have been central concerns of our research. The first step in this research was a critique of IBIS and an improved issue-based method called PHI (McCall, 1979). The next step was the proposal of a new sort of software technology, hypertext, to handle issue-based rationale (McCall, Mistrik, & Schuler, 1981). We next look at these suggested improvements and the results of their implementation and use.

PHI hypertext with domain-oriented issue bases reduced the cost and increased the benefits of design rationale. But as our systems dealt successfully with this aspect of design rationale, another, more fundamental obstacle was revealed. There is a crucial design activity not supported by argumentative hypertext: construction. In fields such as architectural design, construction is a graphic activity traditionally done by drawing. Construction is the sine qua non of design, for no design project can be completed until the construction is done. Argumentation gets its usefulness in design only by influencing construction. For argumentation to serve design, it must serve construction.

Each of the three times this course has been offered, a consistent pattern has emerged that confirms the earlier results: Students do not deal with issues of form construction until given a project that requires them to do so. To do this project, students rely heavily on taped protocols. One reason for the need to support construction is that design argumentation is densely populated with deictic references to parts of the partially constructed solution. Without the ability to relate construction and argumentation to each other, it is impossible to discuss the solution. Without construction situations, design rationale cannot be contextualized. Students using our systems to generate issue-based design rationale invariably left out all the issues dealing with construction. They instead concentrated on philosophical discussion, requirements, programmatic analysis, and other preparatory issues rather than actually getting into the design.

crucial for exploiting the synergy of the integration. provide context ""L\ Simulation / reduce I....- nentative m-.. reduce CatalogExplorer 3-v Argumdn Catalog ZUustrator illustrate required to read and/or record the argumentation is greater than the action present, design is disrupted and the required context is lost. Design rationale can aid reflection by informing with design knowledge, principles, and ideas and by triggering critical thought in the designer. Schon's theory, when operationalized, can then be used as the basis for a system architecture.

The selected answers determine which issues the system raises from its issue base. This is done with the help of the PHI subissue relationship. In REFLACT, issue bases are fully modifiable and extensible by end users. Designers can add, modify, or delete issues, answers, and arguments without leaving REFLACT Reusable Domain-Otimted Issue hs. A design rationale is a large additional product of the design process. Creating and representing a design rationale is a great effort. Reuse of existing issue bases has the potential to reduce dramatically this effort. Every project is unique in some respects; few if any projects are unique in all respects. Therefore, the contents of a project issue base is not entirely unique to that project. Similar projects overlap

The system provides a common issue base for all projects in a domain such as kitchen design. This issue base includes issues, answers, and arguments at all levels of generality. As pointed out before, not every issue applies in each design project, even if it falls into one general domain. Enriched Catalogs. The JANUS catalog currently does not contain the design rationale for the designs it contains. By adding the rationale to each catalog example, designers can better understand the examples, can more easily find examples that are similar to the kitchens they are designing, and can reuse the rationale. Representation of the Task at Hand. More support to capture incrementally the task at hand is needed. Beyond the information contained in the construction situation, our specification component needs to be developed further to let designers articulate the specifics of their design efforts.

The title of this article, ""Making Argumentation Serve Design,"" indicates that it is a challenge to make the use of design rationale feasible. We have identified major obstacles for meeting this challenge. Creating and using design rationale is a time-consuming process that must be carried out in addition to standard design activities, and there is little immediate reward. Recording and accessing design rationale can disrupt design and interfere with reflection in action. Argumentation that is removed from construction loses relevance to the task at hand. Without tight integration of argumentation and construction, designers fail to apply argumentation in the construction activity. We have analyzed these problems within the design theories of Schon (1983) and Rittel(1984). These analyses gave us a constructive understanding that suggested the following solution approaches.",outputs/batch1/canonical_text_284/4567075d70b4.txt,G. Fischer; A. C. Lemke; Ray McCall; A. M√∏rch,1996,Hum. Comput. Interact.,,https://www.semanticscholar.org/paper/3030e27be928a7240a7e390ad8a09ba979d0cac9,DRAT-C01,0,designers | capture | communication | representation | language | support | argumentation | claims | decisions | quality | structure | advice | patterns | reasoning | context,Design rationale — Design process and Design decisions [DRAT-C01],"Design process, Design decisions",Design rationale — Design process and Design decisions,Provisional interpretation,Assignment frozen; interpretation requires confirmation by at least two reviewers,Contrastive phrase label with source-grounded extractive summary.,Not assigned by Path 1,Not evaluated in this statistical interpretation,Not applicable,Predefined keyword group,Not assigned,BGE-M3 embedding + Spectral clustering,Not assigned,Source-grounded cluster interpretation,not_applicable,,,,-1,0.0,designers | capture | communication | representation | language | support | argumentation | claims | decisions | quality | structure | advice | patterns | reasoning | context,False,False,0,,,"Documenting argumentation (i.e., design rationale) has great potential for serving design. Despite this potential benefit, our analysis of Horst Rittel's and Donald Schon's design theories and of our own experience has shown that there are the following fundamental obstacles to the effective documentation and use of design rationale: (a) A rationale representation scheme must be found that organizes information according to its relevance to the task at hand; (b) computer support is needed to reduce the burden of recording and using rationale; (c) argumentative and constructive design activities must be linked explicitly by integrated design environments; (d) design rationale must be reusable. In this article, we present the evolution of our conceptual frameworks and systems toward integrated design environments; describe a prototype of an integrated design environment, including its underlying architecture; and discuss some current and future work on extending it.",14.5274,20.317795,0.057904720306396484,5,5,False,"[{'paper_id': '40034332988c', 'title': 'Redesigning the rationale for design rationale', 'cluster': 0, 'distance': 0.1000986099243164}, {'paper_id': '4c8bdfbd1309', 'title': 'Integrating different perspectives on design rationale: supporting the emergence of design rationale from design communication', 'cluster': 0, 'distance': 0.10288900136947632}, {'paper_id': '0050f73e4373', 'title': 'Integrating different perspective on design rationale: Supporting the emergence of design rationale from design communication', 'cluster': 0, 'distance': 0.10471433401107788}, {'paper_id': '7a42dd52852e', 'title': ""What's in design rationale?"", 'cluster': 0, 'distance': 0.10576236248016357}, {'paper_id': 'ab97fa9e6ec7', 'title': '""Argumentative Design Rationale and the Object-Oriented Development Process: better analysis, better design""', 'cluster': 0, 'distance': 0.12048256397247314}]","In this paper we analyze the essential problems that prevent the successful development and use of design rationale systems. [E1] In this article, we develop a framework for evaluating the expressive adequacy of design rationale representations. [E2]"
4ac74ce3f335,Design rationale,Towards a framework for documentation design: an abstract model of computer-mediated activity,"An abstract model is developed of ""computer-mediated activity"" or CMA. The CMA model is based on the existing literature and describes how people interact with software to fulfil an intention and how, over time, they may achieve full mastery of the software. Academic studies related to the design of user documentation for software are sparse, and no underlying reference framework is available within which design rationale could be expressed. The CMA model is intended as a first step towards the development of such a framework. Its implications for documentation design are discussed and its application is illustrated by describing a number of well-known documentation formats in terms of the model.",12,12,4ac74ce3f335_p0002;4ac74ce3f335_p0003;4ac74ce3f335_p0004;4ac74ce3f335_p0005;4ac74ce3f335_p0007;4ac74ce3f335_p0008;4ac74ce3f335_p0012;4ac74ce3f335_p0013;4ac74ce3f335_p0015;4ac74ce3f335_p0019;4ac74ce3f335_p0024;4ac74ce3f335_p0030,"Results of numerous studies (for a listing, see [1]) suggest that the efficient usage of computer software does not automatically follow from either good design or any degree of experience of its users. The phenomenon that people have considerable trouble acquiring all the knowledge that underlies expertise in the use of software, and that their skills tend to converge at relative mediocrity even after extensive practice, is so widespread that a phrase has been coined for it, the “Paradox of the Active User” [4]. Originally referring to the paradoxical situation that while people skip the learning stage in order to save time, they could save considerably more time later on by earlier investing some in learning, the phrase has stuck. Giving a slight twist to it, its meaning has since been neatly summarized as “the persistent use of inefficient procedures by experienced or even expert users when demonstrably more efficient procedures exist” [7].

The Paradox of the Active User was not reported on before the advent of software-driven tools. Yet almost thirty years after it was first identified, in software-driven environments it is as manifest as ever. People still struggle with software. They still get stuck at a level of persistent suboptimal use. They still need help. One of the professional disciplines labouring to provide such help is that of documentation design. Documentation is the oldest form of supporting users of software, but its design is still an art rather than a science or even a craft. Documentation designers’ knowledge and skills have not developed at the same pace as the software that they document [18]. And while journals, conferences and text books on almost every aspect of software development abound, there exist hardly any evidence-based guidelines to inform the work of documentation designers.

A systematic search for scholarly papers into the design of software documentation for end users, published during the 5-year period from July 2007 to July 2012, uncovered only seven (7) such publications 1. Even allowing for some papers being overlooked, this figure can be expected to fall within the correct order of magnitude, and it is staggeringly low. What research there is, is piecemeal; and researchers “do not always make clear the boundary conditions within which their findings will apply” [18]. To know the conditions under which a particular design solution is useful, such a solution must be built upon a naturalistic and descriptive model on an abstract level [10]. No comprehensive model of human interaction with software is readily available, but separate pieces of the larger picture are. In this paper, a complete model of “computer-mediated activity”, henceforward referred to as the “CMA model”, is assembled by combining insights from psychology, instructional science, cognitive science, risk analysis and management, and economics; like so many pieces of a jigsaw puzzle.

The value of the CMA model to documentation design lies in the description it provides of the context in which the Paradox of the Active User manifests itself. The model identifies distinct cognitive constructs that work on each other in a closed loop. Each of the constructs embodies a possible locus of breakdown in the process of learning from practice through repeated CMA; ands each offers a target for interventions in the form of elements in the documentation that is designed. Thus, the CMA model makes it possible to express the design rationale underlying documentation design decisions. The admittedly eclectic nature of the CMA model allows for its covering the complete field of interest. All its constituent parts are tried and tested in naturalistic settings and their validity as ways of looking at various aspects of human cognition “in the wild” is widely accepted. All are regularly applied in disciplines other than

The complete CMA model, shown in Figure 1, is constructed step by step in the first part of this paper. Then, the implications of the model are briefly discussed, and its application to the design of user documentation. The paper concludes by discussing a number of formats that are regularly employed in user documentation (screen captures, conceptual models and worked examples) against the backdrop of the model.

Software Use as Tool-Mediated Activity A coherent framework for studying the interaction with tools in the context of real-life human endeavour is found in the relatively recent dusting-off of activity theory, first developed in the Soviet Union in the early decades of the 20 th century but now sparking widespread interest in the field of user interaction design (see [2, 13]). Human activity in this framework is regarded as a form of doing that is directed towards a material or immaterial object satisfying a need. Furthermore, all human activity is mediated by the context, social and otherwise, in which the activity is carried out and by the tools that are used [2, 9]. Deployment of a particular tool changes the quality of the activity. The intention towards the object provides the motivation and is what distinguishes one activity from another.

To fit the special case of computer-mediated activity, the RPD model is slotted into the model replacing the generic “operation”. To summarize: situation processing is carried out in order to construct a situation model, which includes an interaction. Recognition dampens the process. Recognition is fed from the knowledge base. Constructivist Learning Until relatively recently, instruction was built on the assumption that, through the provision of information, knowledge can be transferred from one who possesses it (the trainer or teacher) to one who as yet does not (the trainee or student). Over the past half century instructional theory has come to accept what is commonly referred to as the “constructivist” view, which is that meaningful, applicable knowledge “is not passively received either through the senses or by way of communication” but is actively constructed by the learners, based on their interpretations of experiences: that is, practice [17].

In the constructivist view, information is not the same as knowledge. Rather, information is the input to a process of which the output is knowledge. Constructivism is included in the CMA model by allowing for the knowledge base to be modified as a consequence of the cognitive effort embodied in the situation processing. To summarize: learning follows from situation processing. Skill-based, Rules-based and Knowledge-based Cognitive Performance Just like every other process, situation processing has a quantitative and a qualitative aspect. Quantity of situation processing is the amount of effort that goes into it. Were it this alone that results in additional knowledge (i.e., learning), then any cognitive struggle would cause the performer to learn. In reality, hard work is no guarantee for learning from the experience or even for successful completion of a task.

Conscious attention is applied only when an error becomes apparent, at which time performance will move up to the next, the rules-based or RB level. - When an error is detected that cannot be quickly and easily corrected, the performance level shifts up to rules-based (RB) performance. Some more effort now goes into situation processing: the knowledge base is searched for a structure that seems to match the situation. This level of performance is called “rulesbased” because no matter what shape or form knowledge structures in the knowledge base may take, what the performer is interested in is applying a “rule” that runs along the lines of, “ if the situation is like [XXX] then do [YYY]”. - The third and highest, most effortful, level is knowledge-based (KB) performance. When there seems to be really no alternative, the performer will move up yet another gear into this level, where situation processing is thorough.

When considering the CMA model, a metaphor may be useful. Imagine upgrading as an engine, fuelled by intention. As long as the engine runs, information is fed into it and processed and as a result, the knowledge base expands. As the knowledge base expands, however, it will offer increasing resistance against further expansion so that the process slows down. Ideally the engine continues running until the knowledge base is full and complete mastery has been achieved. However, the intention that represents the fuel supply is regulated by the experienced value-to-load ratio. When the intention stays at the same level, or even goes down, the fuel supply will dwindle so that the engine runs down, leaving the software user stranded at a suboptimal level of performance: the Paradox of the Active User at work. To keep the engine running it is necessary that upgrading is possible and recognition is kept at bay.

Moving on from the problem space into the solution space, the CMA model helps decompose the overall design problem (“software documentation that works”) into more manageable sub-problems. To conclude this paper, some well-known formats of software documentation are briefly discussed in terms of the CMA model. Screen captures Screen captures (also known as screenshots, screen images, screen grabs or screen dumps) are whole or partial representations of the screen. They are produced directly from the memory on the graphics card and as such, they present a true facsimile. They may be cropped and/or include highlighted, greyed-out or selected screen areas as well as the cursor and the mouse pointer, and text or graphics may be superimposed on them. Without reference to any underlying model, the deployment of screen captures can be elaborated on only by making subtle

The model of Computer-Mediated Activity sketched in this paper provides a backdrop against which the design rationale of user documentation products can be discussed in terms of the intended effects on the learning process. As such, it offers practically applicable insights into the decades-old problem of how to fight the Paradox of the Active User through documentation.",outputs/batch1/canonical_text_284/4ac74ce3f335.txt,"van Loggem, Brigit",2013,Proceedings of the 31st European Conference on Cognitive Ergonomics,10.1145/2501907.2501953,https://doi.org/10.1145/2501907.2501953,DRAT-C02,1,documentation | software | tools | learning | level | decisions | situation | activity | support | user | screen | inheritance | engineering | base | experiences,Design rationale — Method rationale and Method use [DRAT-C02],"Method rationale, Method use",Design rationale — Method rationale and Method use,Provisional interpretation,Assignment frozen; interpretation requires confirmation by at least two reviewers,Contrastive phrase label with source-grounded extractive summary.,Not assigned by Path 1,Not evaluated in this statistical interpretation,Not applicable,Predefined keyword group,Not assigned,BGE-M3 embedding + Spectral clustering,Not assigned,Source-grounded cluster interpretation,not_applicable,,,,-1,0.0,documentation | software | tools | learning | level | decisions | situation | activity | support | user | screen | inheritance | engineering | base | experiences,False,False,0,,,"An abstract model is developed of ""computer-mediated activity"" or CMA. The CMA model is based on the existing literature and describes how people interact with software to fulfil an intention and how, over time, they may achieve full mastery of the software. Academic studies related to the design of user documentation for software are sparse, and no underlying reference framework is available within which design rationale could be expressed. The CMA model is intended as a first step towards the development of such a framework. Its implications for documentation design are discussed and its application is illustrated by describing a number of well-known documentation formats in terms of the model.",16.674047,18.66462,0.05452597141265869,2,2,True,"[{'paper_id': 'edde6dc75b19', 'title': 'The language of design: Theory and computation', 'cluster': 0, 'distance': 0.17984539270401}, {'paper_id': '296e021afe91', 'title': 'A generic model for reflective design', 'cluster': 0, 'distance': 0.19266092777252197}, {'paper_id': '866d8935b9e0', 'title': 'Issues critical to the development of design history, design rationale and design intent systems', 'cluster': 0, 'distance': 0.19386643171310425}, {'paper_id': '4c8bdfbd1309', 'title': 'Integrating different perspectives on design rationale: supporting the emergence of design rationale from design communication', 'cluster': 0, 'distance': 0.20553267002105713}, {'paper_id': '0050f73e4373', 'title': 'Integrating different perspective on design rationale: Supporting the emergence of design rationale from design communication', 'cluster': 0, 'distance': 0.20575523376464844}]","In this paper we discuss the need to integrate formal metamodels with an informal method rationale. [E1] Academic studies related to the design of user documentation for software are sparse, and no underlying reference framework is available within which design rationale could be expressed. [E2]"
4c8bdfbd1309,Design rationale,Integrating different perspectives on design rationale: supporting the emergence of design rationale from design communication,"Design rationale is a topic that implies different things to different people. To some it implies argumentation and frameworks for argumentation. To others it implies the documentation of design, like that required for many types of industrial or government work. Still others describe design rationale as the capture and potential reuse of normal communication about design. These perspectives of design rationale use different representations, which influence their ability to capture and to retrieve and use information. We propose an integrated approach to design rationale where design communication is captured and, over time, incrementally structured into argumentation and other formalisms to enable improved retrieval and use of this information. Two systems, PHIDIAS and the hyper-object substrate, are used to demonstrate: 1) how to capture and integrate a variety of design information, 2) how to support the structuring of unstructured information, and 3) how to use design information to actively support design.",12,12,4c8bdfbd1309_p0001;4c8bdfbd1309_p0003;4c8bdfbd1309_p0004;4c8bdfbd1309_p0018;4c8bdfbd1309_p0033;4c8bdfbd1309_p0034;4c8bdfbd1309_p0037;4c8bdfbd1309_p0046;4c8bdfbd1309_p0048;4c8bdfbd1309_p0053;4c8bdfbd1309_p0054;4c8bdfbd1309_p0059,"Integrating Different Perspectives on Design Rationale: Supporting the Emergence of Design Rationale from Design Communication Frank M. Shipman III Department of Computer Science Texas A&M University College Station, TX 77843-3112 E-mail: shipman@cs.tamu.edu Raymond J. McCall College of Environmental Design & Institute of Cognitive Science University of Colorado, Boulder Boulder, CO 80309 E-mail: mccall@spot.colorado.edu

The term design rationale (DR) means different things to different people. There are, in particular, at least three distinct perspectives on DR, which we will call argumentation, communication, and documentation. These perspectives differ but are not contradictory, for each aims at achieving a different goal and therefore uses different--albeit overlapping--approaches.

problems. It includes both the reasoning of the individual designer and the discourse among participants in a design project. This perspective is characteristic of designers and methodologists who seek to improve the quality of design by improving the reasoning of designers--in particular, by improving the arguments that they use. From the argumentation perspective, the purpose of recording design rationale is to call attention to deficiencies in that rationale and thus lead to the correction of these deficiencies. This approach was originated by Rittel [Rittel 1972], and the best-known examples of it are based on his Issue-Based Information System (IBIS) framework for argumentation [Kunz, Rittel 1970]. In the last decade a number of other frameworks have also been pursued. Some of these are described below. Typically, those who use the argumentative approach to DR attempt to get designers to think and discuss design within a given argumentative framework.

1994], INDY [Reeves 1993], and HOS [Shipman 1993]. There are three variants of task-based indexing in these systems. One is artifact-based indexing, which uses the graphical representations of the artifacts being designed to retrieve the rationale relevant to their design [Reeves 1993]. A second variant is critique-based indexing, which uses knowledge-based critics to ""look over the shoulders"" of designers as they work and detect possible violations of principles of design [Fischer et al. 1992]. A third variant is operation-based indexing, which enables designers to retrieve the design rationale relevant to specific editing operations on a given graphical object--such as moving, resizing, or replacing it [McCall et al. 1994]. In summary, the argumentation approach to DR, while having difficulty capturing information, has developed a rich collection of techniques and technologies for retrieval of relevant rationale.

effectiveness of retrieval and capture, there must in principle be a way to have both be effective. The second lesson is that for capture to be effective, the structuring of design rationale must happen after, not during capture. The problems we are then left to solve are those of how to capture and subsequently structure large quantities of argumentative rationale and to do so in the absence of the sort of legal constraints that motivate documentation.

Our basic approach in attempting to solve the problems of design rationale is threefold: 1. to use the communication perspective for capturing rationale, 2. to use the argumentation perspective for retrieving rationale, and 3. to bridge the gap between these two approaches by structuring rationale after capture and in a way that makes heavy use of the computer to reduce or eliminate the work of structuring. In using the communication perspective for capture our approach is to create software that integrates all the major kinds of digital media. Thus, we seek to incorporate e-mail text, word processor documents, video of meetings, voice mail conversations, scanned documents, photographs, and CAD drawings into a single, hypermedia database. By integrating these various media, we can integrate and interrelate all major forms of human communication.

Rationale There are a number of issues that arise in designing systems to support an integrated approach to design rationale based on the three-fold approach outlined above. Here we consider three: 1) how to capture and integrate a variety of types of design communication in a single system, 2) how to support the emergence of structure in design communication, in particular, the kind of indexing structure useful for retrieval, and 3) how to retrieve and use this rationale to actively support design.

The particular combination of hypermedia and knowledge-based system functionality in HOS is meant to facilitate the incremental addition of formalism to any piece of information in the system. Every HOS object may have a navigational link to a view object. Also, each object includes an extensible set of attributes and relations. Attributes and relations may be inherited between any pair of objects using a variation of prototype inheritance [Lieberman 1986] which allows inheritance networks to form generic graphs. This flexible representation can support communication, argumentation, and even more formally represented domain knowledge, avoiding the need for designers to move between systems in order to work with different types of information. Over time, communication between network designers can be migrated from informal textual annotations to either structured rationale about the design or to modifications to the underlying formal representation of the domain.

current goals. When it served their current goals, users would formalize domain knowledge in attributes and relations. Not only was the resulting formalization demand-driven, but the domain representation also could change with the evolving goals of the system. The use of a single underlying representation allows HOS to support the integration design communication and design artifacts without designers needing to consider information format and initial representation. For task-based structure to be added to the design communication it is critical that the representation enable an incremental approach to formalization.

One method of making use of acquired information in the context of design are critics [Fischer et al. 1992]. Critics ""look over the shoulder"" of the designer and attempt to recognize when particular aspects of design are suboptimal or the designer might otherwise benefit from being pointed at particular design rationale. As discussed in Section 2.1, the specific nature of the critics and their associated rationale allows systems to provide the designer with contextualized support. Critics can either be left active, and thus providing information, throughout the design process, or execute only when requested by the designer. station in the galley of the lunar habitat. http://www.csdl.tamu.edu/~shipman/aiedam/ (16 of 23)4/27/2004 6:06:40 PM

Besides providing the designer with initial information, such as the need for the inventory management station, the critic provides access to rationale associated with this design issue. The designer may also decide to argue with the critic, providing rationale about why the critic suggestion is inaccurate in this case. PHIDIAS uses the direct connections between design artifacts and design rationale, along with features of the current design situation, to determine when to provide information and what information to provide. In PHIDIAS, critics not only aid the act of design, but also promote the capture of design information and its use as argumentation.

We have discussed three perspectives on design rationale and their relative advantages and disadvantages. The argumentation perspective represents design information as structured arguments. Experience indicates it is difficult to acquire information in this representation but the resulting rationale may be retrieved through a combination of issue-based, task-based, and critic-based indexing. The communication perspective of design rationale uses a variety of representations to capture the natural communication that takes place as part of the design process. This approach can easily acquire large quantities of design information, but the variety of media and unstructured nature of the content makes retrieval and use of this information difficult. The notebook and form-based representations of the documentation perspective are an example of the successful use of structured representations.",outputs/batch1/canonical_text_284/4c8bdfbd1309.txt,"Shipman, F.M., III (1); McCall, R.J.",,"(AI EDAM) Artificial Intelligence for Engineering Design, Analysis and Manufacturing",10.1017/S089006040000192X,,DRAT-C01,0,designers | capture | communication | representation | language | support | argumentation | claims | decisions | quality | structure | advice | patterns | reasoning | context,Design rationale — Design process and Design decisions [DRAT-C01],"Design process, Design decisions",Design rationale — Design process and Design decisions,Provisional interpretation,Assignment frozen; interpretation requires confirmation by at least two reviewers,Contrastive phrase label with source-grounded extractive summary.,Not assigned by Path 1,Not evaluated in this statistical interpretation,Not applicable,Predefined keyword group,Not assigned,BGE-M3 embedding + Spectral clustering,Not assigned,Source-grounded cluster interpretation,not_applicable,,,,-1,0.0,designers | capture | communication | representation | language | support | argumentation | claims | decisions | quality | structure | advice | patterns | reasoning | context,False,False,0,,,"Design rationale is a topic that implies different things to different people. To some it implies argumentation and frameworks for argumentation. To others it implies the documentation of design, like that required for many types of industrial or government work. Still others describe design rationale as the capture and potential reuse of normal communication about design. These perspectives of design rationale use different representations, which influence their ability to capture and to retrieve and use information. We propose an integrated approach to design rationale where design communication is captured and, over time, incrementally structured into argumentation and other formalisms to enable improved retrieval and use of this information. Two systems, PHIDIAS and the hyper-object substrate, are used to demonstrate: 1) how to capture and integrate a variety of design information, 2) how to support the structuring of unstructured information, and 3) how to use design information to actively support design.",14.486322,19.589994,0.03776228427886963,1,1,True,"[{'paper_id': '0050f73e4373', 'title': 'Integrating different perspective on design rationale: Supporting the emergence of design rationale from design communication', 'cluster': 0, 'distance': 0.0006548166275024414}, {'paper_id': '40034332988c', 'title': 'Redesigning the rationale for design rationale', 'cluster': 0, 'distance': 0.08360415697097778}, {'paper_id': '7a42dd52852e', 'title': ""What's in design rationale?"", 'cluster': 0, 'distance': 0.09775441884994507}, {'paper_id': 'ab97fa9e6ec7', 'title': '""Argumentative Design Rationale and the Object-Oriented Development Process: better analysis, better design""', 'cluster': 0, 'distance': 0.10207754373550415}, {'paper_id': '4567075d70b4', 'title': 'Making Argumentation Serve Design', 'cluster': 0, 'distance': 0.10288900136947632}]","In this paper we analyze the essential problems that prevent the successful development and use of design rationale systems. [E1] In this article, we develop a framework for evaluating the expressive adequacy of design rationale representations. [E2]"
75731fe2e6d1,Design rationale,"Feature, specification and evidence framework for communicating design rationale","Design rationale is the justification behind a product component, often captured via written reports and oral presentations. Research shows that the structure and information used to communicate and document rationale significantly influence human behavior. To better understand the influence of design rationale on engineering design, we investigate the information engineers and designers include in design rationales in written reports. Eight hundred and forty-six pages of student engineering design reports from 28 teams representing 116 individuals were analyzed using a mixed-methods approach and compared across project types. The rationales from the reports were coded inductively into concepts and later applied to five industry reports consisting of 218 pages. The findings reveal a spectrum of rationales underpinning design decisions. Grounded in the data, the feature, specification and evidence (FSE) framework emerged as a feature-based and low-effort capture approach. We discuss the need to improve design communication in engineering design, through structuring rationales (i.e., using the proposed FSE framework or other representations) and improving technical writing skills. Lastly, by enhancing design rationale communication and documentation practices, significant benefits can be realized for computational support tools such as automatic rationale extraction or generative approaches.",12,12,75731fe2e6d1_p0003;75731fe2e6d1_p0004;75731fe2e6d1_p0007;75731fe2e6d1_p0009;75731fe2e6d1_p0011;75731fe2e6d1_p0036;75731fe2e6d1_p0047;75731fe2e6d1_p0049;75731fe2e6d1_p0062;75731fe2e6d1_p0079;75731fe2e6d1_p0080;75731fe2e6d1_p0084,"We discuss the need to improve design communication in engineering design, through structuring rationales (i.e., using the proposed FSE framework or other representations) and improving technical writing skills. Lastly, by enhancing design rationale communication and documentation practices, significant benefits can be realized for computational support tools such as automatic rationale extraction or generative approaches.

Documenting design rationale is a critical aspect of the engineering design process; however, what to include and at what level of detail is not standardized in teaching or practice. Design rationale has many definitions, capture methods and use cases (Moran & Carroll 1996). We adopt Lee’s definition of design rationale as “not only the reasons behind a design decision but also the justification for it, the other alternatives considered, the tradeoffs evaluated, and the argumentation that led to the decision” (1997). The scope of this research focuses on technical reports, which are an industry standard for engineering design. The reports for this study were gathered primarily from designs with tangible elements instead of entirely software-based. Engineers often compile their design rationales in such reports Received 24 July 2023 Revised 27 June 2024 Accepted 28 June 2024 Corresponding author Y.

Research in engineering design has also found that information and tone used to reason and explain decisions affect human behavior (Dong, Lovallo & Mounarath2015; Narayananet al.2018; Das & Chernova 2020). Therefore, adequately capturing design rationales is of high importance. The high-level objective of the work aims to study how engineers and designers communicate design rationales in written technical reports for physical artifacts. A guiding question for the current study is: What information is contained within design rationale in written technical reports? To learn about the design rationale trends engineers use, the medium and information contained within rationales need to be investigated. More specifically, this article details how including specific information impacts communication effectiveness. Technical reports were used because they are an industry standard and hold more information than presentations (which tend to be briefer) or informal conversations (usually follow-up questions on specific components).

among stakeholders (Eckert et al. 2017). Design rationale has various definitions, interpretations and perspectives, making it a multifaceted concept that is understood and applied differently across domains (Regli et al. 2000; Sagoo, Tiwari & Alcock 2014). This background section provides an overview of the various definitions, capture methods, use cases of design rationale and the expectations surrounding communication and documentation practices in engineering design. By exploring these topics, we provide insight into the challenges associated with effectively capturing and using design rationales, specifically the design of physical systems. 2.1. Defining, capturing and using design rationale Over time, the definitions for design rationale have evolved, expanding on the contents to include and the level of detail necessary. Central to design rationale is the “why” behind design decisions.

The lack of specificity of what should be included (shared ontologies) in a design rationale can be attributed to the differing use cases and representations (Hay et al. 2017). Design rationales serve a multitude of purposes, ranging from facilitating effective communication and collaboration among design team members to aiding in decision-making, enhancing knowledge management, and providing a basis for design evaluation and improvement. Which representations and capture approaches to implement depends on the intended use case; Some call for detailed information collected temporally, while others are collected after the completion of a design. Two dominant process-based representations include issue-based information system (IBIS) (Conklin & Yakemovic 1991) and Questions, Options and Criteria (QOC) (MacLean et al. 1991). IBIS frames rationale as issues (design questions), positions (answers to the design questions) and arguments (support/ refute positions).

mediums of design rationale communication (i.e., text, images, tables) and the mix of design processes used to generate evidence for design rationales. The second stage focused on using the most important codes to sift through a large amount of data (remaining graduate then undergraduate reports). This coding was more selective and conceptual than paragraph-by-paragraph, focusing on using and deciding which tentative categories most aligned with the research question. As focused coding was performed, we decided on two analytical directions that made the most sense to categorize the data and codes. One focused on the categories of communicating design rationale, highlighting the medium and linguistic styles. The other situated the categories as spatiotemporal benchmarks within the engineering design process, highlighting where designers pinpoint rationale development via persons and methods.

of design rationales where segments corresponding to the “communicating clearly” code set included more information and detail than those corresponding to the “missing information” code set. Post-coding integration work revealed FSE as key elements that appeared in rationales coded as “communicating clearly. ” Meanwhile, “missing information” contained two or fewer FSE elements. Twenty-two of the 28 documents (79%) contained 109 rationales coded under the code set of communicating clearly , indicating that most reports effectively conveyed design rationale for at least one feature. Meanwhile, 27 of the 28 reports (96%) contained 115 rationales coded under missing information , suggesting a high frequency of fragmented or absent design rationale. Note that both codes could be used in a single report since a given product has multiple features and accompanying rationale.

The information included in design rationales also indicated the extent to which designers assumed specific knowledge from their readers, reflecting team congruency or a shared knowledge base. 4.3. Verification using industry reports Across the five industry reports, 438 segments were coded within the 218 pages. For the “levels of clarity” concept, there were 86 instances ofcommunicating clearly and 207 codes for missing information. When information was missing, it often could be attributed to using industry standards or experimental results. Regarding the “three techniques” concept, redirecting focus was most frequently used ( n = 110), followed by inserting self (n = 19) and making assumptions (n = 16). The technical design reports used the redirecting focus strategy when referring to graphs, charts and other figures to justify their decisions.

In the pursuit of enhancing communication practices of design rationale, this research focused on understanding the information contained in design rationales in written technical reports. Using an iterative and inductive approach, the FSE framework emerged from analyzing coded segments of design rationales associated with the “levels of clarity ” concept. Within the resulting FSE framework, distinct elements – features, specifications and evidence – have been identified, reflecting the nuanced patterns and insights derived from the coded rationales of students and professionals. This section introduces the proposed framework, its elements, and the type of information contained within each element. 5.1. Elements of the framework Feature (F) – Feature describes an artifact’s design component or attribute that the rationale serves to justify, such as a brake pad, steering wheel, or tire.

Here, we define rationale as a justification broken into FSE. Another challenge that needs to be solved is evaluating whether the FSE elements are cohesively linked. Moreover, generative rationale could be structured into FSE with sufficient information on the depth of information each element needs. For example, careful prompting of large language models could use the FSE structure to output rationales. The ability to explicitly link information acquired through design processes to final design solutions, as defined in the FSE framework, could benefit the development of computational design agents to use human-like rationale. 6.3. Next steps to evaluate FSE We hypothesize that using the FSE framework results in higher-quality rationale than unstructured approaches. However, quality is not well defined. Current research is developing ways to evaluate rationale quality using natural language processing and human evaluations.

The two hypotheses developed from this work are: H 1: Rationales using the FSE framework are more cohesive than unstructured rationales. H 2: FSE structured rationales are rated higher than unstructured rationales using human raters and rubrics (e.g., technical writing, critical thinking). Compared to the current design rationale capture processes (i.e., technical reports), we believe that using FSE will result in higher quality rationales in comparable amounts of time. Evaluation of these hypotheses will use quantitative methods, and this research is well underway. One should note that many of the exhaustive rationale capture approaches in literature have been qualitatively evaluated with designer feedback. Future work will move beyond designer perceptions and toward methods to evaluate the quality of design rationales computationally at scale. 23/30

Engineers and designers must provide design rationale when developing new products and systems. Design rationales should go beyond describing product features and functions. Instead, rationales should cohesively link those features with specifications and evidence. Using a mixed-methods approach, 846 pages of technical design reports were analyzed using thematic analysis inspired by the grounded theory process, followed by a verification dataset of five industry reports. Based on the information contained in design rationale data, the main contribution is the proposed feature, specification and evidence (FSE) framework that details a logical structure for communicating design rationales with a low barrier to integration into existing reporting standards. Open challenges in design rationale communication are discussed, as well as how to apply the FSE framework in education and practice. 24/30",outputs/batch1/canonical_text_284/75731fe2e6d1.txt,"Mirabito, Y. (1); Tchatchouang Kayo, M.A. (2); Goucher-Lambert, K. (1)",,Design Science,10.1017/dsj.2024.19,,DRAT-C01,0,designers | capture | communication | representation | language | support | argumentation | claims | decisions | quality | structure | advice | patterns | reasoning | context,Design rationale — Design process and Design decisions [DRAT-C01],"Design process, Design decisions",Design rationale — Design process and Design decisions,Provisional interpretation,Assignment frozen; interpretation requires confirmation by at least two reviewers,Contrastive phrase label with source-grounded extractive summary.,Not assigned by Path 1,Not evaluated in this statistical interpretation,Not applicable,Predefined keyword group,Not assigned,BGE-M3 embedding + Spectral clustering,Not assigned,Source-grounded cluster interpretation,not_applicable,,,,-1,0.0,designers | capture | communication | representation | language | support | argumentation | claims | decisions | quality | structure | advice | patterns | reasoning | context,False,False,0,,,"Design rationale is the justification behind a product component, often captured via written reports and oral presentations. Research shows that the structure and information used to communicate and document rationale significantly influence human behavior. To better understand the influence of design rationale on engineering design, we investigate the information engineers and designers include in design rationales in written reports. Eight hundred and forty-six pages of student engineering design reports from 28 teams representing 116 individuals were analyzed using a mixed-methods approach and compared across project types. The rationales from the reports were coded inductively into concepts and later applied to five industry reports consisting of 218 pages. The findings reveal a spectrum of rationales underpinning design decisions. Grounded in the data, the feature, specification and evidence (FSE) framework emerged as a feature-based and low-effort capture approach. We discuss the need to improve design communication in engineering design, through structuring rationales (i.e., using the proposed FSE framework or other representations) and improving technical writing skills. Lastly, by enhancing design rationale communication and documentation practices, significant benefits can be realized for computational support tools such as automatic rationale extraction or generative approaches.",15.315586,17.7172,0.06249737739562988,6,6,False,"[{'paper_id': '16b7f7939f93', 'title': 'Characterizing Design Rationales Using Computational Linguistics and Human Evaluations', 'cluster': 0, 'distance': 0.0982433557510376}, {'paper_id': '4c8bdfbd1309', 'title': 'Integrating different perspectives on design rationale: supporting the emergence of design rationale from design communication', 'cluster': 0, 'distance': 0.10874426364898682}, {'paper_id': '0050f73e4373', 'title': 'Integrating different perspective on design rationale: Supporting the emergence of design rationale from design communication', 'cluster': 0, 'distance': 0.11026632785797119}, {'paper_id': '40034332988c', 'title': 'Redesigning the rationale for design rationale', 'cluster': 0, 'distance': 0.11544477939605713}, {'paper_id': '7a42dd52852e', 'title': ""What's in design rationale?"", 'cluster': 0, 'distance': 0.11574012041091919}]","In this paper we analyze the essential problems that prevent the successful development and use of design rationale systems. [E1] In this article, we develop a framework for evaluating the expressive adequacy of design rationale representations. [E2]"
7a42dd52852e,Design rationale,What's in design rationale?,"A few representations have been used for capturing design rationale. To understand their scope and adequacy, we need to know how to evaluate them. In this article, we develop a framework for evaluating the expressive adequacy of design rationale representations. This framework is built by progressively differentiating the elements of design rationale that, when made explicit, support an increasing number of the design tasks. Using this framework, we present and assess DRL (Decision Representation Language), a language for representing rationales that we believe is the most expressive of the existing representations. We also use the framework to assess the expressiveness of other design rationale representations and compare them to DRL. We conclude by pointing out the need for articulating other dimensions along which to evaluate design rationale representations.",12,12,7a42dd52852e_p0003;7a42dd52852e_p0004;7a42dd52852e_p0005;7a42dd52852e_p0006;7a42dd52852e_p0013;7a42dd52852e_p0018;7a42dd52852e_p0020;7a42dd52852e_p0021;7a42dd52852e_p0022;7a42dd52852e_p0048;7a42dd52852e_p0087;7a42dd52852e_p0092,"Also, the kinds of computational support that we can provide depends on what a representation makes explicit and how formal the representation is. A few systems have been built and actually used to capture design rationales or arguments (Conklin & Begeman, 1988; Fischer, McCall, & Morch, 1989; Kunz & Rittel, 1970; Lee, 1990a, 1990b; McCall, 1987), and most of them used representations based on the earlier studies of design activity (Kunz & Rittel, 1970) or of argumentation (Toulmin, 1958). However, there is no systematic attempt to justify the choice of these representations or to discuss the rationale for using them.

represent? In general, how do we evaluate a language for representing design rationales? This article attempts to answer these questions by identifying the elements of design rationale that could be made explicit and by exploring the consequences of making them explicit. Laying out these elements provides a framework for placing the existing meanings of design rationale in perspective, as well as providing a framework for evaluating a representation language for design rationales, as we hope to show.

We proceed in the following way. In the next section, we identify the tasks that we might want to support using a design rationale representation. Throughout the article, we use these tasks as a reference against which we evaluate the representations that we discuss. In Section 3, we characterize design rationale by presenting progressively richer models. We start with a simple model of design rationale, where an artifact is associated with a body of reasons for the choice of that artifact. We then elaborate this simple model by incrementally differentiating and making explicit what is implicit in the body of reasons. As we do so, we discuss what each resulting model allows us to do. These models of design rationale provide a framework in which to define the scope of a representation and its adequacy within its scope.’ In Section 4, we present a language called DRL for representing rationales and use the models to evaluate DRL. In Section 5, we consider other existing languages for representing design and explore some open problems for future research.

To evaluate a representation, we need to know what tasks it is designed to support. The tasks that a design rationale representation can or should support can be described in many ways at different levels of abstractions. For example, Mostow (1985) listed the following tasks: documentation, understanding, debugging, verification, analysis, explanation, modification, and automation. Fischer et al. (1991 [this issue]} point out that documenting design rationales can support maintenance and redesign of an artifact, reuse of the design knowledge, and critical reflection during the design process. MacLean et al. (1991 [this issue]) list two major benefits from design rationale representation: aid to reasoning and aid to communication. The tasks of achieving these benefits are elaborated further in terms of subtasks,

What is design rationale? The term design rationale is currently used in at least three different ways: a historical record of the reasons for the choice of an artifact (Yakemovic & Conklin, 1990), a set of psychological claims embodied by an artifact (Carroll & Rosson, 1990), and a description of the design space (MacLean, Young, & Moran, 1989).”

? The representation used in Yakemovic and Conklin (1990) describes logical as well as historical aspects of design rationale, as we discuss later. We associate their work, as well as that of Lee (1990a) and Potts and Bruns (1988), with the historical record only because one of their goals is to capture and document the actual process of design.

The third meaning of design rationale is one used by MacLean et al. (1989), namely, how a given artifact is located in the space of possible design alternatives: What are the other possible alternatives? How are these alternatives related? What are the tradeoffs among them? In our Macintosh example, the design rationale in this sense would be some description of the logically possible alternatives for placing window commands, how they are related, and what the tradeoffs are. It is often difficult to provide such a description in a systematic way, but an example is found in Card, Mackinlay, and Robertson (1990) and in Mackinlay, Card, and Robertson (1990), which provides a vocabulary of the primitives and a set of composition operators for describing the design space of possible input devices. This meaning of design rationale seems different from the first meaning in its emphasis on design rationale not being a record but a construction and from the second in its emphasis not on a particular artifact but on the relation among possible alternatives.

We now develop a series of progressively richer models of design rationale, which provides a framework in which we can place the three different meanings of design rationale. The first two meanings are discussed next. The third meaning of design rationale, as a possibility space, is discussed shortly after.

Design rationale in the most general sense is an explanation of why an artifact is designed the way it is. So, in our first model of design rationale, an artifact is associated with a body of reasons as shown in Figure 2a.

that provides an environment for capturing decision rationale and computational services using it. Decision rationale in our sense does not capture some important aspects of design rationale. For example, a design rationale may include the deliberations about how to generate the alternative designs. The scope of DRL, at least for now, does not include the representation of such deliberations.* The exact relation between decision rationale and design rationale, however, has yet to be articulated. Nevertheless, we believe that DRL is the most expressive language that has been used for representing design rationales and that it overcomes many of the limitations in the existing languages in a way that is still simple enough for the user. In this section, we evaluate DRL as a design rationale representation language and point out its strengths and limitations as such.

JANUS (Fischer et al., 1989) is interesting as an attempt to bridge two representations. One of its components, CRACK, uses a rule-based language for representing domain-specific knowledge (e.g., about kitchen design). The other component, ViewPoints, uses PHI to represent the rationale for the decisions made. JANUS integrates the two representations by finding the appropriate rationales represented in PHI for the particular issue that designers face in the construction phase, that is, while using crack. Although the current interface is limited to that of locating the relevant parts of the representations, bridging a design rationale representation and a domain representation is a very important topic of research because such a bridge can allow us to represent the relations among the alternatives or the criteria in more domain-specific ways.

A jarge body of research in the last two decades or so points to the importance of choosing the right representation for a given task (Amarel, 1968; Bobrow, 1975; Brachman & Levesque, 1985; Lenat & Brown, 1984; Winston, 1984). The task of using and reusing design rationales is no different. The benefits we can get and how easily we can get them depends heavily on the representation we use. The choice of representation is especially important when a human is the user of the representation, as in design rationale capture, because a wrong representation can turn people away from the task altogether, attributing the failure and frustration to the task itself rather than the inadequacy of the representation used. People might conclude that capturing design rationales is not worth the trouble because it is so hard and because it does not provide enough rewards for the efforts. But the real problem might be that the representation does not allow us to represent easily what we want to represent in a way that can provide much",outputs/batch1/canonical_text_284/7a42dd52852e.txt,"Lee, Jintae (1); Lai, Kum-Yew (1)",1991,Human-Computer Interaction,,,DRAT-C01,0,designers | capture | communication | representation | language | support | argumentation | claims | decisions | quality | structure | advice | patterns | reasoning | context,Design rationale — Design process and Design decisions [DRAT-C01],"Design process, Design decisions",Design rationale — Design process and Design decisions,Provisional interpretation,Assignment frozen; interpretation requires confirmation by at least two reviewers,Contrastive phrase label with source-grounded extractive summary.,Not assigned by Path 1,Not evaluated in this statistical interpretation,Not applicable,Predefined keyword group,Not assigned,BGE-M3 embedding + Spectral clustering,Not assigned,Source-grounded cluster interpretation,not_applicable,,,,-1,0.0,designers | capture | communication | representation | language | support | argumentation | claims | decisions | quality | structure | advice | patterns | reasoning | context,False,False,0,,,"A few representations have been used for capturing design rationale. To understand their scope and adequacy, we need to know how to evaluate them. In this article, we develop a framework for evaluating the expressive adequacy of design rationale representations. This framework is built by progressively differentiating the elements of design rationale that, when made explicit, support an increasing number of the design tasks. Using this framework, we present and assess DRL (Decision Representation Language), a language for representing rationales that we believe is the most expressive of the existing representations. We also use the framework to assess the expressiveness of other design rationale representations and compare them to DRL. We conclude by pointing out the need for articulating other dimensions along which to evaluate design rationale representations.",15.778062,19.593801,0.05163705348968506,4,4,False,"[{'paper_id': '40034332988c', 'title': 'Redesigning the rationale for design rationale', 'cluster': 0, 'distance': 0.09484821557998657}, {'paper_id': '4c8bdfbd1309', 'title': 'Integrating different perspectives on design rationale: supporting the emergence of design rationale from design communication', 'cluster': 0, 'distance': 0.09775441884994507}, {'paper_id': '0050f73e4373', 'title': 'Integrating different perspective on design rationale: Supporting the emergence of design rationale from design communication', 'cluster': 0, 'distance': 0.09990787506103516}, {'paper_id': '4567075d70b4', 'title': 'Making Argumentation Serve Design', 'cluster': 0, 'distance': 0.10576236248016357}, {'paper_id': 'ab97fa9e6ec7', 'title': '""Argumentative Design Rationale and the Object-Oriented Development Process: better analysis, better design""', 'cluster': 0, 'distance': 0.10973203182220459}]","In this paper we analyze the essential problems that prevent the successful development and use of design rationale systems. [E1] In this article, we develop a framework for evaluating the expressive adequacy of design rationale representations. [E2]"
866d8935b9e0,Design rationale,"Issues critical to the development of design history, design rationale and design intent systems","Design is the evolution of information. This evolution usually begins with an ill-defined need for a product and ends with exact specifications for production, use and retirement or recycling. A number of researchers have hypothesized that capture and reuse of this evolving information has potential for improving the design process and the reuse of design information. Published work has used the terms design history, design rationale, design intent and corporate memory to describe the systems that manage the capture, storage and query of the evolving information. The development of these systems depends on attention to 13 outstanding issues identified in this paper.",12,12,866d8935b9e0_p0004;866d8935b9e0_p0006;866d8935b9e0_p0007;866d8935b9e0_p0008;866d8935b9e0_p0009;866d8935b9e0_p0026;866d8935b9e0_p0028;866d8935b9e0_p0029;866d8935b9e0_p0036;866d8935b9e0_p0038;866d8935b9e0_p0040;866d8935b9e0_p0041,"Each decision has an impact on the fmal product and the manufacturing specifications. Currently there is interest in capturing information during product development and recording the rationale behind the decisions affecting the evolution of the information. This effort, to capture and manage the intent of the designers in a form that can be queried, opens many questions about modeling and controllingdesign information. This paper itemizes issues key to the development of systcms that manage design information evolution.

was a growing consensus in the artificial intelligence community that"" An idealized design history is a useful abstraction of the design process"" (Mostow 85]. In the late 1980s, this author and his colleagues built an object oriented database that organized infonnation about the design of a simple mechanical system [Ullman 91a, Chen 90, 91]. This database could be queried about the evolution of constraints and the effect of decisions on the artifacts being developed. Baxter, in his thesis, ""Transfonnational Maintenance by Reuse of Design Histories"" [Baxter 90] used the concept of a history to aid in the redesign of computer code. All three of these authors saw the concept of a design history as including a record of the rationale behind design decisions and of the intent of the designers. Since Mostow, the artificial intelligence community has been active in developing design rationale systems.

A workshop held in 1992 [Lee 92] defmed the tenn ""rationale"" as ""an explanation that answers a question about why an artifact is designed as it is."" Baxter, in his thesis, refmes the defmition, ""Design rationale: An infonnation structure that justifies how the implementation (consequences of the design selections) satisfies its specification."" This defmition emphasizes the structure of the design information and tracking the relation of decisions back to the specifications. A third community, that organized around development of the STEP IV standard, uses the tenn design intent. Their use of design intent refers to the cause and effect relationships among product data. In an unpublished document, a STEP TV researcher states ""Generally, the tenn intent means the purpose or plan for perfonning activities. During product design these activities transfonn a set of requirements to the fmal specifications.for production.

In a basic sense, the intent is the blueprint for the evolution of the requirements into the production specifications. This blueprint not only has information about the development of the geometry, but also on the evolution of the product function and behavior, the rationale underlying design decisions, and the influence of business activities."" [n some literature, the term corporate memory is used. This term emphasizes the feeing that the information managed is beyond that associated with the traditional artifact as it inciudes business information as well. In the results of the first CERC Workshop on Enabling Technologies [Nichols 92), the discussion on corporate memory was in terms of design histories and rationales. As can be seen, there is little difference betwccn the tcrms .design history, design rationale, design intent and corporate memory as defined above.

Thus, it is assumed that these terms all refer to systems with the characteristics discussed in the previous paragraphs. Throughout the remainder of this paper, systems with these characteristics are called design intent systems and these systems allow query of information that supports design rationale. . '"" ~ '"" Issue 1: A consistent definition of systems structured to anow capture and query of product evolution information needs to be developed. .

Designer(s) Capture Interface Data Store Playback Interface User Type I: Direct History System Designer writes or draws on paper Stored in notebooks User reads notebook and infers rationale Works on computer or Text and drawings are Text strings and Display of stored da Infers rationale from scans paper documents informal drawings or pixel maps stored data Type II: Designer Input Rationale System Makes effort to record Accepts rationale with Data informal but Display of stored data Ratiole realized by reasoning product and process annotated with rationale designer is available information information Type III: Model of Artifact and/or Process System Uses structured Accepts information Data formalized by Display of attributes User queries model interfaces during through structured model and relations in model design interfaces Type IV: Parametric System ' Uses parametric tools Tools structured to Data is stored as Display of parameter User queries system on computer capture data about parameters and their values and relations about parameters and artifaet in terms of relations (possibly different from relations parameters and their those captured) relations .

First Principle Models of Products. In some models of the ideal designprocess, designers begin with first principles when developing concepts [Pahl84]. In reality, designers only resort to flI'Stprinciples when doing detailed analysis or when they are having difficulty trying to generate ideas [Fricke 93). This is not to say that design intent'systems should not have an underlying structure based on fIrst principles, rather that such systems are far from being developed. Hioher Level Product Models. A domain specific, refmed model of the product being designed is a higher level model. Knowledge based systems are higher level models that have, to some degree, the design intent inherent in them. As an example, PRIDE [Mital 86] is an expert system used daily by designers doing feasibility studies for new copiers at Xerox [Dym 1994]. PRIDE assists in the design of the paper transport system that is I central to all copiers.

PRIDE simulates rather closely the actual I design process that human designers use. It uses a top down process of identifying and satisfying design goals and sub-goals. Depending on the requirements and attributes of the artifact, the goal structure evolves as the design progresses. The authors of PRIDE spent about three work years eliciting information from experienced designers in order to develop the process logic. PRIDE uses heuristic, relational, inferential and algorithmic schemes to process both information about the product and the process. Although PRIDE is not a design intent system, by trackiIig the evolution of the attribute values and the decisions made by PRIDE's logic gives much of the design rationale for the paper path's development. More recently Garcia [Garcia 93) developed ""an initial design model able to generate and explain-standard design decisions."" In this system, Garcia uses abstracted knowledge about the design of Heating, Ventilating and Air Conditioning (HVAC) systems.

Thus, the constraints are between geometric primitives. However, variational systems allow equations that model behavior to also be included in the constraint network. Parametric and variational systems allow for design reuse. Thus it is easy to find the answer to queries about the affect of parameter (attribute value) changes and sensitivities. In this manner these systems have captured some of the intent behind the information modeled. One limitation of these systems is that they can only be used with geometric decisions and decisions about behavior that can be formally modeled. Additionally, these systems do not model the decision structure. If the value of a parameter (i.e. the length of a part) is queried, parametric systems will give information on this length's dependency on other dimensions of the part. However, it does not give the rationale for the relations, the order in which the dependency was formed nor the arguments for the current value.

He observes: ""Rationales (intents) are constructed and inferred from stored information rather than as complete answers. "" In other words, design intent systems may have to answer questions that require information different than that which was captured. The questions that arise during query may not be answerable with only the information of the original design. This implies that the data must be structured during capture or storage so that answers can be developed to needed questions. Gruber also claims: ""Rationales are not just statements of fact, but explanations about dependencies among facts."" Artifact design facts are dependent through the process that developed them. Thus, a design intent system must capture dependency relationships and be able to reason with them. Issue 9: Study is needed to answer the question ""To what degree can captured infonnation satisfy design intent queries?"" Assuming that inference is necessary to satisfy the query needs, then the development of design intent inference methods is also necessary.

One of the most important and least studied aspects of design intent systems is that of data capture. Garcia [Garcia 92] in the development 0f her system made the following assumptions about the capture of information: 1. Rationale should be captured in the context of use when a design is made. 2. Retrospection does not work. (Note that this is in conflict with Lakin's approach.)

3. Rationale: can be:captured by explaining decisions. (This is the basic assumption behind argumentation systems.) 4. New knowledge can be:anchored in old knowledge. 5. System and user should cooperate:. 6. Knowledge: transfer is two way. These assumptions imply that the designers need to work on a computer based system that supports all design activity. This allows the rationale to be captured during design so the context of the information is clear. Since the:system is capturing all the infonnation the designer's are developing, new infonnation can be built on previous information and retrospection is possible when desired. If such a system supports the design process, then the decision net work: complete with explanation can be: developed by fonowing the design activity. Further, if this system is robust with integrated applications to support design activity, then the user and system will be cooperating in a two way information exchange.",outputs/batch1/canonical_text_284/866d8935b9e0.txt,"Ullman, David G. (1)",1994,"American Society of Mechanical Engineers, Design Engineering Division (Publication) DE",,,DRAT-C01,0,designers | capture | communication | representation | language | support | argumentation | claims | decisions | quality | structure | advice | patterns | reasoning | context,Design rationale — Design process and Design decisions [DRAT-C01],"Design process, Design decisions",Design rationale — Design process and Design decisions,Provisional interpretation,Assignment frozen; interpretation requires confirmation by at least two reviewers,Contrastive phrase label with source-grounded extractive summary.,Not assigned by Path 1,Not evaluated in this statistical interpretation,Not applicable,Predefined keyword group,Not assigned,BGE-M3 embedding + Spectral clustering,Not assigned,Source-grounded cluster interpretation,not_applicable,,,,-1,0.0,designers | capture | communication | representation | language | support | argumentation | claims | decisions | quality | structure | advice | patterns | reasoning | context,False,False,0,,,"Design is the evolution of information. This evolution usually begins with an ill-defined need for a product and ends with exact specifications for production, use and retirement or recycling. A number of researchers have hypothesized that capture and reuse of this evolving information has potential for improving the design process and the reuse of design information. Published work has used the terms design history, design rationale, design intent and corporate memory to describe the systems that manage the capture, storage and query of the evolving information. The development of these systems depends on attention to 13 outstanding issues identified in this paper.",16.066917,18.041275,0.0672992467880249,9,9,False,"[{'paper_id': '40034332988c', 'title': 'Redesigning the rationale for design rationale', 'cluster': 0, 'distance': 0.11076921224594116}, {'paper_id': '4c8bdfbd1309', 'title': 'Integrating different perspectives on design rationale: supporting the emergence of design rationale from design communication', 'cluster': 0, 'distance': 0.11361813545227051}, {'paper_id': '0050f73e4373', 'title': 'Integrating different perspective on design rationale: Supporting the emergence of design rationale from design communication', 'cluster': 0, 'distance': 0.11647748947143555}, {'paper_id': '4567075d70b4', 'title': 'Making Argumentation Serve Design', 'cluster': 0, 'distance': 0.1325218677520752}, {'paper_id': 'ab97fa9e6ec7', 'title': '""Argumentative Design Rationale and the Object-Oriented Development Process: better analysis, better design""', 'cluster': 0, 'distance': 0.13289928436279297}]","In this paper we analyze the essential problems that prevent the successful development and use of design rationale systems. [E1] In this article, we develop a framework for evaluating the expressive adequacy of design rationale representations. [E2]"
ab97fa9e6ec7,Design rationale,"""Argumentative Design Rationale and the Object-Oriented Development Process: better analysis, better design""","Many analysis and modeling problems done today for in mation technology applications lead to the solution of system problems. In the developm ent of these solutions, reasoning is a major component. The reasoning component which is normall y neglected can be captured in Rationale Models. Rationale Models represent the reasoning th at lead to the system solution. This reasoning is defined as Design Rational (DR). There ave been a number of research studies into DR, however, in this research, it was found that in dustry has neglected DR in their system analysis because of the increased time and effort r equired to capture and implement DR. Some of the benefits of DR are: 1) maintenance is more effi ci nt and effective, 2) system scalability is increased, and 3) training of users and developers is easier. This paper proposes a systematic approach to the capture of argumentative DR and an integration of argumentative DR with the Object-Oriented system development lifecycle. Chang e is a constant in the implementation and use of systems, hence, this paper also raises the i su of “how should argumentative DR be stored and integrated with the system to maximize i ts ut lity to the system.",12,12,ab97fa9e6ec7_p0003;ab97fa9e6ec7_p0004;ab97fa9e6ec7_p0005;ab97fa9e6ec7_p0006;ab97fa9e6ec7_p0011;ab97fa9e6ec7_p0012;ab97fa9e6ec7_p0015;ab97fa9e6ec7_p0020;ab97fa9e6ec7_p0021;ab97fa9e6ec7_p0024;ab97fa9e6ec7_p0025;ab97fa9e6ec7_p0027,"Rationale is an explanation of controlling principles of opinion, belief, practice, or phenomena; or an underlying reason or basis. From these two definitions we gather that rationale is the actual brain work that is done behind everything that is done. When we are encountered with a new problem or phenomenon, after we make our observations, we rationalize the problem/situation in order to formulate a hypothesis, use these hypotheses to predict the existence of other phenomenon and then conduct experiments based on our hypotheses and then we draw final conclusions, according to the scientific research method [13] . Thus rationale is the intellectual foundation on which systems are made. For the purposes of this paper, a system, is defined as a regularly interacting or interdependent group of items forming a unified whole. Thus when the word system is used, it not only refers to a software system, but to any activities that fit the aforementioned definition.

Design rationale (DR) is the reasoning that goes into determining the design of the artifact. It can include not only direct discussion of artifact properties but also any other reasoning influencing design of the artifact [7] . DR can be characterized by the approaches that are taken to it, namely descriptive or prescriptive, and intrusiveness into the design process [7] .

Descriptive approaches to rationale refer to processes in which the goal of the DR is to describe the thinking process that the system designer(s) utilize. Alternatively, prescriptive approaches are aimed at improving the design process by improving the reasoning process of the system designers [1] . Also, the extent to which the method of DR capture intrudes in the design process is a characterizing feature. Most of the DR approaches are of the intrusive nature, though over the past 15 years there has been extensive research done to find less intrusive ways of capturing and formalizing DR [7] . This work in reducing the intrusiveness of DR is being done in an attempt reduce the overhead involved with capturing and utilizing DR, and make it much more intuitive to designers.

Because of the constant change in virtually every industry, any system not built from solid rationale is at a disadvantage to systems built with solid rationale. By effectively and efficiently capturing and integrating the rationale of a system with that system, the overall quality of the system is increased. This increased system quality is evidenced by improved system maintenance, scalability, training, reuse and documentation. Dutoit et al. lists collaboration support, reuse and change support, quality improvement and knowledge transfer support as the four broad areas of utilization for DR and DR capture methods.

PHI was developed by Raymond McCall as an extension of the IBIS ideology. The key to PHI is the improving of design reasoning by raising subissues [7] ; developing on the premise that exploration of these relationships would strengthen design. PHI differs from IBIS in two respects: it allows decomposition of issues, answers and arguments into hierarchies of subissues, subanswers and subarguments; and it broadens the concept of issue to include all design questions, not merely those deliberated [8] .

DRL is essentially an extension of IBIS which has the capability to provide a finer level of granularity than IBIS. It does not cover all aspects of design rationale, but rather focuses on decision rationale, providing guidance on the generation of design alternatives [7] . The base elements in DRL are Decision problems, Alternatives, Goals, Claims and Groups. The relationships between these elements are very similar to those in IBIS, and are shown in (Figure 2) [1] .

The fact that most approaches to DR utilize their own schema, the intrusiveness of DR capture is high, since system designers must not only design the system, they must also adhere to a given DR schema. Also, designers do not always prefer to disclose their real reasons for design, especially when it deals with political issues. In descriptive approaches, the beneficiaries of the DR are not the designers themselves, and this leads to disinterest in DR capture [7]. In industry, one of the most important resources is time, and by adding DR capture as part of the system process, more time is required by designers. This leads to additional costs to offset this time, and makes DR unattractive not just to designers, but to management as well. There is a cognitive overhead associated with DR capture which not only slows down the physical output of designers on design, but also slows down their mental output on design as well [10] .

During design, argumentative DR should be captured for design decisions that oppose or cause modification to the DR captured at the analysis phase (Figure 5). These opposing decisions form the iterative loops that create more complete correct systems. Intuitively, when we find something that challenges the modus operandi and accepted norms, we revisit the modus operandi and accepted norms to ensure their correctness. If they remain correct then we discard the new notion, but if the new notion proves to be correct, then we modify the norms to include it. In like manner DR can be measured against the system rationale captured at the analysis phase to ensure that the system remains complete and correct.

“The capture problem is the spectre haunting all design rationale efforts (indeed, all knowledge management efforts attempting to meaningfully capture elements of human reasoning and discourse). How does one acquire quality input to a rationale management system, without disrupting the very process it is designed to support, or without having to employ dedicated scribes who do nothing but maintain rationale libraries?” [3]

With tools such as Compendium now allowing the capture of rationale in meetings, there is a medium for beginning to formally capture the rationale that was previously almost exclusively semi-formal at the analysis phase. Voice recorders and videotapes are now replaceable by diagrams that can be much more easily integrated with a computerized system than their predecessors. At the design phase, Compendium also allows for the capture or argumentative DR, which can then be used to reason with the analysis/system rationale.

By increasing the support for the analysis of a system, we are able to increase the design of the system since better analysis leads to better design. By integrating argumentative DR with the Object-Oriented Development Lifecycle for a system, the rationale of the system can theoretically be used to increase the completeness and correctness of the system. This is accomplished by capturing the rationale at the analysis phase and then using it as a measure to check the DR for consistency with the system. The approach to the argumentative DR is founded in Rittel’s IBIS, and is accomplished by use of the Compendium tool.

Also, work needs to be done on the way that the rationale will be represented to the designers in such a way that they will not have to switch back and forth between system models and associated rationale models. This calls for an intuitive approach to integrating and representing the rationale, so that it is not a separate entity to the system development process (Figure 5), but that the system development process can more naturally resemble the regular OO development lifecycle (Figure 4), but with the rationale integrated as part of the actual phases and processes.",outputs/batch1/canonical_text_284/ab97fa9e6ec7.txt,L. Bronner; Jerry-Daryl Fletcher,2011,2006 Fall ASEE Middle Atlantic Section Conference Proceedings,,https://www.semanticscholar.org/paper/40f61a83349d805ce7200a1424e4aa6df3e58313,DRAT-C01,0,designers | capture | communication | representation | language | support | argumentation | claims | decisions | quality | structure | advice | patterns | reasoning | context,Design rationale — Design process and Design decisions [DRAT-C01],"Design process, Design decisions",Design rationale — Design process and Design decisions,Provisional interpretation,Assignment frozen; interpretation requires confirmation by at least two reviewers,Contrastive phrase label with source-grounded extractive summary.,Not assigned by Path 1,Not evaluated in this statistical interpretation,Not applicable,Predefined keyword group,Not assigned,BGE-M3 embedding + Spectral clustering,Not assigned,Source-grounded cluster interpretation,not_applicable,,,,-1,0.0,designers | capture | communication | representation | language | support | argumentation | claims | decisions | quality | structure | advice | patterns | reasoning | context,False,False,0,,,"Many analysis and modeling problems done today for in mation technology applications lead to the solution of system problems. In the developm ent of these solutions, reasoning is a major component. The reasoning component which is normall y neglected can be captured in Rationale Models. Rationale Models represent the reasoning th at lead to the system solution. This reasoning is defined as Design Rational (DR). There ave been a number of research studies into DR, however, in this research, it was found that in dustry has neglected DR in their system analysis because of the increased time and effort r equired to capture and implement DR. Some of the benefits of DR are: 1) maintenance is more effi ci nt and effective, 2) system scalability is increased, and 3) training of users and developers is easier. This paper proposes a systematic approach to the capture of argumentative DR and an integration of argumentative DR with the Object-Oriented system development lifecycle. Chang e is a constant in the implementation and use of systems, hence, this paper also raises the i su of “how should argumentative DR be stored and integrated with the system to maximize i ts ut lity to the system.",13.716229,19.331118,0.06264257431030273,7,7,False,"[{'paper_id': '296e021afe91', 'title': 'A generic model for reflective design', 'cluster': 0, 'distance': 0.10201936960220337}, {'paper_id': '4c8bdfbd1309', 'title': 'Integrating different perspectives on design rationale: supporting the emergence of design rationale from design communication', 'cluster': 0, 'distance': 0.10207754373550415}, {'paper_id': '0050f73e4373', 'title': 'Integrating different perspective on design rationale: Supporting the emergence of design rationale from design communication', 'cluster': 0, 'distance': 0.10391026735305786}, {'paper_id': '7a42dd52852e', 'title': ""What's in design rationale?"", 'cluster': 0, 'distance': 0.10973203182220459}, {'paper_id': '40034332988c', 'title': 'Redesigning the rationale for design rationale', 'cluster': 0, 'distance': 0.11309415102005005}]","In this paper we analyze the essential problems that prevent the successful development and use of design rationale systems. [E1] In this article, we develop a framework for evaluating the expressive adequacy of design rationale representations. [E2]"
d5d39efbe945,Design rationale,Method rationale in method engineering,"In this paper we discuss the need to integrate formal metamodels with an informal method rationale. Like design rationale method rationale establishes a systematic and organized trace of method specifications and their maintenance, and maintains knowledge of the method use context and its history. The need for method rationale is based on our observations of the role of method knowledge in software organizations and the failure to introduce “one-shot” method engineering initiatives. The paper demonstrates also how method rationale can be used to share knowledge of method use between method users and engineers, to support method engineers to understand the evolution of the method base, and to improve learning about systems development within a community of designers.",12,12,d5d39efbe945_p0006;d5d39efbe945_p0009;d5d39efbe945_p0015;d5d39efbe945_p0018;d5d39efbe945_p0019;d5d39efbe945_p0023;d5d39efbe945_p0026;d5d39efbe945_p0027;d5d39efbe945_p0028;d5d39efbe945_p0029;d5d39efbe945_p0030;d5d39efbe945_p0031,"documentation of method rationale can lead to new ways of applying the method and can also provide new tools for communicating and learning the method. This paper is organized as follows: In the second section we introduce research challenges identified by previous research. In the third section we sketch the method development process and tools and show how they answer the questions raised in previous section. The next section provides a short example of the tools in use by modifying a support environment for parts of the UML method and recording the design rationale. In the last section we discuss the possibilities that this kind of environment offers for systems developers and outline some future research topics.

They should thus increase the ""fit"" of the method into a given situation and ease its learning, and applicability. In the following we shall first clarify the idea of formal ME, and then discuss the concept of design rationale in the context of method engineering. 2.1 Traditional method engineering and the need for a new approach The dominant approach underpinning ME and most ISD methods can be characterized as what Schön [9] calls “technical rationality”: situations in practice can be scientifically categorized, problems are firmly bounded, and they can be solved by using standardized principles [10]. In fact, the main principle of method development can be said to be to provide knowledge about ISD, which is explicit and applicable for future ISD efforts. However, not all tasks of ISD fit into this view. In real world situations, it is not possible to have full knowledge about the problem (and thus the applicable method) beforehand, nor can predefined method knowledge cover all possible situations.

Where all current ME approaches fall short in this perspective is in the maintenance and analysis of different method versions. Typically, only the products of the design process are ‘documented’, not the process of arriving at design solutions. At the level of modeling decisions a variety of design rationale approaches have been proposed. They aim at recording the design decisions made using a predefined schema to represent the context in which these decisions are made [18]. Originally the decision-oriented models focused on decisions behind designs, not behind methods, e.g. why an inheritance between two classes is defined as virtual. Design rationale can be also used in two other ways, which are beneficial to ME: decisions related to method use and decisions related to method construction. An example of the former could be an IS developer’s justification why a concept of multiple inheritance is used in inheritance structures.

While some work on conceptual aspects of method rationale use is available, yet there is lack of a comprehensive review of the requirements needed for tool support. However, it has been stated that the rationale should be captured and integrated in designer’s natural usecontext [21], implying that capturing must be supported within method engineering and design tools. Overall, method rationale and method use experiences can be represented at different levels of formality. The most informal approach is considering rationale as a free form textual annotation (e.g. [22]), whereas more formality can be provided in approaches where design rationale is considered as an argumentation process organized into specific discourse structures (e.g. IBIS [23], DLR [24], QOC [25]). In available stand-alone systems for capturing design rationale (like gIBIS, [23], the fixed conceptual model of the argumentation structure is represented as a directed graph.

Available functionality to analyze the argumentation structure includes manipulation of graph nodes and links and making queries of node contents. However, the poor interoperability of these isolated systems constrains their usability in building method rationale. Within CASE tools, the design rationale implementations include both annotation and argumentation models for collecting rationale at the modeling level (e.g. [18, 26-30]). Yet, according to our knowledge, there is no tool support for collecting method rationale simultaneously at the level of method engineering tools. Consequently, tools provide no support to access comments of method use at the modeling level from within method modeling tools and vice versa. This, however, is critical for evolutionary method modification and use and the creation of the “double loop” method engineering life cycle.

updated criteria project outcomes refined components Rationale for refinements past construction constructed method: - manuals - tutorials - etc. method construction We claim that the collection of experiences and incremental changing of methods based on these improves experience-based learning and the acceptance of methods. The accuracy of collected experiences is enhanced by relating experiences to metamodels and to the method construction decisions. Collecting models and metamodels, by collecting outcomes of an ISD project, and by interviewing stakeholders enhances the availability of method use experiences. The collection of models as deliverables is similar to the ideas proposed by Fitzgerald [32] and [33]. Collection of method design decisions has been briefly introduced in [29]. This research suggests that recording of method rationale should be such that the method development methods and tools can easily support it.

For method engineers, method rationale is an explanation why certain types or constraints of the method are included in the constructed method. We call this method construction rationale. The use of method rationale during method construction requires that more detailed explanations of the reasons for building the metamodel in a specific way are related to metamodel as a whole or to specific constructs. It helps in understanding the effects of method modifications: what capabilities are lost from the original method if a method element is removed or changed. It also makes argumentation about possible new method component types possible. Method users understand method rationale differently. For them method rationale explains why certain types or constraints of the method are or are not used in models. We call this method use rationale. The collection of method use rationale is important because it reduces the “subjective” bias in method use, makes a decision on method use more explicit, and allows users to relate their method experiences directly to available method knowledge.

This is important, individuals have different goals and work histories, and therefore can have contradictory opinions of the necessity to use the method in a specific way. The rationale of method use, however, is not normally documented and to our knowledge none of the modeling tools allows the capture of decisions about method use; only decisions about design choices (i.e. design rationale [18]). In the following we will develop a simple metamodel based tool to support method rationale capture and argumentation about different design choices. The tool is implemented in MetaEdit+ method engineering tool and uses the REMAP model for capturing design decisions. Object model Data type Class name Attributes collection Class Inheritance ! Default value Supercl ass Subclass Attribute Discriminator Attribute 1,1 0,M decompose 1,1 Name id 0,M Name idUnique id

4 Example of method rationale In this section we develop an example of method modification and the use of method rationale in the process. We assume that UML method has been modeled previously by using MetaEdit+ tool. Now the users have raised the issue that the current version of UML does not support code generation for Java well. We will elaborate the use of design rationale for solving this problem. Figure 2 shows a part of UML method definition using GOPRR metamodelling language. The model follows normal Role based entity modeling and should be self-descriptive. Shape Shade Method Rationale Component Oval White Issue Diamond White Alternative Circle White Argument Rectangle White Assumption Rectangle Light gray Decision Rectangle Gray Artifact (e.g., method component) Allow multiple inheritance? Add Multiple Inheritance Easier to understand Resolves Qualifies Responds To Responds To Java is the mainstream now New OO Method No Yes Java will dominate over better langs (i.e. Smalltalk) Better Support for Java and C++ Better support for Smalltalk Depends On Defines

We also assume that the method has been used for sometime and now some designers have questioned the validity to use single inheritance. This is indicated by the exclamation mark below the inheritance relationship. The exclamation mark serves here as an anchor point, where from one can jump to the design rationale document dealing with this method engineering decision. The resulting design rationale is shown in figure 3 below. Here, the REMAP model [18] has been used to represent rationale. REMAP extends the Issue Based Information Systems (IBIS) framework for modeling argumentation processes [23]. In REMAP, issues represent questions or concerns of interest to ME. Alternatives or positions represent different ways of responding to an issue. Arguments that either support or oppose these alternatives are also clearly identified. In addition, any assumptions behind the above primitives are also explicitly captured to represent the comprehensive context under which decisions are made.

Decisions select one or more alternatives to resolve the issue at hand. The REMAP model has been successfully used in a wide variety of complex organizational problem solving situations and has been incorporated in several CASE tools [35]. In Figure 3 the design rationale is represented as issues, arguments and decision about the use of multiple inheritance. This small example reveals the gap between currently proposed ME criteria and their linkages to detailed metamodels: none of them support relating situational requirements to individual types or constraints of a method. Some of the ME approaches (e.g. [4, 36]), however, support relating information about method use situations and contingencies to metamodels based on predefined schemata. These approaches, however, do not explain how these more detailed descriptions are obtained, nor are they related to detailed metamodels.

Method Rationale can act as a powerful mechanism to maintain systems development knowledge in an organization. In most cases every time a method is changed, or new technology is introduced, most of the knowledge relating to the old version or the need for a change is lost. Yet, when method rationale is maintained, it can provide guidance for future decisions and aid new method users to become familiar with the method. Regular method users can also benefit from this kind of method knowledge, because it makes the peculiarities and limitations of the method more understandable. If method rationale was routinely recorded and could be used easily while using the method, it could aid in a dialectical exchange of ideas for modifying the method and thus improving the ISD process. This should be useful for example for organizations that aim at a continuous development of their ISD processes and tools and who want to learn from their experience [14].",outputs/batch1/canonical_text_284/d5d39efbe945.txt,"Rossi, M. (1); Tolvanen, J.-P.; Ramesh, B.; Lyytinen, K.; Kaipala, J.",,Proceedings of the 33rd Annual Hawaii International Conference on System Sciences,,,DRAT-C02,1,documentation | software | tools | learning | level | decisions | situation | activity | support | user | screen | inheritance | engineering | base | experiences,Design rationale — Method rationale and Method use [DRAT-C02],"Method rationale, Method use",Design rationale — Method rationale and Method use,Provisional interpretation,Assignment frozen; interpretation requires confirmation by at least two reviewers,Contrastive phrase label with source-grounded extractive summary.,Not assigned by Path 1,Not evaluated in this statistical interpretation,Not applicable,Predefined keyword group,Not assigned,BGE-M3 embedding + Spectral clustering,Not assigned,Source-grounded cluster interpretation,not_applicable,,,,-1,0.0,documentation | software | tools | learning | level | decisions | situation | activity | support | user | screen | inheritance | engineering | base | experiences,False,False,0,,,"In this paper we discuss the need to integrate formal metamodels with an informal method rationale. Like design rationale method rationale establishes a systematic and organized trace of method specifications and their maintenance, and maintains knowledge of the method use context and its history. The need for method rationale is based on our observations of the role of method knowledge in software organizations and the failure to introduce “one-shot” method engineering initiatives. The paper demonstrates also how method rationale can be used to share knowledge of method use between method users and engineers, to support method engineers to understand the evolution of the method base, and to improve learning about systems development within a community of designers.",13.621456,18.63982,0.054525792598724365,1,1,True,"[{'paper_id': 'ab97fa9e6ec7', 'title': '""Argumentative Design Rationale and the Object-Oriented Development Process: better analysis, better design""', 'cluster': 0, 'distance': 0.15645301342010498}, {'paper_id': '296e021afe91', 'title': 'A generic model for reflective design', 'cluster': 0, 'distance': 0.1578993797302246}, {'paper_id': '0050f73e4373', 'title': 'Integrating different perspective on design rationale: Supporting the emergence of design rationale from design communication', 'cluster': 0, 'distance': 0.158563494682312}, {'paper_id': '4c8bdfbd1309', 'title': 'Integrating different perspectives on design rationale: supporting the emergence of design rationale from design communication', 'cluster': 0, 'distance': 0.1588064432144165}, {'paper_id': '40034332988c', 'title': 'Redesigning the rationale for design rationale', 'cluster': 0, 'distance': 0.16039562225341797}]","In this paper we discuss the need to integrate formal metamodels with an informal method rationale. [E1] Academic studies related to the design of user documentation for software are sparse, and no underlying reference framework is available within which design rationale could be expressed. [E2]"
edde6dc75b19,Design rationale,The language of design: Theory and computation,"The Language of Design: Theory and Computation articulates the theory that there is a language of design. This theory claims that any language of design consists of a set of symbols, a set of relations between the symbols, features that key the expressiveness of symbols, and a set of reality producing information processing behaviors acting on the language. Drawing upon insights from computational language processing, the language of design is modeled computationally through latent semantic analysis (LSA), lexical chain analysis (LCA), and sentiment analysis (SA). The statistical co-occurrence of semantics (LSA), semantic relations (LCA), and semantic modifiers (SA) in design text are used to illustrate how the reality producing effect of language is itself an enactment of design. This insight leads to a new understanding of the connections between creative behaviors such as design and their linguistic properties. The computation of the language of design makes it possible to make direct measurements of creative behaviors which are distributed across social spaces and mediated through language. The book demonstrates how machine understanding of design texts based on computation over the language of design yields practical applications for design management such as modeling teamwork, characterizing the formation of a design concept, and understanding design rationale. The Language of Design: Theory and Computation is a unique text for postgraduates and researchers studying design theory and management, and allied disciplines such as artificial intelligence, organizational behavior, and human factors and ergonomics. © 2009 Springer-Verlag London Limited.",12,12,edde6dc75b19_p0065;edde6dc75b19_p0074;edde6dc75b19_p0075;edde6dc75b19_p0170;edde6dc75b19_p0172;edde6dc75b19_p0214;edde6dc75b19_p0379;edde6dc75b19_p0401;edde6dc75b19_p0510;edde6dc75b19_p0513;edde6dc75b19_p0529;edde6dc75b19_p0533,"conduct of design practice. The rationale, intent, influences, and ideas provided in a designer’s account of design should be seen as linguistically enacting the designed work, not just describing it. This orientation toward design should not preclude cognitive models of design nor does it sublimate ‘schools of design’ and their influence on designers, design practice, and designed works. However, I be lieve that there is more to the picture than lumping these as influences on the de signer. The act of designing is not just a semiotic act of imbuing a form with func tion and meaning, but, rather, the effect of assemblages of prior practices that act through the designer to make a designed work. The assemblages of practices are a condition of possibility for a designer’s cognitive behavior. ‘Schools of design’ pr ovide a face for one of the vectors of practice and set up a particular language by which to express designed forms.

Such a representational theory of language use in design is useful for studying how designers think. An empirical study of design documentation and design conversations could elucidate how the representation of designs through words provides a viewport into the way that de signers think about their artifacts. Aspects of design thinking such as knowledge sharing and bridging between designers and the influence of emotion on design thinking could then be revealed through a close examination of the language. Studies based on a representational theory of language use in design use language-based communication to develop a model of how designers think (Kan et al. 2007; Stempfle and Badke-Schaub 2002). Its instrumental role in design, particularly as a tool of communication and of recording design intent and rationale, is language’s most functional role.

There really are no surprises here. One of the more ambitious projects to turn language into an instrument of design occurred in the early 1990’s. The Center for Design Research at Stanford University and the company Enterprise Integration Technologies (EIT) developed a language called KIF (Knowledge Interchange Format) so that designers could communicate and transfer knowledge among different “knowledge bases” residing at various companies, requesting information and services from each other (C utkosky et al. 1993). While the system met reasonable

Through a formal functional requirements language expressed as a pair of transitive verbs and nouns, Jacobsen et al. (1 991) attempted to capture the functionalstructural reasoning processes engineering designers conduct. Even where words were annotations to drawings, such as the body of work in design rationale capture and re-use systems (Garcia and Howard 1992; Regli et al. 2000) and case-based information retrieval systems (Wood III and Agogino 1996), words were treated as passive indices of the mental structure of the designers’ minds. In all of these approaches, language-based design representations could be conceived as linguistic behaviors that represent the structure of thought in the design process. The connectionist models of the mind take some corrective measures to the symbolic reasoning view. One of the basic tenets of connectionist models as a model of the mind, in contrast to symbolic reasoning systems, is that the mind could be described in terms of a network of interconnected units rather than as a symbol processor.

We intuitively know that we do not use language just to represent an idea. Human thinking and ability to develop knowledge is heavily constrained by and made possible through language. Language is essential for the production of knowledge. So, language must also been seen as playing a constructive role in design. The use of language in design is effective in contributing to designing itself. Presenting designers with lexical concepts semantically related to verbalizations can spur new ways of thinking about a designed work (de Vries et al. 2005). Language bridges relations among distributed knowledge (Dong 2006), possibly

Form Words to Concept 53 tion of the orientation, Quist does not affirm her technicalization, but, instead, comments that Petra needs a set of working principles. In setting this principle, he is effectively borrowing from the voices of prior architects. The effect of cognitive activities in design in transforming representations may be seen acting here as transforming other architects’ voices by Quist and Petra intentionally selecting from among them in such a way as to communicate the design concept. The semantic and grammatical structure of their dialogue follows a set of expectations in accordance with not only what is needed to explain an architectural design concept, but also what is contained within the language to explain the concept. For example, she selects empathy to explain for the rationale behind the L-shape layout by stating that the layout “is more what I wanted to do educationally anyway”.

2007). We found that positive affect has a congruency effect with knowledge generation and negative affect hampers/inhibits knowledge generation. What is most interesting is the asymmetric impact of affect on design cognition in relation to knowledge as beliefs or knowledge as objective, verifiable facts. It turns out that knowledge as beliefs is more affect-sensitive, that is, beliefs are more likely than objective knowledge to be sensitive to affect. The occurrence of affective appraisals when the subject of the appraisa l is closely tied to the person’s beliefs rather than objective knowle dge suggests that beliefs are not easily adjusted to be compatible with internal evidence in the form of affect. Our findings are suggesting that the valence of affect exercises regulatory effects consequential to design thinking.

I [don’t] [regret] changing them Senser Polarity: marked Process: me ntal; Attitude: affect Phenomenon: act 5. Classify the clause as being about th e design Product, the Process of designing, or the People doing the design. These th ree categories, Product, Process and People, describe the design situations (states) and events which may be the stimuli of affective judgment and therefore the subject of the linguistic appraisal. We are now in a position to discuss methods to identify the semantic resources for appraisals (Step 4) and to cat egorize clauses (Step 5) using the PROCESS and Participant types. Appraisal of Products Appraisals of products are one way in which design text offer subjective assessments or apply normative judgments based on industry best practices, and external authoritative critique. Appraisals of product s can justify (provide rationale) decisions taken during the design process.

The Sociology of Design Education 153 realization), relations (the extent to which the knowledge is kept apart (symbolic isolation) from other fields) and identity (how knowledge and knowledge possessors are recognized and labeled as a consequence of participating in a field). We might question then whether the pedagogic discourse that we analyzed above, in producing an identity for the discipline, also operates at the level of conversation between designers in the same discipline? Do designers working in industrial design re-produce their discipline’s order, relations and identity and does it differ from designers in architectural design? Let’s examine discourses between two sets of designers, an industrial design team comprised of product designers and engineers taken from the Delft Protocols Workshop, and the classic dialogue betwee n Quist the studio master and Petra the student by Schön.

aggregation as setting the limits of design content [Ag+] or meta-processing about design content [Ag–], accumulation as about utilizing prior knowledge [Ac+] or introducing new knowledge [Ac–], and ap praisal as either subjective [Ap+] or technical [Ap–]. At the start of their discussion (Table 6.3), the team begins by agreeing upon what it is that they should be designing. In discussing the design objectives and constraints on the problem, the group consistently refers to prior knowledge [Ac+], in segment (t 1) (the initial prototype made by the company), (t 3) the customer feedback, and (t 7) and (t 8) refe rring to the Batavus Buster. The Batavus Buster is an existing line of mountain bikes upon which they must base their design solution. In referring to prior kno wledge through fact ual accounting, they justify the designed concept according to prior data (knowledg e).

In the language of LCT, we might expect to find architecture as an elite code discipline, engineering as a knowledge code discipline, fashion as a knower code discipline, and probably no design discipline as being dominantly relativist. Using the concepts of LCT on claims to knowledge, we might ask then whether design practices across disciplines exhibit their discipline’s varying emphases to an epistemic or social relation to knowledge, th at is, appeal to affect and subjectivity (SR+) or technical rationality and empiricism (ER+). What specific practices within a discipline tend to link to established modes of practice (Ac+) rather than nonspecialist procedures (Ac–)? I suggest that the performative operators of the lan-

How knowledge is put to use to practice design within a discipline is thus premised on what counts as knowledge and what counts as a recognizable design pr actice within the discipline. The operating principles of design set the foundation for explicitly foregrounding these criteria.",outputs/batch1/canonical_text_284/edde6dc75b19.txt,"Dong, Andy (1)",2009,The Language of Design: Theory and Computation,10.1007/978-1-84882-021-0,,DRAT-C01,0,designers | capture | communication | representation | language | support | argumentation | claims | decisions | quality | structure | advice | patterns | reasoning | context,Design rationale — Design process and Design decisions [DRAT-C01],"Design process, Design decisions",Design rationale — Design process and Design decisions,Provisional interpretation,Assignment frozen; interpretation requires confirmation by at least two reviewers,Contrastive phrase label with source-grounded extractive summary.,Not assigned by Path 1,Not evaluated in this statistical interpretation,Not applicable,Predefined keyword group,Not assigned,BGE-M3 embedding + Spectral clustering,Not assigned,Source-grounded cluster interpretation,not_applicable,,,,-1,0.0,designers | capture | communication | representation | language | support | argumentation | claims | decisions | quality | structure | advice | patterns | reasoning | context,False,False,0,,,"The Language of Design: Theory and Computation articulates the theory that there is a language of design. This theory claims that any language of design consists of a set of symbols, a set of relations between the symbols, features that key the expressiveness of symbols, and a set of reality producing information processing behaviors acting on the language. Drawing upon insights from computational language processing, the language of design is modeled computationally through latent semantic analysis (LSA), lexical chain analysis (LCA), and sentiment analysis (SA). The statistical co-occurrence of semantics (LSA), semantic relations (LCA), and semantic modifiers (SA) in design text are used to illustrate how the reality producing effect of language is itself an enactment of design. This insight leads to a new understanding of the connections between creative behaviors such as design and their linguistic properties. The computation of the language of design makes it possible to make direct measurements of creative behaviors which are distributed across social spaces and mediated through language. The book demonstrates how machine understanding of design texts based on computation over the language of design yields practical applications for design management such as modeling teamwork, characterizing the formation of a design concept, and understanding design rationale. The Language of Design: Theory and Computation is a unique text for postgraduates and researchers studying design theory and management, and allied disciplines such as artificial intelligence, organizational behavior, and human factors and ergonomics. © 2009 Springer-Verlag London Limited.",16.415825,19.289434,0.08756238222122192,11,11,False,"[{'paper_id': '7a42dd52852e', 'title': ""What's in design rationale?"", 'cluster': 0, 'distance': 0.14531439542770386}, {'paper_id': '866d8935b9e0', 'title': 'Issues critical to the development of design history, design rationale and design intent systems', 'cluster': 0, 'distance': 0.14807945489883423}, {'paper_id': '4567075d70b4', 'title': 'Making Argumentation Serve Design', 'cluster': 0, 'distance': 0.15041816234588623}, {'paper_id': '4c8bdfbd1309', 'title': 'Integrating different perspectives on design rationale: supporting the emergence of design rationale from design communication', 'cluster': 0, 'distance': 0.1507008671760559}, {'paper_id': '296e021afe91', 'title': 'A generic model for reflective design', 'cluster': 0, 'distance': 0.15117841958999634}]","In this paper we analyze the essential problems that prevent the successful development and use of design rationale systems. [E1] In this article, we develop a framework for evaluating the expressive adequacy of design rationale representations. [E2]"
