k,average_silhouette,min_cluster_size,max_cluster_size,cluster_sizes,negative_silhouette_count
2,0.040009485349477084,14,53,0:53; 1:14,4
3,0.032848063151259516,6,31,0:6; 1:30; 2:31,21
4,0.06788111984109797,3,37,0:37; 1:24; 2:3; 3:3,23
5,0.0807381758290095,2,28,0:2; 1:13; 2:21; 3:28; 4:3,30
6,0.08563872758674362,2,22,0:3; 1:19; 2:4; 3:17; 4:22; 5:2,31
