k,average_silhouette,min_cluster_size,max_cluster_size,cluster_sizes,negative_silhouette_count
2,0.02685593644698329,9,33,0:33; 1:9,5
3,0.031283655066966495,11,17,0:11; 1:14; 2:17,4
4,0.03889365818926238,4,17,0:16; 1:17; 2:4; 3:5,14
5,0.048228507388089904,5,11,0:8; 1:5; 2:10; 3:11; 4:8,11
6,0.0602983993122011,3,13,0:5; 1:5; 2:13; 3:6; 4:10; 5:3,13
7,0.07509042584599607,3,8,0:7; 1:4; 2:7; 3:8; 4:3; 5:5; 6:8,12
8,0.10331323596628421,2,10,0:7; 1:2; 2:6; 3:4; 4:10; 5:4; 6:7; 7:2,10
