k,average_silhouette,min_cluster_size,max_cluster_size,cluster_sizes,negative_silhouette_count
2,0.02685593644698329,9,33,0:33; 1:9,5
3,0.031283655066966495,11,17,0:11; 1:14; 2:17,4
4,0.03889365818926238,4,17,0:16; 1:17; 2:4; 3:5,14
5,0.048228507388089904,5,11,0:8; 1:5; 2:10; 3:11; 4:8,11
