k,average_silhouette,min_cluster_size,max_cluster_size,cluster_sizes,negative_silhouette_count
2,0.02414088095941241,18,24,0:18; 1:24,13
3,0.030626411904778873,11,17,0:11; 1:14; 2:17,6
4,0.03823261390021101,4,17,0:16; 1:17; 2:4; 3:5,15
5,0.04801276794046844,5,11,0:8; 1:5; 2:10; 3:11; 4:8,11
6,0.0601820251509236,3,12,0:5; 1:5; 2:12; 3:7; 4:10; 5:3,13
7,0.0793230003773729,3,11,0:11; 1:5; 2:9; 3:3; 4:5; 5:5; 6:4,6
8,0.1030469332079114,2,10,0:7; 1:2; 2:6; 3:4; 4:10; 5:4; 6:7; 7:2,10
