paper_id,keyword,title,authors,year,venue,doi,url,cluster,cluster_label_candidate,distinguishing_evidence_terms,cluster_summary_candidate,distance_to_centroid,representative_rank,is_representative_top3,umap_x,umap_y
0050f73e4373,Design rationale,Integrating different perspective on design rationale: Supporting the emergence of design rationale from design communication,"Shipman III, Frank M. (1); McCall, Raymond J. (1)",1997,"Artificial Intelligence for Engineering Design, Analysis and Manufacturing: AIEDAM",,,0,Theory · Research · Design Knowledge,"theory, research, design knowledge, methods, principles, design theory","This exploratory cluster contains 227 papers. Frequent terms include theory, research, design knowledge, methods, principles, design theory. Representative papers include Towards a Method for Design Principle Development in Information Systems; Conceptual foundations of design problem solving; The anatomy of a design theory.",0.09592318534851074,22,False,3.0846603,-4.2634196
00781ed0e844,Design theory,Cognitive Point of View in Recursive Design,Evan Barba,2019,"She Ji: The Journal of Design, Economics and Innovation",,https://www.semanticscholar.org/paper/cd9c2c3812ad8a7feccea4741cea6b98dd33a007,0,Theory · Research · Design Knowledge,"theory, research, design knowledge, methods, principles, design theory","This exploratory cluster contains 227 papers. Frequent terms include theory, research, design knowledge, methods, principles, design theory. Representative papers include Towards a Method for Design Principle Development in Information Systems; Conceptual foundations of design problem solving; The anatomy of a design theory.",0.11057031154632568,53,False,0.711747,-3.3877409
00d7fbafe65f,Design Guidelines,"Demystifying Tacit Knowledge in Graphic Design: Characteristics, Instances, Approaches, and Guidelines","Son, Kihoon and Choi, DaEun and Kim, Tae Soo and Kim, Juho",2024,Proceedings of the 2024 CHI Conference on Human Factors in Computing Systems,10.1145/3613904.3642886,https://doi.org/10.1145/3613904.3642886,0,Theory · Research · Design Knowledge,"theory, research, design knowledge, methods, principles, design theory","This exploratory cluster contains 227 papers. Frequent terms include theory, research, design knowledge, methods, principles, design theory. Representative papers include Towards a Method for Design Principle Development in Information Systems; Conceptual foundations of design problem solving; The anatomy of a design theory.",0.16163742542266846,162,False,-0.86406296,-3.7453883
00e42ae113b8,Design knowledge,Utilization of design principles for hybrid learning configurations by interprofessional design teams,Petra H. M. Cremers; A. Wals; R. Wesselink; M. Mulder,2016,Instructional Science,,https://www.semanticscholar.org/paper/c789600c7369bddaf982676630fa98befecacde6,0,Theory · Research · Design Knowledge,"theory, research, design knowledge, methods, principles, design theory","This exploratory cluster contains 227 papers. Frequent terms include theory, research, design knowledge, methods, principles, design theory. Representative papers include Towards a Method for Design Principle Development in Information Systems; Conceptual foundations of design problem solving; The anatomy of a design theory.",0.11289846897125244,60,False,0.12022293,-1.9887428
01467836cecf,Design principles,Design principles for human-computer interfaces,"Norman, Donald A.",1983,Proceedings of the SIGCHI Conference on Human Factors in Computing Systems,10.1145/800045.801571,https://doi.org/10.1145/800045.801571,0,Theory · Research · Design Knowledge,"theory, research, design knowledge, methods, principles, design theory","This exploratory cluster contains 227 papers. Frequent terms include theory, research, design knowledge, methods, principles, design theory. Representative papers include Towards a Method for Design Principle Development in Information Systems; Conceptual foundations of design problem solving; The anatomy of a design theory.",0.11073225736618042,55,False,1.021631,-2.2688994
0176348439b8,Design Guidelines,A Comparative Study of Chinese and American Rural Design Guidelines,D. Chu; R. Li,2019,International Journal of Structural and Civil Engineering Research,,https://www.semanticscholar.org/paper/af67c18e22e351362a73fa3cb1d997e238f8c3d7,0,Theory · Research · Design Knowledge,"theory, research, design knowledge, methods, principles, design theory","This exploratory cluster contains 227 papers. Frequent terms include theory, research, design knowledge, methods, principles, design theory. Representative papers include Towards a Method for Design Principle Development in Information Systems; Conceptual foundations of design problem solving; The anatomy of a design theory.",0.26069533824920654,223,False,1.2625948,-2.9268339
022ee7cf2e4e,Design Heuristics,Introduction of a standardized Notation of Design Heuristics for Knowledge Formalization,"Kremer, Gerald (1); Peters, Ina (1); Bingoel, Berkay (1); Stark, Rainer (1)",2022,"Proceedings of the 33rd Symposium Design for X, DFX 2022",10.35199/dfx2022.08,,0,Theory · Research · Design Knowledge,"theory, research, design knowledge, methods, principles, design theory","This exploratory cluster contains 227 papers. Frequent terms include theory, research, design knowledge, methods, principles, design theory. Representative papers include Towards a Method for Design Principle Development in Information Systems; Conceptual foundations of design problem solving; The anatomy of a design theory.",0.12735772132873535,89,False,0.626184,-0.6203996
02381ea80183,Design knowledge,A design theory for data quality tools in data ecosystems: Findings from three industry cases,"Altendeitering, M. (1, 2); Guggenberger, T.M. (1, 2); MoÃàller, F. (1, 3)",,Data & Knowledge Engineering,10.1016/j.datak.2024.102333,,0,Theory · Research · Design Knowledge,"theory, research, design knowledge, methods, principles, design theory","This exploratory cluster contains 227 papers. Frequent terms include theory, research, design knowledge, methods, principles, design theory. Representative papers include Towards a Method for Design Principle Development in Information Systems; Conceptual foundations of design problem solving; The anatomy of a design theory.",0.1289847493171692,94,False,1.2718838,-5.230135
02f3ae017acb,Design theory,Design Theory and Method of Complex Products: A Review,Chan Qiu; Jianrong Tan; Zhen-yu Liu; Haoyang Mao; Weifei Hu,2022,Chinese Journal of Mechanical Engineering,,https://www.semanticscholar.org/paper/11b673bc049bd6075777c1697de805d195198e5b,0,Theory · Research · Design Knowledge,"theory, research, design knowledge, methods, principles, design theory","This exploratory cluster contains 227 papers. Frequent terms include theory, research, design knowledge, methods, principles, design theory. Representative papers include Towards a Method for Design Principle Development in Information Systems; Conceptual foundations of design problem solving; The anatomy of a design theory.",0.08901488780975342,12,False,1.3176048,-4.265456
03adadfa0ad4,Design knowledge,"Design Principles: Literature Review, Analysis, and Future Directions","Fu, K.K. (1); Yang, M.C. (2); Wood, K.L. (3)",,Journal of Mechanical Design,10.1115/1.4034105,,0,Theory · Research · Design Knowledge,"theory, research, design knowledge, methods, principles, design theory","This exploratory cluster contains 227 papers. Frequent terms include theory, research, design knowledge, methods, principles, design theory. Representative papers include Towards a Method for Design Principle Development in Information Systems; Conceptual foundations of design problem solving; The anatomy of a design theory.",0.076133131980896,4,False,0.85411316,-2.9482224
03fd54829f02,Design theory,Digisprudence: the design of legitimate code,Laurence Diver,2020,"Law, Innovation and Technology",,https://www.semanticscholar.org/paper/b7a97635870c5a15c94ff83c2036a3f4466ac1b3,0,Theory · Research · Design Knowledge,"theory, research, design knowledge, methods, principles, design theory","This exploratory cluster contains 227 papers. Frequent terms include theory, research, design knowledge, methods, principles, design theory. Representative papers include Towards a Method for Design Principle Development in Information Systems; Conceptual foundations of design problem solving; The anatomy of a design theory.",0.19600200653076172,203,False,-0.038830142,-3.7589314
0512599e76df,Design Heuristics,What is the content of 'design thinking'? Design Heuristics as conceptual repertoire,"Gray, Colin M. (1); Seifert, Colleen M. (2); Yilmaz, Seda (3); Daly, Shanna R. (4); Gonzalez, Richard (2)",2016,International Journal of Engineering Education,,,0,Theory · Research · Design Knowledge,"theory, research, design knowledge, methods, principles, design theory","This exploratory cluster contains 227 papers. Frequent terms include theory, research, design knowledge, methods, principles, design theory. Representative papers include Towards a Method for Design Principle Development in Information Systems; Conceptual foundations of design problem solving; The anatomy of a design theory.",0.13091421127319336,98,False,0.53548014,-0.5841712
056ae4e01610,Design theory,Beyond the old game design: a new design paradigm in Game Studies through C-K Theory,Enrique Perez,2023,Digra,,https://www.semanticscholar.org/paper/e2519811712840d36f7232cb309002293ed1ff8d,0,Theory · Research · Design Knowledge,"theory, research, design knowledge, methods, principles, design theory","This exploratory cluster contains 227 papers. Frequent terms include theory, research, design knowledge, methods, principles, design theory. Representative papers include Towards a Method for Design Principle Development in Information Systems; Conceptual foundations of design problem solving; The anatomy of a design theory.",0.17011690139770508,177,False,0.74623114,-6.127544
0783409933b4,Design Patterns,A Two-Dimensional Framework for AI Agent Design Patterns: Cognitive Function and Execution Topology,Jia Huang; J. Zhou,2026,,,https://www.semanticscholar.org/paper/67855ed25bb27f6a2f8bae704fdd2d35c8891262,1,Patterns · Pattern · Design Patterns,"patterns, pattern, design patterns, ai, design pattern, software","This exploratory cluster contains 55 papers. Frequent terms include patterns, pattern, design patterns, ai, design pattern, software. Representative papers include Industrial experience with design patterns; Understanding and using patterns in software development; A pattern approach to interaction design.",0.15298306941986084,41,False,2.5346355,-1.5675764
07eb3166d706,Design knowledge,A Typology of Knowledge Creation in Design Science Research Projects,"Chatterjee, S. (1); Bhattacherjee, A. (2); Gilb, T. (3)",,"Design Science Research for a Resilient Future: 19th International Conference on Design Science Research in Information Systems and Technology, DESRIST 2024, Proceedings. Lecture Notes in Computer Science (14621)",10.1007/978-3-031-61175-9_10,,0,Theory · Research · Design Knowledge,"theory, research, design knowledge, methods, principles, design theory","This exploratory cluster contains 227 papers. Frequent terms include theory, research, design knowledge, methods, principles, design theory. Representative papers include Towards a Method for Design Principle Development in Information Systems; Conceptual foundations of design problem solving; The anatomy of a design theory.",0.10594558715820312,42,False,-1.0016556,-4.899911
0842498049c7,Design Guidelines,The Extended Likeability Framework: A Theoretical Framework for and a Practical Case of Designing Likeable Media Applications for Preschoolers,V. Abeele; B. Zaman,2008,Adv. Hum. Comput. Interact.,,https://www.semanticscholar.org/paper/e2837ac0465e8cea18f2ab5b2f9f12f874ddbe1f,0,Theory · Research · Design Knowledge,"theory, research, design knowledge, methods, principles, design theory","This exploratory cluster contains 227 papers. Frequent terms include theory, research, design knowledge, methods, principles, design theory. Representative papers include Towards a Method for Design Principle Development in Information Systems; Conceptual foundations of design problem solving; The anatomy of a design theory.",0.18782436847686768,195,False,-0.415231,-2.4567544
09055cc69e8c,Design Patterns,A Theoretical Model for Game Mechanics: Bridging Design Practice and Education,Rafael Marques de Albuquerque; Fl√°vio Anthero Nunes Vianna dos Santos,2025,European Conference on Games Based Learning,,https://www.semanticscholar.org/paper/7f6e881f023b0fe5f2281893261c1c7df62ed203,0,Theory · Research · Design Knowledge,"theory, research, design knowledge, methods, principles, design theory","This exploratory cluster contains 227 papers. Frequent terms include theory, research, design knowledge, methods, principles, design theory. Representative papers include Towards a Method for Design Principle Development in Information Systems; Conceptual foundations of design problem solving; The anatomy of a design theory.",0.13224637508392334,100,False,-1.1388564,-1.726354
098637c0f9ae,Design Patterns,Pattern design in the context space: paco - a methodological framework for designing auditory display with patterns,"Frauenberger, C. and Stockman, T. and Bourguet, M. L.",2007,Proceedings of the 14th Conference on Pattern Languages of Programs,10.1145/1772070.1772091,https://doi.org/10.1145/1772070.1772091,1,Patterns · Pattern · Design Patterns,"patterns, pattern, design patterns, ai, design pattern, software","This exploratory cluster contains 55 papers. Frequent terms include patterns, pattern, design patterns, ai, design pattern, software. Representative papers include Industrial experience with design patterns; Understanding and using patterns in software development; A pattern approach to interaction design.",0.11943584680557251,27,False,3.4090629,-1.1241356
098c9db1090d,Design Patterns,A semantic representation for domain-specific patterns,"Montero, S. (1); Diaz, P. (1); Aedo, I. (1)",,"Metainformatics. International Symposium, MIS 2004. Revised Selected Papers (Lecture Notes in Computer Science Vol. 3511)",,,1,Patterns · Pattern · Design Patterns,"patterns, pattern, design patterns, ai, design pattern, software","This exploratory cluster contains 55 papers. Frequent terms include patterns, pattern, design patterns, ai, design pattern, software. Representative papers include Industrial experience with design patterns; Understanding and using patterns in software development; A pattern approach to interaction design.",0.07908743619918823,5,False,3.697934,-1.1653042
09e4195a775c,Design Patterns,BIOPHILIC DESIGN PATTERNS: Emerging Nature-Based Parameters for Health and Well-Being in the Built Environment,Catherine O. Ryan; W. Browning; Joseph Clancy; Scott L Andrews; Namita B Kallianpurkar,2014,,,https://www.semanticscholar.org/paper/f2f43cc85573cfe8f7a2770354fbea84c95e0f36,1,Patterns · Pattern · Design Patterns,"patterns, pattern, design patterns, ai, design pattern, software","This exploratory cluster contains 55 papers. Frequent terms include patterns, pattern, design patterns, ai, design pattern, software. Representative papers include Industrial experience with design patterns; Understanding and using patterns in software development; A pattern approach to interaction design.",0.1764090657234192,49,False,2.9065523,-1.4146754
0a373ca87142,Design methods,Surveying a Landscape of Ethics-Focused Design Methods,"Chivukula, Shruthi Sai and Gray, Colin and Li, Ziqing and Pivonka, Anne C. and Chen, Jingning",2024,ACM J. Responsib. Comput.,10.1145/3678988,https://doi.org/10.1145/3678988,0,Theory · Research · Design Knowledge,"theory, research, design knowledge, methods, principles, design theory","This exploratory cluster contains 227 papers. Frequent terms include theory, research, design knowledge, methods, principles, design theory. Representative papers include Towards a Method for Design Principle Development in Information Systems; Conceptual foundations of design problem solving; The anatomy of a design theory.",0.1012566089630127,33,False,0.22410567,-3.185237
0b35e34543e2,Design principles,Designing Artificial Identity: The Identity Design Framework and Research Agenda,"Bransky, Karla and Sweetser, Penny and Holthaus, Patrick and Laban, Guy and Winkle, Katie and Akalin, Neziha and Ashok, Ashita and Lee, Jihye and Khot, Rucha and Bejarano, Alexandra and Thijn, Jorrit and Moore, Roger K. and Jang, Minsu and Fischer, Joel E and Lee, Minha",2026,Proceedings of the 2026 Designing Interactive Systems Conference,10.1145/3800645.3812962,https://doi.org/10.1145/3800645.3812962,1,Patterns · Pattern · Design Patterns,"patterns, pattern, design patterns, ai, design pattern, software","This exploratory cluster contains 55 papers. Frequent terms include patterns, pattern, design patterns, ai, design pattern, software. Representative papers include Industrial experience with design patterns; Understanding and using patterns in software development; A pattern approach to interaction design.",0.18238317966461182,50,False,2.2693126,-1.568139
0b7e6111aa14,Design knowledge,Synthesizing a Solution Space for Prescriptive Design Knowledge Codification,"MoÃàller, F. (1); Hansen, M.R.P. (2); Schoormann, T. (3)",,Scandinavian Journal of Information Systems,,,0,Theory · Research · Design Knowledge,"theory, research, design knowledge, methods, principles, design theory","This exploratory cluster contains 227 papers. Frequent terms include theory, research, design knowledge, methods, principles, design theory. Representative papers include Towards a Method for Design Principle Development in Information Systems; Conceptual foundations of design problem solving; The anatomy of a design theory.",0.1444815993309021,134,False,0.4289964,-4.159562
0bca44c18d6c,Design theory,"Tinkering, tailoring, and bricolage: Implications for theories of Design","Hovorka, Dirk S. (1); Germonprez, Matt (2)",2009,"15th Americas Conference on Information Systems 2009, AMCIS 2009",,,0,Theory · Research · Design Knowledge,"theory, research, design knowledge, methods, principles, design theory","This exploratory cluster contains 227 papers. Frequent terms include theory, research, design knowledge, methods, principles, design theory. Representative papers include Towards a Method for Design Principle Development in Information Systems; Conceptual foundations of design problem solving; The anatomy of a design theory.",0.12069785594940186,77,False,0.3775182,-5.7725444
0cbc36913472,Design Heuristics,Dialogue Appropriate to Assistive Technology Product Design: A Taxonomy of Communication Formats in Relation to Modes of Sensory Perception,"Torrens, G.E. (1)",,"She Ji: The Journal of Design, Economics, and Innovation",10.1016/j.sheji.2018.01.001,,0,Theory · Research · Design Knowledge,"theory, research, design knowledge, methods, principles, design theory","This exploratory cluster contains 227 papers. Frequent terms include theory, research, design knowledge, methods, principles, design theory. Representative papers include Towards a Method for Design Principle Development in Information Systems; Conceptual foundations of design problem solving; The anatomy of a design theory.",0.1345982551574707,104,False,-0.29162547,-3.092128
0e02199ea150,Design theory,The Inspiration of Design Affairology to Hcd in Post Humanism Era,Bai Yu,2021,International Journal of Frontiers in Sociology,,https://www.semanticscholar.org/paper/f10d15a36e1a2d6f31eb975c6a8223f94685740f,0,Theory · Research · Design Knowledge,"theory, research, design knowledge, methods, principles, design theory","This exploratory cluster contains 227 papers. Frequent terms include theory, research, design knowledge, methods, principles, design theory. Representative papers include Towards a Method for Design Principle Development in Information Systems; Conceptual foundations of design problem solving; The anatomy of a design theory.",0.18774044513702393,194,False,-0.6616049,-3.4585786
0ecb6c9b7eeb,Design theory,Pluralism in Knowledge Management: a Review,"Sheffield, J. (1)",,Electronic Journal of Knowledge Management,,,0,Theory · Research · Design Knowledge,"theory, research, design knowledge, methods, principles, design theory","This exploratory cluster contains 227 papers. Frequent terms include theory, research, design knowledge, methods, principles, design theory. Representative papers include Towards a Method for Design Principle Development in Information Systems; Conceptual foundations of design problem solving; The anatomy of a design theory.",0.19697976112365723,204,False,-0.88738734,-4.6151037
0ef759265f23,Design Guidelines,The equitable use concept in sidewalk design,Mahdi Aghaabbasi; M. Moeinaddini; Zohreh Asadi-Shekari; M. Z. Shah,2019,Cities,,https://www.semanticscholar.org/paper/5a686e01a536a318c32f70e8b1eb114fd34c05de,0,Theory · Research · Design Knowledge,"theory, research, design knowledge, methods, principles, design theory","This exploratory cluster contains 227 papers. Frequent terms include theory, research, design knowledge, methods, principles, design theory. Representative papers include Towards a Method for Design Principle Development in Information Systems; Conceptual foundations of design problem solving; The anatomy of a design theory.",0.20531833171844482,211,False,0.39372402,-2.542345
103eb1a8586b,Design theory,Incommensurability and multi-paradigm grounding in design science research: Implications for creating knowledge,"Hovorka, Dirk S. (1)",2010,IFIP Advances in Information and Communication Technology,10.1007/978-3-642-12113-5_2,,0,Theory · Research · Design Knowledge,"theory, research, design knowledge, methods, principles, design theory","This exploratory cluster contains 227 papers. Frequent terms include theory, research, design knowledge, methods, principles, design theory. Representative papers include Towards a Method for Design Principle Development in Information Systems; Conceptual foundations of design problem solving; The anatomy of a design theory.",0.14500486850738525,136,False,-0.08675052,-5.7288
114973fd100e,Design knowledge,Identification and management of the near-field knowledge of industrial design for innovative product shapes,JinTao He (1); Qian Yang (1); MengYa Zhu (1),,Advances in Mechanical Engineering,10.1177/1687814018816574,,0,Theory · Research · Design Knowledge,"theory, research, design knowledge, methods, principles, design theory","This exploratory cluster contains 227 papers. Frequent terms include theory, research, design knowledge, methods, principles, design theory. Representative papers include Towards a Method for Design Principle Development in Information Systems; Conceptual foundations of design problem solving; The anatomy of a design theory.",0.15697026252746582,154,False,-1.4478372,-5.0935345
1151f6830f77,Design Patterns,Design patterns in intelligent systems,"Peters, J.F. (1)",,"Foundations of Intelligent Systems. 14th International Symposium, ISMIS 2003. Proceedings (Lecture Notes in Artificial Intelligence Vol.2871)",,,1,Patterns · Pattern · Design Patterns,"patterns, pattern, design patterns, ai, design pattern, software","This exploratory cluster contains 55 papers. Frequent terms include patterns, pattern, design patterns, ai, design pattern, software. Representative papers include Industrial experience with design patterns; Understanding and using patterns in software development; A pattern approach to interaction design.",0.10037660598754883,17,False,3.194568,-1.4526557
12568f76ff90,Design rationale,Patterns or claims: do they help in communicating design advice?,"Abraham, George and Atwood, Michael E.",2009,Proceedings of the 21st Annual Conference of the Australian Computer-Human Interaction Special Interest Group: Design: Open 24/7,10.1145/1738826.1738831,https://doi.org/10.1145/1738826.1738831,1,Patterns · Pattern · Design Patterns,"patterns, pattern, design patterns, ai, design pattern, software","This exploratory cluster contains 55 papers. Frequent terms include patterns, pattern, design patterns, ai, design pattern, software. Representative papers include Industrial experience with design patterns; Understanding and using patterns in software development; A pattern approach to interaction design.",0.13188374042510986,36,False,3.3679295,-1.1192288
139a1e71d8dc,Design Guidelines,Separation of Modeling Principles and Design Principles in Enterprise Engineering,Tetsuya Suga; Peter De Bruyn; Philip Huysmans; J. Verelst; H. Mannaert,2016,The Practice of Enterprise Modeling,,https://www.semanticscholar.org/paper/05ace0f237feda9c4e4dd78cdc60b3dd91738543,0,Theory · Research · Design Knowledge,"theory, research, design knowledge, methods, principles, design theory","This exploratory cluster contains 227 papers. Frequent terms include theory, research, design knowledge, methods, principles, design theory. Representative papers include Towards a Method for Design Principle Development in Information Systems; Conceptual foundations of design problem solving; The anatomy of a design theory.",0.123252272605896,80,False,1.1441989,-3.9884737
1416cd2b88de,Design methods,Cross-disciplinary system value overview towards value-oriented design,Emilia Lavi; Y. Reich,2023,Research in Engineering Design,,https://www.semanticscholar.org/paper/e973cd46b42f3c987ddf80186b3d6c1ba79263b4,0,Theory · Research · Design Knowledge,"theory, research, design knowledge, methods, principles, design theory","This exploratory cluster contains 227 papers. Frequent terms include theory, research, design knowledge, methods, principles, design theory. Representative papers include Towards a Method for Design Principle Development in Information Systems; Conceptual foundations of design problem solving; The anatomy of a design theory.",0.15168726444244385,147,False,1.140651,-4.698868
141f85abba0a,Design theory,How to Define Design in Industrial Control and Automation Software,Aydin Homay,2025,arXiv.org,,https://www.semanticscholar.org/paper/cbb4104ae7d335b7082069b705d473ed76b53b60,0,Theory · Research · Design Knowledge,"theory, research, design knowledge, methods, principles, design theory","This exploratory cluster contains 227 papers. Frequent terms include theory, research, design knowledge, methods, principles, design theory. Representative papers include Towards a Method for Design Principle Development in Information Systems; Conceptual foundations of design problem solving; The anatomy of a design theory.",0.10015785694122314,30,False,1.131479,-3.6762257
1445730be68b,Design principles,A problem-based approach to the advancement of heuristics for socio-technical evaluation,"Herrmann, T. (1); Jahnke, I. (2); Nolte, A. (3, 4)",,Behaviour & Information Technology,10.1080/0144929X.2021.1972157,,0,Theory · Research · Design Knowledge,"theory, research, design knowledge, methods, principles, design theory","This exploratory cluster contains 227 papers. Frequent terms include theory, research, design knowledge, methods, principles, design theory. Representative papers include Towards a Method for Design Principle Development in Information Systems; Conceptual foundations of design problem solving; The anatomy of a design theory.",0.14445030689239502,133,False,0.8210123,-0.94437957
14dcaf15aa66,Design Guidelines,Terminologia kohtaa käytettävyyden. Terminologisen käytettävyyden ydintä rakentamassa,Suvi Isohella; Anita Nuopponen,2016,VAKKI Publications,,https://www.semanticscholar.org/paper/11c6a0fa8fc166972194899f747f6bd2d3e40b34,0,Theory · Research · Design Knowledge,"theory, research, design knowledge, methods, principles, design theory","This exploratory cluster contains 227 papers. Frequent terms include theory, research, design knowledge, methods, principles, design theory. Representative papers include Towards a Method for Design Principle Development in Information Systems; Conceptual foundations of design problem solving; The anatomy of a design theory.",0.16710835695266724,174,False,1.2033198,-1.8099911
16b7f7939f93,Design rationale,Characterizing Design Rationales Using Computational Linguistics and Human Evaluations,"Mirabito, Yakira (1); Liu, Xiaowen (2); Goucher-Lambert, Kosa (1)",2025,Journal of Mechanical Design,10.1115/1.4069232,,0,Theory · Research · Design Knowledge,"theory, research, design knowledge, methods, principles, design theory","This exploratory cluster contains 227 papers. Frequent terms include theory, research, design knowledge, methods, principles, design theory. Representative papers include Towards a Method for Design Principle Development in Information Systems; Conceptual foundations of design problem solving; The anatomy of a design theory.",0.1417904496192932,122,False,3.2304256,-4.4261823
1728dd2afe4b,Design theory,Design theory in practice – Making design science research more transparent,"Piirainen, Kalle A. (1, 2); Briggs, Robert O. (3)",2011,Lecture Notes in Computer Science (including subseries Lecture Notes in Artificial Intelligence and Lecture Notes in Bioinformatics),10.1007/978-3-642-20633-7_4,,0,Theory · Research · Design Knowledge,"theory, research, design knowledge, methods, principles, design theory","This exploratory cluster contains 227 papers. Frequent terms include theory, research, design knowledge, methods, principles, design theory. Representative papers include Towards a Method for Design Principle Development in Information Systems; Conceptual foundations of design problem solving; The anatomy of a design theory.",0.11206334829330444,58,False,-0.28411642,-5.426571
18d57211cb40,Design knowledge,Object oriented design knowledge: ontology and measurement of impact,"Garzas, J. (1); Piattini, M.",,"Object-Oriented Information Systems. 8th International Conference, OOIS 2002. Proceedings (Lecture Notes in Computer Science Vol.2425)",,,0,Theory · Research · Design Knowledge,"theory, research, design knowledge, methods, principles, design theory","This exploratory cluster contains 227 papers. Frequent terms include theory, research, design knowledge, methods, principles, design theory. Representative papers include Towards a Method for Design Principle Development in Information Systems; Conceptual foundations of design problem solving; The anatomy of a design theory.",0.23005199432373047,220,False,2.6634498,-2.4549387
19dd6ec0253e,Design knowledge,A principle-based philosophical framework for fashion design praxis and education in new design landscapes,"Harvey, N. (1); Ankiewicz, P. (2)",,International Journal of Technology and Design Education,10.1007/s10798-022-09794-7,,0,Theory · Research · Design Knowledge,"theory, research, design knowledge, methods, principles, design theory","This exploratory cluster contains 227 papers. Frequent terms include theory, research, design knowledge, methods, principles, design theory. Representative papers include Towards a Method for Design Principle Development in Information Systems; Conceptual foundations of design problem solving; The anatomy of a design theory.",0.12786519527435303,91,False,-0.16751358,-4.203517
1c04ffa25528,Design methods,The implications of improvisational acting and role-playing on design methodologies,"Medler, Ben and Magerko, Brian",2010,Proceedings of the SIGCHI Conference on Human Factors in Computing Systems,10.1145/1753326.1753398,https://doi.org/10.1145/1753326.1753398,0,Theory · Research · Design Knowledge,"theory, research, design knowledge, methods, principles, design theory","This exploratory cluster contains 227 papers. Frequent terms include theory, research, design knowledge, methods, principles, design theory. Representative papers include Towards a Method for Design Principle Development in Information Systems; Conceptual foundations of design problem solving; The anatomy of a design theory.",0.17492806911468506,184,False,-0.32097414,-3.351393
1c7fa3f7d73a,Design knowledge,A theoretical framework for the studio as a learning environment,"Brandt, Carol B. (1); Cennamo, Katherine (2); Douglas, Sarah (3); Vernon, Mitzi (4); McGrath, Margarita (5); Reimer, Yolanda (6)",2013,International Journal of Technology and Design Education,10.1007/s10798-011-9181-5,,0,Theory · Research · Design Knowledge,"theory, research, design knowledge, methods, principles, design theory","This exploratory cluster contains 227 papers. Frequent terms include theory, research, design knowledge, methods, principles, design theory. Representative papers include Towards a Method for Design Principle Development in Information Systems; Conceptual foundations of design problem solving; The anatomy of a design theory.",0.13154840469360352,99,False,-0.24408369,-2.0619197
1d033f71eb02,Design Rules,"Soft, Flexible, and Stretchable Platforms for Tissue-Interfaced Bioelectronics",Kento Yamagishi; Sunghoon Lee; Tomoyuki Yokota; Takao Someya,2026,Advancement of science,,https://www.semanticscholar.org/paper/c3374b7851bf707048b3359556ab8226b87eea9d,0,Theory · Research · Design Knowledge,"theory, research, design knowledge, methods, principles, design theory","This exploratory cluster contains 227 papers. Frequent terms include theory, research, design knowledge, methods, principles, design theory. Representative papers include Towards a Method for Design Principle Development in Information Systems; Conceptual foundations of design problem solving; The anatomy of a design theory.",0.2712801694869995,225,False,1.7872161,-3.7586107
1e7ab64c6cf9,Design frameworks,Commentary: Strength-based co-design that EMPOWERs – Lessons from codesigning with older adults,Bernardo Figueiredo; T. Aleti; Diane M. Martin; Mike Reid; Jacob Sheahan; Larissa Hjorth,2023,Journal of Services Marketing,,https://www.semanticscholar.org/paper/66872f88e4301696a2c140413d0072fc0e04dd88,0,Theory · Research · Design Knowledge,"theory, research, design knowledge, methods, principles, design theory","This exploratory cluster contains 227 papers. Frequent terms include theory, research, design knowledge, methods, principles, design theory. Representative papers include Towards a Method for Design Principle Development in Information Systems; Conceptual foundations of design problem solving; The anatomy of a design theory.",0.17921394109725952,185,False,0.10682146,-2.6992679
1e8f1494fc78,Design theory,Collaboration Engineering Methodology: Horizontal Extension to Accommodate Project and Program Concerns,Nils L. Randrup; R. Briggs,2017,Hawaii International Conference on System Sciences,,https://www.semanticscholar.org/paper/fe77a2730aafcb45ea2ce433da64b4122ef0b7ed,0,Theory · Research · Design Knowledge,"theory, research, design knowledge, methods, principles, design theory","This exploratory cluster contains 227 papers. Frequent terms include theory, research, design knowledge, methods, principles, design theory. Representative papers include Towards a Method for Design Principle Development in Information Systems; Conceptual foundations of design problem solving; The anatomy of a design theory.",0.13375461101531982,101,False,0.8661077,-2.8705728
1fda49b32463,Design Patterns,A Pattern-Oriented Approach to a Methodical Evaluation of Modeling Methods,M. Amberg,1996,Australasian Journal of Information Systems,,https://www.semanticscholar.org/paper/5e199da79d0144ff9979ccc095e49b10504d7504,0,Theory · Research · Design Knowledge,"theory, research, design knowledge, methods, principles, design theory","This exploratory cluster contains 227 papers. Frequent terms include theory, research, design knowledge, methods, principles, design theory. Representative papers include Towards a Method for Design Principle Development in Information Systems; Conceptual foundations of design problem solving; The anatomy of a design theory.",0.14158332347869873,120,False,1.5370011,-3.3297744
2042efa7e455,Design knowledge,The DSR grid: six core dimensions for effectively planning and communicating design science research projects,J. Brocke; A. Maedche,2019,Electronic Markets,,https://www.semanticscholar.org/paper/b4891a8c14bc74a60e95cce3915a3efae59ff889,0,Theory · Research · Design Knowledge,"theory, research, design knowledge, methods, principles, design theory","This exploratory cluster contains 227 papers. Frequent terms include theory, research, design knowledge, methods, principles, design theory. Representative papers include Towards a Method for Design Principle Development in Information Systems; Conceptual foundations of design problem solving; The anatomy of a design theory.",0.13993096351623535,116,False,-0.7693314,-5.019609
20f56bbbd10c,Design theory,2. Interstitial Design Processes: How Design Thinking and Social Design Processes Bridge Theory and Practice in TPC Pedagogy,L. Lane,2020,"Effective Teaching of Technical Communication: Theory, Practice, and Application",,https://www.semanticscholar.org/paper/6df8482c73b59f082fea220e6f8aebb62906723a,0,Theory · Research · Design Knowledge,"theory, research, design knowledge, methods, principles, design theory","This exploratory cluster contains 227 papers. Frequent terms include theory, research, design knowledge, methods, principles, design theory. Representative papers include Towards a Method for Design Principle Development in Information Systems; Conceptual foundations of design problem solving; The anatomy of a design theory.",0.1542567014694214,150,False,-0.43550548,-2.280052
215d4603e3c7,Design methods,A case study of the extension of floorplan flexibility using sector margins,Marie Kim; C. Yoon,2020,,,https://www.semanticscholar.org/paper/9fc959bade7102e255548fbbb86b7e325126e9fd,0,Theory · Research · Design Knowledge,"theory, research, design knowledge, methods, principles, design theory","This exploratory cluster contains 227 papers. Frequent terms include theory, research, design knowledge, methods, principles, design theory. Representative papers include Towards a Method for Design Principle Development in Information Systems; Conceptual foundations of design problem solving; The anatomy of a design theory.",0.22029554843902588,216,False,1.1649805,-3.2159848
2280b868ea5f,Design principles,Form and Function: Toward a Better Understanding of Design-Based Games,"Sullivan, Anne and Stanfill, Mel and Salter, Anastasia and Wardrip-Fruin, Noah",2025,Proceedings of the 20th International Conference on the Foundations of Digital Games,10.1145/3723498.3723814,https://doi.org/10.1145/3723498.3723814,0,Theory · Research · Design Knowledge,"theory, research, design knowledge, methods, principles, design theory","This exploratory cluster contains 227 papers. Frequent terms include theory, research, design knowledge, methods, principles, design theory. Representative papers include Towards a Method for Design Principle Development in Information Systems; Conceptual foundations of design problem solving; The anatomy of a design theory.",0.1592268943786621,158,False,-1.2466451,-1.6871773
232abf4e9e91,Design theory,The Conceptual Design of Mechanical Products,Ambrose Edward Irudayaraj; V. Anbumalar,2022,Periodico,,https://www.semanticscholar.org/paper/0397508218bbb477dc15863a74245d3c12b1eb0e,0,Theory · Research · Design Knowledge,"theory, research, design knowledge, methods, principles, design theory","This exploratory cluster contains 227 papers. Frequent terms include theory, research, design knowledge, methods, principles, design theory. Representative papers include Towards a Method for Design Principle Development in Information Systems; Conceptual foundations of design problem solving; The anatomy of a design theory.",0.10898160934448242,47,False,1.6972207,-3.9829628
242644458c6e,Design Patterns,A pattern approach to interaction design,"Horchers, Jan O. (1, 2)",2001,AI and Society,10.1007/bf01206115,,1,Patterns · Pattern · Design Patterns,"patterns, pattern, design patterns, ai, design pattern, software","This exploratory cluster contains 55 papers. Frequent terms include patterns, pattern, design patterns, ai, design pattern, software. Representative papers include Industrial experience with design patterns; Understanding and using patterns in software development; A pattern approach to interaction design.",0.07097601890563965,3,True,3.1743467,-0.85035217
268903a30da5,Design frameworks,Systematic Review of Systemic Design Frameworks for Complex Challenges,Skye Smith; Eleni Kalantidou,2025,Strategic Design Research Journal,,https://www.semanticscholar.org/paper/0ad5afc83d67ef0110cda1d9f605336b53447b1a,0,Theory · Research · Design Knowledge,"theory, research, design knowledge, methods, principles, design theory","This exploratory cluster contains 227 papers. Frequent terms include theory, research, design knowledge, methods, principles, design theory. Representative papers include Towards a Method for Design Principle Development in Information Systems; Conceptual foundations of design problem solving; The anatomy of a design theory.",0.10975438356399536,49,False,0.9951663,-3.5788138
287b2d823523,Design Patterns,Architecture pattern organization,"Kapadia, Riaz (1); Sarkar, Santonu (1); Modi, Reva (1)",2004,"Proceedings of the International Conference on Software Engineering Research and Practice, SERP'04",,,1,Patterns · Pattern · Design Patterns,"patterns, pattern, design patterns, ai, design pattern, software","This exploratory cluster contains 55 papers. Frequent terms include patterns, pattern, design patterns, ai, design pattern, software. Representative papers include Industrial experience with design patterns; Understanding and using patterns in software development; A pattern approach to interaction design.",0.10030102729797363,16,False,3.803611,-1.6586969
288676f720a1,Design theory,A design theory for digital platforms supporting online communities: a multiple case study,P. Spagnoletti; A. Resca; Gwanhoo Lee,2015,Journal of Information and Technology,,https://www.semanticscholar.org/paper/e0e64fb553b44ffc85c79f32f7fa53c7f7583af4,0,Theory · Research · Design Knowledge,"theory, research, design knowledge, methods, principles, design theory","This exploratory cluster contains 227 papers. Frequent terms include theory, research, design knowledge, methods, principles, design theory. Representative papers include Towards a Method for Design Principle Development in Information Systems; Conceptual foundations of design problem solving; The anatomy of a design theory.",0.11942785978317261,75,False,0.8781236,-5.235578
296e021afe91,Design rationale,A generic model for reflective design,"Louridas, Panagiotis and Loucopoulos, Pericles",2000,ACM Trans. Softw. Eng. Methodol.,10.1145/350887.350895,https://doi.org/10.1145/350887.350895,0,Theory · Research · Design Knowledge,"theory, research, design knowledge, methods, principles, design theory","This exploratory cluster contains 227 papers. Frequent terms include theory, research, design knowledge, methods, principles, design theory. Representative papers include Towards a Method for Design Principle Development in Information Systems; Conceptual foundations of design problem solving; The anatomy of a design theory.",0.0896451473236084,13,False,2.9956613,-4.0489516
29a8891f4c02,Design knowledge,The Need for Design Cases: Disseminating Design Knowledge,E. Boling,2010,,,https://www.semanticscholar.org/paper/b924e7e2da2b5dfae02528ebbb53b209e8077c32,0,Theory · Research · Design Knowledge,"theory, research, design knowledge, methods, principles, design theory","This exploratory cluster contains 227 papers. Frequent terms include theory, research, design knowledge, methods, principles, design theory. Representative papers include Towards a Method for Design Principle Development in Information Systems; Conceptual foundations of design problem solving; The anatomy of a design theory.",0.11561965942382812,65,False,0.21827377,-4.351912
2a22a314dcfb,Design Rules,Studying Software Architecture Through Design Spaces and Rules,"Lane, T. G.",Nov-90,,,,0,Theory · Research · Design Knowledge,"theory, research, design knowledge, methods, principles, design theory","This exploratory cluster contains 227 papers. Frequent terms include theory, research, design knowledge, methods, principles, design theory. Representative papers include Towards a Method for Design Principle Development in Information Systems; Conceptual foundations of design problem solving; The anatomy of a design theory.",0.11710166931152344,71,False,1.5273687,-2.8289206
2a3139d14895,Design knowledge,What is design knowledge from the viewpoint of CPM/PDD?,"Conrad, J. (1); K√∂hler, C. (1); Wanke, S. (1); Weber, C. (1)",2008,"Proceedings DESIGN 2008, the 10th International Design Conference",,,0,Theory · Research · Design Knowledge,"theory, research, design knowledge, methods, principles, design theory","This exploratory cluster contains 227 papers. Frequent terms include theory, research, design knowledge, methods, principles, design theory. Representative papers include Towards a Method for Design Principle Development in Information Systems; Conceptual foundations of design problem solving; The anatomy of a design theory.",0.152535080909729,148,False,-1.3650855,-4.988025
2ba0daf07e8e,Design principles,Engineering design principles as patterns of relationships in frame creation,"Rodriguez, J.B. (1); Benavides, E.M. (1)",,Research in Engineering Design,10.1007/s00163-021-00362-z,,0,Theory · Research · Design Knowledge,"theory, research, design knowledge, methods, principles, design theory","This exploratory cluster contains 227 papers. Frequent terms include theory, research, design knowledge, methods, principles, design theory. Representative papers include Towards a Method for Design Principle Development in Information Systems; Conceptual foundations of design problem solving; The anatomy of a design theory.",0.1369205117225647,108,False,0.9247966,-3.8820653
2c8a6e74557f,Design theory,"The tacit knowledge of entrepreneurial design: Interrelating theory, practice and prescription in entrepreneurship research",P. Selden; D. Fletcher,2019,Journal of Business Venturing Insights,,https://www.semanticscholar.org/paper/befeef12bbd0366a0c81034c7f964b82b76b220f,0,Theory · Research · Design Knowledge,"theory, research, design knowledge, methods, principles, design theory","This exploratory cluster contains 227 papers. Frequent terms include theory, research, design knowledge, methods, principles, design theory. Representative papers include Towards a Method for Design Principle Development in Information Systems; Conceptual foundations of design problem solving; The anatomy of a design theory.",0.15083825588226318,146,False,-1.0295528,-3.8846583
2efb92894924,Design Patterns,Particles of a Whole: Design Patterns for Transparent and Auditable AI-Systems,"Fa\ssbender, Judith",2021,Adjunct Proceedings of the 2021 ACM International Joint Conference on Pervasive and Ubiquitous Computing and Proceedings of the 2021 ACM International Symposium on Wearable Computers,10.1145/3460418.3479345,https://doi.org/10.1145/3460418.3479345,1,Patterns · Pattern · Design Patterns,"patterns, pattern, design patterns, ai, design pattern, software","This exploratory cluster contains 55 papers. Frequent terms include patterns, pattern, design patterns, ai, design pattern, software. Representative papers include Industrial experience with design patterns; Understanding and using patterns in software development; A pattern approach to interaction design.",0.1058570146560669,18,False,2.7464912,-1.2812186
2faef10b819d,Design theory,A design theory for software engineering,Jon G. Hall; L. Rapanotti,2017,Information and Software Technology,,https://www.semanticscholar.org/paper/01d6dabb554091dd3a9d65f13a80ead9b166bd79,0,Theory · Research · Design Knowledge,"theory, research, design knowledge, methods, principles, design theory","This exploratory cluster contains 227 papers. Frequent terms include theory, research, design knowledge, methods, principles, design theory. Representative papers include Towards a Method for Design Principle Development in Information Systems; Conceptual foundations of design problem solving; The anatomy of a design theory.",0.10728108882904053,43,False,0.6010624,-5.423586
3058799f63c1,Design knowledge,Using Schema to Inform Method Design Practices,"Chivukula, Shruthi Sai (1); Gray, Colin M. (2)",2024,arXiv,10.48550/arXiv.2405.00901,,0,Theory · Research · Design Knowledge,"theory, research, design knowledge, methods, principles, design theory","This exploratory cluster contains 227 papers. Frequent terms include theory, research, design knowledge, methods, principles, design theory. Representative papers include Towards a Method for Design Principle Development in Information Systems; Conceptual foundations of design problem solving; The anatomy of a design theory.",0.12427520751953125,84,False,0.5038795,-3.222572
31bdafb1fc73,Design principles,Explainable Medical Imaging AI Needs Human-Centered Design: Guidelines and Evidence from a Systematic Review,"Chen, Haomin (1); Gomez, Catalina (1); Huang, Chien-Ming (1); Unberath, Mathias (1)",2021,arXiv,,,0,Theory · Research · Design Knowledge,"theory, research, design knowledge, methods, principles, design theory","This exploratory cluster contains 227 papers. Frequent terms include theory, research, design knowledge, methods, principles, design theory. Representative papers include Towards a Method for Design Principle Development in Information Systems; Conceptual foundations of design problem solving; The anatomy of a design theory.",0.1716909408569336,180,False,0.8347896,-2.5668142
3269f651fd9c,Design Patterns,"Designing AI-Enabled Engineering Courses: E-AIP Framework for Learning Outcomes, Process Evidence, and Integrity",Abdullah Khataan; G. Bapat; S. Rahaman; Anuj Kumar,2025,Int. J. Eng. Pedagog.,,https://www.semanticscholar.org/paper/2ab5c1476d21b2dedf95b4e208bae1ed432bf6b2,1,Patterns · Pattern · Design Patterns,"patterns, pattern, design patterns, ai, design pattern, software","This exploratory cluster contains 55 papers. Frequent terms include patterns, pattern, design patterns, ai, design pattern, software. Representative papers include Industrial experience with design patterns; Understanding and using patterns in software development; A pattern approach to interaction design.",0.18285953998565674,51,False,1.8758454,-1.7646908
33444d31c6dc,Design knowledge,A design theory for visual inquiry tools,"Avdiji, Hazbi (1); Elikan, Dina (2); Missonier, Stephanie (2); Pigneur, Yves (2)",2020,Journal of the Association for Information Systems,10.17705/1jais.00617,,0,Theory · Research · Design Knowledge,"theory, research, design knowledge, methods, principles, design theory","This exploratory cluster contains 227 papers. Frequent terms include theory, research, design knowledge, methods, principles, design theory. Representative papers include Towards a Method for Design Principle Development in Information Systems; Conceptual foundations of design problem solving; The anatomy of a design theory.",0.11008316278457642,52,False,-0.65512574,-5.2327404
3524dd73bb30,Design Patterns,Design Patterns of Biological Cells,Steven S. Andrews; H. Wiley; Herbert M. Sauro,2024,Bioessays,,https://www.semanticscholar.org/paper/f26d25a6933311f0177bd3d7b18af01927b69ba8,1,Patterns · Pattern · Design Patterns,"patterns, pattern, design patterns, ai, design pattern, software","This exploratory cluster contains 55 papers. Frequent terms include patterns, pattern, design patterns, ai, design pattern, software. Representative papers include Industrial experience with design patterns; Understanding and using patterns in software development; A pattern approach to interaction design.",0.12057089805603027,28,False,3.4127939,-1.6467279
35874d939f8d,Design Patterns,"Patterns, anticipation and participatory futures",R. Puzio; Paola Ricaurte; Charles Jeffrey Danoff; Charlotte Pierce; Analua Dutka-Chirichetti; Vitor Bruno; H. Cintra; J. Corneli,2020,arXiv.org,,https://www.semanticscholar.org/paper/d906be0109cf9b217d62a8aff8e74aa2173985ee,1,Patterns · Pattern · Design Patterns,"patterns, pattern, design patterns, ai, design pattern, software","This exploratory cluster contains 55 papers. Frequent terms include patterns, pattern, design patterns, ai, design pattern, software. Representative papers include Industrial experience with design patterns; Understanding and using patterns in software development; A pattern approach to interaction design.",0.0907599925994873,10,False,3.3591144,-0.6024621
363ca9685308,Design theory,Cognitive Architecture and Instructional Design: 20 Years Later,J. Sweller; J. V. van Merri√´nboer; F. Paas,2019,Educational Psychology Review,,https://www.semanticscholar.org/paper/e28d73214751d51c3f46a867920be41c49c45130,0,Theory · Research · Design Knowledge,"theory, research, design knowledge, methods, principles, design theory","This exploratory cluster contains 227 papers. Frequent terms include theory, research, design knowledge, methods, principles, design theory. Representative papers include Towards a Method for Design Principle Development in Information Systems; Conceptual foundations of design problem solving; The anatomy of a design theory.",0.19824910163879395,206,False,0.5541708,-2.0514903
368e4036648e,Design Patterns,From Directional Stimuli to Prompt Architectures: Documenting the Practice of Meta-Prompting,D. Ligot,2026,Social Science Research Network,,https://www.semanticscholar.org/paper/cc6622c7b5aec35fb3b4174aa730a28c6c5c0844,1,Patterns · Pattern · Design Patterns,"patterns, pattern, design patterns, ai, design pattern, software","This exploratory cluster contains 55 papers. Frequent terms include patterns, pattern, design patterns, ai, design pattern, software. Representative papers include Industrial experience with design patterns; Understanding and using patterns in software development; A pattern approach to interaction design.",0.17290782928466797,46,False,2.7478924,-2.927109
38f057747444,Design knowledge,Reusable design: A proposed approach to Public Health Informatics system design,B. Reeder; Rebecca A. Hills; G. Demiris; D. Revere; Jamie Pina,2011,BMC Public Health,,https://www.semanticscholar.org/paper/9c8b1c67ac970533f6aee74d608749c545113cdd,0,Theory · Research · Design Knowledge,"theory, research, design knowledge, methods, principles, design theory","This exploratory cluster contains 227 papers. Frequent terms include theory, research, design knowledge, methods, principles, design theory. Representative papers include Towards a Method for Design Principle Development in Information Systems; Conceptual foundations of design problem solving; The anatomy of a design theory.",0.15458178520202637,151,False,1.6281526,-5.1216655
39fee30eb03c,Design knowledge,Cutting Cubes Out of Fog: The Whole View of Design,P. Whitney; Andr√© Nogueira,2020,"She Ji: The Journal of Design, Economics and Innovation",,https://www.semanticscholar.org/paper/435277a3e5471ed7631d518071836b93944925b0,0,Theory · Research · Design Knowledge,"theory, research, design knowledge, methods, principles, design theory","This exploratory cluster contains 227 papers. Frequent terms include theory, research, design knowledge, methods, principles, design theory. Representative papers include Towards a Method for Design Principle Development in Information Systems; Conceptual foundations of design problem solving; The anatomy of a design theory.",0.110626220703125,54,False,-0.19236252,-4.009138
3a87795ac48c,Design Patterns,Framework for Designing and Evaluating Game Achievements,Juho Hamari; V. Eranti,2011,DiGRA Conference,,https://www.semanticscholar.org/paper/4de775e4ffb6e1457af1e816baaa8c99cc4a0def,0,Theory · Research · Design Knowledge,"theory, research, design knowledge, methods, principles, design theory","This exploratory cluster contains 227 papers. Frequent terms include theory, research, design knowledge, methods, principles, design theory. Representative papers include Towards a Method for Design Principle Development in Information Systems; Conceptual foundations of design problem solving; The anatomy of a design theory.",0.17039227485656738,178,False,-1.2349507,-1.7278202
3f7b5dc9fc40,Design theory,Concerning the Epistemology of Design: The Role of the Eco-Cognitive Model of Abduction in Pragmatism,Alger Sans Pinillos; A. Estany,2023,Philosophies,,https://www.semanticscholar.org/paper/7e135cc8cc3f2977f008136b33bf88e38576edcc,0,Theory · Research · Design Knowledge,"theory, research, design knowledge, methods, principles, design theory","This exploratory cluster contains 227 papers. Frequent terms include theory, research, design knowledge, methods, principles, design theory. Representative papers include Towards a Method for Design Principle Development in Information Systems; Conceptual foundations of design problem solving; The anatomy of a design theory.",0.13746368885040283,109,False,-0.20792538,-4.5024486
4000c6073b5d,Design Patterns,Design Principles for Internal Domain-Specific Languages: A Pattern Catalog Illustrated by Ruby,S. G√ºnther,2013,,,https://www.semanticscholar.org/paper/f87e9b8e062bd9dbd0d055a23d6168ba5f260157,1,Patterns · Pattern · Design Patterns,"patterns, pattern, design patterns, ai, design pattern, software","This exploratory cluster contains 55 papers. Frequent terms include patterns, pattern, design patterns, ai, design pattern, software. Representative papers include Industrial experience with design patterns; Understanding and using patterns in software development; A pattern approach to interaction design.",0.1444777250289917,39,False,3.6492872,-1.1899238
40034332988c,Design rationale,Redesigning the rationale for design rationale,"Atwood, Michael E. (1); Horner, John (1)",2007,Lecture Notes in Computer Science (including subseries Lecture Notes in Artificial Intelligence and Lecture Notes in Bioinformatics),10.1007/978-3-540-73105-4_2,,0,Theory · Research · Design Knowledge,"theory, research, design knowledge, methods, principles, design theory","This exploratory cluster contains 227 papers. Frequent terms include theory, research, design knowledge, methods, principles, design theory. Representative papers include Towards a Method for Design Principle Development in Information Systems; Conceptual foundations of design problem solving; The anatomy of a design theory.",0.10076010227203369,32,False,3.176074,-4.3303914
4025e28730c1,Design theory,Conceptual foundations of design problem solving,"Smith, G.F. (1); Browne, G.J.",,"IEEE Transactions on Systems, Man and Cybernetics",10.1109/21.260655,,0,Theory · Research · Design Knowledge,"theory, research, design knowledge, methods, principles, design theory","This exploratory cluster contains 227 papers. Frequent terms include theory, research, design knowledge, methods, principles, design theory. Representative papers include Towards a Method for Design Principle Development in Information Systems; Conceptual foundations of design problem solving; The anatomy of a design theory.",0.06464821100234985,2,True,0.28162253,-4.40258
40668e23fbab,Design knowledge,Dimensions of knowledge in prototyping: A review and characterisation of prototyping methods and their contributions to design knowledge,"Real, Ricardo (1); C., Snider; M., Goudswaard; B., Hicks",2021,Proceedings of the Design Society,10.1017/pds.2021.130,,0,Theory · Research · Design Knowledge,"theory, research, design knowledge, methods, principles, design theory","This exploratory cluster contains 227 papers. Frequent terms include theory, research, design knowledge, methods, principles, design theory. Representative papers include Towards a Method for Design Principle Development in Information Systems; Conceptual foundations of design problem solving; The anatomy of a design theory.",0.14794141054153442,140,False,-1.3461128,-4.9030514
40a2d86cd488,Design methods,Elements of a design method - a basis for describing and evaluating design methods,"Gericke, K. (1); Eckert, C. (2); Stacey, M. (3)",,Design Science,10.1017/dsj.2022.23,,0,Theory · Research · Design Knowledge,"theory, research, design knowledge, methods, principles, design theory","This exploratory cluster contains 227 papers. Frequent terms include theory, research, design knowledge, methods, principles, design theory. Representative papers include Towards a Method for Design Principle Development in Information Systems; Conceptual foundations of design problem solving; The anatomy of a design theory.",0.09464716911315918,18,False,0.48738745,-3.3000455
41443180c5b4,Design theory,"Service Ecosystem Design: Propositions, Process Model, and Future Research Agenda",J. Vink; Kaisa Koskela-Huotari; B. Tronvoll; B. Edvardsson; Katarina Wetter-Edman,2020,Journal of services research,,https://www.semanticscholar.org/paper/ac1bd39fb2c3e185247823c8a846c9829bb5ce27,0,Theory · Research · Design Knowledge,"theory, research, design knowledge, methods, principles, design theory","This exploratory cluster contains 227 papers. Frequent terms include theory, research, design knowledge, methods, principles, design theory. Representative papers include Towards a Method for Design Principle Development in Information Systems; Conceptual foundations of design problem solving; The anatomy of a design theory.",0.14198851585388184,124,False,1.3008822,-4.7980957
42c66c187222,Design principles,Toward an effective approach to collaboration education: A taxonomy for game design,A. Loparev; C. A. Egert,2015,,10.1109/GEM.2015.7377203,,0,Theory · Research · Design Knowledge,"theory, research, design knowledge, methods, principles, design theory","This exploratory cluster contains 227 papers. Frequent terms include theory, research, design knowledge, methods, principles, design theory. Representative papers include Towards a Method for Design Principle Development in Information Systems; Conceptual foundations of design problem solving; The anatomy of a design theory.",0.13776111602783203,110,False,-0.5927964,-1.5650374
43856ed76df1,Design Rules,Hybrid Prototyping: Pure Theory or a Practical Solution to Accelerating Prototyping Tasks?,David Mathias; C. Snider; B. Hicks,2019,Proceedings of the Design Society,,https://www.semanticscholar.org/paper/9f9e2a02a0991265112e3a3b729389070bdb496f,0,Theory · Research · Design Knowledge,"theory, research, design knowledge, methods, principles, design theory","This exploratory cluster contains 227 papers. Frequent terms include theory, research, design knowledge, methods, principles, design theory. Representative papers include Towards a Method for Design Principle Development in Information Systems; Conceptual foundations of design problem solving; The anatomy of a design theory.",0.2201085090637207,215,False,1.9250356,-3.9147773
43fee329f83e,Design theory,Process design theory for digital information services,"Wijnhoven, Fons (1)",2008,Methods and Tools for Effective Knowledge Life-Cycle-Management,10.1007/978-3-540-78431-9_31,,0,Theory · Research · Design Knowledge,"theory, research, design knowledge, methods, principles, design theory","This exploratory cluster contains 227 papers. Frequent terms include theory, research, design knowledge, methods, principles, design theory. Representative papers include Towards a Method for Design Principle Development in Information Systems; Conceptual foundations of design problem solving; The anatomy of a design theory.",0.10001814365386963,29,False,1.304121,-5.2055097
44848ca19e31,Design principles,"Design Obligations for Software, with Examples from Data Abstraction and Adaptive Systems",M. Shaw,2025,,10.1109/Designing66910.2025.00016,,0,Theory · Research · Design Knowledge,"theory, research, design knowledge, methods, principles, design theory","This exploratory cluster contains 227 papers. Frequent terms include theory, research, design knowledge, methods, principles, design theory. Representative papers include Towards a Method for Design Principle Development in Information Systems; Conceptual foundations of design problem solving; The anatomy of a design theory.",0.14351308345794678,131,False,2.1908092,-2.9214377
4567075d70b4,Design rationale,Making Argumentation Serve Design,G. Fischer; A. C. Lemke; Ray McCall; A. M√∏rch,1996,Hum. Comput. Interact.,,https://www.semanticscholar.org/paper/3030e27be928a7240a7e390ad8a09ba979d0cac9,0,Theory · Research · Design Knowledge,"theory, research, design knowledge, methods, principles, design theory","This exploratory cluster contains 227 papers. Frequent terms include theory, research, design knowledge, methods, principles, design theory. Representative papers include Towards a Method for Design Principle Development in Information Systems; Conceptual foundations of design problem solving; The anatomy of a design theory.",0.11650389432907104,69,False,3.1794624,-4.3401303
48af90d5dfe7,Design Guidelines,Design Guidelines for Domain Specific Languages,Gabor Karsai; Holger Krahn; Claas Pinkernell; Bernhard Rumpe; Martin Schindler; Steven V√∂lkel,2014,arXiv.org,,https://www.semanticscholar.org/paper/26640e6ab9ea74e28d9401eaf3f66a78a2ab19b7,1,Patterns · Pattern · Design Patterns,"patterns, pattern, design patterns, ai, design pattern, software","This exploratory cluster contains 55 papers. Frequent terms include patterns, pattern, design patterns, ai, design pattern, software. Representative papers include Industrial experience with design patterns; Understanding and using patterns in software development; A pattern approach to interaction design.",0.16929346323013306,44,False,3.6662312,-1.0578969
498a6aa649eb,Design Patterns,Service engineering design patterns,"Milanovic, N. (1)",,2006 2nd IEEE International Symposium on Service-oriented System Engineering,,,1,Patterns · Pattern · Design Patterns,"patterns, pattern, design patterns, ai, design pattern, software","This exploratory cluster contains 55 papers. Frequent terms include patterns, pattern, design patterns, ai, design pattern, software. Representative papers include Industrial experience with design patterns; Understanding and using patterns in software development; A pattern approach to interaction design.",0.10654056072235107,19,False,3.5213854,-1.7542082
49d75437fd07,Design Patterns,A Framework for Design Patterns in TROPOS,T. Do; Manuel Kolp; T. Hoang; A. Pirotte,2003,Brazilian Symposium on Software Engineering,,https://www.semanticscholar.org/paper/27c4d424b3d562fdc6dd87d6f06badce56f21ee7,1,Patterns · Pattern · Design Patterns,"patterns, pattern, design patterns, ai, design pattern, software","This exploratory cluster contains 55 papers. Frequent terms include patterns, pattern, design patterns, ai, design pattern, software. Representative papers include Industrial experience with design patterns; Understanding and using patterns in software development; A pattern approach to interaction design.",0.12900781631469727,35,False,3.6416316,-1.6415159
4a9c96b6c482,Design Patterns,Meta patternsma means for capturing the essentials of reusable object-oriented design,"Pree, Wolfgang (1)",1994,Lecture Notes in Computer Science (including subseries Lecture Notes in Artificial Intelligence and Lecture Notes in Bioinformatics),,,1,Patterns · Pattern · Design Patterns,"patterns, pattern, design patterns, ai, design pattern, software","This exploratory cluster contains 55 papers. Frequent terms include patterns, pattern, design patterns, ai, design pattern, software. Representative papers include Industrial experience with design patterns; Understanding and using patterns in software development; A pattern approach to interaction design.",0.11891835927963257,26,False,3.7542417,-1.4957029
4ac74ce3f335,Design rationale,Towards a framework for documentation design: an abstract model of computer-mediated activity,"van Loggem, Brigit",2013,Proceedings of the 31st European Conference on Cognitive Ergonomics,10.1145/2501907.2501953,https://doi.org/10.1145/2501907.2501953,0,Theory · Research · Design Knowledge,"theory, research, design knowledge, methods, principles, design theory","This exploratory cluster contains 227 papers. Frequent terms include theory, research, design knowledge, methods, principles, design theory. Representative papers include Towards a Method for Design Principle Development in Information Systems; Conceptual foundations of design problem solving; The anatomy of a design theory.",0.12266308069229126,79,False,1.9082304,-3.0115128
4b599d3e2eb0,Design knowledge,Immodest Proposals: Research Through Design and Knowledge,"Bardzell, Jeffrey and Bardzell, Shaowen and Koefoed Hansen, Lone",2015,Proceedings of the 33rd Annual ACM Conference on Human Factors in Computing Systems,10.1145/2702123.2702400,https://doi.org/10.1145/2702123.2702400,0,Theory · Research · Design Knowledge,"theory, research, design knowledge, methods, principles, design theory","This exploratory cluster contains 227 papers. Frequent terms include theory, research, design knowledge, methods, principles, design theory. Representative papers include Towards a Method for Design Principle Development in Information Systems; Conceptual foundations of design problem solving; The anatomy of a design theory.",0.10408586263656616,40,False,-0.71976644,-4.154108
4c8bdfbd1309,Design rationale,Integrating different perspectives on design rationale: supporting the emergence of design rationale from design communication,"Shipman, F.M., III (1); McCall, R.J.",,"(AI EDAM) Artificial Intelligence for Engineering Design, Analysis and Manufacturing",10.1017/S089006040000192X,,0,Theory · Research · Design Knowledge,"theory, research, design knowledge, methods, principles, design theory","This exploratory cluster contains 227 papers. Frequent terms include theory, research, design knowledge, methods, principles, design theory. Representative papers include Towards a Method for Design Principle Development in Information Systems; Conceptual foundations of design problem solving; The anatomy of a design theory.",0.0949164628982544,20,False,3.1549368,-4.3590236
4db508a9681a,Design theory,Philosophy of design: A meta-theoretical structure for design theory,"Love, Terence",2000,Design Studies,10.1016/S0142-694X(99)00012-5,,0,Theory · Research · Design Knowledge,"theory, research, design knowledge, methods, principles, design theory","This exploratory cluster contains 227 papers. Frequent terms include theory, research, design knowledge, methods, principles, design theory. Representative papers include Towards a Method for Design Principle Development in Information Systems; Conceptual foundations of design problem solving; The anatomy of a design theory.",0.09487384557723999,19,False,0.19409476,-5.506765
4e727e38805c,Design Patterns,"Visualization Atlases: Explaining and Exploring Complex Topics Through Data, Visualization, and Narration",J. Wang; X. Shu; B. Bach; U. Hinrichs,2025,,10.1109/TVCG.2024.3456311,,0,Theory · Research · Design Knowledge,"theory, research, design knowledge, methods, principles, design theory","This exploratory cluster contains 227 papers. Frequent terms include theory, research, design knowledge, methods, principles, design theory. Representative papers include Towards a Method for Design Principle Development in Information Systems; Conceptual foundations of design problem solving; The anatomy of a design theory.",0.20894771814346313,212,False,2.3532875,-4.64756
4effa8e553a8,Design knowledge,Toward Engineering Design Principles for HCI,"Long, John (1); Cummaford, Steve (2); Stork, Adam (3)",2022,Synthesis Lectures on Human-Centered Informatics,10.2200/s01172ed1v02y202202hci055,,0,Theory · Research · Design Knowledge,"theory, research, design knowledge, methods, principles, design theory","This exploratory cluster contains 227 papers. Frequent terms include theory, research, design knowledge, methods, principles, design theory. Representative papers include Towards a Method for Design Principle Development in Information Systems; Conceptual foundations of design problem solving; The anatomy of a design theory.",0.13862061500549316,112,False,0.7856045,-2.3759987
4fb2c242dfee,Design Patterns,Coupling of design patterns: common practices and their benefits,"McNatt, W.B. (1); Bieman, J.M. (1)",,25th Annual International Computer Software and Applications Conference. COMPSAC 2001,10.1109/CMPSAC.2001.960670,,1,Patterns · Pattern · Design Patterns,"patterns, pattern, design patterns, ai, design pattern, software","This exploratory cluster contains 55 papers. Frequent terms include patterns, pattern, design patterns, ai, design pattern, software. Representative papers include Industrial experience with design patterns; Understanding and using patterns in software development; A pattern approach to interaction design.",0.10744941234588623,20,False,3.3591702,-1.5481013
5000c5049cbd,Design knowledge,Learning design knowledge as generalization,"Li, Heng (1); Wu, Xindong (1)",1998,Cybernetics and Systems,,,0,Theory · Research · Design Knowledge,"theory, research, design knowledge, methods, principles, design theory","This exploratory cluster contains 227 papers. Frequent terms include theory, research, design knowledge, methods, principles, design theory. Representative papers include Towards a Method for Design Principle Development in Information Systems; Conceptual foundations of design problem solving; The anatomy of a design theory.",0.1569443941116333,153,False,-0.163929,-4.7910905
50c94f5857d8,Design theory,Eight Components of a Design Theory of Sonification,M. Nees,2019,Proceedings of the 25th International Conference on Auditory Display (ICAD 2019),,https://www.semanticscholar.org/paper/5e41b7e4f9a1804f3369a8815558f7989daff1df,0,Theory · Research · Design Knowledge,"theory, research, design knowledge, methods, principles, design theory","This exploratory cluster contains 227 papers. Frequent terms include theory, research, design knowledge, methods, principles, design theory. Representative papers include Towards a Method for Design Principle Development in Information Systems; Conceptual foundations of design problem solving; The anatomy of a design theory.",0.17164474725723267,179,False,0.12657471,-5.491124
5389fb1cc38b,Design methods,Elements of a design method – a basis for describing and evaluating design methods,K. Gericke; C. Eckert; M. Stacey,2022,Design Science,,https://www.semanticscholar.org/paper/c6983d646df77563eea8dc5d05abb895c9c8b87f,0,Theory · Research · Design Knowledge,"theory, research, design knowledge, methods, principles, design theory","This exploratory cluster contains 227 papers. Frequent terms include theory, research, design knowledge, methods, principles, design theory. Representative papers include Towards a Method for Design Principle Development in Information Systems; Conceptual foundations of design problem solving; The anatomy of a design theory.",0.09576785564422607,21,False,0.41685724,-3.2779381
53adec5acee6,Design knowledge,Mapping design knowledge: 36 years of Design Studies,K. Burns; Jack Ingram; L. Annable,2016,,,https://www.semanticscholar.org/paper/a749b4fe5ef70d2391f17102eab0671f5d3f3dc1,0,Theory · Research · Design Knowledge,"theory, research, design knowledge, methods, principles, design theory","This exploratory cluster contains 227 papers. Frequent terms include theory, research, design knowledge, methods, principles, design theory. Representative papers include Towards a Method for Design Principle Development in Information Systems; Conceptual foundations of design problem solving; The anatomy of a design theory.",0.11542510986328125,64,False,-0.4969602,-4.496724
560be0c20de7,Design frameworks,"Designing for Trust, Progress, and Dignity: A Conceptual Framework for Reliability, Responsiveness, and Relational Quality in AI-Enabled Service Systems",M. Colgate; Orla Colgate,2026,Information,,https://www.semanticscholar.org/paper/51493efcd757168bfe90566436e0982efe07bfd9,1,Patterns · Pattern · Design Patterns,"patterns, pattern, design patterns, ai, design pattern, software","This exploratory cluster contains 55 papers. Frequent terms include patterns, pattern, design patterns, ai, design pattern, software. Representative papers include Industrial experience with design patterns; Understanding and using patterns in software development; A pattern approach to interaction design.",0.17381411790847778,47,False,2.1927996,-1.4922
5611cdb5c33a,Design methods,Generating implications for design through design research,"Sas, Corina and Whittaker, Steve and Dow, Steven and Forlizzi, Jodi and Zimmerman, John",2014,Proceedings of the SIGCHI Conference on Human Factors in Computing Systems,10.1145/2556288.2557357,https://doi.org/10.1145/2556288.2557357,0,Theory · Research · Design Knowledge,"theory, research, design knowledge, methods, principles, design theory","This exploratory cluster contains 227 papers. Frequent terms include theory, research, design knowledge, methods, principles, design theory. Representative papers include Towards a Method for Design Principle Development in Information Systems; Conceptual foundations of design problem solving; The anatomy of a design theory.",0.10193121433258057,35,False,-0.23560536,-3.761107
5a05967135ba,Design Patterns,Cross-cultural adaptation of educational design patterns at scale,Carmen Jane Vallis; Huyen Thi Ngoc Nguyen; Adrian Norman,2024,Journal of Work-Applied Management,,https://www.semanticscholar.org/paper/a289e650dcf66ee89360651d91afbb407cca0c77,1,Patterns · Pattern · Design Patterns,"patterns, pattern, design patterns, ai, design pattern, software","This exploratory cluster contains 55 papers. Frequent terms include patterns, pattern, design patterns, ai, design pattern, software. Representative papers include Industrial experience with design patterns; Understanding and using patterns in software development; A pattern approach to interaction design.",0.12081491947174072,29,False,3.3159118,-0.5557917
5a716d80ac6b,Design knowledge,Towards a Method for Design Principle Development in Information Systems,"MoÃàller, F. (1); Guggenberger, T.M. (1); Otto, B. (1)",,"Designing for Digital Transformation. Co-Creating Services with Citizens and Industry. 15th International Conference on Design Science Research in Information Systems and Technology, DESRIST 2020. Proceedings. Lecture Notes in Computer Science (LNCS 12388)",10.1007/978-3-030-64823-7_20,,0,Theory · Research · Design Knowledge,"theory, research, design knowledge, methods, principles, design theory","This exploratory cluster contains 227 papers. Frequent terms include theory, research, design knowledge, methods, principles, design theory. Representative papers include Towards a Method for Design Principle Development in Information Systems; Conceptual foundations of design problem solving; The anatomy of a design theory.",0.06230282783508301,1,True,0.7326498,-4.1188397
5a973fb8ae6f,Design theory,ICT-Enabled Self-Management of Chronic Diseases: Literature Review and Analysis Using Value-Sensitive Design,M. Dadgar; K. D. Joshi,2015,,10.1109/HICSS.2015.388,,0,Theory · Research · Design Knowledge,"theory, research, design knowledge, methods, principles, design theory","This exploratory cluster contains 227 papers. Frequent terms include theory, research, design knowledge, methods, principles, design theory. Representative papers include Towards a Method for Design Principle Development in Information Systems; Conceptual foundations of design problem solving; The anatomy of a design theory.",0.1822769045829773,189,False,1.0468721,-4.8472285
5b3b013c191d,Design theory,Towards a unified terminology for sonification and visualization,K. Enge; A. Rind; Michael Iber; Robert H√∂ldrich; W. Aigner,2023,Personal and Ubiquitous Computing,,https://www.semanticscholar.org/paper/79f758f21333f7a0a552329d1b8ad8cf8bfd0154,0,Theory · Research · Design Knowledge,"theory, research, design knowledge, methods, principles, design theory","This exploratory cluster contains 227 papers. Frequent terms include theory, research, design knowledge, methods, principles, design theory. Representative papers include Towards a Method for Design Principle Development in Information Systems; Conceptual foundations of design problem solving; The anatomy of a design theory.",0.19134730100631714,199,False,2.2576885,-4.795824
5b52ec143fa6,Design theory,The ECC Methodology for Architecture Design Theory and Practices Research,Fathi Bashier,2021,IOP Conference Series: Materials Science and Engineering,,https://www.semanticscholar.org/paper/e2e838097c3370c8b6bf8c86a344609304d86bac,0,Theory · Research · Design Knowledge,"theory, research, design knowledge, methods, principles, design theory","This exploratory cluster contains 227 papers. Frequent terms include theory, research, design knowledge, methods, principles, design theory. Representative papers include Towards a Method for Design Principle Development in Information Systems; Conceptual foundations of design problem solving; The anatomy of a design theory.",0.10446667671203613,41,False,0.4094265,-4.447006
5ba50396ff25,Design methods,What is a Convention in Interactive Narrative Design?,"Koenitz, H. (1); Roth, C. (1); Dubbelman, T. (1); Knoller, N. (1)",,"Interactive Storytelling. 10th International Conference on Interactive Digital Storytelling, ICIDS 2017. Proceedings: LNCS 10690",10.1007/978-3-319-71027-3_29,,0,Theory · Research · Design Knowledge,"theory, research, design knowledge, methods, principles, design theory","This exploratory cluster contains 227 papers. Frequent terms include theory, research, design knowledge, methods, principles, design theory. Representative papers include Towards a Method for Design Principle Development in Information Systems; Conceptual foundations of design problem solving; The anatomy of a design theory.",0.1661708950996399,172,False,-1.1850139,-2.3364093
5c096c480387,Design Rules,User interfaces of information retrieval systems and user friendliness,P. Vilar; M. ≈Ωumer,2013,Knji≈ænica,,https://www.semanticscholar.org/paper/9aa514c3ca92faefeccdf83e91e0ddef127ac487,0,Theory · Research · Design Knowledge,"theory, research, design knowledge, methods, principles, design theory","This exploratory cluster contains 227 papers. Frequent terms include theory, research, design knowledge, methods, principles, design theory. Representative papers include Towards a Method for Design Principle Development in Information Systems; Conceptual foundations of design problem solving; The anatomy of a design theory.",0.16975224018096924,176,False,1.251754,-1.7076745
5f6661254e39,Design Patterns,Ethical Encounters in Design Practice: A Framework Grounded in Practitioner Experience,"\""Oz, Gizem and Dindler, Christian and Gall Krogh, Peter and Lindberg, Sharon",2026,Proceedings of the 2026 CHI Conference on Human Factors in Computing Systems,10.1145/3772318.3791435,https://doi.org/10.1145/3772318.3791435,0,Theory · Research · Design Knowledge,"theory, research, design knowledge, methods, principles, design theory","This exploratory cluster contains 227 papers. Frequent terms include theory, research, design knowledge, methods, principles, design theory. Representative papers include Towards a Method for Design Principle Development in Information Systems; Conceptual foundations of design problem solving; The anatomy of a design theory.",0.13038772344589233,96,False,-0.14022325,-2.769818
5ffd963397c9,Design theory,THEORY OF TECHNICAL SYSTEMS - PREREQUISITE TO DESIGN THEORY.,"Eder, W.Ernst",1987,,,,0,Theory · Research · Design Knowledge,"theory, research, design knowledge, methods, principles, design theory","This exploratory cluster contains 227 papers. Frequent terms include theory, research, design knowledge, methods, principles, design theory. Representative papers include Towards a Method for Design Principle Development in Information Systems; Conceptual foundations of design problem solving; The anatomy of a design theory.",0.1673210859298706,175,False,0.3073355,-5.8095956
60c69d24c5a3,Design methods,Evaluating the efficacy and effectiveness of design methods: A systematic review and assessment framework,"Cash, Philip (1); Daalhuizen, Jaap (2); Hekkert, Paul (3)",2023,Design Studies,10.1016/j.destud.2023.101204,,0,Theory · Research · Design Knowledge,"theory, research, design knowledge, methods, principles, design theory","This exploratory cluster contains 227 papers. Frequent terms include theory, research, design knowledge, methods, principles, design theory. Representative papers include Towards a Method for Design Principle Development in Information Systems; Conceptual foundations of design problem solving; The anatomy of a design theory.",0.10190123319625854,34,False,0.346787,-3.3389108
615169de6f0e,Design Guidelines,From interaction to trajectories: designing coherent journeys through user experiences,"Benford, Steve and Giannachi, Gabriella and Koleva, Boriana and Rodden, Tom",2009,Proceedings of the SIGCHI Conference on Human Factors in Computing Systems,10.1145/1518701.1518812,https://doi.org/10.1145/1518701.1518812,0,Theory · Research · Design Knowledge,"theory, research, design knowledge, methods, principles, design theory","This exploratory cluster contains 227 papers. Frequent terms include theory, research, design knowledge, methods, principles, design theory. Representative papers include Towards a Method for Design Principle Development in Information Systems; Conceptual foundations of design problem solving; The anatomy of a design theory.",0.14984631538391113,143,False,-1.0548068,-2.3976421
6194ef223969,Design theory,A typology of Urban Design theories and its application to the shared body of knowledge,Hooman Foroughmand Araabi,2015,Urban Design International,,https://www.semanticscholar.org/paper/89914fef1674939de30d51f67c4e54d2aee8e0dd,0,Theory · Research · Design Knowledge,"theory, research, design knowledge, methods, principles, design theory","This exploratory cluster contains 227 papers. Frequent terms include theory, research, design knowledge, methods, principles, design theory. Representative papers include Towards a Method for Design Principle Development in Information Systems; Conceptual foundations of design problem solving; The anatomy of a design theory.",0.15080386400222778,145,False,0.31476933,-5.61831
65c31c577170,Design Guidelines,The Rough Mile: Testing a Framework of Immersive Practice,"Spence, Jocelyn and Hazzard, Adrian and McGrath, Sean and Greenhalgh, Chris and Benford, Steve",2017,Proceedings of the 2017 Conference on Designing Interactive Systems,10.1145/3064663.3064756,https://doi.org/10.1145/3064663.3064756,0,Theory · Research · Design Knowledge,"theory, research, design knowledge, methods, principles, design theory","This exploratory cluster contains 227 papers. Frequent terms include theory, research, design knowledge, methods, principles, design theory. Representative papers include Towards a Method for Design Principle Development in Information Systems; Conceptual foundations of design problem solving; The anatomy of a design theory.",0.217917799949646,213,False,-0.9928367,-2.3190963
660ca24145b2,Design frameworks,The E-Design Assessment Tool: an evidence-informed approach towards a consistent terminology for quantifying online distance learning activities,Helen Walmsley-Smith; Lynn Machin; G. Walton,2019,Research in Learning Technology,,https://www.semanticscholar.org/paper/b16b678f10cc89599644f2c85895dbff730b3569,0,Theory · Research · Design Knowledge,"theory, research, design knowledge, methods, principles, design theory","This exploratory cluster contains 227 papers. Frequent terms include theory, research, design knowledge, methods, principles, design theory. Representative papers include Towards a Method for Design Principle Development in Information Systems; Conceptual foundations of design problem solving; The anatomy of a design theory.",0.16358602046966553,166,False,0.061680466,-1.7359921
66d4b9b36f31,Design theory,"SHEAFIFICATION AS A DESIGN TECHNIQUE FOR CREATIVE PRESERVATION – PRINCIPLES, ILLUSTRATIONS, AND FIRST APPLICATIONS",P. le Masson; A. Hatchuel; B. Weil,2023,Proceedings of the Design Society,,https://www.semanticscholar.org/paper/d28da3cd68003e5f171ae5f7535602430cfc0ad5,0,Theory · Research · Design Knowledge,"theory, research, design knowledge, methods, principles, design theory","This exploratory cluster contains 227 papers. Frequent terms include theory, research, design knowledge, methods, principles, design theory. Representative papers include Towards a Method for Design Principle Development in Information Systems; Conceptual foundations of design problem solving; The anatomy of a design theory.",0.1841977834701538,190,False,0.003381652,-5.0672603
677c4dc89d1d,Design Patterns,Elemental design patterns: A formal semantics for composition of OO software architecture,"McC Smith, J. (1); Stotts, D. (1)",2003,"Proceedings - 27th Annual NASA Goddard / IEEE Software Engineering Workshop, SEW 2002",10.1109/SEW.2002.1199472,,1,Patterns · Pattern · Design Patterns,"patterns, pattern, design patterns, ai, design pattern, software","This exploratory cluster contains 55 papers. Frequent terms include patterns, pattern, design patterns, ai, design pattern, software. Representative papers include Industrial experience with design patterns; Understanding and using patterns in software development; A pattern approach to interaction design.",0.08527302742004395,8,False,3.7158675,-1.8391885
67d72b35ce6b,Design theory,A nascent design theory for explainable intelligent systems,L. Herm; Th. Steinbach; Jonas Wanner; Christian Janiesch,2022,Electronic Markets,,https://www.semanticscholar.org/paper/edb6c93255bbaa879f6d4af173a947a2026ed4c6,0,Theory · Research · Design Knowledge,"theory, research, design knowledge, methods, principles, design theory","This exploratory cluster contains 227 papers. Frequent terms include theory, research, design knowledge, methods, principles, design theory. Representative papers include Towards a Method for Design Principle Development in Information Systems; Conceptual foundations of design problem solving; The anatomy of a design theory.",0.10059422254562378,31,False,0.9731771,-5.379871
6aeae7ccf85b,Design knowledge,Toward a Framework for the Design of Interactive Technology for Nature Recreation,Michael D. Jones; Tuomas Kari; Daniel Reich; Barrett Ens; Siyi Liu; Solomon B. Pobee; F. Mueller,2025,International journal of human computer interactions,,https://www.semanticscholar.org/paper/27eb58f9f616fb54aae331fcbec9abdb5496f5e0,0,Theory · Research · Design Knowledge,"theory, research, design knowledge, methods, principles, design theory","This exploratory cluster contains 227 papers. Frequent terms include theory, research, design knowledge, methods, principles, design theory. Representative papers include Towards a Method for Design Principle Development in Information Systems; Conceptual foundations of design problem solving; The anatomy of a design theory.",0.15826725959777832,157,False,-1.0560433,-2.5402963
6b9f020cd024,Design knowledge,Design knowledge for decision-making process in a DFX product design approach,"Wang, Keqin (1); Roucoules, Lionel (2); Tong, Shurong (1); Eynard, Benoit (2); Matta, Nada (2)",2008,Global Design to Gain a Competitive Edge: An Holistic and Collaborative Design Approach Based on Computational Tools,10.1007/978-1-84800-239-5_13,,0,Theory · Research · Design Knowledge,"theory, research, design knowledge, methods, principles, design theory","This exploratory cluster contains 227 papers. Frequent terms include theory, research, design knowledge, methods, principles, design theory. Representative papers include Towards a Method for Design Principle Development in Information Systems; Conceptual foundations of design problem solving; The anatomy of a design theory.",0.14217853546142578,126,False,-1.3562832,-5.05904
6d926f3c4a97,Design knowledge,A domain reference ontology for design science research knowledge bases,"Piest, Jean Paul Sebastian (1); Jales de Oliviera, Victor Benoiston (2); de Alencar Silva, Patr√≠cio (2); Ricardo da Cunha, Manoel (2); van Sinderen, Marten (1)",2024,CEUR Workshop Proceedings,,,0,Theory · Research · Design Knowledge,"theory, research, design knowledge, methods, principles, design theory","This exploratory cluster contains 227 papers. Frequent terms include theory, research, design knowledge, methods, principles, design theory. Representative papers include Towards a Method for Design Principle Development in Information Systems; Conceptual foundations of design problem solving; The anatomy of a design theory.",0.16663724184036255,173,False,-0.865663,-5.0795164
6e06768bb26b,Design methods,Design as Research in Landscape Architecture,S. Nijhuis; Jeroen de Vries,2020,Landscape Journal,,https://www.semanticscholar.org/paper/9ccbde1f4c0beea16f19aefd301adc55e39d9928,0,Theory · Research · Design Knowledge,"theory, research, design knowledge, methods, principles, design theory","This exploratory cluster contains 227 papers. Frequent terms include theory, research, design knowledge, methods, principles, design theory. Representative papers include Towards a Method for Design Principle Development in Information Systems; Conceptual foundations of design problem solving; The anatomy of a design theory.",0.1022217869758606,36,False,0.062027942,-3.9812224
6e7959c82d5f,Design knowledge,The anatomy of HCI design patterns,"Kruschitz, Christian (1); Hitz, Martin (1)",2009,"Computation World: Future Computing, Service Computation, Adaptive, Content, Cognitive, Patterns, ComputationWorld 2009",10.1109/ComputationWorld.2009.45,,1,Patterns · Pattern · Design Patterns,"patterns, pattern, design patterns, ai, design pattern, software","This exploratory cluster contains 55 papers. Frequent terms include patterns, pattern, design patterns, ai, design pattern, software. Representative papers include Industrial experience with design patterns; Understanding and using patterns in software development; A pattern approach to interaction design.",0.08036428689956665,6,False,3.2686949,-1.2031586
6ea89aad84f6,Design Procedures,Development of Sustainable Integrated Design Framework for Stream Restoration,Kidoo Park; Kil-Seong Lee,2019,Sustainability,,https://www.semanticscholar.org/paper/2d6d2d98a2743302a62da00967844cdc92ff28c4,0,Theory · Research · Design Knowledge,"theory, research, design knowledge, methods, principles, design theory","This exploratory cluster contains 227 papers. Frequent terms include theory, research, design knowledge, methods, principles, design theory. Representative papers include Towards a Method for Design Principle Development in Information Systems; Conceptual foundations of design problem solving; The anatomy of a design theory.",0.2769742012023926,226,False,0.8920045,-3.4626527
6f114a6d29d1,Design Rules,Toward a Conceptualization of Organizational Modularity,Ayberk Soyer; U. Asan; √ñzg√ºr Eri≈ü,2019,"Advances in Logistics, Operations, and Management Science",,https://www.semanticscholar.org/paper/fcc6161b8680d7a12b3a2153bdee6188488ffd1b,0,Theory · Research · Design Knowledge,"theory, research, design knowledge, methods, principles, design theory","This exploratory cluster contains 227 papers. Frequent terms include theory, research, design knowledge, methods, principles, design theory. Representative papers include Towards a Method for Design Principle Development in Information Systems; Conceptual foundations of design problem solving; The anatomy of a design theory.",0.17486035823822021,183,False,1.5280463,-3.6952446
6f73a944b8d6,Design Patterns,Video collaboratories for research and education: An analysis of collaboration design patterns,"Pea, Roy (1); Lindgren, Robb (1)",2008,IEEE Transactions on Learning Technologies,10.1109/TLT.2009.5,,1,Patterns · Pattern · Design Patterns,"patterns, pattern, design patterns, ai, design pattern, software","This exploratory cluster contains 55 papers. Frequent terms include patterns, pattern, design patterns, ai, design pattern, software. Representative papers include Industrial experience with design patterns; Understanding and using patterns in software development; A pattern approach to interaction design.",0.1652359962463379,43,False,2.9471848,-0.34886235
714b3f6f8ac7,Design methods,Degrees of Interaction: Towards a Classification,H. Achten,2011,Proceedings of the 29th International Conference on Education and Research in Computer Aided Architectural Design in Europe (eCAADe),,https://www.semanticscholar.org/paper/0e9390e0acbae28af61e300fca19b7e400e6a211,0,Theory · Research · Design Knowledge,"theory, research, design knowledge, methods, principles, design theory","This exploratory cluster contains 227 papers. Frequent terms include theory, research, design knowledge, methods, principles, design theory. Representative papers include Towards a Method for Design Principle Development in Information Systems; Conceptual foundations of design problem solving; The anatomy of a design theory.",0.16449415683746338,169,False,-1.1012241,-3.0107102
73537bfbe719,Design knowledge,A taxonomy and ontology for digital platforms,"Derave, T. (1); Gailly, F. (1); Sales, T.P. (2); Poels, G. (1)",,Information Systems,10.1016/j.is.2023.102293,,0,Theory · Research · Design Knowledge,"theory, research, design knowledge, methods, principles, design theory","This exploratory cluster contains 227 papers. Frequent terms include theory, research, design knowledge, methods, principles, design theory. Representative papers include Towards a Method for Design Principle Development in Information Systems; Conceptual foundations of design problem solving; The anatomy of a design theory.",0.1866309642791748,193,False,2.0547688,-2.4984922
75731fe2e6d1,Design rationale,"Feature, specification and evidence framework for communicating design rationale","Mirabito, Y. (1); Tchatchouang Kayo, M.A. (2); Goucher-Lambert, K. (1)",,Design Science,10.1017/dsj.2024.19,,0,Theory · Research · Design Knowledge,"theory, research, design knowledge, methods, principles, design theory","This exploratory cluster contains 227 papers. Frequent terms include theory, research, design knowledge, methods, principles, design theory. Representative papers include Towards a Method for Design Principle Development in Information Systems; Conceptual foundations of design problem solving; The anatomy of a design theory.",0.12138402462005615,78,False,3.2879796,-4.3933754
75f43821c56f,Design Guidelines,Towards a Model of Information Aesthetics in Information Visualization,A. Lau; A. Vande Moere,2007,,10.1109/IV.2007.114,,0,Theory · Research · Design Knowledge,"theory, research, design knowledge, methods, principles, design theory","This exploratory cluster contains 227 papers. Frequent terms include theory, research, design knowledge, methods, principles, design theory. Representative papers include Towards a Method for Design Principle Development in Information Systems; Conceptual foundations of design problem solving; The anatomy of a design theory.",0.1418662667274475,123,False,2.2190344,-4.653269
76669ffc8981,Design methods,A Framework for Effective Virtual Commissioning: Guiding Principles for Seamless System Integration,Rich√°rd Korpai; Norbert Sz√°nt√≥; √Å. Csap√≥,2024,Journal of Manufacturing and Materials Processing,,https://www.semanticscholar.org/paper/97c9a4799592ce42d22539428acaa5f9ab544e51,0,Theory · Research · Design Knowledge,"theory, research, design knowledge, methods, principles, design theory","This exploratory cluster contains 227 papers. Frequent terms include theory, research, design knowledge, methods, principles, design theory. Representative papers include Towards a Method for Design Principle Development in Information Systems; Conceptual foundations of design problem solving; The anatomy of a design theory.",0.20075225830078125,208,False,1.6055306,-3.0496144
76d309f713b9,Design knowledge,How industrial design knowledge differs from engineering design knowledge,"W√∂lfel, Christian (1)",2008,"DS 46: Proceedings of E and PDE 2008, the 10th International Conference on Engineering and Product Design Education",,,0,Theory · Research · Design Knowledge,"theory, research, design knowledge, methods, principles, design theory","This exploratory cluster contains 227 papers. Frequent terms include theory, research, design knowledge, methods, principles, design theory. Representative papers include Towards a Method for Design Principle Development in Information Systems; Conceptual foundations of design problem solving; The anatomy of a design theory.",0.14362835884094238,132,False,-1.3301778,-4.9375067
774e05395765,Design Patterns,Understanding and using patterns in software development,"Riehle, D. (1); Zullighoven, H. (1)",1996,Theory and Practice of Object Systems,10.1002/(SICI)1096-9942(1996)2:13.0.CO;2-%23,,1,Patterns · Pattern · Design Patterns,"patterns, pattern, design patterns, ai, design pattern, software","This exploratory cluster contains 55 papers. Frequent terms include patterns, pattern, design patterns, ai, design pattern, software. Representative papers include Industrial experience with design patterns; Understanding and using patterns in software development; A pattern approach to interaction design.",0.06820070743560791,2,True,3.7936132,-1.4366101
77b350f029e7,Design knowledge,A taxonomy and ontology for digital platforms,Thomas Derave; F. Gailly; T. P. Sales; G. Poels,2023,Information Systems,,https://www.semanticscholar.org/paper/a9332bbc8582c4f0033949a3b7f7f447b5654b6b,0,Theory · Research · Design Knowledge,"theory, research, design knowledge, methods, principles, design theory","This exploratory cluster contains 227 papers. Frequent terms include theory, research, design knowledge, methods, principles, design theory. Representative papers include Towards a Method for Design Principle Development in Information Systems; Conceptual foundations of design problem solving; The anatomy of a design theory.",0.20470917224884033,210,False,1.9899151,-2.4503624
77ba97562fe7,Design Patterns,Teachers’ Collaborative Pattern Language Design,Ola Knutsson; R. Ramberg,2018,,,https://www.semanticscholar.org/paper/a61eca6d22ff2d451e296be24f69dcfa9aed96fd,1,Patterns · Pattern · Design Patterns,"patterns, pattern, design patterns, ai, design pattern, software","This exploratory cluster contains 55 papers. Frequent terms include patterns, pattern, design patterns, ai, design pattern, software. Representative papers include Industrial experience with design patterns; Understanding and using patterns in software development; A pattern approach to interaction design.",0.09854131937026978,15,False,3.2600825,-0.54303324
799b06403189,Design methods,State of the Art on Robust Design Methods for Additive Manufacturing,Y. Malyani; M. Orqu√©ra; D. Millet,2020,Lecture Notes in Mechanical Engineering,,https://www.semanticscholar.org/paper/5d5004424041e3ab71ae951f9013b54439ee2cf7,0,Theory · Research · Design Knowledge,"theory, research, design knowledge, methods, principles, design theory","This exploratory cluster contains 227 papers. Frequent terms include theory, research, design knowledge, methods, principles, design theory. Representative papers include Towards a Method for Design Principle Development in Information Systems; Conceptual foundations of design problem solving; The anatomy of a design theory.",0.19832420349121094,207,False,1.8645715,-4.056702
79abc1449981,Design Patterns,Thriving Systems Theory: An Emergent Information Systems Design Theory,L. J. Waguespack; W. T. Schiano,2013,,10.1109/HICSS.2013.550,,0,Theory · Research · Design Knowledge,"theory, research, design knowledge, methods, principles, design theory","This exploratory cluster contains 227 papers. Frequent terms include theory, research, design knowledge, methods, principles, design theory. Representative papers include Towards a Method for Design Principle Development in Information Systems; Conceptual foundations of design problem solving; The anatomy of a design theory.",0.10359537601470947,37,False,0.8066056,-4.9457455
79d31b954d2a,Design theory,THE LOGICS OF DOUBLE PROOF IN PROOF OF CONCEPT: A DESIGN THEORY-BASED MODEL OF EXPERIMENTATION IN THE UNKNOWN,Caroline Jobin; S. Hooge; P. le Masson,2021,Proceedings of the Design Society,,https://www.semanticscholar.org/paper/2f013a55be5284205856b2e343329e282bcbdb09,0,Theory · Research · Design Knowledge,"theory, research, design knowledge, methods, principles, design theory","This exploratory cluster contains 227 papers. Frequent terms include theory, research, design knowledge, methods, principles, design theory. Representative papers include Towards a Method for Design Principle Development in Information Systems; Conceptual foundations of design problem solving; The anatomy of a design theory.",0.16488569974899292,170,False,-0.17157298,-5.287022
7a42dd52852e,Design rationale,What's in design rationale?,"Lee, Jintae (1); Lai, Kum-Yew (1)",1991,Human-Computer Interaction,,,0,Theory · Research · Design Knowledge,"theory, research, design knowledge, methods, principles, design theory","This exploratory cluster contains 227 papers. Frequent terms include theory, research, design knowledge, methods, principles, design theory. Representative papers include Towards a Method for Design Principle Development in Information Systems; Conceptual foundations of design problem solving; The anatomy of a design theory.",0.12444579601287842,85,False,3.191996,-4.348811
7afa6519f6fc,Design frameworks,"The experience, dynamics and artifacts framework: towards a holistic model for designing serious and entertainment games","Natucci, G.C. (1); Borges, M.A.F. (1)",,2021 IEEE Conference on Games (CoG),10.1109/CoG52621.2021.9619144,,0,Theory · Research · Design Knowledge,"theory, research, design knowledge, methods, principles, design theory","This exploratory cluster contains 227 papers. Frequent terms include theory, research, design knowledge, methods, principles, design theory. Representative papers include Towards a Method for Design Principle Development in Information Systems; Conceptual foundations of design problem solving; The anatomy of a design theory.",0.1613069772720337,161,False,-1.1850303,-1.7766445
7b15d81000db,Design knowledge,The anatomy of a design theory,"Gregor, Shirley (1); Jones, David (2)",2007,Journal of the Association for Information Systems,10.17705/1jais.00129,,0,Theory · Research · Design Knowledge,"theory, research, design knowledge, methods, principles, design theory","This exploratory cluster contains 227 papers. Frequent terms include theory, research, design knowledge, methods, principles, design theory. Representative papers include Towards a Method for Design Principle Development in Information Systems; Conceptual foundations of design problem solving; The anatomy of a design theory.",0.07349705696105957,3,True,0.14299679,-5.1020346
7c4d2eb91f51,Design knowledge,Using a Visual Abstract as a Lens for Communicating and Promoting Design Science Research in Software Engineering,"Storey, Margaret-Anne (1); Engstrom, Emelie (2); Host, Martin (2); Runeson, Per (2); Bjarnason, Elizabeth (2)",2017,International Symposium on Empirical Software Engineering and Measurement,10.1109/ESEM.2017.28,,0,Theory · Research · Design Knowledge,"theory, research, design knowledge, methods, principles, design theory","This exploratory cluster contains 227 papers. Frequent terms include theory, research, design knowledge, methods, principles, design theory. Representative papers include Towards a Method for Design Principle Development in Information Systems; Conceptual foundations of design problem solving; The anatomy of a design theory.",0.11994004249572754,76,False,0.6371303,-4.0525584
7cb073ebacac,Design Heuristics,Formal system for the expression of target-oriented design heuristics,"Bonvoisin, J. (1); Buchert, T. (1); Stark, R. (1)",2018,"Proceedings of International Design Conference, DESIGN",10.21278/idc.2018.0120,,0,Theory · Research · Design Knowledge,"theory, research, design knowledge, methods, principles, design theory","This exploratory cluster contains 227 papers. Frequent terms include theory, research, design knowledge, methods, principles, design theory. Representative papers include Towards a Method for Design Principle Development in Information Systems; Conceptual foundations of design problem solving; The anatomy of a design theory.",0.13415080308914185,102,False,0.6189326,-0.6028516
7d99b05f405e,Design Patterns,Design Patterns for AI-based Systems: A Multivocal Literature Review and Pattern Repository,L. Heiland; M. Hauser; J. Bogner,2023,,10.1109/CAIN58948.2023.00035,,1,Patterns · Pattern · Design Patterns,"patterns, pattern, design patterns, ai, design pattern, software","This exploratory cluster contains 55 papers. Frequent terms include patterns, pattern, design patterns, ai, design pattern, software. Representative papers include Industrial experience with design patterns; Understanding and using patterns in software development; A pattern approach to interaction design.",0.10877382755279541,22,False,2.880679,-1.4020481
7e095752d24c,Design methods,Think-4-EmCoDe framework: Highlighting key qualities in embodied co-design techniques for children,"Schaper, M.-M. (1); MaÃÅrquez Segura, E. (2); Malinverni, L. (3); Pares, N. (4)",,International Journal of Human-Computer Studies,10.1016/j.ijhcs.2023.103065,,0,Theory · Research · Design Knowledge,"theory, research, design knowledge, methods, principles, design theory","This exploratory cluster contains 227 papers. Frequent terms include theory, research, design knowledge, methods, principles, design theory. Representative papers include Towards a Method for Design Principle Development in Information Systems; Conceptual foundations of design problem solving; The anatomy of a design theory.",0.18100512027740479,188,False,-0.42987907,-2.7814088
7ebbe03ea0d8,Design methods,Autobiographical design in HCI research: designing and learning through use-it-yourself,"Neustaedter, Carman and Sengers, Phoebe",2012,Proceedings of the Designing Interactive Systems Conference,10.1145/2317956.2318034,https://doi.org/10.1145/2317956.2318034,0,Theory · Research · Design Knowledge,"theory, research, design knowledge, methods, principles, design theory","This exploratory cluster contains 227 papers. Frequent terms include theory, research, design knowledge, methods, principles, design theory. Representative papers include Towards a Method for Design Principle Development in Information Systems; Conceptual foundations of design problem solving; The anatomy of a design theory.",0.1739490032196045,182,False,-0.47422493,-3.293124
7f7baeb83bac,Design knowledge,A theoretical framework on embodiment in digital design,S. A≈üut; A. Erdem,2024,Journal of Design for Resilience in Architecture and Planning,,https://www.semanticscholar.org/paper/999c3e425c176f6b5edd863d167d256744852b1e,0,Theory · Research · Design Knowledge,"theory, research, design knowledge, methods, principles, design theory","This exploratory cluster contains 227 papers. Frequent terms include theory, research, design knowledge, methods, principles, design theory. Representative papers include Towards a Method for Design Principle Development in Information Systems; Conceptual foundations of design problem solving; The anatomy of a design theory.",0.09881222248077393,26,False,-0.73950654,-2.8388374
804431d6f285,Design theory,Concepts and definitions for product recovery: Analysis and clarification of the terminology used in academia and industry,"Lindahl, M. (1, 2); Sundin, E. (1, 2); √ñstlin, J. (1, 2); Bj√∂rkman, M. (1, 2)",2006,Innovation in Life Cycle Engineering and Sustainable Development,10.1007/1-4020-4617-0_8,,0,Theory · Research · Design Knowledge,"theory, research, design knowledge, methods, principles, design theory","This exploratory cluster contains 227 papers. Frequent terms include theory, research, design knowledge, methods, principles, design theory. Representative papers include Towards a Method for Design Principle Development in Information Systems; Conceptual foundations of design problem solving; The anatomy of a design theory.",0.1934412717819214,201,False,1.6552731,-4.0740447
8107b8d7a099,Design theory,Analyzing Initial Design Theory Components for Developing Information Security Laboratories,S. Iqbal,2022,,10.1109/CSP55486.2022.00015,,0,Theory · Research · Design Knowledge,"theory, research, design knowledge, methods, principles, design theory","This exploratory cluster contains 227 papers. Frequent terms include theory, research, design knowledge, methods, principles, design theory. Representative papers include Towards a Method for Design Principle Development in Information Systems; Conceptual foundations of design problem solving; The anatomy of a design theory.",0.1378265619277954,111,False,0.84895015,-5.559444
82f49b5a1905,Design knowledge,SOLUTION REPERTOIRE,"van Turnhout, Koen (1); Smits, Aletta (1)",2021,"Proceedings of the 23rd International Conference on Engineering and Product Design Education, E and PDE 2021",,,0,Theory · Research · Design Knowledge,"theory, research, design knowledge, methods, principles, design theory","This exploratory cluster contains 227 papers. Frequent terms include theory, research, design knowledge, methods, principles, design theory. Representative papers include Towards a Method for Design Principle Development in Information Systems; Conceptual foundations of design problem solving; The anatomy of a design theory.",0.11565196514129639,66,False,0.13406551,-4.34289
8393d36cff90,Design Patterns,An overview of human-computer interaction patterns in pervasive systems,"Wilde, Adriana G. (1); Bruegger, Pascal (1); Hirsbrunner, B√©at (1)",2010,"Proceedings - 2010 International Conference on User Science and Engineering, i-USEr 2010",10.1109/IUSER.2010.5716740,,1,Patterns · Pattern · Design Patterns,"patterns, pattern, design patterns, ai, design pattern, software","This exploratory cluster contains 55 papers. Frequent terms include patterns, pattern, design patterns, ai, design pattern, software. Representative papers include Industrial experience with design patterns; Understanding and using patterns in software development; A pattern approach to interaction design.",0.08991289138793945,9,False,2.778522,-0.940363
83d1ebe7d6c0,Design theory,Design Theory in Information Systems,S. Gregor,2002,Australasian Journal of Information Systems,,https://www.semanticscholar.org/paper/aa849c3dea50cd7496aac43c8aea0c53fc070505,0,Theory · Research · Design Knowledge,"theory, research, design knowledge, methods, principles, design theory","This exploratory cluster contains 227 papers. Frequent terms include theory, research, design knowledge, methods, principles, design theory. Representative papers include Towards a Method for Design Principle Development in Information Systems; Conceptual foundations of design problem solving; The anatomy of a design theory.",0.08782434463500977,9,False,0.70155364,-5.5895157
85ba95ab4fa0,Design Guidelines,"Six Guidelines for Trustworthy, Ethical and Responsible Automation Design","Jel√≠nek, Matou≈° ; Schlicker, Nadine ; de Visser, Ewart",2025,arXiv,10.48550/arXiv.2508.02371,,0,Theory · Research · Design Knowledge,"theory, research, design knowledge, methods, principles, design theory","This exploratory cluster contains 227 papers. Frequent terms include theory, research, design knowledge, methods, principles, design theory. Representative papers include Towards a Method for Design Principle Development in Information Systems; Conceptual foundations of design problem solving; The anatomy of a design theory.",0.184259295463562,191,False,1.1091111,-2.4450905
85c3a6761bcc,Design theory,Designing Process Guidance Systems,Stefan Morana; Julia Kr√∂nung; A. Maedche; Silvia Schacht,2019,Journal of the AIS,,https://www.semanticscholar.org/paper/5e51d43088f2281205feb89ba8a66707f5498104,0,Theory · Research · Design Knowledge,"theory, research, design knowledge, methods, principles, design theory","This exploratory cluster contains 227 papers. Frequent terms include theory, research, design knowledge, methods, principles, design theory. Representative papers include Towards a Method for Design Principle Development in Information Systems; Conceptual foundations of design problem solving; The anatomy of a design theory.",0.11895370483398438,74,False,0.678301,-4.2562065
866322a64dc5,Design Guidelines,Healthy Eating Design Guidelines for School Architecture,T. Huang; D. S√∏rensen; Steven Davis; L. Frerichs; Jeri Brittin; Joseph Celentano; Kelly Callahan; M. Trowbridge,2013,Preventing Chronic Disease,,https://www.semanticscholar.org/paper/8cf045de91534b74094162cb036d8acb5a6c74c4,0,Theory · Research · Design Knowledge,"theory, research, design knowledge, methods, principles, design theory","This exploratory cluster contains 227 papers. Frequent terms include theory, research, design knowledge, methods, principles, design theory. Representative papers include Towards a Method for Design Principle Development in Information Systems; Conceptual foundations of design problem solving; The anatomy of a design theory.",0.3061438798904419,227,False,0.2637581,-1.8896482
866d8935b9e0,Design rationale,"Issues critical to the development of design history, design rationale and design intent systems","Ullman, David G. (1)",1994,"American Society of Mechanical Engineers, Design Engineering Division (Publication) DE",,,0,Theory · Research · Design Knowledge,"theory, research, design knowledge, methods, principles, design theory","This exploratory cluster contains 227 papers. Frequent terms include theory, research, design knowledge, methods, principles, design theory. Representative papers include Towards a Method for Design Principle Development in Information Systems; Conceptual foundations of design problem solving; The anatomy of a design theory.",0.09210062026977539,15,False,2.851967,-4.1459084
878cf959ac53,Design methods,Designerly Research Methods and Researcherly Design Methods,R. Sosa,2020,,,https://www.semanticscholar.org/paper/3c1e79eab204a59ccd27f91f5c60a8bc77fd660a,0,Theory · Research · Design Knowledge,"theory, research, design knowledge, methods, principles, design theory","This exploratory cluster contains 227 papers. Frequent terms include theory, research, design knowledge, methods, principles, design theory. Representative papers include Towards a Method for Design Principle Development in Information Systems; Conceptual foundations of design problem solving; The anatomy of a design theory.",0.09657633304595947,23,False,-0.15497687,-3.5194433
885a1eee70e3,Design methods,"The Design of Business Models: What, How and Why",Lorenzo Massa,2024,Journal of Business Models,,https://www.semanticscholar.org/paper/4ddeee32ce878180b4aa8e380f01a51103dc9b26,0,Theory · Research · Design Knowledge,"theory, research, design knowledge, methods, principles, design theory","This exploratory cluster contains 227 papers. Frequent terms include theory, research, design knowledge, methods, principles, design theory. Representative papers include Towards a Method for Design Principle Development in Information Systems; Conceptual foundations of design problem solving; The anatomy of a design theory.",0.10990941524505615,51,False,1.2766428,-4.4684267
892ad7622adf,Design Rules,"Modularity Design Rules for Architecture Development: Theory, Implementation, and Evidence from the Development of the Renault–Nissan Alliance “Common Module Family” Architecture",R. Sanchez; T. Shibata,2018,"Journal of Open Innovation: Technology, Market and Complexity",,https://www.semanticscholar.org/paper/f0c8dde0db23ccabc0cd5d3499399bdb253bdf5c,0,Theory · Research · Design Knowledge,"theory, research, design knowledge, methods, principles, design theory","This exploratory cluster contains 227 papers. Frequent terms include theory, research, design knowledge, methods, principles, design theory. Representative papers include Towards a Method for Design Principle Development in Information Systems; Conceptual foundations of design problem solving; The anatomy of a design theory.",0.21911925077438354,214,False,1.6136768,-3.651967
8aeb26c1e21d,Design Rules,Steps toward a cognitive engineering: Design rules based on analyses of human error,"Norman, Donald A.",1982,Proceedings of the 1982 Conference on Human Factors in Computing Systems,10.1145/800049.801815,https://doi.org/10.1145/800049.801815,0,Theory · Research · Design Knowledge,"theory, research, design knowledge, methods, principles, design theory","This exploratory cluster contains 227 papers. Frequent terms include theory, research, design knowledge, methods, principles, design theory. Representative papers include Towards a Method for Design Principle Development in Information Systems; Conceptual foundations of design problem solving; The anatomy of a design theory.",0.11644935607910156,68,False,1.3032765,-2.3720832
8eb8539b9712,Design principles,Designing Dialogic Disclaimers: Principles for Ethical Conversational Design in LLM Interfaces,"Cheng, Theodore H",2025,Proceedings of the 7th ACM Conference on Conversational User Interfaces,10.1145/3719160.3737640,https://doi.org/10.1145/3719160.3737640,0,Theory · Research · Design Knowledge,"theory, research, design knowledge, methods, principles, design theory","This exploratory cluster contains 227 papers. Frequent terms include theory, research, design knowledge, methods, principles, design theory. Representative papers include Towards a Method for Design Principle Development in Information Systems; Conceptual foundations of design problem solving; The anatomy of a design theory.",0.1972978711128235,205,False,0.05899103,-2.808272
8f065cfd18a4,Design knowledge,Pattern language: A framework for learning,A. Jessop,2004,European Journal of Operational Research,,https://www.semanticscholar.org/paper/22ed7807be2712d6f37c6d4ad6b09ffb3525480e,1,Patterns · Pattern · Design Patterns,"patterns, pattern, design patterns, ai, design pattern, software","This exploratory cluster contains 55 papers. Frequent terms include patterns, pattern, design patterns, ai, design pattern, software. Representative papers include Industrial experience with design patterns; Understanding and using patterns in software development; A pattern approach to interaction design.",0.09161925315856934,11,False,3.5681403,-0.734269
9020aa145571,Design Guidelines,A Process Framework for Designing Software Reference Architectures for Providing Tools as a Service,Muhammad Aufeef Chauhan; M. Babar; Christian W. Probst,2016,International Conference on Product Focused Software Process Improvement,,https://www.semanticscholar.org/paper/67ea5b36bfc4ea94e7fb7aa36c54bef831deb69e,1,Patterns · Pattern · Design Patterns,"patterns, pattern, design patterns, ai, design pattern, software","This exploratory cluster contains 55 papers. Frequent terms include patterns, pattern, design patterns, ai, design pattern, software. Representative papers include Industrial experience with design patterns; Understanding and using patterns in software development; A pattern approach to interaction design.",0.1920173168182373,52,False,3.1957371,-2.886477
9049c4d2bbec,Design theory,Towards a design theory of blended learning curriculum,Ronghuai Huang (1); Ding Ma (1); Haisen Zhang (1),,"Hybrid Learning and Education. First International Conference, ICHL 2008",10.1007/978-3-540-85170-7_6,,0,Theory · Research · Design Knowledge,"theory, research, design knowledge, methods, principles, design theory","This exploratory cluster contains 227 papers. Frequent terms include theory, research, design knowledge, methods, principles, design theory. Representative papers include Towards a Method for Design Principle Development in Information Systems; Conceptual foundations of design problem solving; The anatomy of a design theory.",0.16443473100662231,168,False,0.18640167,-1.8223685
91ac41f73380,Design theory,Knowing the Unknowable: Understanding and Measuring Design Impact Across Disciplines and Scale,Ashreya M. Venkatesh; Arianne X. Collopy; G. Loo; K. Sng; Daniel D. Jensen; Kris Wood,2021,,,https://www.semanticscholar.org/paper/f8112d8b9e2da1801b40f5ecf119a41f9b7d6a78,0,Theory · Research · Design Knowledge,"theory, research, design knowledge, methods, principles, design theory","This exploratory cluster contains 227 papers. Frequent terms include theory, research, design knowledge, methods, principles, design theory. Representative papers include Towards a Method for Design Principle Development in Information Systems; Conceptual foundations of design problem solving; The anatomy of a design theory.",0.13520896434783936,105,False,-0.03714046,-3.5891926
92fd41483399,Design theory,Design exemplars for synchronous e-learning: A design theory approach,"Hrastinski, S. (1); Keller, C. (2); Carlsson, S.A. (3)",,Computers & Education,10.1016/j.compedu.2010.02.025,,0,Theory · Research · Design Knowledge,"theory, research, design knowledge, methods, principles, design theory","This exploratory cluster contains 227 papers. Frequent terms include theory, research, design knowledge, methods, principles, design theory. Representative papers include Towards a Method for Design Principle Development in Information Systems; Conceptual foundations of design problem solving; The anatomy of a design theory.",0.13008618354797363,95,False,0.80887634,-5.2904673
93bb03ac03b6,Design principles,Design principles for data analysis,"McGowan, Lucy DAgostino (1); Peng, Roger D. (2); Hicks, Stephanie C. (2)",2021,arXiv,,,0,Theory · Research · Design Knowledge,"theory, research, design knowledge, methods, principles, design theory","This exploratory cluster contains 227 papers. Frequent terms include theory, research, design knowledge, methods, principles, design theory. Representative papers include Towards a Method for Design Principle Development in Information Systems; Conceptual foundations of design problem solving; The anatomy of a design theory.",0.1422595977783203,127,False,0.98020846,-4.2043834
94347a49c12b,Design methods,Using System Dynamics to Construct Design Theory for Community Information Systems,A. Moor,2007,Journal of Community Informatics,,https://www.semanticscholar.org/paper/9898a05d24456f06fae80b2792799f42c78e97c2,0,Theory · Research · Design Knowledge,"theory, research, design knowledge, methods, principles, design theory","This exploratory cluster contains 227 papers. Frequent terms include theory, research, design knowledge, methods, principles, design theory. Representative papers include Towards a Method for Design Principle Development in Information Systems; Conceptual foundations of design problem solving; The anatomy of a design theory.",0.10893911123275757,46,False,0.972107,-5.525328
94bc88b88ae6,Design knowledge,Design knowledge in the artistic–aesthetic development and transformation of the world,Charikova Irina; Zhadanov Viktor; Kiryakova Aida,2019,MATEC Web of Conferences,,https://www.semanticscholar.org/paper/4ed4e5d7bea333c04880c9e67cd730ee9463610f,0,Theory · Research · Design Knowledge,"theory, research, design knowledge, methods, principles, design theory","This exploratory cluster contains 227 papers. Frequent terms include theory, research, design knowledge, methods, principles, design theory. Representative papers include Towards a Method for Design Principle Development in Information Systems; Conceptual foundations of design problem solving; The anatomy of a design theory.",0.11413437128067017,61,False,-0.94964266,-4.3523297
95c2b3d44aff,Design methods,Multiple forms of applications and impacts of a design theory -ten years of industrial applications of C-K theory,A. Hatchuel; P. Masson; B. Weil; Marine Agogu√©; A. Kazak√ßi; S. Hooge,2016,,,https://www.semanticscholar.org/paper/5975acb4d5d895ad651694e7ae4694f8abac61d2,0,Theory · Research · Design Knowledge,"theory, research, design knowledge, methods, principles, design theory","This exploratory cluster contains 227 papers. Frequent terms include theory, research, design knowledge, methods, principles, design theory. Representative papers include Towards a Method for Design Principle Development in Information Systems; Conceptual foundations of design problem solving; The anatomy of a design theory.",0.1414247751235962,119,False,0.6892755,-5.939818
95eee570b8f1,Design knowledge,Accumulating design knowledge: A mechanisms-based approach,"Rothe, Hannes (1); Wessel, Lauri (2); Barquet, Ana Paula (3)",2020,Journal of the Association for Information Systems,10.17705/1jais.00619,,0,Theory · Research · Design Knowledge,"theory, research, design knowledge, methods, principles, design theory","This exploratory cluster contains 227 papers. Frequent terms include theory, research, design knowledge, methods, principles, design theory. Representative papers include Towards a Method for Design Principle Development in Information Systems; Conceptual foundations of design problem solving; The anatomy of a design theory.",0.11106979846954346,57,False,-0.9891888,-5.015102
96dd29c8f345,Design principles,Data Mesh: A Systematic Gray Literature Review,"Goedegebuure, Abel and Kumara, Indika and Driessen, Stefan and Van Den Heuvel, Willem-Jan and Monsieur, Geert and Tamburri, Damian Andrew and Nucci, Dario Di",2024,ACM Comput. Surv.,10.1145/3687301,https://doi.org/10.1145/3687301,0,Theory · Research · Design Knowledge,"theory, research, design knowledge, methods, principles, design theory","This exploratory cluster contains 227 papers. Frequent terms include theory, research, design knowledge, methods, principles, design theory. Representative papers include Towards a Method for Design Principle Development in Information Systems; Conceptual foundations of design problem solving; The anatomy of a design theory.",0.19295918941497803,200,False,1.3951328,-5.1442976
994d28d55eb8,Design Heuristics,From human factors to human actors to human crafters,"Maceli, Monica and Atwood, Michael",2011,Proceedings of the 2011 IConference,10.1145/1940761.1940775,https://doi.org/10.1145/1940761.1940775,0,Theory · Research · Design Knowledge,"theory, research, design knowledge, methods, principles, design theory","This exploratory cluster contains 227 papers. Frequent terms include theory, research, design knowledge, methods, principles, design theory. Representative papers include Towards a Method for Design Principle Development in Information Systems; Conceptual foundations of design problem solving; The anatomy of a design theory.",0.12706035375595093,88,False,-0.6340343,-3.2525978
9d158233f041,Design knowledge,Guidelines supporting the formulation of design principles,"Cronholm, Stefan (1); G√∂bel, Hannes (1)",2018,ACIS 2018 - 29th Australasian Conference on Information Systems,10.5130/acis2018.ak,,0,Theory · Research · Design Knowledge,"theory, research, design knowledge, methods, principles, design theory","This exploratory cluster contains 227 papers. Frequent terms include theory, research, design knowledge, methods, principles, design theory. Representative papers include Towards a Method for Design Principle Development in Information Systems; Conceptual foundations of design problem solving; The anatomy of a design theory.",0.07983750104904175,5,False,0.6171541,-3.806893
9ddabd46988b,Design Patterns,Towards project communication management patterns,Karolina Muszy≈Ñska,2016,,,https://www.semanticscholar.org/paper/32151fad667b576649833919a71f37d315c43c48,1,Patterns · Pattern · Design Patterns,"patterns, pattern, design patterns, ai, design pattern, software","This exploratory cluster contains 55 papers. Frequent terms include patterns, pattern, design patterns, ai, design pattern, software. Representative papers include Industrial experience with design patterns; Understanding and using patterns in software development; A pattern approach to interaction design.",0.09703660011291504,14,False,3.678603,-1.0917246
9eda131748eb,Design knowledge,Engineering Design Principles for HCI as a Way Forward for HCI Design Knowledge,"Long, J. (1); Cummaford, S. (2); Stork, A. (3)",,"HCI Design Knowledge: Critique, Challenge, and a Way Forward. Synthesis Lectures on Human-Centered Informatics",10.1007/978-3-031-79209-0_10,,0,Theory · Research · Design Knowledge,"theory, research, design knowledge, methods, principles, design theory","This exploratory cluster contains 227 papers. Frequent terms include theory, research, design knowledge, methods, principles, design theory. Representative papers include Towards a Method for Design Principle Development in Information Systems; Conceptual foundations of design problem solving; The anatomy of a design theory.",0.1394108533859253,114,False,0.68354857,-2.4744837
9eecf23c4ce7,Design Heuristics,Design Heuristics for Web-Based Severe Weather Risk Communication,"Jit, Sophia and Leiva, Amanda and Bicksler, Rebecca and Soden, Robert",2025,Proceedings of the 2025 ACM SIGCAS/SIGCHI Conference on Computing and Sustainable Societies,10.1145/3715335.3735482,https://doi.org/10.1145/3715335.3735482,0,Theory · Research · Design Knowledge,"theory, research, design knowledge, methods, principles, design theory","This exploratory cluster contains 227 papers. Frequent terms include theory, research, design knowledge, methods, principles, design theory. Representative papers include Towards a Method for Design Principle Development in Information Systems; Conceptual foundations of design problem solving; The anatomy of a design theory.",0.19415736198425293,202,False,0.73564446,-0.6020336
9f4dbd790fe7,Design Heuristics,Design Heuristics in Innovative Products,"Yilmaz, S.; Seifert, C. (1); Daly, S.R. (2); Gonzalez, R. (1)",,Journal of Mechanical Design,10.1115/1.4032219,,0,Theory · Research · Design Knowledge,"theory, research, design knowledge, methods, principles, design theory","This exploratory cluster contains 227 papers. Frequent terms include theory, research, design knowledge, methods, principles, design theory. Representative papers include Towards a Method for Design Principle Development in Information Systems; Conceptual foundations of design problem solving; The anatomy of a design theory.",0.14268994331359863,130,False,0.5510427,-0.5633483
9f9f7295ec8c,Design theory,Affordance based design: a relational theory for design,"Maier, J. (1); Fadel, G. (1)",,Research in Engineering Design,10.1007/s00163-008-0060-3,,0,Theory · Research · Design Knowledge,"theory, research, design knowledge, methods, principles, design theory","This exploratory cluster contains 227 papers. Frequent terms include theory, research, design knowledge, methods, principles, design theory. Representative papers include Towards a Method for Design Principle Development in Information Systems; Conceptual foundations of design problem solving; The anatomy of a design theory.",0.11461502313613892,63,False,0.6368942,-4.7139654
a0d1057f0acb,Design Patterns,Pattern approach to interaction design,"Borchers, Jan O. (1)",2000,"Proceedings of the Conference on Designing Interactive Systems: Processes, Practices, Methods, and Techniques, DIS",,,1,Patterns · Pattern · Design Patterns,"patterns, pattern, design patterns, ai, design pattern, software","This exploratory cluster contains 55 papers. Frequent terms include patterns, pattern, design patterns, ai, design pattern, software. Representative papers include Industrial experience with design patterns; Understanding and using patterns in software development; A pattern approach to interaction design.",0.12722450494766235,33,False,3.191904,-0.83021563
a1a2a51ae22e,Design theory,Incommensurability in design science: Which comes first-Theory or artefact?,"Davern, Michael (1); Parkes, Alison (1)",2010,Information Systems Foundations: The Role of Design Science,10.22459/isf.12.2010.04,,0,Theory · Research · Design Knowledge,"theory, research, design knowledge, methods, principles, design theory","This exploratory cluster contains 227 papers. Frequent terms include theory, research, design knowledge, methods, principles, design theory. Representative papers include Towards a Method for Design Principle Development in Information Systems; Conceptual foundations of design problem solving; The anatomy of a design theory.",0.14477574825286865,135,False,-0.2352826,-5.628979
a21900f84443,Design theory,Undesigning technology: considering the negation of design by design,"Pierce, James",2012,Proceedings of the SIGCHI Conference on Human Factors in Computing Systems,10.1145/2207676.2208540,https://doi.org/10.1145/2207676.2208540,0,Theory · Research · Design Knowledge,"theory, research, design knowledge, methods, principles, design theory","This exploratory cluster contains 227 papers. Frequent terms include theory, research, design knowledge, methods, principles, design theory. Representative papers include Towards a Method for Design Principle Development in Information Systems; Conceptual foundations of design problem solving; The anatomy of a design theory.",0.16077721118927002,160,False,-1.0794009,-3.244429
a3bc8ece9d73,Design Patterns,Use of design patterns in analogy-based design,"Goel, A.K. (1); Bhatta, S.R.",,Advanced Engineering Informatics,10.1016/j.aei.2004.09.003,,1,Patterns · Pattern · Design Patterns,"patterns, pattern, design patterns, ai, design pattern, software","This exploratory cluster contains 55 papers. Frequent terms include patterns, pattern, design patterns, ai, design pattern, software. Representative papers include Industrial experience with design patterns; Understanding and using patterns in software development; A pattern approach to interaction design.",0.11873984336853027,25,False,3.6264424,-1.9507219
a707fd62833a,Design knowledge,Tracing the tensions surrounding understandings of agency and knowledge in technology design,Ruth Neubauer; E. Bohemia; K. Harman,2019,Conference Proceedings of the Academy for Design Innovation Management,,https://www.semanticscholar.org/paper/4acc5b8aa733c7fa82f49703473735aeb54c7095,0,Theory · Research · Design Knowledge,"theory, research, design knowledge, methods, principles, design theory","This exploratory cluster contains 227 papers. Frequent terms include theory, research, design knowledge, methods, principles, design theory. Representative papers include Towards a Method for Design Principle Development in Information Systems; Conceptual foundations of design problem solving; The anatomy of a design theory.",0.1186361312866211,73,False,-0.94386953,-3.4170394
a74bec243b7f,Design Patterns,Universal Structural-Semantic Model of Design Patterns,S. Vlajic; A. Trujic; M. Milic; D. Savic; A. Poledica,2026,,10.1109/IT67293.2026.11435724,,1,Patterns · Pattern · Design Patterns,"patterns, pattern, design patterns, ai, design pattern, software","This exploratory cluster contains 55 papers. Frequent terms include patterns, pattern, design patterns, ai, design pattern, software. Representative papers include Industrial experience with design patterns; Understanding and using patterns in software development; A pattern approach to interaction design.",0.1727982759475708,45,False,3.55243,-1.9907987
a7e06450729f,Design knowledge,Game Design as an Autonomous Research Subject,"Neves, P.P. (1); Zagalo, N. (2)",,Information,10.3390/info12090367,,0,Theory · Research · Design Knowledge,"theory, research, design knowledge, methods, principles, design theory","This exploratory cluster contains 227 papers. Frequent terms include theory, research, design knowledge, methods, principles, design theory. Representative papers include Towards a Method for Design Principle Development in Information Systems; Conceptual foundations of design problem solving; The anatomy of a design theory.",0.12561547756195068,86,False,-1.2321106,-1.721833
a883ec94b37a,Design knowledge,Causal design knowledge: Alternative representation method for product development knowledge management,Kyoung-Yun Kim (1); Yun Seon Kim (1),,Computer Aided Design,10.1016/j.cad.2011.05.005,,0,Theory · Research · Design Knowledge,"theory, research, design knowledge, methods, principles, design theory","This exploratory cluster contains 227 papers. Frequent terms include theory, research, design knowledge, methods, principles, design theory. Representative papers include Towards a Method for Design Principle Development in Information Systems; Conceptual foundations of design problem solving; The anatomy of a design theory.",0.14096063375473022,117,False,-1.0946771,-5.180681
a9303960f19a,Design Patterns,Abstraction in computer science,"Colburn, Timothy (1); Shute, Gary (1)",2007,Minds and Machines,10.1007/s11023-007-9061-7,,1,Patterns · Pattern · Design Patterns,"patterns, pattern, design patterns, ai, design pattern, software","This exploratory cluster contains 55 papers. Frequent terms include patterns, pattern, design patterns, ai, design pattern, software. Representative papers include Industrial experience with design patterns; Understanding and using patterns in software development; A pattern approach to interaction design.",0.14469146728515625,40,False,3.148102,-2.1771138
ab97fa9e6ec7,Design rationale,"""Argumentative Design Rationale and the Object-Oriented Development Process: better analysis, better design""",L. Bronner; Jerry-Daryl Fletcher,2011,2006 Fall ASEE Middle Atlantic Section Conference Proceedings,,https://www.semanticscholar.org/paper/40f61a83349d805ce7200a1424e4aa6df3e58313,0,Theory · Research · Design Knowledge,"theory, research, design knowledge, methods, principles, design theory","This exploratory cluster contains 227 papers. Frequent terms include theory, research, design knowledge, methods, principles, design theory. Representative papers include Towards a Method for Design Principle Development in Information Systems; Conceptual foundations of design problem solving; The anatomy of a design theory.",0.12333202362060547,81,False,3.0485706,-4.1310034
ac2f5510db32,Design methods,Beyond geometric complexity: a critical review of complexity theory and how it relates to architecture engineering and construction,Evangelos Pantazis; D. Gerber,2019,Architectural Science Review,,https://www.semanticscholar.org/paper/b50cc2220c9a692e8c31e6465f08e7008ae10dbf,0,Theory · Research · Design Knowledge,"theory, research, design knowledge, methods, principles, design theory","This exploratory cluster contains 227 papers. Frequent terms include theory, research, design knowledge, methods, principles, design theory. Representative papers include Towards a Method for Design Principle Development in Information Systems; Conceptual foundations of design problem solving; The anatomy of a design theory.",0.1161271333694458,67,False,1.1844699,-4.290112
ade4419d3095,Design Patterns,Hybrid modeling design patterns,M. Rudolph; Stefan Kurz; Barbara Rakitsch,2023,Journal of Mathematics in Industry,,https://www.semanticscholar.org/paper/d1798033cdc2d510fec08ea61044d91d10061c67,1,Patterns · Pattern · Design Patterns,"patterns, pattern, design patterns, ai, design pattern, software","This exploratory cluster contains 55 papers. Frequent terms include patterns, pattern, design patterns, ai, design pattern, software. Representative papers include Industrial experience with design patterns; Understanding and using patterns in software development; A pattern approach to interaction design.",0.09388786554336548,12,False,3.2412572,-1.6040981
ade78c466271,Design knowledge,Revised set of usability heuristics for the evaluation of interactive systems,"Pribeanu, C. (1)",,Informatica Economica,10.12948/issn14531305/21.3.2017.03,,0,Theory · Research · Design Knowledge,"theory, research, design knowledge, methods, principles, design theory","This exploratory cluster contains 227 papers. Frequent terms include theory, research, design knowledge, methods, principles, design theory. Representative papers include Towards a Method for Design Principle Development in Information Systems; Conceptual foundations of design problem solving; The anatomy of a design theory.",0.15337234735488892,149,False,0.8671523,-1.0284317
af4a4237d98a,Design knowledge,Utilization of design principles for hybrid learning configurations by interprofessional design teams,Petra H. M. Cremers; A. Wals; R. Wesselink; M. Mulder,2017,,,https://www.semanticscholar.org/paper/283b7871f4761ad84513199e4f22100232b20a4b,0,Theory · Research · Design Knowledge,"theory, research, design knowledge, methods, principles, design theory","This exploratory cluster contains 227 papers. Frequent terms include theory, research, design knowledge, methods, principles, design theory. Representative papers include Towards a Method for Design Principle Development in Information Systems; Conceptual foundations of design problem solving; The anatomy of a design theory.",0.11289846897125244,59,False,0.18672492,-1.9648144
af66a447ca7c,Design theory,Digital Panopticon: How Remote Work Monitoring Shapes Employee Behavior and Motivation,Aleksandar Nikodinovski; Darjan Karaba≈°eviƒá; Vuk Mirƒçetiƒá,2026,Businesses,,https://www.semanticscholar.org/paper/dcae6e93cb73b5532913f20f88311ba7d2aabcc4,0,Theory · Research · Design Knowledge,"theory, research, design knowledge, methods, principles, design theory","This exploratory cluster contains 227 papers. Frequent terms include theory, research, design knowledge, methods, principles, design theory. Representative papers include Towards a Method for Design Principle Development in Information Systems; Conceptual foundations of design problem solving; The anatomy of a design theory.",0.25011366605758667,222,False,1.9627813,-3.3587325
b077c606da41,Design Guidelines,Classification approach for hybrid components in mechanical engineering with a focus on additive manufacturing,M. Ley; Ali Al-Zuhairi; R. Teutsch,2021,,,https://www.semanticscholar.org/paper/059e9cf8f5148cf9c2aa96430fa38ec930824191,0,Theory · Research · Design Knowledge,"theory, research, design knowledge, methods, principles, design theory","This exploratory cluster contains 227 papers. Frequent terms include theory, research, design knowledge, methods, principles, design theory. Representative papers include Towards a Method for Design Principle Development in Information Systems; Conceptual foundations of design problem solving; The anatomy of a design theory.",0.2021111249923706,209,False,1.9280962,-3.9537706
b0fe7e080516,Design knowledge,Design knowledge representation: An ontological perspective,"Sanfilippo, Emilio M. (1, 2); Masolo, Claudio (1); Porello, Daniele (1)",2015,CEUR Workshop Proceedings,,,0,Theory · Research · Design Knowledge,"theory, research, design knowledge, methods, principles, design theory","This exploratory cluster contains 227 papers. Frequent terms include theory, research, design knowledge, methods, principles, design theory. Representative papers include Towards a Method for Design Principle Development in Information Systems; Conceptual foundations of design problem solving; The anatomy of a design theory.",0.0996822714805603,28,False,-0.71289593,-4.632403
b14f85b19a87,Design Guidelines,Design Study Methodology: Reflections from the Trenches and the Stacks,M. Sedlmair; M. Meyer; T. Munzner,2012,,10.1109/TVCG.2012.213,,0,Theory · Research · Design Knowledge,"theory, research, design knowledge, methods, principles, design theory","This exploratory cluster contains 227 papers. Frequent terms include theory, research, design knowledge, methods, principles, design theory. Representative papers include Towards a Method for Design Principle Development in Information Systems; Conceptual foundations of design problem solving; The anatomy of a design theory.",0.08824509382247925,10,False,0.38489208,-3.9182334
b21a9b4cc5ef,Design theory,C-K design theory: an advanced formulation,"Hatchuel, A. (1); Weil, B. (1)",,Research in Engineering Design,10.1007/s00163-008-0043-4,,0,Theory · Research · Design Knowledge,"theory, research, design knowledge, methods, principles, design theory","This exploratory cluster contains 227 papers. Frequent terms include theory, research, design knowledge, methods, principles, design theory. Representative papers include Towards a Method for Design Principle Development in Information Systems; Conceptual foundations of design problem solving; The anatomy of a design theory.",0.14684152603149414,137,False,0.6478563,-6.006084
b2234ef79a5a,Design methods,Tracing situated effects of innovative design methods: inexperienced designers' practices,"Lee, Jung-Joo and Vaajakallio, Kirsikka and Mattelm\""aki, Tuuli",2011,Procedings of the Second Conference on Creativity and Innovation in Design,10.1145/2079216.2079231,https://doi.org/10.1145/2079216.2079231,0,Theory · Research · Design Knowledge,"theory, research, design knowledge, methods, principles, design theory","This exploratory cluster contains 227 papers. Frequent terms include theory, research, design knowledge, methods, principles, design theory. Representative papers include Towards a Method for Design Principle Development in Information Systems; Conceptual foundations of design problem solving; The anatomy of a design theory.",0.13568079471588135,107,False,-0.001945975,-3.2784653
b227e604cd40,Design knowledge,"The Dark Patterns Knowledge Stack: Exploring New Ways to Negotiate Context, Law, and Design","Gray, Colin M.",2026,Proceedings of the 2026 CHI Conference on Human Factors in Computing Systems,10.1145/3772318.3791264,https://doi.org/10.1145/3772318.3791264,1,Patterns · Pattern · Design Patterns,"patterns, pattern, design patterns, ai, design pattern, software","This exploratory cluster contains 55 papers. Frequent terms include patterns, pattern, design patterns, ai, design pattern, software. Representative papers include Industrial experience with design patterns; Understanding and using patterns in software development; A pattern approach to interaction design.",0.13862574100494385,38,False,2.8964071,-0.7829628
b256aafa902e,Design knowledge,A Multi-Grounded Design Research Process,"Goldkuhl, G. (1); Lind, M. (2)",,"Global Perspectives on Design Science Research. Proceedings 5th International Conference, DESRIST 2010",,,0,Theory · Research · Design Knowledge,"theory, research, design knowledge, methods, principles, design theory","This exploratory cluster contains 227 papers. Frequent terms include theory, research, design knowledge, methods, principles, design theory. Representative papers include Towards a Method for Design Principle Development in Information Systems; Conceptual foundations of design problem solving; The anatomy of a design theory.",0.09297162294387817,17,False,-0.7367078,-4.6081214
b357bc5a3d3b,Design Guidelines,Towards Canonical Task Types for User Interface Design,J. M. Gonzalez-Calleros; J. Guerrero-Garcia; J. Vanderdonckt; J. Munoz-Arteaga,2009,,10.1109/LA-WEB.2009.33,,0,Theory · Research · Design Knowledge,"theory, research, design knowledge, methods, principles, design theory","This exploratory cluster contains 227 papers. Frequent terms include theory, research, design knowledge, methods, principles, design theory. Representative papers include Towards a Method for Design Principle Development in Information Systems; Conceptual foundations of design problem solving; The anatomy of a design theory.",0.1657511591911316,171,False,1.4986606,-2.0595212
b42559e0a5d5,Design Patterns,ICT Systems Security and Privacy Protection,N. Cuppens-Boulahia; F. Cuppens; S. Jajodia; A. A. E. Kalam; Thierry Sans,2014,IFIP Advances in Information and Communication Technology,,https://www.semanticscholar.org/paper/83a4fbd1050484c5a9c2242d844bef1cc34ac89c,0,Theory · Research · Design Knowledge,"theory, research, design knowledge, methods, principles, design theory","This exploratory cluster contains 227 papers. Frequent terms include theory, research, design knowledge, methods, principles, design theory. Representative papers include Towards a Method for Design Principle Development in Information Systems; Conceptual foundations of design problem solving; The anatomy of a design theory.",0.26677560806274414,224,False,1.3156496,-1.7300855
b5d968168f35,Design methods,A Framework of Design Method Corroboration,"Thoring, Katja (1); Mueller, Roland M. (2); Lecuna, Alejandro (3); Badke-Schaub, Petra (4)",2023,Proceedings of the Annual Hawaii International Conference on System Sciences,,,0,Theory · Research · Design Knowledge,"theory, research, design knowledge, methods, principles, design theory","This exploratory cluster contains 227 papers. Frequent terms include theory, research, design knowledge, methods, principles, design theory. Representative papers include Towards a Method for Design Principle Development in Information Systems; Conceptual foundations of design problem solving; The anatomy of a design theory.",0.11687862873077393,70,False,0.4253748,-3.357146
b73f2343e274,Design knowledge,Let's Get Divorced: Constructing Knowledge Outcomes for Critical Design and Constructive Design Research,"Forlizzi, Jodi and Zimmerman, John and Hekkert, Paul and Koskinen, Ilpo",2018,Proceedings of the 2018 ACM Conference Companion Publication on Designing Interactive Systems,10.1145/3197391.3197395,https://doi.org/10.1145/3197391.3197395,0,Theory · Research · Design Knowledge,"theory, research, design knowledge, methods, principles, design theory","This exploratory cluster contains 227 papers. Frequent terms include theory, research, design knowledge, methods, principles, design theory. Representative papers include Towards a Method for Design Principle Development in Information Systems; Conceptual foundations of design problem solving; The anatomy of a design theory.",0.15805333852767944,156,False,-0.5787838,-3.872336
b77e7d67555e,Design principles,USSF: A Unified Framework for Screen Standardization in Software Systems,H. Hristov,2025,,10.1109/CIEES66347.2025.11300084,,0,Theory · Research · Design Knowledge,"theory, research, design knowledge, methods, principles, design theory","This exploratory cluster contains 227 papers. Frequent terms include theory, research, design knowledge, methods, principles, design theory. Representative papers include Towards a Method for Design Principle Development in Information Systems; Conceptual foundations of design problem solving; The anatomy of a design theory.",0.2222154140472412,217,False,0.98433167,-1.3218613
b967c3a334ff,Design Patterns,Industrial experience with design patterns,"Beck, Kent (1); Coplien, James O. (1); Crocker, Ron (1); Dominick, Lutz (1); Meszaros, Gerard (1); Paulisch, Frances (1); Vlissides, John (1)",1995,Proceedings - International Conference on Software Engineering,,,1,Patterns · Pattern · Design Patterns,"patterns, pattern, design patterns, ai, design pattern, software","This exploratory cluster contains 55 papers. Frequent terms include patterns, pattern, design patterns, ai, design pattern, software. Representative papers include Industrial experience with design patterns; Understanding and using patterns in software development; A pattern approach to interaction design.",0.06607145071029663,1,True,3.237981,-1.0794538
b9f64070ed9a,Design Patterns,“Modeling-by-Patterns” of Web applications,"Garzotto, F. (1); Paolinil, P. (1); Bolchini, D.; Valenti, S.",,"Advances in Conceptual Modeling. ER'99 Workshop on Evolution and Change in Data Management, Reverse Engineering in Information Systems, and the World Wide Web and Conceptual Modeling. Proceedings (Lecture Notes in Computer Science Vol.1727)",,,1,Patterns · Pattern · Design Patterns,"patterns, pattern, design patterns, ai, design pattern, software","This exploratory cluster contains 55 papers. Frequent terms include patterns, pattern, design patterns, ai, design pattern, software. Representative papers include Industrial experience with design patterns; Understanding and using patterns in software development; A pattern approach to interaction design.",0.07654833793640137,4,False,3.6060002,-1.3034507
ba03a17bc120,Design Rules,"The Good, the Bad, and the Ugly: A Theoretical Framework for the Assessment of Continuous Colormaps",R. Bujack; T. L. Turton; F. Samsel; C. Ware; D. H. Rogers; J. Ahrens,2018,,10.1109/TVCG.2017.2743978,,0,Theory · Research · Design Knowledge,"theory, research, design knowledge, methods, principles, design theory","This exploratory cluster contains 227 papers. Frequent terms include theory, research, design knowledge, methods, principles, design theory. Representative papers include Towards a Method for Design Principle Development in Information Systems; Conceptual foundations of design problem solving; The anatomy of a design theory.",0.18873023986816406,197,False,1.2694187,-3.2667816
bacdc4f76eea,Design theory,Work system principles: towards a justified design theory on the grounds of socio-instrumental pragmatism,"Petersson, Johan",2008,Proceedings of the 3rd International Conference on the Pragmatic Web: Innovating the Interactive Society,10.1145/1479190.1479200,https://doi.org/10.1145/1479190.1479200,0,Theory · Research · Design Knowledge,"theory, research, design knowledge, methods, principles, design theory","This exploratory cluster contains 227 papers. Frequent terms include theory, research, design knowledge, methods, principles, design theory. Representative papers include Towards a Method for Design Principle Development in Information Systems; Conceptual foundations of design problem solving; The anatomy of a design theory.",0.14689522981643677,138,False,0.617281,-5.547184
bc6d0afdec8f,Design Patterns,Design patterns for component-oriented software development,"Rege, Karl (1)",1999,Conference Proceedings of the EUROMICRO,10.1109/EURMIC.1999.794784,,1,Patterns · Pattern · Design Patterns,"patterns, pattern, design patterns, ai, design pattern, software","This exploratory cluster contains 55 papers. Frequent terms include patterns, pattern, design patterns, ai, design pattern, software. Representative papers include Industrial experience with design patterns; Understanding and using patterns in software development; A pattern approach to interaction design.",0.09575927257537842,13,False,3.5551476,-1.9995083
bdf1addf5a10,Design knowledge,Contestable AI by Design: Towards a Framework,"Alfrink, Kars (1); Keller, Ianus (2); Kortuem, Gerd (1); Doorn, Neelke (3)",2023,Minds and Machines,10.1007/s11023-022-09611-z,,1,Patterns · Pattern · Design Patterns,"patterns, pattern, design patterns, ai, design pattern, software","This exploratory cluster contains 55 papers. Frequent terms include patterns, pattern, design patterns, ai, design pattern, software. Representative papers include Industrial experience with design patterns; Understanding and using patterns in software development; A pattern approach to interaction design.",0.15857011079788208,42,False,2.234183,-1.494786
beaf258777e6,Design theory,What is the value of design theory?,Yoram Reich; Emilia Lavi; Kuti Shoham,2025,Proceedings of the Design Society,,https://www.semanticscholar.org/paper/0d7e7fd02d0d2f8d7ef7f2409b371e3896b739b8,0,Theory · Research · Design Knowledge,"theory, research, design knowledge, methods, principles, design theory","This exploratory cluster contains 227 papers. Frequent terms include theory, research, design knowledge, methods, principles, design theory. Representative papers include Towards a Method for Design Principle Development in Information Systems; Conceptual foundations of design problem solving; The anatomy of a design theory.",0.14262354373931885,129,False,0.40819526,-5.407125
bee7b59885fa,Design methods,Adapting the FBS Model of Designing for Usage-Driven Innovation Processes,B. Yannou; Fran√ßois Cluzel; G. Lam√©,2018,Volume 7: 30th International Conference on Design Theory and Methodology,,https://www.semanticscholar.org/paper/eca62463fe663c3015618cf05fc19693f7cec6fa,0,Theory · Research · Design Knowledge,"theory, research, design knowledge, methods, principles, design theory","This exploratory cluster contains 227 papers. Frequent terms include theory, research, design knowledge, methods, principles, design theory. Representative papers include Towards a Method for Design Principle Development in Information Systems; Conceptual foundations of design problem solving; The anatomy of a design theory.",0.11818856000900269,72,False,1.4449316,-4.280867
c0372ed4d123,Design theory,Web-based information systems: Developing a design theory,"Siau, Keng (1); Chen, Xiaofeng (1); Tan, Xin (2)",2007,"Association for Information Systems - 13th Americas Conference on Information Systems, AMCIS 2007: Reaching New Heights",,,0,Theory · Research · Design Knowledge,"theory, research, design knowledge, methods, principles, design theory","This exploratory cluster contains 227 papers. Frequent terms include theory, research, design knowledge, methods, principles, design theory. Representative papers include Towards a Method for Design Principle Development in Information Systems; Conceptual foundations of design problem solving; The anatomy of a design theory.",0.09727156162261963,25,False,1.0922211,-5.6053042
c0efa7750b45,Design knowledge,Forms of reasoning in the design science research process,"Fischer, Christian (1, 2); Gregor, Shirley (2)",2011,Lecture Notes in Computer Science (including subseries Lecture Notes in Artificial Intelligence and Lecture Notes in Bioinformatics),10.1007/978-3-642-20633-7_2,,0,Theory · Research · Design Knowledge,"theory, research, design knowledge, methods, principles, design theory","This exploratory cluster contains 227 papers. Frequent terms include theory, research, design knowledge, methods, principles, design theory. Representative papers include Towards a Method for Design Principle Development in Information Systems; Conceptual foundations of design problem solving; The anatomy of a design theory.",0.09681063890457153,24,False,-0.095823064,-5.240709
c216cc01fe23,Design Guidelines,A Preliminary Proposal Towards Unambiguous Definitions for Modular Interfaces and Interactions,Lorenzo Fiorineschi; F. Rotini,2019,Proceedings of the Design Society,,https://www.semanticscholar.org/paper/fac005c1d5ad4e966d06ca69426e26c52795b094,0,Theory · Research · Design Knowledge,"theory, research, design knowledge, methods, principles, design theory","This exploratory cluster contains 227 papers. Frequent terms include theory, research, design knowledge, methods, principles, design theory. Representative papers include Towards a Method for Design Principle Development in Information Systems; Conceptual foundations of design problem solving; The anatomy of a design theory.",0.14807724952697754,141,False,1.590685,-3.5499527
c2c57ac5453e,Design theory,"Theory construction in design research. Criteria, approaches, and methods.",K. Friedman,2002,Proceedings of DRS,,https://www.semanticscholar.org/paper/77be0017d3222a9d67af14b59218c4c05d5fd16a,0,Theory · Research · Design Knowledge,"theory, research, design knowledge, methods, principles, design theory","This exploratory cluster contains 227 papers. Frequent terms include theory, research, design knowledge, methods, principles, design theory. Representative papers include Towards a Method for Design Principle Development in Information Systems; Conceptual foundations of design problem solving; The anatomy of a design theory.",0.10786652565002441,45,False,0.13174526,-5.623072
c3005cf4cf75,Design theory,Design as interactions of problem framing and problem solving,"Dzbor, M. (1); Zdrahal, Z. (1)",,ECAI 2002. 15th European Conference on Artificial Intelligence Proceedings,,,0,Theory · Research · Design Knowledge,"theory, research, design knowledge, methods, principles, design theory","This exploratory cluster contains 227 papers. Frequent terms include theory, research, design knowledge, methods, principles, design theory. Representative papers include Towards a Method for Design Principle Development in Information Systems; Conceptual foundations of design problem solving; The anatomy of a design theory.",0.1240454912185669,83,False,-0.018946737,-4.7665696
c5d4c66275a8,Design knowledge,Towards a Theory Driven Foundational Model for Design: Rethinking Requirement Elicitation for Special Needs,K. Venkatesh; Shakuntala Acharya; J. Allen; F. Mistree,2025,Digital Enterprise Computing,,https://www.semanticscholar.org/paper/a02bcc09b09789ba51cd5bf0e57da568c03c8021,0,Theory · Research · Design Knowledge,"theory, research, design knowledge, methods, principles, design theory","This exploratory cluster contains 227 papers. Frequent terms include theory, research, design knowledge, methods, principles, design theory. Representative papers include Towards a Method for Design Principle Development in Information Systems; Conceptual foundations of design problem solving; The anatomy of a design theory.",0.11434996128082275,62,False,0.013703638,-4.0953894
c6955d14d66c,Design Heuristics,Dialogue appropriate to assistive technology product design: A taxonomy of communication formats in relation to modes of sensory perception,G. Torrens,2017,,,https://www.semanticscholar.org/paper/e3863795197b4a7168ac1c641588497ad18d3671,0,Theory · Research · Design Knowledge,"theory, research, design knowledge, methods, principles, design theory","This exploratory cluster contains 227 papers. Frequent terms include theory, research, design knowledge, methods, principles, design theory. Representative papers include Towards a Method for Design Principle Development in Information Systems; Conceptual foundations of design problem solving; The anatomy of a design theory.",0.14874130487442017,142,False,-0.32237357,-3.097325
c6e7060b0fa0,Design Patterns,LabelPatterns.org: A comprehensive pattern library for consumer-decision labels,D. K. Farkas; J. Larson; S. J. Naranjo,2011,,10.1109/IPCC.2011.6087185,,1,Patterns · Pattern · Design Patterns,"patterns, pattern, design patterns, ai, design pattern, software","This exploratory cluster contains 55 papers. Frequent terms include patterns, pattern, design patterns, ai, design pattern, software. Representative papers include Industrial experience with design patterns; Understanding and using patterns in software development; A pattern approach to interaction design.",0.12673699855804443,32,False,3.5192509,-1.2161905
c7afdd089fdd,Design Patterns,Toward patterns for collaborative knowledge creation,"Haoxiang, Xia (1); Zhaoguo, Xuan (1); Taketoshi, Yosbida (2); Zhongtuo, Wang (1)",2007,Lecture Notes in Computer Science (including subseries Lecture Notes in Artificial Intelligence and Lecture Notes in Bioinformatics),,,1,Patterns · Pattern · Design Patterns,"patterns, pattern, design patterns, ai, design pattern, software","This exploratory cluster contains 55 papers. Frequent terms include patterns, pattern, design patterns, ai, design pattern, software. Representative papers include Industrial experience with design patterns; Understanding and using patterns in software development; A pattern approach to interaction design.",0.10844039916992188,21,False,3.382082,-0.55452836
c7ed46400a28,Design Patterns,Exploring the design space of composite visualization,W. Javed; N. Elmqvist,2012,,10.1109/PacificVis.2012.6183556,,0,Theory · Research · Design Knowledge,"theory, research, design knowledge, methods, principles, design theory","This exploratory cluster contains 227 papers. Frequent terms include theory, research, design knowledge, methods, principles, design theory. Representative papers include Towards a Method for Design Principle Development in Information Systems; Conceptual foundations of design problem solving; The anatomy of a design theory.",0.19085252285003662,198,False,2.398037,-4.6284266
c90163fa7f57,Design knowledge,A new model to express and capture the design rationale in the documents,Jihong Liu (1); Jiaji Wang (1); Kejian Wang (1),,MATEC Web of Conferences,10.1051/matecconf/201713900016,,0,Theory · Research · Design Knowledge,"theory, research, design knowledge, methods, principles, design theory","This exploratory cluster contains 227 papers. Frequent terms include theory, research, design knowledge, methods, principles, design theory. Representative papers include Towards a Method for Design Principle Development in Information Systems; Conceptual foundations of design problem solving; The anatomy of a design theory.",0.12761831283569336,90,False,2.812105,-4.0540104
c9175ef9ebfe,Design theory,Management design theories,"Pries-Heje, Jan (1); Baskerville, Richard L. (2)",2010,IFIP Advances in Information and Communication Technology,10.1007/978-3-642-12113-5_16,,0,Theory · Research · Design Knowledge,"theory, research, design knowledge, methods, principles, design theory","This exploratory cluster contains 227 papers. Frequent terms include theory, research, design knowledge, methods, principles, design theory. Representative papers include Towards a Method for Design Principle Development in Information Systems; Conceptual foundations of design problem solving; The anatomy of a design theory.",0.08681583404541016,7,False,1.0128655,-5.393925
ca185d91b684,Design Guidelines,Embracing Non-Natural Design in Human-Computer Interaction,"Vatavu, Radu-Daniel",2024,Proceedings of the 2024 International Conference on Advanced Visual Interfaces,10.1145/3656650.3660545,https://doi.org/10.1145/3656650.3660545,0,Theory · Research · Design Knowledge,"theory, research, design knowledge, methods, principles, design theory","This exploratory cluster contains 227 papers. Frequent terms include theory, research, design knowledge, methods, principles, design theory. Representative papers include Towards a Method for Design Principle Development in Information Systems; Conceptual foundations of design problem solving; The anatomy of a design theory.",0.23001277446746826,219,False,-1.019228,-2.5680647
cb7daae2b94f,Design Guidelines,User Experience Design in Professional Map-Based Geo-Portals,Bernd Resch; B. Zimmer,2013,ISPRS Int. J. Geo Inf.,,https://www.semanticscholar.org/paper/f2125c2a28765c33506f17f80c8f8098c4408196,0,Theory · Research · Design Knowledge,"theory, research, design knowledge, methods, principles, design theory","This exploratory cluster contains 227 papers. Frequent terms include theory, research, design knowledge, methods, principles, design theory. Representative papers include Towards a Method for Design Principle Development in Information Systems; Conceptual foundations of design problem solving; The anatomy of a design theory.",0.24593031406402588,221,False,1.1691203,-1.6344283
cc5e9fe45cc6,Design knowledge,A study of practice based design research models from knowledge integration perspective,Honghai Li; Jun Cai,2019,,,https://www.semanticscholar.org/paper/9f26e050d534e82159a5fa1af1f865603733aa49,0,Theory · Research · Design Knowledge,"theory, research, design knowledge, methods, principles, design theory","This exploratory cluster contains 227 papers. Frequent terms include theory, research, design knowledge, methods, principles, design theory. Representative papers include Towards a Method for Design Principle Development in Information Systems; Conceptual foundations of design problem solving; The anatomy of a design theory.",0.12386924028396606,82,False,-1.1284314,-4.807722
ccc616a68c38,Design knowledge,Towards Creating a Body of Evidence-based Interactive Digital Narrative Design Knowledge: Approaches and Challenges,"Roth, Christian and Koenitz, Hartmut",2017,Proceedings of the 2nd International Workshop on Multimedia Alternate Realities,10.1145/3132361.3133942,https://doi.org/10.1145/3132361.3133942,0,Theory · Research · Design Knowledge,"theory, research, design knowledge, methods, principles, design theory","This exploratory cluster contains 227 papers. Frequent terms include theory, research, design knowledge, methods, principles, design theory. Representative papers include Towards a Method for Design Principle Development in Information Systems; Conceptual foundations of design problem solving; The anatomy of a design theory.",0.155367910861969,152,False,-1.2824695,-2.206299
cd211147691a,Design Heuristics,Design heuristics set for X: A design aid for assistive product concept generation,"Hwang, Dongwook (1); Park, Woojin (2)",2018,Design Studies,10.1016/j.destud.2018.04.003,,0,Theory · Research · Design Knowledge,"theory, research, design knowledge, methods, principles, design theory","This exploratory cluster contains 227 papers. Frequent terms include theory, research, design knowledge, methods, principles, design theory. Representative papers include Towards a Method for Design Principle Development in Information Systems; Conceptual foundations of design problem solving; The anatomy of a design theory.",0.18798792362213135,196,False,0.511309,-0.48337698
cd42a6611470,Design Patterns,"Principles, patterns, and techniques for designing and implementing practical fluent interfaces in Java","Xie, Haochen",2017,"Proceedings Companion of the 2017 ACM SIGPLAN International Conference on Systems, Programming, Languages, and Applications: Software for Humanity",10.1145/3135932.3135948,https://doi.org/10.1145/3135932.3135948,1,Patterns · Pattern · Design Patterns,"patterns, pattern, design patterns, ai, design pattern, software","This exploratory cluster contains 55 papers. Frequent terms include patterns, pattern, design patterns, ai, design pattern, software. Representative papers include Industrial experience with design patterns; Understanding and using patterns in software development; A pattern approach to interaction design.",0.22538399696350098,55,False,3.6327581,-0.9156851
cda6c6785f0a,Design knowledge,The design of social drones: a review of studies on autonomous flyers in inhabited environments,"Baytas, M.A. (1); √áay, D. (1); Zhang, Y. (2); Obaid, M. (3); Yanta√ß, A.E. (1); Fjeld, M. (2)",,CHI '19: Proceedings of the 2019 CHI Conference on Human Factors in Computing Systems,10.1145/3290605.3300480,,1,Patterns · Pattern · Design Patterns,"patterns, pattern, design patterns, ai, design pattern, software","This exploratory cluster contains 55 papers. Frequent terms include patterns, pattern, design patterns, ai, design pattern, software. Representative papers include Industrial experience with design patterns; Understanding and using patterns in software development; A pattern approach to interaction design.",0.21235358715057373,53,False,2.3986802,-0.95457625
cdd6de21b74b,Design Heuristics,Evidence-based design heuristics for idea generation,"Yilmaz, Seda (1); Daly, Shanna R. (2); Seifert, Colleen M. (2); Gonzalez, Richard (2)",2016,Design Studies,10.1016/j.destud.2016.05.001,,0,Theory · Research · Design Knowledge,"theory, research, design knowledge, methods, principles, design theory","This exploratory cluster contains 227 papers. Frequent terms include theory, research, design knowledge, methods, principles, design theory. Representative papers include Towards a Method for Design Principle Development in Information Systems; Conceptual foundations of design problem solving; The anatomy of a design theory.",0.1413002610206604,118,False,0.6458126,-0.7002185
ceac90427122,Design theory,Design-oriented human-computer interaction,"Fallman, Daniel",2003,Proceedings of the SIGCHI Conference on Human Factors in Computing Systems,10.1145/642611.642652,https://doi.org/10.1145/642611.642652,0,Theory · Research · Design Knowledge,"theory, research, design knowledge, methods, principles, design theory","This exploratory cluster contains 227 papers. Frequent terms include theory, research, design knowledge, methods, principles, design theory. Representative papers include Towards a Method for Design Principle Development in Information Systems; Conceptual foundations of design problem solving; The anatomy of a design theory.",0.08889973163604736,11,False,-0.91109014,-3.2158153
cf2ee8097a06,Design Rules,"Design Rules, Volume 2: Chapter 4—The Mirroring Hypothesis: Linkages Inside and Across Transaction Free Zones",Carliss Y. Baldwin,2020,Social Science Research Network,,https://www.semanticscholar.org/paper/b2acd9c3d6ff7edde932d69118071e11ebd21892,0,Theory · Research · Design Knowledge,"theory, research, design knowledge, methods, principles, design theory","This exploratory cluster contains 227 papers. Frequent terms include theory, research, design knowledge, methods, principles, design theory. Representative papers include Towards a Method for Design Principle Development in Information Systems; Conceptual foundations of design problem solving; The anatomy of a design theory.",0.15991652011871338,159,False,1.7375596,-3.8689556
d0a17557440f,Design Guidelines,Avoiding virtual dystopia: A design theory for emancipatory participatory immersive platforms,Fabian Tingelhoff; Jens Joachim Marga,2025,Journal of strategic information systems,,https://www.semanticscholar.org/paper/0118e4e235a32b2389d0a4caf0344774b888ca5c,0,Theory · Research · Design Knowledge,"theory, research, design knowledge, methods, principles, design theory","This exploratory cluster contains 227 papers. Frequent terms include theory, research, design knowledge, methods, principles, design theory. Representative papers include Towards a Method for Design Principle Development in Information Systems; Conceptual foundations of design problem solving; The anatomy of a design theory.",0.1793045997619629,186,False,0.9828637,-5.1226068
d0a936b480d4,Design principles,Acquiring educational access for neurodiverse learners through multisensory design principles,"Puccini, Angela M. and Puccini, Marisa and Chang, Angela",2013,Proceedings of the 12th International Conference on Interaction Design and Children,10.1145/2485760.2485848,https://doi.org/10.1145/2485760.2485848,0,Theory · Research · Design Knowledge,"theory, research, design knowledge, methods, principles, design theory","This exploratory cluster contains 227 papers. Frequent terms include theory, research, design knowledge, methods, principles, design theory. Representative papers include Towards a Method for Design Principle Development in Information Systems; Conceptual foundations of design problem solving; The anatomy of a design theory.",0.185863196849823,192,False,0.13128705,-2.0412567
d19f5f66d2ba,Design theory,A Survey of Definition and its Role in Strengthening Design Theory,Robert Andruchow,2010,Proceedings of DRS,,https://www.semanticscholar.org/paper/66340bc794b9f491a7459ed19271054c66ec0735,0,Theory · Research · Design Knowledge,"theory, research, design knowledge, methods, principles, design theory","This exploratory cluster contains 227 papers. Frequent terms include theory, research, design knowledge, methods, principles, design theory. Representative papers include Towards a Method for Design Principle Development in Information Systems; Conceptual foundations of design problem solving; The anatomy of a design theory.",0.10370481014251709,39,False,-0.019922065,-5.243594
d250dc6eb9d9,Design theory,Systems Thinking and Design Thinking: The Search for Principles in the World We Are Making,Richard Buchanan,2019,"She Ji: The Journal of Design, Economics and Innovation",,https://www.semanticscholar.org/paper/d64394099025a58afe7de86086203be82f736091,0,Theory · Research · Design Knowledge,"theory, research, design knowledge, methods, principles, design theory","This exploratory cluster contains 227 papers. Frequent terms include theory, research, design knowledge, methods, principles, design theory. Representative papers include Towards a Method for Design Principle Development in Information Systems; Conceptual foundations of design problem solving; The anatomy of a design theory.",0.10364049673080444,38,False,0.4668403,-4.747105
d2fba2826d90,Design theory,Design Principles for Platform-Enabled Knowledge Commons with an Expository Instantiation,M. Ramakrishnan; Shirley Gregor; Anup Shrestha; J. Soar,2023,Journal of the AIS,,https://www.semanticscholar.org/paper/3e67cd0d0c79603b5118e7a44b1153b4cd7553ad,0,Theory · Research · Design Knowledge,"theory, research, design knowledge, methods, principles, design theory","This exploratory cluster contains 227 papers. Frequent terms include theory, research, design knowledge, methods, principles, design theory. Representative papers include Towards a Method for Design Principle Development in Information Systems; Conceptual foundations of design problem solving; The anatomy of a design theory.",0.13974326848983765,115,False,0.40248474,-4.984935
d4ef8c48ded5,Design knowledge,"Toward an Inventory of Plans and Patterns, and Their Use to Foster Strategic Knowledge in Programming Novices","Costantini, Umberto and Lonati, Violetta and Morpurgo, Anna",2020,Proceedings of the 2020 ACM Conference on International Computing Education Research,10.1145/3372782.3408115,https://doi.org/10.1145/3372782.3408115,1,Patterns · Pattern · Design Patterns,"patterns, pattern, design patterns, ai, design pattern, software","This exploratory cluster contains 55 papers. Frequent terms include patterns, pattern, design patterns, ai, design pattern, software. Representative papers include Industrial experience with design patterns; Understanding and using patterns in software development; A pattern approach to interaction design.",0.2164739966392517,54,False,3.6563137,-0.6812166
d5d39efbe945,Design rationale,Method rationale in method engineering,"Rossi, M. (1); Tolvanen, J.-P.; Ramesh, B.; Lyytinen, K.; Kaipala, J.",,Proceedings of the 33rd Annual Hawaii International Conference on System Sciences,,,0,Theory · Research · Design Knowledge,"theory, research, design knowledge, methods, principles, design theory","This exploratory cluster contains 227 papers. Frequent terms include theory, research, design knowledge, methods, principles, design theory. Representative papers include Towards a Method for Design Principle Development in Information Systems; Conceptual foundations of design problem solving; The anatomy of a design theory.",0.13929826021194458,113,False,2.989703,-4.0504627
d893185b7873,Design principles,Introduction to Initial HCI Engineering Design Principles for Domestic Energy Planning and Control,"Long, J. (1); Cummaford, S. (2); Stork, A. (3)",,Toward Engineering Design Principles for HCI. Synthesis Lectures on Human-Centered Informatics,10.1007/978-3-031-79215-1_2,,0,Theory · Research · Design Knowledge,"theory, research, design knowledge, methods, principles, design theory","This exploratory cluster contains 227 papers. Frequent terms include theory, research, design knowledge, methods, principles, design theory. Representative papers include Towards a Method for Design Principle Development in Information Systems; Conceptual foundations of design problem solving; The anatomy of a design theory.",0.1634870171546936,165,False,0.84631175,-2.5114243
da5dd15cd345,Design Patterns,A functional theory of design patterns,"Bhatta, S.R. (1); Goel, A.K.",,IJCAI-97. Proceedings of the Fifteenth International Joint Conference on Artificial Intelligence,,,1,Patterns · Pattern · Design Patterns,"patterns, pattern, design patterns, ai, design pattern, software","This exploratory cluster contains 55 papers. Frequent terms include patterns, pattern, design patterns, ai, design pattern, software. Representative papers include Industrial experience with design patterns; Understanding and using patterns in software development; A pattern approach to interaction design.",0.13333874940872192,37,False,3.746786,-2.0012662
dbc171dde63a,Design Rules,Perfect Eudaimonic User Experience Design That Aristotle Would Have Wanted,"Joers, Julian Marvin and De Luca, Ernesto William",2024,Companion Publication of the 2024 ACM Designing Interactive Systems Conference,10.1145/3656156.3663737,https://doi.org/10.1145/3656156.3663737,0,Theory · Research · Design Knowledge,"theory, research, design knowledge, methods, principles, design theory","This exploratory cluster contains 227 papers. Frequent terms include theory, research, design knowledge, methods, principles, design theory. Representative papers include Towards a Method for Design Principle Development in Information Systems; Conceptual foundations of design problem solving; The anatomy of a design theory.",0.1725051999092102,181,False,-0.23235255,-2.3940797
dbf31702e533,Design methods,Patterns for living lab practice: describing key know-how to promote service co-creation with users,"Akasaka, Fumiya (1); Yasuoka, Mika (2); Nakatani, Momoko (1); Kimura, Atsunobu (1); Ihara, Masayuki (1)",2020,International Journal of Automation Technology,10.20965/ijat.2020.p0769,,1,Patterns · Pattern · Design Patterns,"patterns, pattern, design patterns, ai, design pattern, software","This exploratory cluster contains 55 papers. Frequent terms include patterns, pattern, design patterns, ai, design pattern, software. Representative papers include Industrial experience with design patterns; Understanding and using patterns in software development; A pattern approach to interaction design.",0.124397873878479,31,False,3.041884,-0.5898674
dc61c8a1dcd6,Design theory,Multiscale Design Strategies in a Landscape Architecture Classroom,"Lupfer, Nic and Fowler, Hannah and Valdez, Alyssa and Webb, Andrew and Merrill, Jeremy and Newman, Galen and Kerne, Andruid",2018,Proceedings of the 2018 Designing Interactive Systems Conference,10.1145/3196709.3196812,https://doi.org/10.1145/3196709.3196812,0,Theory · Research · Design Knowledge,"theory, research, design knowledge, methods, principles, design theory","This exploratory cluster contains 227 papers. Frequent terms include theory, research, design knowledge, methods, principles, design theory. Representative papers include Towards a Method for Design Principle Development in Information Systems; Conceptual foundations of design problem solving; The anatomy of a design theory.",0.16274893283843994,163,False,0.8964455,-3.3192534
ddcb3ba05227,Design Patterns,Design patterns for sociality in human-robot interaction,"Kahn, Peter H. and Freier, Nathan G. and Kanda, Takayuki and Ishiguro, Hiroshi and Ruckert, Jolina H. and Severson, Rachel L. and Kane, Shaun K.",2008,Proceedings of the 3rd ACM/IEEE International Conference on Human Robot Interaction,10.1145/1349822.1349836,https://doi.org/10.1145/1349822.1349836,1,Patterns · Pattern · Design Patterns,"patterns, pattern, design patterns, ai, design pattern, software","This exploratory cluster contains 55 papers. Frequent terms include patterns, pattern, design patterns, ai, design pattern, software. Representative papers include Industrial experience with design patterns; Understanding and using patterns in software development; A pattern approach to interaction design.",0.1184539794921875,24,False,2.817942,-0.86253846
ddf4ea43a777,Design knowledge,Adaptation of Toulmin’s Model of Argumentation for Establishing Rigour and Relevance in Design Research,"Khambete, P. (1)",,"Research into Design for a Connected World. Proceedings of ICoRD 2019. Smart Innovation, Systems and Technologies (SIST 134)",10.1007/978-981-13-5974-3_1,,0,Theory · Research · Design Knowledge,"theory, research, design knowledge, methods, principles, design theory","This exploratory cluster contains 227 papers. Frequent terms include theory, research, design knowledge, methods, principles, design theory. Representative papers include Towards a Method for Design Principle Development in Information Systems; Conceptual foundations of design problem solving; The anatomy of a design theory.",0.13545477390289307,106,False,-0.31293848,-5.43827
e09769771b82,Design frameworks,"The Experience, Dynamics and Artifacts Framework: Towards a Holistic Model for Designing Serious and Entertainment Games",Gabriel C. Natucci; M. A. Borges,2021,2021 IEEE Conference on Games (CoG),,https://www.semanticscholar.org/paper/c99ce43ca2809df3634eb95801e9f47fa335d56f,0,Theory · Research · Design Knowledge,"theory, research, design knowledge, methods, principles, design theory","This exploratory cluster contains 227 papers. Frequent terms include theory, research, design knowledge, methods, principles, design theory. Representative papers include Towards a Method for Design Principle Development in Information Systems; Conceptual foundations of design problem solving; The anatomy of a design theory.",0.15706312656402588,155,False,-1.2674781,-1.8456601
e105857da02d,Design knowledge,Designerly Ways of Knowing in HRI: Broadening the Scope of Design-oriented HRI Through the Concept of Intermediate-level Knowledge,"Lupetti, Maria Luce and Zaga, Cristina and Cila, Nazli",2021,Proceedings of the 2021 ACM/IEEE International Conference on Human-Robot Interaction,10.1145/3434073.3444668,https://doi.org/10.1145/3434073.3444668,0,Theory · Research · Design Knowledge,"theory, research, design knowledge, methods, principles, design theory","This exploratory cluster contains 227 papers. Frequent terms include theory, research, design knowledge, methods, principles, design theory. Representative papers include Towards a Method for Design Principle Development in Information Systems; Conceptual foundations of design problem solving; The anatomy of a design theory.",0.13424503803253174,103,False,-1.1616125,-4.4035287
e47202a23273,Design theory,Toward a design theory of strategic enterprise management business intelligence (SEMBI) capability maturity model,X. Luo; Fang-Kai Chang,2023,Journal of Electronic Business &amp; Digital Economics,,https://www.semanticscholar.org/paper/fd5b0d221b29d73fcc3b280b0b40943ee25dd98b,0,Theory · Research · Design Knowledge,"theory, research, design knowledge, methods, principles, design theory","This exploratory cluster contains 227 papers. Frequent terms include theory, research, design knowledge, methods, principles, design theory. Representative papers include Towards a Method for Design Principle Development in Information Systems; Conceptual foundations of design problem solving; The anatomy of a design theory.",0.1640474796295166,167,False,1.1913694,-5.4864626
e4c9f86a6933,Design Patterns,Design patterns for exploring and prototyping human-robot interactions,"Saupp\'e, Allison and Mutlu, Bilge",2014,Proceedings of the SIGCHI Conference on Human Factors in Computing Systems,10.1145/2556288.2557057,https://doi.org/10.1145/2556288.2557057,1,Patterns · Pattern · Design Patterns,"patterns, pattern, design patterns, ai, design pattern, software","This exploratory cluster contains 55 papers. Frequent terms include patterns, pattern, design patterns, ai, design pattern, software. Representative papers include Industrial experience with design patterns; Understanding and using patterns in software development; A pattern approach to interaction design.",0.117026686668396,23,False,3.0697963,-0.8056601
e7091fbecdfa,Design knowledge,"Utilizing, Producing, and Contributing Design Knowledge in DSR Projects","Drechsler, A. (1); Hevner, A.R. (2)",,"Designing for a Digital and Globalized World. 13th International Conference, DESRIST 2018. Proceedings: LNCS 10844",10.1007/978-3-319-91800-6_6,,0,Theory · Research · Design Knowledge,"theory, research, design knowledge, methods, principles, design theory","This exploratory cluster contains 227 papers. Frequent terms include theory, research, design knowledge, methods, principles, design theory. Representative papers include Towards a Method for Design Principle Development in Information Systems; Conceptual foundations of design problem solving; The anatomy of a design theory.",0.12586575746536255,87,False,-1.0633473,-5.089676
e763873f823a,Design Patterns,Formalising design patterns,K. Lano; J. Bicarregui; S. Goldsack,1996,FME 1996,,https://www.semanticscholar.org/paper/42d183baa4bedc79c05bc4e3d59a929ce9aab935,1,Patterns · Pattern · Design Patterns,"patterns, pattern, design patterns, ai, design pattern, software","This exploratory cluster contains 55 papers. Frequent terms include patterns, pattern, design patterns, ai, design pattern, software. Representative papers include Industrial experience with design patterns; Understanding and using patterns in software development; A pattern approach to interaction design.",0.12831705808639526,34,False,3.7481167,-1.9623748
e8a17b6120e4,Design knowledge,Designing as reflective conversation with the materials of a design situation,"Schon, D.A. (1)",,Knowledge-Based Systems,10.1016/0950-7051(92)90020-G,,0,Theory · Research · Design Knowledge,"theory, research, design knowledge, methods, principles, design theory","This exploratory cluster contains 227 papers. Frequent terms include theory, research, design knowledge, methods, principles, design theory. Representative papers include Towards a Method for Design Principle Development in Information Systems; Conceptual foundations of design problem solving; The anatomy of a design theory.",0.08774060010910034,8,False,-0.8306564,-3.0089705
e8f4a7417bf7,Design knowledge,Toward a Method for Design Science Research Meta-Studies to Improve the Reusability of Design Principles,"Khosrawi-Rad, B. (1); Grogorick, L. (1); Strohmann, T. (1); Robra-Bissantz, S. (1)",,"Design Science Research for a Resilient Future: 19th International Conference on Design Science Research in Information Systems and Technology, DESRIST 2024, Proceedings. Lecture Notes in Computer Science (14621)",10.1007/978-3-031-61175-9_13,,0,Theory · Research · Design Knowledge,"theory, research, design knowledge, methods, principles, design theory","This exploratory cluster contains 227 papers. Frequent terms include theory, research, design knowledge, methods, principles, design theory. Representative papers include Towards a Method for Design Principle Development in Information Systems; Conceptual foundations of design problem solving; The anatomy of a design theory.",0.10986369848251343,50,False,-0.13921869,-4.359907
e958310acab5,Design knowledge,"Prescriptive knowledge in IS research: Conceptualizing design principles in terms of materiality, action, and boundary conditions","Chandra, Leona (1); Seidel, Stefan (1); Gregor, Shirley (2)",2015,Proceedings of the Annual Hawaii International Conference on System Sciences,10.1109/HICSS.2015.485,,0,Theory · Research · Design Knowledge,"theory, research, design knowledge, methods, principles, design theory","This exploratory cluster contains 227 papers. Frequent terms include theory, research, design knowledge, methods, principles, design theory. Representative papers include Towards a Method for Design Principle Development in Information Systems; Conceptual foundations of design problem solving; The anatomy of a design theory.",0.1306859850883484,97,False,0.5265372,-3.9179032
e9826a1c57b0,Design Patterns,In Search of Living Law: How Should We Design for (Digital) Legal Interaction?,Riikka Koulu,2024,Digital Society,,https://www.semanticscholar.org/paper/1011c572d0207c2203619839525ce10850c028e4,1,Patterns · Pattern · Design Patterns,"patterns, pattern, design patterns, ai, design pattern, software","This exploratory cluster contains 55 papers. Frequent terms include patterns, pattern, design patterns, ai, design pattern, software. Representative papers include Industrial experience with design patterns; Understanding and using patterns in software development; A pattern approach to interaction design.",0.12137049436569214,30,False,2.7826052,-0.86457795
ec380d04cf61,Design theory,GENERAL DESIGN THEORY.,"Yoshikawa, Hiroyuki (1); Tomiyama, Tetsuo (1); Kumazawa, Masami (1)",1985,"Journal of the Faculty of Engineering, the University of Tokyo, Series A",,,0,Theory · Research · Design Knowledge,"theory, research, design knowledge, methods, principles, design theory","This exploratory cluster contains 227 papers. Frequent terms include theory, research, design knowledge, methods, principles, design theory. Representative papers include Towards a Method for Design Principle Development in Information Systems; Conceptual foundations of design problem solving; The anatomy of a design theory.",0.15009260177612305,144,False,0.3562734,-5.8293533
edde6dc75b19,Design rationale,The language of design: Theory and computation,"Dong, Andy (1)",2009,The Language of Design: Theory and Computation,10.1007/978-1-84882-021-0,,0,Theory · Research · Design Knowledge,"theory, research, design knowledge, methods, principles, design theory","This exploratory cluster contains 227 papers. Frequent terms include theory, research, design knowledge, methods, principles, design theory. Representative papers include Towards a Method for Design Principle Development in Information Systems; Conceptual foundations of design problem solving; The anatomy of a design theory.",0.08202517032623291,6,False,-0.57286245,-3.5958266
ee0a5b26f6dc,Design Guidelines,Formalizing Visualization Design Knowledge as Constraints: Actionable and Extensible Models in Draco,Dominik Moritz; Chenglong Wang; Greg L. Nelson; Halden Lin; Adam M. Smith; Bill Howe; Jeffrey Heer,2018,IEEE Transactions on Visualization and Computer Graphics,,https://www.semanticscholar.org/paper/8db0faf2764f8b578c5d702989d437ff8bea9f14,0,Theory · Research · Design Knowledge,"theory, research, design knowledge, methods, principles, design theory","This exploratory cluster contains 227 papers. Frequent terms include theory, research, design knowledge, methods, principles, design theory. Representative papers include Towards a Method for Design Principle Development in Information Systems; Conceptual foundations of design problem solving; The anatomy of a design theory.",0.179779052734375,187,False,2.382756,-4.4026628
ef3a9300a2f3,Design knowledge,Developing a competency taxonomy for teacher design knowledge in technology-enhanced learning environments: a literature review,Mi Song Kim,2019,Research and Practice in Technology Enhanced Learning,,https://www.semanticscholar.org/paper/b2c846608aefa5aa21c43b4819c02c7bcc295e5c,0,Theory · Research · Design Knowledge,"theory, research, design knowledge, methods, principles, design theory","This exploratory cluster contains 227 papers. Frequent terms include theory, research, design knowledge, methods, principles, design theory. Representative papers include Towards a Method for Design Principle Development in Information Systems; Conceptual foundations of design problem solving; The anatomy of a design theory.",0.14247828722000122,128,False,-0.28913608,-1.6161745
f02904f836be,Design methods,Universal Participatory Design: Achievements and Challenges,R. Bonacin; J√∫lio Cesar dos Reis; M. Baranauskas,2019,,,https://www.semanticscholar.org/paper/06bb9a92fbf53b9d7a93c86acc244c380656fc1f,0,Theory · Research · Design Knowledge,"theory, research, design knowledge, methods, principles, design theory","This exploratory cluster contains 227 papers. Frequent terms include theory, research, design knowledge, methods, principles, design theory. Representative papers include Towards a Method for Design Principle Development in Information Systems; Conceptual foundations of design problem solving; The anatomy of a design theory.",0.1470121145248413,139,False,0.19759499,-2.5066497
f0b2517a04a4,Design Guidelines,Don't Do That! Hunting Down Visual Design Smells in Complex UIs against Design Guidelines,"Yang, Bo and Xing, Zhenchang and Xia, Xin and Chen, Chunyang and Ye, Deheng and Li, Shanping",2021,Proceedings of the 43rd International Conference on Software Engineering,10.1109/icse43902.2021.00075,https://doi.org/10.1109/ICSE43902.2021.00075,0,Theory · Research · Design Knowledge,"theory, research, design knowledge, methods, principles, design theory","This exploratory cluster contains 227 papers. Frequent terms include theory, research, design knowledge, methods, principles, design theory. Representative papers include Towards a Method for Design Principle Development in Information Systems; Conceptual foundations of design problem solving; The anatomy of a design theory.",0.22710800170898438,218,False,1.4712605,-2.4432313
f16832406221,Design methods,A Framework for Systemic Design,A. Ryan,2014,,,https://www.semanticscholar.org/paper/e7cf73c02d6b1359d48322826cd202eb83161e7a,0,Theory · Research · Design Knowledge,"theory, research, design knowledge, methods, principles, design theory","This exploratory cluster contains 227 papers. Frequent terms include theory, research, design knowledge, methods, principles, design theory. Representative papers include Towards a Method for Design Principle Development in Information Systems; Conceptual foundations of design problem solving; The anatomy of a design theory.",0.09029918909072876,14,False,0.92239875,-3.3665671
f1a4dde3d156,Design Patterns,Catalogue of general-purpose software design patterns,"Tichy, Walter F. (1)",1997,"Proceedings of the Conference on Technology of Object-Oriented Languages and Systems, TOOLS",,,1,Patterns · Pattern · Design Patterns,"patterns, pattern, design patterns, ai, design pattern, software","This exploratory cluster contains 55 papers. Frequent terms include patterns, pattern, design patterns, ai, design pattern, software. Representative papers include Industrial experience with design patterns; Understanding and using patterns in software development; A pattern approach to interaction design.",0.0805203914642334,7,False,3.5376477,-1.5637891
f47226c43979,Design methods,The Human-Centredness Metric: Early Assessment of the Quality of Human-Centred Design Activities,O. Sankowski; Dieter Krause,2023,Applied Sciences,,https://www.semanticscholar.org/paper/e5f6abe0431dd1e20d6c555a3cdf31e1a8d632e9,0,Theory · Research · Design Knowledge,"theory, research, design knowledge, methods, principles, design theory","This exploratory cluster contains 227 papers. Frequent terms include theory, research, design knowledge, methods, principles, design theory. Representative papers include Towards a Method for Design Principle Development in Information Systems; Conceptual foundations of design problem solving; The anatomy of a design theory.",0.1416085958480835,121,False,0.24957341,-2.9479208
f50a79b2d7e1,Design knowledge,Towards scaling expertise with generative AI: design principles for governing AI-Mediated knowledge capture and transfer,"O‚ÄôSullivan, Philip (1); Sepp√§l√§, Selja (1); Feller, Joseph (1)",2026,Journal of Decision Systems,10.1080/12460125.2026.2669855,,1,Patterns · Pattern · Design Patterns,"patterns, pattern, design patterns, ai, design pattern, software","This exploratory cluster contains 55 papers. Frequent terms include patterns, pattern, design patterns, ai, design pattern, software. Representative papers include Industrial experience with design patterns; Understanding and using patterns in software development; A pattern approach to interaction design.",0.17503637075424194,48,False,2.056092,-1.6383328
f56243f52335,Design theory,"Theory construction in design research Criteria: Approaches, and methods","Friedman, Ken (1)",2003,Design Studies,10.1016/S0142-694X(03)00039-5,,0,Theory · Research · Design Knowledge,"theory, research, design knowledge, methods, principles, design theory","This exploratory cluster contains 227 papers. Frequent terms include theory, research, design knowledge, methods, principles, design theory. Representative papers include Towards a Method for Design Principle Development in Information Systems; Conceptual foundations of design problem solving; The anatomy of a design theory.",0.11103218793869019,56,False,0.14104693,-5.59484
f6ba28a6efeb,Design knowledge,ON the HIERARCHICAL LEVELS of DESIGN KNOWLEDGE,"Kolariƒá, S. (1); Beck, J. (2); Stolterman, E. (3)",2020,Proceedings of the Design Society: DESIGN Conference,10.1017/dsd.2020.330,,0,Theory · Research · Design Knowledge,"theory, research, design knowledge, methods, principles, design theory","This exploratory cluster contains 227 papers. Frequent terms include theory, research, design knowledge, methods, principles, design theory. Representative papers include Towards a Method for Design Principle Development in Information Systems; Conceptual foundations of design problem solving; The anatomy of a design theory.",0.12823128700256348,92,False,-1.302727,-4.8138185
f941f0424e1a,Design Rules,"Design Rules, Volume 2: Chapter 6—The Value Structure of Technologies, Part 1: Mapping Functional Components",Carliss Y. Baldwin,2020,Social Science Research Network,,https://www.semanticscholar.org/paper/abcbcc31184f047ab91479bf2dc56bd1a2def833,0,Theory · Research · Design Knowledge,"theory, research, design knowledge, methods, principles, design theory","This exploratory cluster contains 227 papers. Frequent terms include theory, research, design knowledge, methods, principles, design theory. Representative papers include Towards a Method for Design Principle Development in Information Systems; Conceptual foundations of design problem solving; The anatomy of a design theory.",0.10909831523895264,48,False,1.7251625,-3.8704345
fc4c2b9d38d7,Design knowledge,A framework for supporting architecture knowledge and rationale management,"Babar, Muhammad Ali (1); Gorton, Ian (1); Kitchenham, Barbara (1)",2006,Rationale Management in Software Engineering,10.1007/978-3-540-30998-7_11,,0,Theory · Research · Design Knowledge,"theory, research, design knowledge, methods, principles, design theory","This exploratory cluster contains 227 papers. Frequent terms include theory, research, design knowledge, methods, principles, design theory. Representative papers include Towards a Method for Design Principle Development in Information Systems; Conceptual foundations of design problem solving; The anatomy of a design theory.",0.12867015600204468,93,False,2.987406,-3.6926446
fd05a25a5e94,Design theory,Four Criteria for Design Theories,P. Hodges; Stan Ruecker; C. Scaletsky; Jaime Rivera; R. Faller; A. Geppert,2017,,,https://www.semanticscholar.org/paper/4c0eb75439b4fdadc1743f7ff41d8e9adb2c7eb8,0,Theory · Research · Design Knowledge,"theory, research, design knowledge, methods, principles, design theory","This exploratory cluster contains 227 papers. Frequent terms include theory, research, design knowledge, methods, principles, design theory. Representative papers include Towards a Method for Design Principle Development in Information Systems; Conceptual foundations of design problem solving; The anatomy of a design theory.",0.09243732690811157,16,False,0.15622783,-5.408558
fd2392ff2aff,Design knowledge,Surveying a Landscape of Ethics-Focused Design Methods,"Chivukula, Shruthi Sai (1); Li, Ziqing (2); Pivonka, Anne C. (2); Chen, Jingning (2); Gray, Colin M. (2)",2021,arXiv,10.48550/arXiv.2102.08909,,0,Theory · Research · Design Knowledge,"theory, research, design knowledge, methods, principles, design theory","This exploratory cluster contains 227 papers. Frequent terms include theory, research, design knowledge, methods, principles, design theory. Representative papers include Towards a Method for Design Principle Development in Information Systems; Conceptual foundations of design problem solving; The anatomy of a design theory.",0.10744673013687134,44,False,0.22049877,-3.288303
fda0636dbea5,Design knowledge,Design Research: Aesthetic Epistemology and Explanatory Knowledge,P. Murphy,2017,,,https://www.semanticscholar.org/paper/b8368428524409fb5ce01bc510bb3e1c79eff1b9,0,Theory · Research · Design Knowledge,"theory, research, design knowledge, methods, principles, design theory","This exploratory cluster contains 227 papers. Frequent terms include theory, research, design knowledge, methods, principles, design theory. Representative papers include Towards a Method for Design Principle Development in Information Systems; Conceptual foundations of design problem solving; The anatomy of a design theory.",0.09928345680236816,27,False,-0.49554065,-4.183143
fee96194a322,Design principles,Personalising learning: towards a coherent learning design framework,"Zalavra, E. (1); Papanikolaou, K. (2); Dimitriadis, Y. (3); Sgouropoulou, C. (1)",,2022 International Conference on Advanced Learning Technologies (ICALT),10.1109/ICALT55010.2022.00030,,0,Theory · Research · Design Knowledge,"theory, research, design knowledge, methods, principles, design theory","This exploratory cluster contains 227 papers. Frequent terms include theory, research, design knowledge, methods, principles, design theory. Representative papers include Towards a Method for Design Principle Development in Information Systems; Conceptual foundations of design problem solving; The anatomy of a design theory.",0.16332828998565674,164,False,0.13355853,-1.7776316
fffe50e033fa,Design knowledge,Activity as the ultimate particular of interaction design,"Waern, Annika (1); Back, Jon (1)",2017,Conference on Human Factors in Computing Systems - Proceedings,10.1145/3025453.3025990,,0,Theory · Research · Design Knowledge,"theory, research, design knowledge, methods, principles, design theory","This exploratory cluster contains 227 papers. Frequent terms include theory, research, design knowledge, methods, principles, design theory. Representative papers include Towards a Method for Design Principle Development in Information Systems; Conceptual foundations of design problem solving; The anatomy of a design theory.",0.14215350151062012,125,False,-1.0582577,-3.1127589
