k,average_silhouette,min_cluster_size,max_cluster_size,cluster_sizes,negative_silhouette_count
2,0.08044238179931892,6,11,0:11; 1:6,1
3,0.19674126225504082,2,13,0:13; 1:2; 2:2,4
4,0.2003631125307479,2,8,0:5; 1:2; 2:8; 3:2,4
5,0.22105246032361395,2,5,0:5; 1:2; 2:5; 3:2; 4:3,2
6,0.23606320450224558,2,4,0:2; 1:2; 2:4; 3:3; 4:2; 5:4,3
7,0.25937518640479756,2,4,0:2; 1:4; 2:2; 3:2; 4:2; 5:2; 6:3,0
8,0.2582426783409201,1,4,0:1; 1:4; 2:2; 3:2; 4:2; 5:2; 6:2; 7:2,0
