k,average_silhouette,min_cluster_size,max_cluster_size,cluster_sizes,negative_silhouette_count
2,0.08297576202162141,6,11,0:11; 1:6,1
3,0.19823174967040014,2,13,0:13; 1:2; 2:2,5
4,0.20075077012407325,2,8,0:5; 1:2; 2:8; 3:2,4
5,0.2200043616729361,2,5,0:2; 1:5; 2:3; 3:4; 4:3,1
6,0.2384255721718945,2,4,0:3; 1:2; 2:4; 3:4; 4:2; 5:2,3
7,0.2620973569614023,2,4,0:2; 1:4; 2:2; 3:2; 4:2; 5:2; 6:3,0
8,0.25976352347237314,1,4,0:1; 1:2; 2:4; 3:2; 4:2; 5:2; 6:2; 7:2,0
