k,average_silhouette,min_cluster_size,max_cluster_size,cluster_sizes,negative_silhouette_count
2,0.11224950955988486,3,14,0:3; 1:14,1
3,0.16130742674617482,2,12,0:12; 1:2; 2:3,3
4,0.19155567133516443,2,7,0:6; 1:7; 2:2; 3:2,5
5,0.21878490714304288,2,5,0:5; 1:2; 2:5; 3:2; 4:3,2
6,0.23406779285658524,2,4,0:2; 1:2; 2:4; 3:3; 4:2; 5:4,4
7,0.25696943318416016,2,4,0:2; 1:2; 2:3; 3:2; 4:4; 5:2; 6:2,2
8,0.2538320012322592,1,4,0:2; 1:2; 2:2; 3:2; 4:4; 5:1; 6:2; 7:2,1
