k,average_silhouette,min_cluster_size,max_cluster_size,cluster_sizes,negative_silhouette_count
2,0.1118776233751092,3,14,0:3; 1:14,1
3,0.1616443997634383,2,12,0:12; 1:2; 2:3,3
4,0.1921255408533673,2,7,0:6; 1:7; 2:2; 3:2,5
5,0.21909672796395893,2,5,0:2; 1:5; 2:5; 3:3; 4:2,2
6,0.23469908045854218,2,4,0:2; 1:2; 2:4; 3:3; 4:2; 5:4,4
7,0.25769224937686863,2,4,0:2; 1:2; 2:3; 3:2; 4:4; 5:2; 6:2,2
8,0.25456520838410035,1,4,0:2; 1:2; 2:2; 3:2; 4:4; 5:1; 6:2; 7:2,1
