k,average_silhouette,min_cluster_size,max_cluster_size,cluster_sizes,negative_silhouette_count
2,0.15509016998088154,2,18,0:2; 1:18,1
3,0.21642607712251358,2,15,0:3; 1:15; 2:2,0
4,0.23522288281676856,2,10,0:5; 1:10; 2:2; 3:3,0
