k,average_silhouette,min_cluster_size,max_cluster_size,cluster_sizes,negative_silhouette_count
2,0.15509016998088154,2,18,0:2; 1:18,1
3,0.21642607712251358,2,15,0:3; 1:15; 2:2,0
4,0.23522288281676856,2,10,0:5; 1:10; 2:2; 3:3,0
5,0.2962083485701284,2,8,0:5; 1:8; 2:2; 3:2; 4:3,4
6,0.3140291652661199,2,6,0:2; 1:5; 2:3; 3:6; 4:2; 5:2,3
7,0.32049346755401864,2,4,0:4; 1:3; 2:3; 3:2; 4:3; 5:2; 6:3,2
8,0.3275894235502941,1,3,0:2; 1:3; 2:3; 3:3; 4:2; 5:3; 6:3; 7:1,0
