k,average_silhouette,min_cluster_size,max_cluster_size,cluster_sizes,negative_silhouette_count
2,0.03270175589900082,23,52,0:23; 1:52,9
3,0.03123822922722208,17,39,0:17; 1:39; 2:19,23
4,0.02924439162486738,7,31,0:28; 1:31; 2:9; 3:7,31
5,0.035609134130813944,8,22,0:16; 1:8; 2:22; 3:18; 4:11,29
6,0.03960506086328079,7,17,0:14; 1:7; 2:17; 3:13; 4:8; 5:16,29
7,0.04519180695395174,4,17,0:17; 1:13; 2:12; 3:14; 4:10; 5:4; 6:5,28
8,0.058679123756448445,6,17,0:10; 1:9; 2:6; 3:17; 4:7; 5:11; 6:6; 7:9,29
