k,average_silhouette,min_cluster_size,max_cluster_size,cluster_sizes,negative_silhouette_count
2,0.03156071369741671,26,49,0:26; 1:49,11
3,0.034876749272702054,12,41,0:22; 1:12; 2:41,19
4,0.03579476020106077,9,28,0:15; 1:23; 2:28; 3:9,28
5,0.04372315661281923,8,20,0:19; 1:11; 2:17; 3:8; 4:20,23
6,0.03757298984225216,4,24,0:4; 1:8; 2:24; 3:17; 4:13; 5:9,34
7,0.05210213768600922,4,21,0:12; 1:11; 2:7; 3:11; 4:4; 5:9; 6:21,28
8,0.0458782679063321,6,18,0:8; 1:9; 2:6; 3:18; 4:7; 5:10; 6:6; 7:11,33
