paper_id,keyword,title,abstract,budget,selected_count,passage_ids,subdocument,canonical_text_path,authors,year,venue,doi,url,cluster_id,cluster,cluster_theme_terms,cluster_label_candidate,distinguishing_evidence_terms,design_knowledge_form,contribution_type,contribution_type_support,contribution_type_definition,primary_application_domain,application_domain_support,application_domain_definitions,facet_population_or_context,facet_stakeholder_or_population,facet_method_or_lens,facet_artifact_or_domain,facet_contribution_or_outcome,theory_move_key,theory_move,theory_move_support,theory_move_patterns,lda_topic,lda_topic_probability,lda_topic_words,hdbscan_peripheral,discussion_found,discussion_paragraph_count,discussion_summary,discussion_excerpt,keyword_conditioned_context,umap_x,umap_y,distance_to_centroid,representative_rank,medoid_rank,is_representative_top3,nearest_papers,cluster_summary_candidate
00d7fbafe65f,Design Guidelines,"Demystifying Tacit Knowledge in Graphic Design: Characteristics, Instances, Approaches, and Guidelines","Despite the growing demand for professional graphic design knowledge, the tacit nature of design inhibits knowledge sharing. However, there is a limited understanding on the characteristics and instances of tacit knowledge in graphic design. In this work, we build a comprehensive set of tacit knowledge characteristics through a literature review. Through interviews with 10 professional graphic designers, we collected 123 tacit knowledge instances and labeled their characteristics. By qualitatively coding the instances, we identified the prominent elements, actions, and purposes of tacit knowledge. To identify which instances have been addressed the least, we conducted a systematic literature review of prior system support to graphic design. By understanding the reasons for the lack of support on these instances based on their characteristics, we propose design guidelines for capturing and applying tacit knowledge in design tools. This work takes a step towards understanding tacit knowledge, and how this knowledge can be communicated.",12,12,00d7fbafe65f_p0001;00d7fbafe65f_p0003;00d7fbafe65f_p0008;00d7fbafe65f_p0009;00d7fbafe65f_p0015;00d7fbafe65f_p0017;00d7fbafe65f_p0056;00d7fbafe65f_p0057;00d7fbafe65f_p0059;00d7fbafe65f_p0064;00d7fbafe65f_p0069;00d7fbafe65f_p0072,"Demystifying Tacit Knowledge in Graphic Design: Characteristics, Instances, Approaches, and Guidelines Kihoon Son DaEun Choi kihoon.son@kaist.ac.kr daeun.choi@kaist.ac.kr School of Computing, KAIST School of Computing, KAIST Daejeon, Republic of Korea Daejeon, Republic of Korea Tae Soo Kim Juho Kim taesoo.kim@kaist.ac.kr juhokim@kaist.ac.kr School of Computing, KAIST School of Computing, KAIST Daejeon, Republic of Korea Daejeon, Republic of Korea

Tacit Knowledge; Design Guideline; Graphic Design; Knowledge Capturing; Knowledge Sharing Kihoon Son, DaEun Choi, Tae Soo Kim, and Juho Kim. 2024. Demystifying Tacit Knowledge in Graphic Design: Characteristics, Instances, Approaches, Computing Systems (CHI ’24), May 11–16, 2024, Honolulu, HI, USA. ACM, New York, NY, USA, 18 pages. https://doi.org/10.1145/3613904.3642886 Attribution-NonCommercial-ShareAlike International 4.0 License. CHI ’24, May 11–16, 2024, Honolulu, HI, USA © A https://doi.org/10.1145/3613904.3642886

Our fndings revealed that tacit knowledge in graphic design is most commonly applied to elements within designs through actions related to cognition and manipulation, with the purposes of producing visually appealing designs that consider the audience. Overall, tacit knowledge is highly dependent on personal intuition and expertise, but our fndings also showed that it is characterized as shareable with others through non-verbal channels in the design process. Still, existing approaches to support graphic design cannot adequately support tacit knowledge conducted by the designer’s actions related to sensing and defning, or the knowledge is used for targeting audiences and visuals. Following our investigation, we propose that tacit knowledge of graphic design can be efectively passed on to others. To facilitate this, we propose two types of design guidelines: 1) guidelines to capture tacit knowledge from designers who possess it and 2) guidelines to support designers who lack this knowledge in applying tacit knowledge in graphic design tools.

The capture guidelines describe what type of designer’s actions and information the tool should track within and outside a design tool. These guidelines also suggest how the knowledge can be captured by supporting tools that enable designers to annotate their rationale behind specifc design actions and patterns. The application guidelines consist of suggestions related to the design of interactions in tools that support designers in learning-by-doing by leveraging captured tacit knowledge. Further, we discuss the designers’ personal viewpoints in understanding and interpreting the overall tacit knowledge and design creativity. We also discuss the generalizability of our investigation methods to other domains such as coding, writing, or research. Our contribution is three-fold: • We analyzed tacit knowledge instances in graphic design according to their element, action, and purpose, deeply understanding how this knowledge exists with its characteristics. • We identifed types of tacit knowledge inadequately addressed by existing graphic design support approaches and explained the reasons based on their characteristics. • We demonstrated that tacit knowledge of graphic design could be shared beyond verbal channels and proposed design guidelines for design tools capable of capturing and applying this knowledge.

Our study aims to investigate tacit knowledge in graphic design deeply by identifying the characteristics and instances of tacit knowledge, as well as by reviewing prior approaches for supporting the usage of design knowledge. The ultimate goal is to propose design guidelines for systems that support the capture and application of tacit knowledge. Based on these research goals, we defned three research questions: • RQ1. What types of tacit knowledge instances exist in graphic design, and what are the diferences between these types regarding their characteristics? • RQ2: How do prior approaches in graphic design support the usage of tacit knowledge instances, and what parts lack support? • RQ3. How should tools that support the sharing, communicating, and using tacit knowledge be designed?

Our research consisted of fve main steps, which are illustrated in used in prior literature to describe tacit knowledge and created an integrative set of these characteristics (Figure 1-a). Subsequently, we conducted an interview study with graphic design experts, where we asked them to recollect instances of tacit knowledge and to annotate the characteristics of these instances (Figure 1-b). To analyze the collected data in-depth, we also extracted the elements, actions, and purposes from each instance and conducted qualitative coding (Figure 1-c). As a result, we analyzed the characteristics, elements, actions, and purposes associated with the instances. Next, we conducted a systematic literature review to understand why prior approaches may or may not support certain instances due to their specifc characteristics (Figure 1-d). Through this series of research processes, we ultimately propose design guidelines for supporting the capture and application of tacit knowledge in the graphic design process (Figure 1-e).

In this section, we propose two sets of design guidelines: 1) to capture tacit knowledge from experienced designers, and 2) to support those that lack the knowledge in applying it in their own design processes. Specifcally, we aim to provide guidelines aligned with contemporary graphic design practices, predominantly conducted on web and app-based design tools or systems. The main fndings from our work can be summarized as three-fold: • Graphic designers primarily use tacit knowledge by doing manipulation- and cognition-related actions on inner design elements with the purposes of creating visually pleasing artifacts and satisfying the potential audience (Table 4) • Graphic design tacit knowledge is acquired through experience and practice (learning-by-doing) and is infuenced by personal traits, intuition, and context (Table 4-c and d). However, it can be adequately reasoned about, communicated, and expressed through non-verbal channels like design actions (Table 4-b). • Prior approaches have shown low coverage for the elements (contents/inner-design elements), actions (cognition/manipulation), and purposes (visual/audience) of tacit knowledge (Table 5) because this knowledge is more associated with personal intuition and is more specifc to the context.

Based on these fndings, we aim to answer the following research questions: • RQ3. What are the design guidelines for graphic design tools to share, communicate, and use tacit knowledge? – RQ3-1. What are the design guidelines for capturing the tacit knowledge from the designer who possesses the tacit knowledge? – RQ3-2. What are the design guidelines for supporting designers without tacit knowledge to apply others’ tacit knowledge in their design process?

Furthermore, we found that tacit knowledge can be sufciently explained through various elements (e.g., fne-grained design editing action, references, prototypes, or design process) beyond only verbal channels (Figure 2-b). Based on these fndings, we propose the following system design guidelines for capturing tacit knowledge from professional designers who possess it. DG1: Action and Element Tracking • Capture: Continuously record the designer’s low-level actions (e.g., adding/modifying elements, adjusting properties, undo/redo) and corresponding design elements (e.g., shapes, images, text) within and beyond the design tool. This includes actions related to importing/adjusting external resources. • Data Integration: Seamlessly integrate tracking across the design tool and external activities to create a unifed action and element sequence.

Our work probes the characteristics, instances, and prior approaches of tacit knowledge in graphic design to propose design guidelines for capturing and applying tacit knowledge. In this section, we discuss the implications of our fndings, limitations, and future work.

Writing, and Research In this work, we explore and investigate tacit knowledge in graphic design. Our research method can be applied to other domains, such as coding, writing, and research, but tacit knowledge will likely exist in diferent forms depending on the feld. In each domain, future work can identify specifc tacit knowledge instances and characteristics frst. Further, future researchers can follow our methodology of mapping instances to existing approaches to explore what sort of knowledge is covered by prior work and to reveal under-explored tacit knowledge. For example, in the research domain, there might be tacit knowledge about how to search for references, the order in which to read a paper, and scientifc writing skills on how to compose paragraphs during writing. By frst revealing what instances of tacit knowledge exist in the research process, future work could follow our research process to then defne guidelines for capturing and applying the identifed tacit knowledge, and, fnally, design systems that employ these guidelines to help early-stage researchers acquire these pieces of tacit knowledge.

This work investigates the tacit knowledge in graphic design by identifying the instances, characteristics, and prior approaches. Through the interview and annotation study with professional graphic designers, this study proposes specifc elements, actions, and purposes of tacit knowledge instances in graphic design with their characteristics. Also, systematic literature review and annotation process reveal the less covered elements, actions, and purposes of tacit knowledge by prior approaches that support the graphic design process. Finally, this study proposes design guidelines to capture and support the application of tacit knowledge, considering the characteristics of the instances in graphic design. Our work contributes to the future where tacit knowledge could be actively shared by demystifying tacit knowledge in graphic design.",outputs/batch1/canonical_text_284/00d7fbafe65f.txt,"Son, Kihoon and Choi, DaEun and Kim, Tae Soo and Kim, Juho",2024,Proceedings of the 2024 CHI Conference on Human Factors in Computing Systems,10.1145/3613904.3642886,https://doi.org/10.1145/3613904.3642886,DG-C01,0,user interface | tacit | visualization | component | instances | constraints | characteristics | support | violation | tools | designers | uis-hunter | actions | material | smell,Design Guidelines — Tacit knowledge and Graphic design [DG-C01],"Tacit knowledge, Graphic design",Design Guidelines — Tacit knowledge and Graphic design,Provisional interpretation,Assignment frozen; interpretation requires confirmation by at least two reviewers,Contrastive phrase label with source-grounded extractive summary.,Not assigned by Path 1,Not evaluated in this statistical interpretation,Not applicable,Predefined keyword group,Not assigned,BGE-M3 embedding + Spectral clustering,Not assigned,Source-grounded cluster interpretation,not_applicable,,,,-1,0.0,user interface | tacit | visualization | component | instances | constraints | characteristics | support | violation | tools | designers | uis-hunter | actions | material | smell,False,False,0,,,"Despite the growing demand for professional graphic design knowledge, the tacit nature of design inhibits knowledge sharing. However, there is a limited understanding on the characteristics and instances of tacit knowledge in graphic design. In this work, we build a comprehensive set of tacit knowledge characteristics through a literature review. Through interviews with 10 professional graphic designers, we collected 123 tacit knowledge instances and labeled their characteristics. By qualitatively coding the instances, we identified the prominent elements, actions, and purposes of tacit knowledge. To identify which instances have been addressed the least, we conducted a systematic literature review of prior system support to graphic design. By understanding the reasons for the lack of support on these instances based on their characteristics, we propose design guidelines for capturing and applying tacit knowledge in design tools. This work takes a step towards understanding tacit knowledge, and how this knowledge can be communicated.",15.820502,5.7430625,0.0889439582824707,1,1,True,"[{'paper_id': 'b14f85b19a87', 'title': 'Design Study Methodology: Reflections from the Trenches and the Stacks', 'cluster': 3, 'distance': 0.21569019556045532}, {'paper_id': '75f43821c56f', 'title': 'Towards a Model of Information Aesthetics in Information Visualization', 'cluster': 2, 'distance': 0.23878008127212524}, {'paper_id': 'ee0a5b26f6dc', 'title': 'Formalizing Visualization Design Knowledge as Constraints: Actionable and Extensible Models in Draco', 'cluster': 0, 'distance': 0.24399489164352417}, {'paper_id': '615169de6f0e', 'title': 'From interaction to trajectories: designing coherent journeys through user experiences', 'cluster': 2, 'distance': 0.2658849358558655}, {'paper_id': 'b357bc5a3d3b', 'title': 'Towards Canonical Task Types for User Interface Design', 'cluster': 3, 'distance': 0.2693732976913452}]","By understanding the reasons for the lack of support on these instances based on their characteristics, we propose design guidelines for capturing and applying tacit knowledge in design tools. [E1] We propose modeling visualization design knowledge as a collection of constraints, in conjunction with a method to learn weights for soft constraints from experimental data. [E2]"
0176348439b8,Design Guidelines,A Comparative Study of Chinese and American Rural Design Guidelines,"Rural design guidelines is one of the statutory instruments identifying and interpreting directions for rural development on the basis of the actual needs of rural development, securing and normalizing procedures of rural design, construction, and management, guiding and controlling environment and landscape features of the rural space. Guidance and control mechanisms have been respectively established in China and the U.S for rural development, for which rural design guidelines are critical evaluation references, guidance standards, and instruction documentations. This paper outputs a definition for rural design guidelines, and thoroughly analyzes 37 pieces of rural design guidelines from 15 states of the U.S and 44 pieces of guidelines from 15 Chinese provinces collected and sorted out by the authors. It intends to disclose the features and differences of Chinese and American rural design guidelines via the induction of guidance and control factors and the classified comparison of the guidelines, and to compare the guideline-making procedures and application mechanisms between the Chinese and American rural design guidelines under the different circumstances of rural development, in order to offer effective references for rural development practices and studies in different countries.",12,12,0176348439b8_p0004;0176348439b8_p0006;0176348439b8_p0007;0176348439b8_p0010;0176348439b8_p0014;0176348439b8_p0016;0176348439b8_p0022;0176348439b8_p0023;0176348439b8_p0025;0176348439b8_p0028;0176348439b8_p0030;0176348439b8_p0031,"development, the U.S also faced a series of difficulties in rural development caused by regional growing [5] (see Fig.2). After a long time of practice, a guidance and control system for rural development has been established in the U.S on the basis and guidance of regional and rural planning [6], taking rural design guidelines as standards and references, and operated via a complete design review system, which has become a valuable object for research and study.

This study presents an overview and comparison between the current rural design guidelines from China and the U.S. 37 pieces of rural design guidelines from 15 states of the U.S, which issued from 1991 to 2014, were obtained via browsing large quantities of American local government websites. In addition, 44 pieces of rural design guidelines issued by 15 Chinese provinces have been collected from the official website of the Ministry of Housing and Urban-Rural Development of China as well as from the websites of the competent urban-rural development authorities at provincial and city levels. All of these facilitate basic information for the study. This study interprets purposes, contents, and ways of application illustrated in the above-mentioned rural design guidelines. Definitions and functions are given to the rural design guidelines in Section 3; classifications of the Chinese and American rural design guidelines are set in Section 4 by interpreting the features and differences of various types of guidelines; in Section 5, it summarizes and compares the making procedures and implementation methods between the Chinese and American rural design guidelines; Section 6 concludes the study.

The Chinese terminology in governmental norms or academic studies such as “Design Guides ”, “Technical Guidelines”, and “Design Guidance ” are equivalent to the “Design Guidelines ” of the U.S, the “Design Guidance” of the UK, and the “Design Guides ” of Ireland and New Zealand. However, various expressions all point to the same direction, indicating that the design guidelines should be further explanations to the planning of upper policies so as to efficiently push for the specific project implementation.

A. Types of American Rural Design Guidelines In general, the rural design guidelines of U.S can be classified into 4 types: master rural design guidelines, rural design guidelines for specific areas, rural design guidelines for protection of historical and cultural buildings and regions, and rural design guidelines for specific

Comprehensiveness and A high comprehensiveness, a low A high comprehensiveness, a high A low comprehensiveness, a high pertinence A low comprehensiveness, a high pertinence Percentage 48.7% 24.3% 16.2% 10.8% Example Rural design Saratoga village design guidelines [7] Design guidelines for the village's commercial districts [8] Architectural design guidelines of the village of Ossining [9] Village of Channahon commercial design guidelines [10] Guidance area Saratoga, California The Village of East Hampton, New York The Village of Ossining, New York The Village of Channahon, Illinois Time January 1991 February 2004 May 2011 March 2006 Key point They are earlier guidelines that can be found today, and they give full consideration to various factors of rural development, and propose systematic guidance and advices. They propose the requirements and suggestions for projects involved commercial buildings and regions, and pay attention to the creation of a pleasant regional environments.

Classification method Types Introduction Examples of rural design guidelines Title Characters per major purposes of application implementation effects These guidelines guide planning and designs of rural developments and make clear the design principles and implementation effects of the built environment in rural areas. Some concept images, schematic diagrams, and data tables are used to help readers understand the guidelines. Tianjin Municipality rural architecture design guidelines (trial implementation) [11] Based on the analysis of the current situation and characteristics of rural buildings in Tianjin, the guidelines guide the designs of rural residential buildings and public buildings respectively. It includes requirements for layouts, features, colors, materials and other factors, and suggestions and methods for the implementations. technical rules These guidelines provide professional and scientific guidance on key technical points in designs and constructions of rural projects.

Design guidelines for the sign systems of ancient post roads in southern Guangdong Province The guidelines are formulated for designs and constructions of the sign systems. It presents requirements of sign system, such as requirements other structures [24] of symbols, sizes, colors, fonts and others.

A. Rural Design Guidelines Making For making of rural design guidelines, a relatively matured and systematic laws and procedures have been established in the U.S. Rules, and policies are composed at the village level, such as Comprehensive Plans and Village Codes, which identify clear future targets for development. In order to ensure the reality of the general targets of rural development, firstly needs are proposed for making of rural design guidelines, which will be then jointly drafted by the planning commissions, village commissions, and professional institutes. During the process of drafting, a large number of public meetings shall be convened to collect requirements and suggestions of villagers. The actual land conditions and features will be proved via sufficient field investigations. Existing plans and design projects will be studied to understand the current technical requirements and information.

Compared to the U.S, China had a late start in formulation and implementation of rural design guidelines. Chinese rural design guidelines are produced via strict and detailed procedures, which have a certain similarity to those of the U.S. However, the Chinese guidelines making procedures indicate three clear stages, including preliminary study, guideline compilation, and review and approval (see Fig.7):

Management for Preparation of Village Planning Generally speaking, Chinese village planning are usually prepared by design institutes with relevant qualifications, which are entrusted by town and township people’s governments. At the completion of the planning scheme, it shall be agreed in the meeting of villagers or villager representatives via discussions. And then the planning scheme shall be submitted by the town and township people’s government to the competent department of urban-rural planning at the city and county levels for review. If the review gives an affirmative result, supporting comments shall be also provided. Finally the reviewed village planning scheme shall be posted to the public by the town a nd township people’s government at the local government websites and the village committee (see Fig.9). The reviews are based on county master planning, town and township master planning, and relevant rural design guidelines and technical requirements. Rural Architectural Design Review Rural architectural design review mainly focuses on two kinds of projects: one is public building such as constructions of township enterprises, rural infrastructures, public welfare buildings, and rural centralized settlements ; the other is rural residential building.

Rural design guidelines provide specific design standards and a clear framework for review, setting prior principles and boundaries for rural development project proposals, and leaving flexibilities for rural development via reasonable ways of making dynamic instructions, which play an impressive role for rural development. Rural design guidelines take sufficient considerations of comprehensive factors in the society, economy, culture , and historical development of the concerned area, identifying key controlling points for rural planning and design, implementation, and management of rural development works, and assisting to various laws and norms of rural planning and design , which form a relatively complete guidance and control system for rural development. The contents of rural design guidelines should obey the principles of highlighting rural characteristics, paying attention to cultural inheritance, protecting ecological environment, emphasizing on humanization design, and insisting on sustainable

development, in order to facilitate the implementation of all aspects of rural development with a solid foundation. Both China and the U.S contributed great efforts in the guidance and control of rural development, growing with their own features and advantages. The preparation, application and contents of their rural design guidelines are different. There is a gap between Chinese and American rural design guidelines in terms of administrative coverage. Most of American rural design guidelines target on specific villages and towns, which are complied with the village comprehensive planning. While in China, there are rural design guidelines for different administrative levels, such as provincial, municipal, county, and rural areas; with a consistent advance of rural development in China, there will be more and more design guidelines for specific villages in a coming future.",outputs/batch1/canonical_text_284/0176348439b8.txt,D. Chu; R. Li,2019,International Journal of Structural and Civil Engineering Research,,https://www.semanticscholar.org/paper/af67c18e22e351362a73fa3cb1d997e238f8c3d7,DG-C02,1,rural | user | geo-portals | development | sidewalks | user experience | planning | rural development | map-based | requirements | people | experience | map-based geo-portals | village | factors,Design Guidelines — Rural design guidelines and User experience [DG-C02],"Rural design guidelines, User experience",Design Guidelines — Rural design guidelines and User experience,Provisional interpretation,Assignment frozen; interpretation requires confirmation by at least two reviewers,Contrastive phrase label with source-grounded extractive summary.,Not assigned by Path 1,Not evaluated in this statistical interpretation,Not applicable,Predefined keyword group,Not assigned,BGE-M3 embedding + Spectral clustering,Not assigned,Source-grounded cluster interpretation,not_applicable,,,,-1,0.0,rural | user | geo-portals | development | sidewalks | user experience | planning | rural development | map-based | requirements | people | experience | map-based geo-portals | village | factors,False,False,0,,,"Rural design guidelines is one of the statutory instruments identifying and interpreting directions for rural development on the basis of the actual needs of rural development, securing and normalizing procedures of rural design, construction, and management, guiding and controlling environment and landscape features of the rural space. Guidance and control mechanisms have been respectively established in China and the U.S for rural development, for which rural design guidelines are critical evaluation references, guidance standards, and instruction documentations. This paper outputs a definition for rural design guidelines, and thoroughly analyzes 37 pieces of rural design guidelines from 15 states of the U.S and 44 pieces of guidelines from 15 Chinese provinces collected and sorted out by the authors. It intends to disclose the features and differences of Chinese and American rural design guidelines via the induction of guidance and control factors and the classified comparison of the guidelines, and to compare the guideline-making procedures and application mechanisms between the Chinese and American rural design guidelines under the different circumstances of rural development, in order to offer effective references for rural development practices and studies in different countries.",17.016253,4.788133,0.13896524906158447,2,2,True,"[{'paper_id': '48af90d5dfe7', 'title': 'Design Guidelines for Domain Specific Languages', 'cluster': 3, 'distance': 0.27341127395629883}, {'paper_id': 'b14f85b19a87', 'title': 'Design Study Methodology: Reflections from the Trenches and the Stacks', 'cluster': 3, 'distance': 0.31645357608795166}, {'paper_id': '139a1e71d8dc', 'title': 'Separation of Modeling Principles and Design Principles in Enterprise Engineering', 'cluster': 3, 'distance': 0.3197934627532959}, {'paper_id': '85ba95ab4fa0', 'title': 'Six Guidelines for Trustworthy, Ethical and Responsible Automation Design', 'cluster': 3, 'distance': 0.32284754514694214}, {'paper_id': '0ef759265f23', 'title': 'The equitable use concept in sidewalk design', 'cluster': 1, 'distance': 0.34441572427749634}]","In this paper, we try to tackle these shortcomings by analyzing and formalizing the requirements for map-based geo-portals in a user experience based approach. [E1] We developed a new tool, Healthy Eating Design Guidelines for School Architecture, to provide practitioners in architecture and public health with a practical set of spatially organized and theory-based strategies for making school environments more conducive to learning about and practicing healthy eating by optimizing physical resources and learning spaces. [E2]"
0842498049c7,Design Guidelines,The Extended Likeability Framework: A Theoretical Framework for and a Practical Case of Designing Likeable Media Applications for Preschoolers,"A theoretical framework and practical case for designing likeable interactive media applications for preschoolers in the home environment are introduced. First, we elaborate on the theoretical framework. We introduce the uses and gratifications paradigm (U&G). We argue that U&G is a good approach to researching likeability of media applications. Next, we complete the U&G framework with expectancy-value (EV) theory. EV theory helps us move from theoretical insights to concrete design guidelines. Together, the U&G framework and the EV model form the foundation of our extended likeability framework for the design and evaluation of interactive media applications, for preschoolers in the home environment. Finally, we demonstrate a practical case of our extended likeability framework via the research project CuTI. The CuTI project aims at revealing those particular user gratifications and design attributes that are important to support playful behaviour and fun activities of preschoolers in the home environment.",12,12,0842498049c7_p0003;0842498049c7_p0004;0842498049c7_p0005;0842498049c7_p0012;0842498049c7_p0013;0842498049c7_p0016;0842498049c7_p0017;0842498049c7_p0023;0842498049c7_p0025;0842498049c7_p0026;0842498049c7_p0030;0842498049c7_p0037,"Digital media are increasingly moving into everyday life. As a consequence, designers no longer exclusively focus on applications with productivity goals in a work-related context. Instead, the focus has also shifted towards design for entertainment, aiming at delivering a more social or emotional experience. Human-computer interaction (HCI) research has responded to this new trend and moved from the “second wave” to the “third wave” of HCI methods and theories. The ﬁrst wave adapted methods and theories from cognitive psychology whereas the second wave was inﬂuenced by sociological principles and “situated” research methods. More particularly, second wave research still focused on technologies in a work-related context with explicit rational (i.e., instrumental) purposes. In contrast, third wave research is centred on emotional and cultural technologies in a more entertaining and everyday context [1].

Often, the third wave is equated with “user experience” research or the “new usability” of a ﬀective factors such as “fun”’ and “trust” [ 2]. The recent shift within HCI from second to third wave research made the need for new or adapted research methods and theories more explicit, resulting in a move to ground human-centred research on user experience. Stelmaszewska et al. [ 3] also cite: “HCI lacks theories and methods to facilitate approaches to design products which allow for pleasurable, enjoyable, and entertaining Interaction.” In [ 4], we came to the same conclusion, namely, that HCI and child-computer interaction (CCI) lack a solid framework for likeability research with preschoolers. The need for theories to gain insight into the meanings that children give to new media has been acknowledged within HCI and CCI. For instance, Learning and T eaching Scotland [5,p a g e8 ]p o i n t so u t :“ T h e r ei sn od e t a i l e da n a l y s i so f how children make meanings with interactive media and a conspicuous lack of evidence about what actually happens in social, cognitive, and a ﬀective domains. ” Hassenzahl [6]

Society Player characteristics sought Media use Gratiﬁcations obtained stresses that there is still a lack of successful methods to reveal experience-oriented product requirements: “ ... there are no specialized analysis techniques used in the industry. Therefore, it is important to develop appropriate analytical techniques to help product designers or usability engineers to gather hedonic requirements in a certain context of use. ” In Section 2 of this article, we detail our theoretical foundations. We ﬁrst elaborate on the uses and gratiﬁcations paradigm, well known in mass communications science, and promising for researching fun and likeability of media. Next, we introduce expectancy value theory, originating from social psychology. The EV theory helps us move from user gratiﬁcations to product attributes. The combination of the U&G framework and the EV model forms the blueprint for our extended likeability framework for the evaluation and design of interactive media applications.

Instead of being passive bystanders, people choose to engage in a medium and their choice reﬂects their need for gratiﬁcations. Thus, need gratiﬁcation and media choice lie within the audience member. The perspective of an active audience is illustrated by Schramm et al. [21, page 169] who state that “in order to understand television’s impact and e ﬀect on children, we have ﬁrst to get away from the unrealistic concept of what television does to children and substitute the concept of what children do with television. ” Clearly, this idea, that one actively chooses to deal with a certain medium based on particular needs and the need for gratiﬁcations, is very similar to the user-centred approaches that prevail in HCI. For instance, we can refer to the goaldirected design approach of Cooper and Reimann [ 22], where design requirements are based on needs in order to fulﬁl goals, wishes, and dreams.

Similarly to communication scholars that follow a U&G perspective, weposit that children a r ea c t i v ei nt h e i rc h o i c et ou s eo rn o tt ou s em e d i a / a p p l i c a t i o n s for certain reasons. (3) Assumption 3: Likeable Products Fulﬁl Finally, similarly to HCI researchers that approach users as purposeful and task oriented, U&G researchers make the assumption that people use media in order to serve their needs and fulﬁl their gratiﬁcations. This is an interesting perspective, especially in the context of designing for fun or for playful interaction, where the goal is not to produce output or accomplish productivity tasks but rather enjoying the process. With regard to the U&G paradigm, a distinction is made between gratiﬁcations that are sought (GS) and those that are obtained (GO) from media use. T o meet the user needs, gratiﬁcations obtained should correspond with gratiﬁcations sought. In this respect, we formulate our ﬁnal assumption: in order to design likeable products for children, we need to fulﬁl those gratiﬁcations that children seek in speciﬁc media.

Gratiﬁcations to Low Level Attributes Typically, U&G studies result in a set of motives or gratiﬁcations that are still quite general or abstract. Let us recall the game gratiﬁcations that Sherry and Lucas deﬁned: competition, challenge, social interaction, diversions, fantasy, and arousal. A designer might point out that these gratiﬁcations are interesting but do not provide useful operational guidelines for designing actual media products. Consequently, the U&G framework can be perceived as too abstract to o ﬀer concrete guidelines for designing interactive applications.

Therefore, to understand the relationship between the design of a media application and the gratiﬁcations of that media user, we rely on an extension/addition to the U&G framework. T o make this transition, we rely on expectancy value theory, ﬁrst introduced by Fishbein and Ajzen [29, 30] in the nineteen seventies and adopted and reﬁned by many scholars and disciplines in later years.

The common generic means-end chain consists of attributes ( A), consequences or beneﬁts ( C), and values (V)[ 32]. The consequences of using a product in this case correspond to the “gratiﬁcations sought” within U&G research. In consumer research, means-end chains are used to explain what motivated consumers to desire certain products or product attributes. In human computer interaction, Subramony [33]a n dZ a m a n[34] successfully used meansend chains and consequently “laddering” as a qualitative research method to create design recommendations. Means-end analysis is preferably done via laddering [31]. Laddering refers to an in-depth, one-on-one interviewing technique, used to develop an understanding of how users

Expectancy V alue Theory T o conclude the ﬁrst section of this article, we posit that we should combine U&G and EV theory in order to research and design likeable products for a given audience in a given context. InFigure 2 we illustrate how basic needs, society and context, and individual characteristics lead to gratiﬁcations. We should also understand how these gratiﬁcations are based upon expectancies and evaluations of attributes. In order to design likeable toys and interactive applications for preschoolers in the home environment, we need to understand how basic needs, society and context, and individual characteristics lead to preschoolers’ gratiﬁcations that need to be fulﬁlled. Next, we need to understand which beliefs preschoolers hold with regard to the medium attributes and how these attributes are related to the gratiﬁcations of preschoolers. In the following section, we will discuss how we applied this underlying theoretical structure to a practical case for preschoolers.

Likeability Framework to Preschoolers in the Home Environment Although many U&G studies are conducted on the gratiﬁ- cations for traditional media, and recently for digital media and games, no recent U&G or EV studies, to our knowledge, have been done on preschoolers and interactive media in the home environment. Therefore, we decided to take up a new research project, which we called CuTI [ 35]. CuTI is the acronym for “Cuddle T oy Interface, ” an on-going project aimed at revealing those particular user gratiﬁcations and design attributes that support playful behaviour and fun activities of preschoolers within the context of the home environment. The gratiﬁcations and attributes we ﬁnd can inform the design of interactive toys and games in later stages. We emphasize that CutTI is an on-going project. The case here is o ﬀered to provide insight into how to apply the theoretical framework.

Likeability Framework T o illustrate the practical use of the extended likeability framework (ELF), we now “ﬁll it in” with the ﬁndings of the CuTI project. The aim is not only to discuss the exploratory gratiﬁcations and attributes found but also to demonstrate how the ELF can easily be ﬁlled in and used as a concrete design guide. It illustrates how an interaction between basic needs, contextual societal factors, and individual characteristics inﬂuences the gratiﬁcations children get or seek. In total, we discern ﬁve diﬀerent gratiﬁcation areas that make things fun and likeable. We hereby assume that the more a product fulﬁls these gratiﬁcations and possesses the related positively evaluated attributes, the more the product will be likeable for preschoolers. In the following paragraphs, we will discuss each part of the extended likeability framework.

We emphasize that we do not contend that our list of attributes is exhaustive (more research is needed to be able to claim reasonable exhaustiveness), nor do we pretend that one media application should try to incorporate all these attributes. Y et we do think that a list of attributes, such as the one derived from initial research such as ours, can inform the research community and help to understand the diverse gratiﬁcations and the ways to translate these into design solutions.",outputs/batch1/canonical_text_284/0842498049c7.txt,V. Abeele; B. Zaman,2008,Adv. Hum. Comput. Interact.,,https://www.semanticscholar.org/paper/e2837ac0465e8cea18f2ab5b2f9f12f874ddbe1f,DG-C03,2,experience | visualization | HCI | interaction | users | gratifications | immersive | media | data | aesthetics | participants | techniques | digital | context | theory,Design Guidelines — Information visualization and Interaction design [DG-C03],"Information visualization, Interaction design",Design Guidelines — Information visualization and Interaction design,Provisional interpretation,Assignment frozen; interpretation requires confirmation by at least two reviewers,Contrastive phrase label with source-grounded extractive summary.,Not assigned by Path 1,Not evaluated in this statistical interpretation,Not applicable,Predefined keyword group,Not assigned,BGE-M3 embedding + Spectral clustering,Not assigned,Source-grounded cluster interpretation,not_applicable,,,,-1,0.0,experience | visualization | HCI | interaction | users | gratifications | immersive | media | data | aesthetics | participants | techniques | digital | context | theory,False,False,0,,,"A theoretical framework and practical case for designing likeable interactive media applications for preschoolers in the home environment are introduced. First, we elaborate on the theoretical framework. We introduce the uses and gratifications paradigm (U&G). We argue that U&G is a good approach to researching likeability of media applications. Next, we complete the U&G framework with expectancy-value (EV) theory. EV theory helps us move from theoretical insights to concrete design guidelines. Together, the U&G framework and the EV model form the foundation of our extended likeability framework for the design and evaluation of interactive media applications, for preschoolers in the home environment. Finally, we demonstrate a practical case of our extended likeability framework via the research project CuTI. The CuTI project aims at revealing those particular user gratifications and design attributes that are important to support playful behaviour and fun activities of preschoolers in the home environment.",16.800995,6.842766,0.1257857084274292,3,3,True,"[{'paper_id': '615169de6f0e', 'title': 'From interaction to trajectories: designing coherent journeys through user experiences', 'cluster': 2, 'distance': 0.24161303043365479}, {'paper_id': '65c31c577170', 'title': 'The Rough Mile: Testing a Framework of Immersive Practice', 'cluster': 2, 'distance': 0.2493535280227661}, {'paper_id': '14dcaf15aa66', 'title': 'Terminologia kohtaa käytettävyyden. Terminologisen käytettävyyden ydintä rakentamassa', 'cluster': 3, 'distance': 0.2686988115310669}, {'paper_id': 'c216cc01fe23', 'title': 'A Preliminary Proposal Towards Unambiguous Definitions for Modular Interfaces and Interactions', 'cluster': 3, 'distance': 0.27296656370162964}, {'paper_id': '75f43821c56f', 'title': 'Towards a Model of Information Aesthetics in Information Visualization', 'cluster': 2, 'distance': 0.28018999099731445}]","Our framework is intended to sensitize future studies, help distill craft knowledge into design guidelines and patterns, identify technology requirements, and provide a boundary object to connect HCI with Performance Studies. [E1] We argue that U&G is a good approach to researching likeability of media applications. [E2]"
0ef759265f23,Design Guidelines,The equitable use concept in sidewalk design,"Abstract Equitable use (EU) is the first principle of universal design and promotes the usefulness and marketability of products for people with diverse abilities. Sidewalks, as the main circulation path for pedestrian transportation, can be designed and assessed based on this principle to improve their usability for all pedestrians. Currently, there is no clear definition of EU in the sidewalk design criteria; consequently, no design and assessment guidelines are based on this concept. This study aims to remedy this shortcoming in knowledge by defining and translating the theoretical and conceptual components of the characteristics of EU for sidewalks. This study also attempts to identify the contributions of sidewalk design factors in the main dimensions of EU applied to sidewalks. To achieve these objectives, we conduct an extensive literature review of available universal design guidelines and handbooks as well as scientific articles regarding the implementation of EU in outdoor environments and sidewalks. The results of this review contribute to the development of conceptual models to define EU in sidewalk design. A questionnaire was administered to collect data to test the fitness of these conceptual models. Fitness tests are conducted with structural equation modelling (SEM). The EU translation can be useful for designing and assessing sidewalks to ensure that sidewalks serve people with various abilities on an equal basis.",12,12,0ef759265f23_p0006;0ef759265f23_p0008;0ef759265f23_p0009;0ef759265f23_p0011;0ef759265f23_p0012;0ef759265f23_p0013;0ef759265f23_p0015;0ef759265f23_p0017;0ef759265f23_p0020;0ef759265f23_p0043;0ef759265f23_p0044;0ef759265f23_p0048,"Surprisingly, this idea has not been applied to sidewalks to meet the needs of all pedestrians. Specifically, applying equitable use (EU), which is the first principle of UD, can provide pathway systems that serve all users regardless of their abilities.TheuseoftheEUguidelinescanminimizespecializeddesignsand products for special needs groups (Balaram, 2010). Accessibility can be defined based on UD ideas. While accessibility deals with compliance with regulations or criteria that establish a minimum level of design necessary to accommodate people with disabilities, UD is the practice and art of design to accommodate the widestrangeandnumberofpeopleintheirlifetime(Salmen,2010).In fact,UDanditsprinciplesembed choicefor allpeopleinto theprocess of the creation of things, especially the creation of built environments. The practice of UD and its principles evolve and change with greater knowledge of humans and their needs and abilities.

application of UD and EU guidelines in designing and improving sidewalks and walking areas. Toproposeaplatformforinclusivesidewalkdesignandassessment, this research uses EU concepts. This is the first research work that defines the characteristics of EU in sidewalk design. Based on the results of a literature review, this study proposes EU conceptual models for sidewalks. The literature review in this research is structured in three mainphases.PhaseonereviewstheUDprinciples,particularlyEU,and their application in assessing the built environment. Phase two translates the general concept of EU into the sidewalk design criteria and identifies the main characteristics of EU for sidewalks. The last phase identifies the contribution of sidewalk design factors in the main dimensions of EU for sidewalks. Based on the results of this literature review, we propose some conceptual models that define EU for sidewalks. We test the fitness of these conceptual models using the structuralequationmodelling(SEM)techniqueandcollecttherequireddata using a questionnaire based on the conceptual models.

UD is an approach that serves people regardless of their socio-demographic characteristics and abilities (Baer et al., 2016). The Centre for UD, with the cooperation of American experts, developed seven principles of UD in 1997 and clarified the definition of and evaluation procedurefortheusabilityofdesignelements.TheprinciplesofUDand their associated guidelines aim to articulate the UD concept in a comprehensivemanner.Theseprinciplesaimtoguidetheprocessofdesign, allowthesystematicassessmentofdesign,andassistineducatingboth consumers and designers on the characteristics of more usable design solutions (Mueller, 1997;Story, Mueller, & Mace, 1998). As a holistic approach, UD ranges from non-discriminatory design approaches in infrastructure, architecture, urban environments, and automobiles to information technology (D'souza, 2004;Preiser, 2007).

However, challenges remain in the embracing of UD by urban design and planning policiesfornewdevelopments.Toovercomethesechallenges,UDmust focusontheneedtoensureequalaccesstopublicrealmssuchasstreets and sidewalks (Manley, 2010). Various aspects of built environment design prevent the disabled and seniors from using town centres and streets (Hanson, 2004). The poor condition of pavement, changes in level, poorly lit bus stops, inadequate seating areas, a lack of adequate public toilets, and negative perceptions of the safety of urban environments are the main hindrancestotravelforolderanddisabledpeople(Aghaabbasietal.,2017; Asadi-Shekarietal.,2013;Atkins,2001;Hanson,2004).Manyofthese problemsarerelatedtostreetfacilitiesanddesign.Toachieveequality ofopportunityforeveryone,itisessentialtoapplytheUDprinciplesat thestreetleveltoallowpeopletoexperienceunhinderedtraveltotheir intended destination.

This so-called seamless travel is achievable if a journey is considered a series of accessible links (Manley, 2001; Manley,2010).AstrategicapproachforimplementingUDisrequiredto create barrier-free pedestrian routes and facilitate effortless travel. Equitable use (EU) is the first principle of universal design and meansthat“thedesignisusefulandmarketabletopeoplewithdiverse abilities” (Story et al., 1998). The socio-political ideal of “equality” is related to six other principles of the usability features of design. However, the inherent aim of EU represents UD's strengths (Erkiliç, 2011). UD calls for the integration of people with different abilities based on the socio-political mission of equality. EU is defined based on UD objectives and has been expanded in a set of guidelines describing key elements that should be present in a design that adheres to this principle (The Center for Universal Design, 1997).

The equitable use guidelines are defined as follows: •Provide the same means of use for all users: identical whenever possible, equivalent when not. •Avoid segregating or stigmatizing any users. •Makeprovisionsforprivacy,security,andsafetyequallyavailableto all users. •Make the design appealing to all users. Thedesignsandproductsmustintegrateratherthansegregateusers (Nasar,2010).Sinceanyformofsegregationcanleadtodiscrimination, which contradicts the spirit of EU, it is best to minimize specialized designs and products for special needs groups (Balaram, 2010). A relevantexampleofminimizingspecialdesignforpeoplewithdisabilities isreplacingstairswithrampsinpedestrianenvironmentsandespecially along sidewalks. This replacement prevents the segregation and stigmatizationofpeoplewithdisabilities,andallpeople,regardlessoftheir physical condition, can use ramps.

However,Preiser (2007)includes relevant instances of EU in built environments.Notableexamplesaretheprovisionofaccessibleentrances to public buildings to accommodate people with disabilities, the installation of tactile pavement and sound signals at intersections and street crossings to assist people with visual and hearing impairments, and skywalk systems and underground passages in areas with severe weather conditions. 2.2. Equitable use and sidewalk design criteria The first two guidelines of equitable use refer to the usability and anti-discrimination aspects of the design. As specialized design for people with disabilities can segregate them from others (Aslaksen, Bergh, Bringa, et al., 1997), the UD principles, particularly EU, emphasize the design of products and built environments to be usable by the greatest number of people. UsabilityandaccessibilityarethemainfeaturesofEU.Stephanidis, Akoumianakis,Sfyrakis,etal.(1998)definedusabilityas“theextentto which a product can be used by specified users to achieve specified goals with effectiveness, efficiency and satisfaction in a specified context of use”.

In terms of pedestrian planning, the term “accessibility” refers to facility design for people with disabilities (Litman, 2012). It is important to note that facilities should not segregate and stigmatize disabled people. A relevant example of the incorporation of usability and accessibility features at the beginning of sidewalk construction to benefitdiverseusersistheconstructionofsidewalkswithaslopeofless than 2%, which can benefit not only wheelchair users or seniors but also other pedestrians. The third guideline of EU refers to the provision of safety and securityforthedesign.TheimplementationofUDprincipleswillenhance the sense of safety and well-being among people with diverse abilities (Crews & Zavotka, 2006). With regard to urbanism, many planning efforts have attempted to provide safe and comfortable urban areas (Baris & Uslu, 2009).

Falling is also preventable if adequate street lighting is placed at a reasonable heightalongthesidewalk(VanCauwenberg,VanHolle,Simons,etal., 2012). The fourthguideline of EU refers to the attractiveness of design for allpeople.BasedonPreiserandSmith(2010),thedesignmustattracta wide range of users and provide a comparable and non-stigmatizing opportunityforadiversepopulationtoparticipate.Sidewalksmustlook appealing to all users and encourage them to choose to walk as their main mode of transportation to reach their destination. Attractiveness insidewalksreferstothecharacteristicsofthepedestrianfacilitiesthat create comfortable, attractive, and inviting walking paths. The attractivenessofthebuiltenvironmentisdirectlyrelatedtothequalityofthe pedestrianinfrastructure andthepresenceof amenities.Becauseofthe Fig.1.Classification of sidewalk design factors based on their contribution to the main dimensions of equitable use in sidewalk.

involves serving people regardless of their backgrounds and abilities. UD principles are not well implemented in sidewalk design, and existing sidewalks do not serve people on an equal basis. Thus, applying newconceptssuchasEUanddevelopingtoolstoassesssidewalksbased on this concept canassist urban and transportation planners in finding shortcomings related to sidewalks and taking action to improve them. The translation of EU into sidewalk design criteria will contribute to finding a mechanism to assess existing sidewalk conditions and quantifying thelevel of improvement requiredin a practicaland systematic manner. This research identified the contributory factors to the dimensions of EU. To the best of our knowledge, no literature is available on the translationofEU intosidewalkdesign criteriaandthe identificationof contributory design factors in the translated EU dimensions.

However, several studies and guidelines have noted the contribution of sidewalk design factors to the usability, safety and attractiveness of pedestrianbuilt environments. On the basis of the SEM results, the authors found that the majority of the identified design factors contributed to usability/accessibility.ThisresultisconsistentwiththoseofAkiyamaand Kim (2005), theAustrailian Government (2013), theCentre for ExcellenceinUniversalDesign(2014),theCityofToronto(2004),ISO/ IEC (2001),Otak (2003),Rickert and Reeves (1998), andStark et al. (2007), who noted that factors including vertical and horizontal clearance, slope, toilets, accessible drinking fountains, curb ramps, tactile pavement, ramps and signage contribute to usability/accessibility. These findings are also consistent withBoisseau (1999), theCentre for Excellence in Universal Design (2014),Crews and Zavotka (2006), Cuietal.(2012),HaansanddeKort(2012),Landisetal.(2001),Pikora etal.(2002),Samarasekaraetal.(2013),Southworth(2005),Todorova et al. (2004), andVan Cauwenberg et al. (2012), who showed the contribution of factors including passive surveillance, landscape/trees, lighting, signals, bollards, and surface/materials to sidewalk safety.

Future guidelines can be proposed on the basis of this study for the design of new sidewalks that are equally available and accessible to all people. There is a need for further critique and discussion of EU translation, including how this translation can help practitioners design equitable sidewalks and develop an assessment tool to ensure the equitability of sidewalks. Future assessment tools should objectively assess the equitability of sidewalks by means of detailed and easily followed methods based on EU concepts. Such tools can identify the levels of required improvements, which help planners direct investments to the correct components of sidewalks. These tools can also generate a series of recommendations to improve the equitability of sidewalks within a certain boundary. The factors identified in this study can also serve as a basisfordevelopingnewsidewalkassessmenttoolsinvariouscontexts, such as equitable use, walkability studies, and PLOS methods. Acknowledgement The authors wish to thank all of those who have supported this Table10 Safety in sidewalks model-fitting indices.",outputs/batch1/canonical_text_284/0ef759265f23.txt,Mahdi Aghaabbasi; M. Moeinaddini; Zohreh Asadi-Shekari; M. Z. Shah,2019,Cities,,https://www.semanticscholar.org/paper/5a686e01a536a318c32f70e8b1eb114fd34c05de,DG-C02,1,rural | user | geo-portals | development | sidewalks | user experience | planning | rural development | map-based | requirements | people | experience | map-based geo-portals | village | factors,Design Guidelines — Rural design guidelines and User experience [DG-C02],"Rural design guidelines, User experience",Design Guidelines — Rural design guidelines and User experience,Provisional interpretation,Assignment frozen; interpretation requires confirmation by at least two reviewers,Contrastive phrase label with source-grounded extractive summary.,Not assigned by Path 1,Not evaluated in this statistical interpretation,Not applicable,Predefined keyword group,Not assigned,BGE-M3 embedding + Spectral clustering,Not assigned,Source-grounded cluster interpretation,not_applicable,,,,-1,0.0,rural | user | geo-portals | development | sidewalks | user experience | planning | rural development | map-based | requirements | people | experience | map-based geo-portals | village | factors,False,False,0,,,"Abstract Equitable use (EU) is the first principle of universal design and promotes the usefulness and marketability of products for people with diverse abilities. Sidewalks, as the main circulation path for pedestrian transportation, can be designed and assessed based on this principle to improve their usability for all pedestrians. Currently, there is no clear definition of EU in the sidewalk design criteria; consequently, no design and assessment guidelines are based on this concept. This study aims to remedy this shortcoming in knowledge by defining and translating the theoretical and conceptual components of the characteristics of EU for sidewalks. This study also attempts to identify the contributions of sidewalk design factors in the main dimensions of EU applied to sidewalks. To achieve these objectives, we conduct an extensive literature review of available universal design guidelines and handbooks as well as scientific articles regarding the implementation of EU in outdoor environments and sidewalks. The results of this review contribute to the development of conceptual models to define EU in sidewalk design. A questionnaire was administered to collect data to test the fitness of these conceptual models. Fitness tests are conducted with structural equation modelling (SEM). The EU translation can be useful for designing and assessing sidewalks to ensure that sidewalks serve people with various abilities on an equal basis.",16.677944,5.6263666,0.12797236442565918,1,1,True,"[{'paper_id': 'b14f85b19a87', 'title': 'Design Study Methodology: Reflections from the Trenches and the Stacks', 'cluster': 3, 'distance': 0.2950606942176819}, {'paper_id': '14dcaf15aa66', 'title': 'Terminologia kohtaa käytettävyyden. Terminologisen käytettävyyden ydintä rakentamassa', 'cluster': 3, 'distance': 0.2985460162162781}, {'paper_id': 'cb7daae2b94f', 'title': 'User Experience Design in Professional Map-Based Geo-Portals', 'cluster': 1, 'distance': 0.29922711849212646}, {'paper_id': '139a1e71d8dc', 'title': 'Separation of Modeling Principles and Design Principles in Enterprise Engineering', 'cluster': 3, 'distance': 0.2996593713760376}, {'paper_id': '0842498049c7', 'title': 'The Extended Likeability Framework: A Theoretical Framework for and a Practical Case of Designing Likeable Media Applications for Preschoolers', 'cluster': 2, 'distance': 0.3038090467453003}]","In this paper, we try to tackle these shortcomings by analyzing and formalizing the requirements for map-based geo-portals in a user experience based approach. [E1] We developed a new tool, Healthy Eating Design Guidelines for School Architecture, to provide practitioners in architecture and public health with a practical set of spatially organized and theory-based strategies for making school environments more conducive to learning about and practicing healthy eating by optimizing physical resources and learning spaces. [E2]"
139a1e71d8dc,Design Guidelines,Separation of Modeling Principles and Design Principles in Enterprise Engineering,"An agile enterprise requires evolvable information systems and organizational structures. Some design theories, e.g. Normalized Systems theory, which were originally developed for designing information systems, have been generalized and extended for the design of organizations. In addition to information systems, Normalized Systems theory has recently expanded its applicability into the organizational level, including business process. This resulted in a set of 25 design guidelines for Normalized Systems Business Processes. On the other hand, Enterprise Ontology provides advantages in understanding the essence of organizations for massive abstraction and complexity reduction. Since these two streams of research apparently have similar goals, i.e. designing enterprises, using different approaches, some early studies tried to compare or combine them. However, most of them achieved limited success. This research investigates the literature, looking for a new way to connect them. It concludes that it may be possible to sequentially utilize those two artifacts in two different phases of enterprise engineering.",12,12,139a1e71d8dc_p0013;139a1e71d8dc_p0014;139a1e71d8dc_p0015;139a1e71d8dc_p0019;139a1e71d8dc_p0020;139a1e71d8dc_p0021;139a1e71d8dc_p0024;139a1e71d8dc_p0027;139a1e71d8dc_p0028;139a1e71d8dc_p0029;139a1e71d8dc_p0031;139a1e71d8dc_p0032,"4 Tetsuya Suga et al. accounting, enterprise resource planning, etc. The guidelines can be actualized by elements, which are reusable sets of primitives. Guidelines and elements are often dependent on speciﬁc application domains, in contrast to theorems. In software engineering as a speciﬁc application domain, six NS guidelines are derived from the four NS theorems and are implemented by a set of ﬁveelements (which allow the expansion of software which adheres to these principles): data element, action element, workﬂow element, trigger element, and connector element. In business process engineering, the theorems are re-interpreted to derive guidelines. The theorems produce

[11] studies an alignment of the construct of EO and that of NS by expressing the transaction pattern of EO in the form of NS elements, namely data elements and workﬂow elements. In order to implement transactions without combinatorial eﬀects, it prescribes two guidelines:(1)additional state transitions need to be created in order to comply with the SoC and SoS theorem, and(2)the cancellation patterns should be implemented with extensions to accommodate their adherence to the NS theorems. The study mainly discusses an emergence of combinatorial eﬀects during the implementation process from the ontological model to the real implementation. Put another way, whether combinatorial eﬀects may occur within the ontological model and even how to remove combinatorial eﬀects remain beyond the scope of the study. [12] also studies an alignment and combination of EO and NS by establishing a linkage and collaboration between agile enterprises (realized with EO), and agile automated information systems (developed with NS).

This research proposes mappings of concepts in EO onto elements of NS with wider coverage than [11]. It also points out that aspects such as user interfaces and non-functional requirements, which are not presented in EO, are considered as aspects in crosscutting concerns, which should be addressed separately from the functional requirements in NS. Moreover, it reveals that NS does not yet support all concepts of EO, such as a derived fact kind and information link. [13] is another work with an approach diﬀerent from the previous two studies [11, 12], in which NS elements for software are directly compared and mapped to EO. Instead of the direct approach, this study compares EO concepts and not NS elements for software but the guidelines of NS Business Processes (NSBP), which are derived from NS theorems for the business process domain. Then, it analyzes to what extent the NSBP guidelines are consistent, complementing, or conﬂicting with prescriptions from EO.

Principles Let us focus on the role of principles in modeling/design as a normative notion that guides system design. A modeling/design guideline is a guideline or a set of guidelines that assist(s) us to achieve a good model/design and avoid a bad model/design. It also deﬁnes what is good and bad. It is often referred to as design guidelines, patterns, architectures, theories, et cetera. Modeling Principle. The nature of modeling is characterized by three concepts:mapping, i.e. which element in the real world and which element in the model should be mapped with each other; reduction, i.e. which element in the real world should be selected or ignored; andpragmatism, i.e. models as the outcome of modeling activities should be made to be utilized [18, p. 157]. Thus, a modeling principle should provide guidelines for mapping, reduction, and pragmatism.

Design Principle. The nature of design is diﬃcult to summarize. Nevertheless, an anatomy of design theory proposed by [19] deﬁnes the characteristics of information systems design theory (regarded as a design principle) by specifying core components:purpose and scope, i.e what the system is for and what the scope of the theory is;constructs, i.e. what the entities in the theory are;principle of form and function, i.e. what the abstract description of an artifact is (describing either product or method/intervention);artifact mutability, i.e. how and to what degree the changes in state of the artifact are anticipated;testable propositions, i.e. what the true/false statements are for the design theory;justiﬁcatory knowledge, i.e. what the kernel theories5 of the design theory are;principles of implementation, i.e. what the processes of implementing the theory (either product or method) in speciﬁc contexts are; andexpository instantiation, i.e. what a physical prototype is.

Even though this anatomy was proposed in the context of information system design, it seems able to cover other disciplines to a certain extent. 5 kernel theory: underlying knowledge or theory from the natural or social or design sciences [19]

3). However, it does not deﬁne guidelines for the substantial procedure, i.e. design principles, in the function design or construction design. Those substantial guidelines are called architectures in GDSP [20], but the content of the architecture is not speciﬁed there. Put diﬀerently, GDSP prescribes an ideal design process from a meta-meta-level. Therefore, EO is substantially not a design principle. This observation is supported by comparing GSDP to the components of design principles prepared in Section 2.3 and ﬁnding that they are just not on the same wavelength. For instance, purpose and scopemight mean to “understand the essence of the construction and operation 6 The termprinciple used in the ﬁgure refers somehow to a diﬀerent notion than previously mentioned.

Reﬂection on EOA question then arises: what is the rationale behind the absence of design principles in EO? The answer might be given if we see the motivation of EO: starting from the point that enterprises as a phenomenon existed in the real world, but no models were available, due to the lack of modeling artifacts, to explicitly identify the components and capture interactions and mechanisms. Although EO with DEMO is occasionally considered as a design theory for organizations, the result of this present research implies that EO has accomplished the hard and important work of making enterprises designable and engineerable, rather than continuing to propose guidelines for better designs of enterprises on the layer of models. This achievement has deﬁnitely had an impact, as supported by the fact that EO and DEMO have been used on many occasions.

Strictly speaking, EO includes GSDP, as seen in Section 3. However, GSDP can be positioned in the meta-meta-level and still allow room for design principles at the meta-level to get involved. In other words, EO is noncommittal and neutral regarding design principles. Thus, as long as the model is made to adhere to the standards of EO, EO does not provide any decision criterion to evaluate the model—i.e. whether a model is better or worse than another model for the same requirement. Another interpretation is that EO as a modeling principle may work with more than one design guideline. The design principles might be brought by NS and/or other design principles (e.g. Service-Orientation systems [22]). Unless the design principles are ones analogically transplanted from other disciplines, they can be directly built on EO, as seen in [23], in which guidelines for splitting and allying enterprises are proposed based on organizational science. ""Neither modeling principles nor design guidelines are superior, nor does one include the other. Modeling principles

8 Tetsuya Suga et al. and design guidelines are at work in diﬀerent layers. In other words, if either modeling principle or design principle is ignored, the whole process of engineering cannot be completed. Reﬂection on NSAnother question arises: what is the rationale behind the absence of modeling principles in NS? In part, it is because that computers have been developed with the real world and conceptual models together. Here, models may refer to models represented by modeling languages such as Uniﬁed Modeling Language, or even refer to source code written in a programming language. Since the behavior of computers or CPUs is fully understood, we are knowledgeable about the components of software and their internal working mechanisms. That knowledge guarantees the solid and ﬁne-grained alignment between these models and actual behavior including electronic phenomena in semiconductor circuits.

The primary conclusion is that there is an orthogonality or complementarity between modeling principles and design guidelines. In other words, modeling principles and design principles are at least two diﬀerent independent variables in enterprise engineering. This implies that EO as a modeling principle may work with design principles such as NS. In general, more than one design guideline can be employed at the same time. For example, the service-orientation design principles can be another design principle for designing enterprises. It may happen that some design guidelines conﬂict with each other. The results also show that substantial design guidelines may swing and miss in a certain modeling principle, at least in EO. On the other hand, a substantial number of NSBP guidelines do not emerge in EO models because what the NSBP guidelines state are observed in the informational layer, and thus, are ignored in DEMO models.

Moreover, the possibility should not be dismissed that a modeling principle itself might conﬂict with a design principle. Indeed, [13] pointed out that a very few components of EO conﬂict with the design guidelines of NS. Thedirectionoffutureresearchistoexploreotherprinciplesthatmightbehelpfulindesigning and instantiating enterprises. One approach is to ﬁx a selection of the modeling principles and use design principles as a free variable. For instance, an as-is EO model (DEMO model, not EO or DEMO itself, but a model) can be redesigned for evolvability and observability by deriving a design principle from NS by analogy. The same original as-is DEMO model can also be redesigned diﬀerently for a service-oriented structure by deriving a design principle from service-oriented systems by analogy. The other approach is to ﬁx a selection of the design principles and use modeling principles as a free variable.",outputs/batch1/canonical_text_284/139a1e71d8dc.txt,Tetsuya Suga; Peter De Bruyn; Philip Huysmans; J. Verelst; H. Mannaert,2016,The Practice of Enterprise Modeling,,https://www.semanticscholar.org/paper/05ace0f237feda9c4e4dd78cdc60b3dd91738543,DG-C04,3,task | language | software | architecture | domain | specific | tools | user interface | types | modeling | proposed | elements | definitions | principles | provide,Design Guidelines — Design principles and User interface [DG-C04],"Design principles, User interface",Design Guidelines — Design principles and User interface,Provisional interpretation,Assignment frozen; interpretation requires confirmation by at least two reviewers,Contrastive phrase label with source-grounded extractive summary.,Not assigned by Path 1,Not evaluated in this statistical interpretation,Not applicable,Predefined keyword group,Not assigned,BGE-M3 embedding + Spectral clustering,Not assigned,Source-grounded cluster interpretation,not_applicable,,,,-1,0.0,task | language | software | architecture | domain | specific | tools | user interface | types | modeling | proposed | elements | definitions | principles | provide,False,False,0,,,"An agile enterprise requires evolvable information systems and organizational structures. Some design theories, e.g. Normalized Systems theory, which were originally developed for designing information systems, have been generalized and extended for the design of organizations. In addition to information systems, Normalized Systems theory has recently expanded its applicability into the organizational level, including business process. This resulted in a set of 25 design guidelines for Normalized Systems Business Processes. On the other hand, Enterprise Ontology provides advantages in understanding the essence of organizations for massive abstraction and complexity reduction. Since these two streams of research apparently have similar goals, i.e. designing enterprises, using different approaches, some early studies tried to compare or combine them. However, most of them achieved limited success. This research investigates the literature, looking for a new way to connect them. It concludes that it may be possible to sequentially utilize those two artifacts in two different phases of enterprise engineering.",17.472906,5.323509,0.11136102676391602,1,1,True,"[{'paper_id': 'b14f85b19a87', 'title': 'Design Study Methodology: Reflections from the Trenches and the Stacks', 'cluster': 3, 'distance': 0.22970247268676758}, {'paper_id': 'c216cc01fe23', 'title': 'A Preliminary Proposal Towards Unambiguous Definitions for Modular Interfaces and Interactions', 'cluster': 3, 'distance': 0.24172228574752808}, {'paper_id': '48af90d5dfe7', 'title': 'Design Guidelines for Domain Specific Languages', 'cluster': 3, 'distance': 0.2434859275817871}, {'paper_id': 'b357bc5a3d3b', 'title': 'Towards Canonical Task Types for User Interface Design', 'cluster': 3, 'distance': 0.2522324323654175}, {'paper_id': '85ba95ab4fa0', 'title': 'Six Guidelines for Trustworthy, Ethical and Responsible Automation Design', 'cluster': 3, 'distance': 0.25863373279571533}]","In this paper we reflect on our combined experience of conducting twenty-one design studies, as well as reading and reviewing many more, and on an extensive literature review of other field work methods and methodologies. [E1] In this paper we investigate guidelines that are useful for designing domain specific languages, largely based on our experience in developing languages as well as relying on existing guidelines on general purpose (GPLs) and modeling languages. [E2]"
14dcaf15aa66,Design Guidelines,Terminologia kohtaa käytettävyyden. Terminologisen käytettävyyden ydintä rakentamassa,"In this paper the principles of usability and user interface design and those of terminology work are brought together in order to introduce the concept of “terminological usability”. The concept forms a basis for developing an additional method for usability research. As long as there has been technology for man-machine communication, there has also been a variety of design rules and design guidelines to assess the usability of user interfaces. We discuss those rules and guidelines that concern linguistic elements on computer and software user interfaces and contrast them with the principles of a “good term” that can be found in manuals and textbooks for terminology work. Acceptability, consistency and transparency that are shared with both of these approaches are scrutinized more detailed. This paper is part of an ongoing research project that focuses on the usability of user interfaces from terminological perspective.",12,12,14dcaf15aa66_p0003;14dcaf15aa66_p0004;14dcaf15aa66_p0010;14dcaf15aa66_p0011;14dcaf15aa66_p0014;14dcaf15aa66_p0024;14dcaf15aa66_p0030;14dcaf15aa66_p0031;14dcaf15aa66_p0038;14dcaf15aa66_p0039;14dcaf15aa66_p0040;14dcaf15aa66_p0041,"Ihmisen ja koneen välinen viestintä on arkipäiväistynyt digitaalisen tekniikan, tietokoneiden ja internetin kytkeytyessä erottamattomaksi osaksi jokapäiväistä elämää. Ihmiset voivat olla yhä enemmän ja helpommin vuorovaikutuksessa keskenään ja toimia paikasta ja ajasta riippumatta erilaisten ohjelmien ja (mobiili)sovellusten avulla. Tämä merkitsee myös sitä, että vuorovaikutus tekniikan kanssa lisääntyy. Tekstit ja kielelliset elementit ovat olennainen osa teknistä viestintää, ja esimerkiksi eri erikoisalojen termeillä on suuri vastuu merkityksen välittämisessä. Termit ovat myös osa erilaisten tietojärjestelmien, www-pohjaisten sovellusten ja tietokoneohjelmien käytettävyyttä. Esimerkiksi Schmitz (2007: 52) on todennut termien olevan ensisijainen viestinnän ja tiedonsiirron muoto ohjelmistokehittäjien ja loppukäyttäjien välillä. Tä- män takia olemmekin meneillään olevassa tutkimuksessamme kiinnostuneita erityisesti eri alojen termeistä, mutta myös muista kielellisistä ilmaisuista, joita esiintyy käyttö- liittymissä ja jotka saattavat joskus muodostua kompastuskiviksi järjestelmää tai sovellusta käytettäessä.

Tutkimushankkeemme käytännön tavoitteena on sellaisten periaatteiden ja ohjeistojen muodostaminen, joissa huomioidaan aiempaa selkeämmin termien ja muiden kielellisten elementtien valintaa ja muodostamista koskevat seikat. Koska termeillä on tärkeä rooli teknisessä viestinnässä, pohdimme erityisesti sitä, mitä

Lisäksi mahdollisissa virhetilanteissa pitäisi olla selkeät ilmoitukset ja selkeät tavat poistua. Viimeiseksi 5) yleinen tyytyväisyys (satisfaction) huomioi sen, että käytön pitäisi olla käyttäjälle miellyttävä kokemus. ISO-standardi (SFS-EN ISO 9241–11) määrittelee käytettävyyden seuraavasti: ”mitta, miten hyvin määrätyt käyttäjät voivat käyttää tuotetta määrätyssä käyttötilanteessa saavuttaakseen määritetyt tavoitteet tuloksellisesti, tehokkaasti ja miellyttävästi"". ISOstandardi ja Nielsenin (emt.) esittämät käytettävyyden osatekijät sisältävät samoja lopputulokseen liittyviä määreitä: tuloksellisuus, tehokkuus ja miellyttävyys. Lisäksi ISOstandardissa korostuu käytettävyydelle tyypillinen ominaisuus eli käyttäjä- ja tilannekohtaisuus: käytettävyyttä tarkasteltaessa on otettava aina huomioon käyttäjäryhmä ja

käyttötilanne, minkä vuoksi ISO-standardin määritelmä tarjoaa tutkimuksemme kannalta sopivan lähtökohdan käytettävyydelle. 3 Hyvän termin kriteereitä Terminologian alalla – etenkin käytännön sanastotyössä – on pohdittu ns. hyvän termin kriteereitä ja esitetty suosituksia sille, millainen olisi ihanteellinen termi (Nuopponen 2013). Valitsimme lähempään tarkasteluun viisi keskeistä teosta: Sanastotyön käsikirja (1989) edustaa oppaita, Sager, Dungworth ja MacDonald (1980) ja Rondeau (1981) oppikirjoja ja Myking (1997) ja Schmitz (2007) lähinnä tutkimusta. Valitsemamme teokset keskittyvät pitkälti terminmuodostukseen ja siinä yhteydessä ”hyvälle termille” asetettaviin vaatimuksiin. Esimerkiksi Sanastotyön käsikirjan (1989: 73–80) mukaan hyvä termi on läpinäkyvä, johdonmukainen, tarkoituksenmukainen, erottuva, lyhyt, produktiivinen, kieleen sopiva, kielellisesti moitteeton ja omakielinen.

Termin muotoon ja rakenteeseen liittyy myös vaatimus sen kirjoitus- ja äänneasun ja kieliopillisten seikkojen oikeellisuudesta. Monen kielen termejä koskee vaatimus siitä, että hyvästä termistä tulee voida muodostaa johdoksia ja sitä pitää voida taivuttaa. Ilmaisun ekonomiaan eli taloudellisuuteen liittyy tasapainottelu lyhyen, mutta kryptisen lyhennetermin ja pitkän, mutta läpinäkyvän termimuodon ääripäiden välillä. Kirjallisuudessa korostetaankin sitä, että liian pitkien termien vaikeuttaessa viestintää syntyy epävirallisia, lyhyempiä termejä tai lyhenteitä. Termeissä ei tarvita toisteisuutta tai ylimääräisiä osia (Sager ym. 1980: 290–291). 3.2 Termin suhde käsitteeseen Termin suhdetta käsitteeseen voidaan tarkastella kahdesta suunnasta: läpinäkyvyyden ja yksiselitteisyyden näkökul mi sta. Läpi näky vyys (sy n . l äpi kuul tav uus) ky tkey tyy ti i - viisti edellä mainittuun termin muotoon, kun taas yksiselitteisyys liittyy termin ja käsitteen väliseen yhteyteen.

Tarkempaa ohjeistusta termien valintaan ja käyttöön ei ole kuitenkaan yleisiä ohjeita lukuun ottamatta annettu. Johnson (2014: xiii) luettelee keskeisimpiä käyttöliittymäsuunnittelun sääntöjä ja suosituksia 1970-luvulta 2000-luvun alkupuolelle ja toteaa niiden olevan tarkoituksellisesti hyvin yleisiä, jotta ne olisivat mahdollisimman laajasti sovellettavissa. Edellä käsiteltyjen hyvän termin kriteerien tavoin nekin kuvaavat ideaalitilannetta eli päämäärää, johon pyritään. Kirjallisuudessa ei kuitenkaan anneta ohjeistusta siihen, miten päämäärä voitaisiin saavuttaa. (Emt.) Valitsimme tätä artikkelia varten tarkempaan käytettävyyden periaatteiden analyysiin kaksi keskeistä käytettävyys- ja käyttöliittymäsuunnittelukirjallisuuden lähdettä: Nielsen (1993) sekä Shneiderman ja Plaisant (2010), sillä ne sisältävät tunnetuimmat periaatteet (ks. esim. Johnson 2014: xv). Monien muiden vastaavien periaatteiden tavoin ne ovat keskenään hyvin samankaltaisia, vaikka ne ovatkin eri vuosikymmeniltä. Eri

Tällöin on kyse siitä, kuinka hyvin termit soveltuvat tehtäväänsä käyttöliittymäkontekstissa yksinään tai osana ohjeita tai muita tekstejä. Käyttöliittymissä moitteettomuuden ja kieleen sopivuuden vaatimukset eivät aina toteudu ohjelmia käännettäessä ja lokalisoitaessa, mikä saattaa näkyä vaikeasti taivutettavina termeinä tai (tilan puutteen takia) epätavallisesti lyhennettyinä ilmaisuina.

Johdonmukaisuus (consistency) on yksi keskeisimpiä käy ttölii ttymäsuunni ttelun periaatteita, ja lähdekirjallisuudessa se mainitaan omana periaatteenaan, esimerkiksi Shneidermanin ja Plaisantin (2010: 88) ”Strive for consistency”. Sillä tarkoitetaan yhdenmukaista tapaa esittää sekä käyttöliittymän ulkoasuun liittyvät elementit, kuten painikkeet että käyttöliittymän kielelliset elementit, kuten se, mitä painikkeissa lukee. Terminologiseen johdonmukaisuuteen kuuluu siis mitä suuressa määrin se, että pyritään vain yhden termin käyttöön yhdestä käsitteestä (ks. 3.2; 3.4), jolloin käyttöliittymän eri osissa ja ohjeteksteissä käytetään samaa termiä samasta asiasta (Schmitz 2007: 54–55).

Näistä lähtökohdista tulemme jatkamaan tutkimustamme tavoitteenamme luoda terminologisen käytettävyyden periaatteet käyttöliittymien termien ja termimäisten ilmausten valintaan ja muodostamiseen. Lähteet Galitz, Wilbert O. (2007). The Essential Guide to User Interface Design. An Introduction to GUI Design Principles and Techniques. 3. painos. Indianapolis: Wiley Publishing Inc. ISO 9241-11 Standard (1998). Guidance on Usability. Isohella, Suvi & Niina Nissilä (2015). Connecting usability with terminology: Achieving usability by using appropriate terms. Professional Communication Conference (IPCC), 2015 IEEE International. 1–5. Johnson, Jeff (2014). Designing with the Mind in Mind: Simple Guide to Understanding User Interface Design Rule. Burlington: Morgan Kaufmann. Mandel, Theo (1994). The GUI-OOUI War: Windows vs. OS/2, the Designer´s Guide to Human-Computer Interfaces.

Nielsen, Jakob & Rolf Molich (1990). Heuristic evaluation of user interfaces, Proc. ACM CHI'90 Conf. Seattle, WA, 1–5 April, 249–256. Nielsen, Jakob (1993). Usability engineering. San Francisco: Academic Press. Nissilä, Niina & Anita Nuopponen (2012). Terminologin näkökulma synonymiaan. Teoksessa: VAKKIsymposiumi XXXII 11.–12.2.2012. Kielet liikkeessä VAKKI Publications 1, 219–229. Toim. Niina Nissilä & Nestori Siponkoski. Vaasa: Vaasan yliopisto. Nissilä, Niina & Merja Saarenmäki (2016). Termi- ja fraasivalinnat osana opetusalan käyttöliittymän käytettävyyttä. Teoksessa: VAKKI-symposiumi XXXVI 11.–12.2.2016. VAKKI Publicatioins. Toim. Daniel Rellstab & Nestori Siponkoski. Vaasa: Vaasan yliopisto. Nuopponen, Anita (2013). The portrait of a good term on a user interface. Konferenssiesitelmä. 19th European Symposium on Languages for Special Purposes, 8–10 July 2013.

Centre for Translation Studies, University of Vienna, Austria. Rondeau Guy (1981). Introduction á la terminologie. Anjou, Québec, Canada: Centre Educatif et Culturel. Sager, Juan C., David Dungworth & Peter F. McDonald (1980). English Special Languages. Principles and practice in science and technology. Wiesbaden: Brandstetter. Sanastotyön käsikirja. Soveltavan terminologian periaatteet ja työmenetelmät ( 1 9 8 9 ) . T o i m . T e k ni i k a n Sanastokeskus ry. SFS-käsikirja 50. Helsinki: Suomen Standardisoimisliitto SFS, Tekniikan Sanastokeskus. Shneiderman Ben & Catherine Plaisant (2010). Designing the user interface. B o sto n: Pe arso n/Ad diso n Wesley. Schmitz, Klaus-Dirk (2007). Indeterminacy of terms and icons in software localization. Teoksessa: Indeterminacy in Terminology and LSP: Studies in honour of Heribert Picht. xxii, 49–58.

Toim. Bassey Antia. Amsterdam/Philadelphia: John Benjamins Publishing Company. Quesenbery, Whitney (2003). The five dimensions of usability. Teoksessa: Content and Complexity: Information Design in Technical Communication, 75–9 4. To i m. M ic hae l J . Alb e rs & B e th Ma zu r. Mahwah: Lawrence Erlbaum.",outputs/batch1/canonical_text_284/14dcaf15aa66.txt,Suvi Isohella; Anita Nuopponen,2016,VAKKI Publications,,https://www.semanticscholar.org/paper/11c6a0fa8fc166972194899f747f6bd2d3e40b34,DG-C04,3,task | language | software | architecture | domain | specific | tools | user interface | types | modeling | proposed | elements | definitions | principles | provide,Design Guidelines — Design principles and User interface [DG-C04],"Design principles, User interface",Design Guidelines — Design principles and User interface,Provisional interpretation,Assignment frozen; interpretation requires confirmation by at least two reviewers,Contrastive phrase label with source-grounded extractive summary.,Not assigned by Path 1,Not evaluated in this statistical interpretation,Not applicable,Predefined keyword group,Not assigned,BGE-M3 embedding + Spectral clustering,Not assigned,Source-grounded cluster interpretation,not_applicable,,,,-1,0.0,task | language | software | architecture | domain | specific | tools | user interface | types | modeling | proposed | elements | definitions | principles | provide,False,False,0,,,"In this paper the principles of usability and user interface design and those of terminology work are brought together in order to introduce the concept of “terminological usability”. The concept forms a basis for developing an additional method for usability research. As long as there has been technology for man-machine communication, there has also been a variety of design rules and design guidelines to assess the usability of user interfaces. We discuss those rules and guidelines that concern linguistic elements on computer and software user interfaces and contrast them with the principles of a “good term” that can be found in manuals and textbooks for terminology work. Acceptability, consistency and transparency that are shared with both of these approaches are scrutinized more detailed. This paper is part of an ongoing research project that focuses on the usability of user interfaces from terminological perspective.",17.70631,6.1420827,0.1265905499458313,6,6,False,"[{'paper_id': 'c216cc01fe23', 'title': 'A Preliminary Proposal Towards Unambiguous Definitions for Modular Interfaces and Interactions', 'cluster': 3, 'distance': 0.23352569341659546}, {'paper_id': 'b357bc5a3d3b', 'title': 'Towards Canonical Task Types for User Interface Design', 'cluster': 3, 'distance': 0.23353981971740723}, {'paper_id': '48af90d5dfe7', 'title': 'Design Guidelines for Domain Specific Languages', 'cluster': 3, 'distance': 0.23861980438232422}, {'paper_id': 'b14f85b19a87', 'title': 'Design Study Methodology: Reflections from the Trenches and the Stacks', 'cluster': 3, 'distance': 0.2590901851654053}, {'paper_id': '0842498049c7', 'title': 'The Extended Likeability Framework: A Theoretical Framework for and a Practical Case of Designing Likeable Media Applications for Preschoolers', 'cluster': 2, 'distance': 0.2686988115310669}]","In this paper we reflect on our combined experience of conducting twenty-one design studies, as well as reading and reviewing many more, and on an extensive literature review of other field work methods and methodologies. [E1] In this paper we investigate guidelines that are useful for designing domain specific languages, largely based on our experience in developing languages as well as relying on existing guidelines on general purpose (GPLs) and modeling languages. [E2]"
48af90d5dfe7,Design Guidelines,Design Guidelines for Domain Specific Languages,"Designing a new domain specific language is as any other complex task sometimes error-prone and usually time consuming, especially if the language shall be of high-quality and comfortably usable. Existing tool support focuses on the simplification of technical aspects but lacks support for an enforcement of principles for a good language design. In this paper we investigate guidelines that are useful for designing domain specific languages, largely based on our experience in developing languages as well as relying on existing guidelines on general purpose (GPLs) and modeling languages. We defined guidelines to support a DSL developer to achieve better quality of the language design and a better acceptance among its users.",12,12,48af90d5dfe7_p0003;48af90d5dfe7_p0004;48af90d5dfe7_p0005;48af90d5dfe7_p0006;48af90d5dfe7_p0007;48af90d5dfe7_p0008;48af90d5dfe7_p0009;48af90d5dfe7_p0010;48af90d5dfe7_p0017;48af90d5dfe7_p0045;48af90d5dfe7_p0047;48af90d5dfe7_p0048,"During the last years, we developed the frameworks MontiCore [13] and GME [2] which support the deﬁnition of domain speciﬁc languages. Using these frameworks we designed several DSLs for a variety of domains, e.g., a textual version of UML/P notations [17] and a language based on function nets in the automotive domain [5]. We experienced that the design of a new DSL is a diﬃcult task because different people have a varying perception of what a “good” language actually is. This of course also depends on the taste of the developer respectively the users, but there are a number of generally acceptable guidelines that assist in language development, making it more a systematic, methodological task and less an intellectual ad-hoc challenge. In this paper we summarize, categorize, and amend existing guidelines as well as add our new ones assuming that they improve design and usability of future DSLs.

In the following we present general guidelines to be considered for both textual and graphical DSLs with main focus is on the former. The guidelines are discussed sometimes using examples from well-known programming languages or mathematics, because these languages are known best. Depending on the concrete language and the domain these guidelines have to be weighted diﬀerently as there might be diﬀerent purposes, complexity, and number of users of the resulting language. For example, for a rather simple conﬁguration language used in only one project a timely realization is usually more important than the optimization of its usability. Therefore, guidelines must be sometimes ignored, altered, or enforced. Especially quality-assurance guidelines can result in an increased amount of work. While we generally focus in our work on DSLs that are speciﬁcally dedicated to modeling aspects of (software) systems, we believe that these guidelines generally hold for any DSL that embeds a certain degree of complexity.

For programming languages, design guidelines have been intensively discussed since the early 70s. Hoare [8] introduced simplicity, security, fast translation, eﬃcient object code, and readability as general criteria for the design of good languages. Furthermore, Wirth [22] discussed several guidelines for the design of languages and corresponding compilers. The rationale behind most of the guidelines and hints of both articles can be accepted as still valid today, but the technical constraints have changed dramatically since the 70s. First of all, computer power has increased signiﬁcantly. Therefore, speed and space problems have become less important. Furthermore, due to sophisticated tools (e.g., parser generators) the implementation of accompanying tools is often not a necessary part of the language development any more. Of course, both articles [KKP+09] G.

concentrate on programming languages and do not consider the greater variety of domain speciﬁc languages. More recently, authors have also discussed the design of domain speciﬁc modeling languages. General principles for modeling language design were introduced in [14]. These include simplicity, uniqueness, consistency, and scalability, on which we will rely later. However, the authors did not discuss how these higher level principles can be achieved. In [12] certain aspects of the DSL development are explained and some guidelines are introduced. More practical guidelines for implementing DSLs are given in [10]. These focus on how to identify the necessary language constructs to generate full code from models. The authors explain how to provide tool support with the MetaEdit+ environment. [20] explains 12 lessons learned from DSL experiments that can help to improve a DSL.

Although more detailed discussions on explicit guidelines are missing, these lessons embed documented empirical evidence – a documentation that many other discussions, including ours do not have. In [16] the authors introduce a toolset which supports the deﬁnition of DSLs by checking their consistency with respect to several objectives. Language designers can select properties of their DSL to be developed and the system automatically derives other design decisions in order to gain a consistent language deﬁnition. However, the introduced criteria cover only a subset of the decisions to be made and hence, cannot serve as the only criteria for good language design. Quite the contrary, to our experience many design guidelines cannot be translated in automatic measures and thus cannot be checked by a tool.

The various design guidelines we will discuss below, can be organized into several categories. Essentially, these guidelines describe techniques that are useful at diﬀerent activities of the language development process, which range from the domain analysis to questions of how to realize the DSL to the development of an abstract and a concrete syntax including the deﬁnition of context conditions. An alignment of guidelines with the language development activities and the developed artifacts has the advantage that a language designer can concentrate on the respective subset of the guidelines at each activity. This should help identifying and realizing the desired guidelines. Therefore, we decided for a development phase oriented classiﬁcation and identiﬁed the following categories: Language Purpose discusses design guidelines for the early activities of the language development process.

Language Realization introduces guidelines which discuss how to implement the language. Language Content contains guidelines which focus on the elements of a language. Concrete Syntax concentrates on design guidelines for the readable (external) representation of a language. Abstract Syntax concentrates on design guidelines for the internal representation of a language. For each of these categories we will discuss the design guidelines we found useful. Please be aware that the subsequently discussed guidelines sometimes are in conﬂict with each other and the language developer sometimes has to balance them accordingly. Additionally, semantics is explicitly not listed as a separate step as it should be part of the entire development process and therefore has an inﬂuence on all of the categories above.

Language design is not only inﬂuenced by the question of what it needs to describe, but equally important what to do with the language. Therefore, one of the ﬁrst activities in language design is to analyze the aim of the language. Guideline 1: “Identify language uses early.” The language deﬁned will be used for at least one task. Most common uses are: documentation of knowledge (only) and code generation. However, there are a lot more forms of usage: deﬁnition or generation of tests, formal veriﬁcation, automatic analysis of various kinds, conﬁguration of the system at deployment- or run-time, and last but increasingly important, simulation. An early identiﬁcation of the language uses have strong in- ﬂuence on the concepts the language will allow to oﬀer. Code generation for example is not generally feasible when the language embeds concepts of underspeciﬁcation (e.g., nondeterministic Statecharts).

This means, taking the deﬁnition of a language as a starter to develop a new one is better than creating a language from scratch. Both the concrete and the abstract syntax will beneﬁt from this form of reuse. The new language then might retain a look-and-feel of the original, thus allowing the user to easily identify familiar notations. Looking at the abstract syntax of existing languages, one can identify “language pattern” (quite similar to design pattern), which are good guidelines for language design. For example, expressions, primary expressions, or statements have quite a common pattern in all languages. Only if there is no existing language/notation or the disadvantages do not allow using the strategies mentioned above, a standalone realization should be considered. The websites of parser generators like Antlr [1] or Atlantic Zoo [19] are a good starting point for reusing language deﬁnitions.

Other DSLs are used to describe complex systems leading to huge instances. In the former case guidelines which target at compositionality or claim references between ﬁles (e.g., No. 19 and 25) have nearly no validity whereas in the latter example these guidelines are of high importance. However, not only the expected size of the instances can in- ﬂuence the weight of guidelines. Another important aspect is the intended usage of the language. Sometimes DSLs are not executable; they are designed for documentation only. In these cases, the guideline which demands to avoid inef- ﬁcient elements in the language (No. 13) is of course not meaningful. However, for languages which are translated into running code, this is of high importance. A last point we want to discuss here are the costs induced

In this paper 26 guidelines have been discussed that should be considered while developing domain speciﬁc languages. To our experience this set of guidelines is a good basis for developing a language. For space reasons, we restricted ourselves to guidelines for designing the language itself. Other guidelines are needed for successfully integrating DSLs in a software development process, deploying it to new users, and evolving the syntax and existing models in a coherent way. In general, a guideline should not be followed closely, but many of them are proposals as to what a language designer should consider during development. Some of the guidelines have to be discussed in certain domains, because they might not have the same relevance and as discussed many guidelines contradict each other and the language developer has to balance them appropriately.

But generally, the consideration of explicitly formulated guidelines is improving language design. We also think that it is worthwhile to develop much more detailed sets of concrete instructions for particular DSLs. We currently focus on textual languages in the spirit of Java. Although we have compiled this list from literature and our own experience, we are sure that this list is not complete and has to be extended constantly. In addition, guidelines might change during time as developers gather more experience, tools become more elaborate, and taste changes. Maybe some guidelines are not relevant anymore in a few years, as some guidelines from the 1970’s are less important today. Acknowledgment: The work presented in this paper is partly undertaken in the MODELPLEX project. MOD- ELPLEX is a project co-funded by the European Commission under the “Information Society Technologies” Sixth Framework Programme (2002-2006). Information included in this document reﬂects only the authors’ views. The European Community is not liable for any use that may be made of the information contained herein.",outputs/batch1/canonical_text_284/48af90d5dfe7.txt,Gabor Karsai; Holger Krahn; Claas Pinkernell; Bernhard Rumpe; Martin Schindler; Steven Völkel,2014,arXiv.org,,https://www.semanticscholar.org/paper/26640e6ab9ea74e28d9401eaf3f66a78a2ab19b7,DG-C04,3,task | language | software | architecture | domain | specific | tools | user interface | types | modeling | proposed | elements | definitions | principles | provide,Design Guidelines — Design principles and User interface [DG-C04],"Design principles, User interface",Design Guidelines — Design principles and User interface,Provisional interpretation,Assignment frozen; interpretation requires confirmation by at least two reviewers,Contrastive phrase label with source-grounded extractive summary.,Not assigned by Path 1,Not evaluated in this statistical interpretation,Not applicable,Predefined keyword group,Not assigned,BGE-M3 embedding + Spectral clustering,Not assigned,Source-grounded cluster interpretation,not_applicable,,,,-1,0.0,task | language | software | architecture | domain | specific | tools | user interface | types | modeling | proposed | elements | definitions | principles | provide,False,False,0,,,"Designing a new domain specific language is as any other complex task sometimes error-prone and usually time consuming, especially if the language shall be of high-quality and comfortably usable. Existing tool support focuses on the simplification of technical aspects but lacks support for an enforcement of principles for a good language design. In this paper we investigate guidelines that are useful for designing domain specific languages, largely based on our experience in developing languages as well as relying on existing guidelines on general purpose (GPLs) and modeling languages. We defined guidelines to support a DSL developer to achieve better quality of the language design and a better acceptance among its users.",17.488522,4.4652567,0.126295804977417,5,5,False,"[{'paper_id': '14dcaf15aa66', 'title': 'Terminologia kohtaa käytettävyyden. Terminologisen käytettävyyden ydintä rakentamassa', 'cluster': 3, 'distance': 0.23861980438232422}, {'paper_id': '139a1e71d8dc', 'title': 'Separation of Modeling Principles and Design Principles in Enterprise Engineering', 'cluster': 3, 'distance': 0.2434859275817871}, {'paper_id': 'b14f85b19a87', 'title': 'Design Study Methodology: Reflections from the Trenches and the Stacks', 'cluster': 3, 'distance': 0.2568787932395935}, {'paper_id': 'b357bc5a3d3b', 'title': 'Towards Canonical Task Types for User Interface Design', 'cluster': 3, 'distance': 0.25792890787124634}, {'paper_id': '0176348439b8', 'title': 'A Comparative Study of Chinese and American Rural Design Guidelines', 'cluster': 1, 'distance': 0.27341127395629883}]","In this paper we reflect on our combined experience of conducting twenty-one design studies, as well as reading and reviewing many more, and on an extensive literature review of other field work methods and methodologies. [E1] In this paper we investigate guidelines that are useful for designing domain specific languages, largely based on our experience in developing languages as well as relying on existing guidelines on general purpose (GPLs) and modeling languages. [E2]"
615169de6f0e,Design Guidelines,From interaction to trajectories: designing coherent journeys through user experiences,"The idea of interactional trajectories through interfaces has emerged as a sensitizing concept from recent studies of tangible interfaces and interaction in museums and galleries. We put this concept to work as a lens to reflect on published studies of complex user experiences that extend over space and time and involve multiple roles and interfaces. We develop a conceptual framework in which trajectories explain these user experiences as journeys through hybrid structures, punctuated by transitions, and in which interactivity and collaboration are orchestrated. Our framework is intended to sensitize future studies, help distill craft knowledge into design guidelines and patterns, identify technology requirements, and provide a boundary object to connect HCI with Performance Studies.",12,12,615169de6f0e_p0004;615169de6f0e_p0005;615169de6f0e_p0007;615169de6f0e_p0011;615169de6f0e_p0013;615169de6f0e_p0038;615169de6f0e_p0041;615169de6f0e_p0043;615169de6f0e_p0048;615169de6f0e_p0050;615169de6f0e_p0054;615169de6f0e_p0055,"Other experiences have shown how wearable and public displays can enhance amusement rides [24]. These examples illustrate key challenges for designing engaging user experiences that draw together multiple technologies, interfaces, physical artifacts and people into complex structures that extend acr oss space and time. How should HCI engage with these new forms of user experience? What concepts and frameworks are needed to understand and ultimately to design them? This paper develops the concept of trajectories through user experiences as one which has relevance and purchase for HCI in understanding and designing for broader cultural applications. Various notions of trajectory have already emerged from several recent HCI studies. Ethnographic studies of interactive installations in museums and galleries have revealed how visitors attend to the conduct of others and how this may shape th eir trajectory towards an installation [29].

Researchers studying tangible interfaces have argued that the physical design of tangibles must be carefully related to their surrounding environment so as to similarly establish a trajectory of interaction [15]. A study of a touring artwork in which users controlled kaleidoscopic images through physical movements discussed how “common elements, which could be seen to occur in a similar order in each individual encounter” formed an overall “trajectory of interaction” [12]. In a different vein, reflections on a slowly unfolding text messaging game for mobile phones introduced “temporal trajectories” that express mappings between story time and clock time in interactive narrative and helped reason about issues such as episodic engagement and synchronization [5]. It appears then that th e idea of there being trajectories of interaction is gaining some currency within HCI.

user experiences are desi gned and experienced. This enables us to refine the basic idea of trajectories, extending it with greater detail and related concepts to ultimately arrive at a conceptual framework for understanding cultural user experiences. The framework elaborated in this paper is intended to speak to audiences within and outside of HCI: • It offers empirical researchers ‘sensitizing concepts’ [6] to guide their approach to studying user experiences and provide a starting point for interpretation. • It provides practitioners with a framework for compiling and analyzing the extensive cr aft knowledge that already exists among artists and other experience designers. • It helps technology researchers and developers identify requirements for new tools and platforms to support the development and orchestration of future user experiences. • It acts as a boundary object [25] between the disciplines of HCI and performance studies, laying the foundations for a dramaturgy of interactive user experiences.

An ethnographic study documented the design and experience of Desert Rain [20], focusing on how a team of actors and technicians collaboratively orchestrated the experience from behind the scenes. The study described how this team employed various technologies to monitor participants’ actions and subtly intervene when necessary in order to maintain their overall journey through the experience. This included dealing with key moments of transition such as when participants physically regrouped after traversing their rain curtains, and also subtly manipulating participants in the virtual world so as to maintain the pace and schedule of each experience.

As the journey unfolded, street players would be invited to engage with physical locations and props within the city: removing a postcard from a bicycle’s saddlebag; exploring an office; and ultimately getting into a car where a live actor asked th em to make a promise to a stranger. Sometime later, each player received a postcard with the details of a promise made by another player.

First, the design of the virtual world is extended outwards to encompass the space within which it is embedded, i.e., the virtual reality technology is placed in a purpose-built physical set (as we also see with simulator rides at amusement parks). Second, participants are isolated from physical distractions, in this case through the use of fabric cubicles. The switching on of the rain curtain gives an effect of the virtual world suddenly materialising in front of the participant. Finally, participants and actors can physically pass through the curtain, creating the illusion of stepping into and out of the virtual world. In this regard, the rain curtain is an example of a physically traversable interface, other examples of which are discussed in [19]. Temporal transitions between episodes A long-term or ongoing experience such as DoF will involve episodic engagement in which participants repeatedly disengage and reengage.

Limitations in ne twork coverage resulted in participants in Uncle Roy and DoF suffering frequent disconnections. Disconnections may require careful interface design to reveal the state of connectivity to players and orchestrators and to help the latter predict where players might have got to in the meantime. Such gaps in the ubiquitous infrastructure have previously been referred to as seams [9], and various techniques have been proposed in the literature for dealing with them including removal, hiding, managing, revealing and even exploiting them as a resource in the experience [3,9].

Previous work on trajectories in time introduced the term canonical trajectory to describe an author’s intended route and participant trajectory to describe a participant’s actual route [5], terminology that extend to cover all of the aspects of an experience. It is interesting to reflect on which comes first, the experience or the trajectory. Does the artist create a trajectory to shape a subsequent experience or do pa rticipants bring coherent meaning to experiences by reconstructing trajectories? We argue both: that trajectories and experiences are in fact deeply interwoven, with the former both shaping and emerging from the latter through a dialogue between artists and participants, usually across multiple iterations of design, experience and reflection.

Continuity must deal with various transitions, key moments at which trajectories cross the seams in hybrid structures. These must be carefully designed and managed. • Beginnings frame an experience, through attracting attention, admission, briefing and handing over equipment as part of the framing of the experience. • Endings use souvenirs and replay interfaces to support reflection, discussion and sharing memories. • Role transitions and interface transitions also involve handing over equipment and further briefings. • Traversals between physical and virtual worlds are enhanced by matching physical and virtual design and through traversable interfaces. • Temporal transitions between episodes involve periods of disengageme nt and subsequent reengagement and require succinct summaries of missed action. • Transitions into physical resources that cannot easily be reproduced must deal with contention, while transitions across seams must deal with limitations in the underlying technical infrastructure.

How might this conceptual fra mework help researchers and practitioners engage with these new kinds of experience? We now explore four possible uses of our framework, ranging from initial use to support the analysis of existing experiences as part of empirical studies, to potential use in designing new experiences. However, we stress that these various uses may be intertwined in practice; the experiences that we described were all developed in a highly iterative way, with analysis feeding into further (re)design. Providing sensitizing concepts for empirical studies Our initial aim has been to provide empirical researchers with sensitizing concepts to guide studies of user experiences. In the words of Blumer, a sensitizing concept provides a “general sense of reference and guidance in approaching empirical instances” [6]. Or as Bowen has recently put it, they can act as “interpretative devices and a starting point for a qualitative study” [7].

As a vehicle for compiling craft knowledge There is clearly already extensive experience of designing complex user experiences, but much of it remains ‘craft knowledge’, painstakingly acquired by artists, designers and performers over years of practice in which they have iteratively refined their ideas and techniques through multiple projects. Such craft knowledge is currently passed onto the next generation of artists and designers through an apprenticeship model, for example through the common approach of interns working on projects. Our conceptual framework marks the beginning of an attempt to collect and collate such craft knowledge and to distil its key lessons. Even in the relatively short space available in this paper, we have been able to draw together several example experiences embodying a variety of relevant practices, techniques and technologies spanning for example, performance and orchestration; tangible and sp ectator interfaces; and novel spatial and temporal structures.

One use of our conceptual framework is therefore to support the compilation of key techniques and examples, both from practice and the literature, in order to ultimately establish design guidelines or ‘interaction design patterns’ [27] for specific aspects of the user experience. From a research perspective, our framework also integrates concepts from the literature including virtual reality [26], ubiquitous computing [30], mixed reality [22], the temporal aspects of interaction [5], tangible and public interfaces [15], seamful design [9] and interface ecologies [16]. Identifying requirements for new technologies In addition to helping collate existing techniques, reflection on our framework can also reveal gaps where there are requirements for new interaction techniques, tools and platforms. The following are three immediate possibilities. • We currently lack techniques to support the fluid disengagement from and reengagement with ongoing long-term experiences.",outputs/batch1/canonical_text_284/615169de6f0e.txt,"Benford, Steve and Giannachi, Gabriella and Koleva, Boriana and Rodden, Tom",2009,Proceedings of the SIGCHI Conference on Human Factors in Computing Systems,10.1145/1518701.1518812,https://doi.org/10.1145/1518701.1518812,DG-C03,2,experience | visualization | HCI | interaction | users | gratifications | immersive | media | data | aesthetics | participants | techniques | digital | context | theory,Design Guidelines — Information visualization and Interaction design [DG-C03],"Information visualization, Interaction design",Design Guidelines — Information visualization and Interaction design,Provisional interpretation,Assignment frozen; interpretation requires confirmation by at least two reviewers,Contrastive phrase label with source-grounded extractive summary.,Not assigned by Path 1,Not evaluated in this statistical interpretation,Not applicable,Predefined keyword group,Not assigned,BGE-M3 embedding + Spectral clustering,Not assigned,Source-grounded cluster interpretation,not_applicable,,,,-1,0.0,experience | visualization | HCI | interaction | users | gratifications | immersive | media | data | aesthetics | participants | techniques | digital | context | theory,False,False,0,,,"The idea of interactional trajectories through interfaces has emerged as a sensitizing concept from recent studies of tangible interfaces and interaction in museums and galleries. We put this concept to work as a lens to reflect on published studies of complex user experiences that extend over space and time and involve multiple roles and interfaces. We develop a conceptual framework in which trajectories explain these user experiences as journeys through hybrid structures, punctuated by transitions, and in which interactivity and collaboration are orchestrated. Our framework is intended to sensitize future studies, help distill craft knowledge into design guidelines and patterns, identify technology requirements, and provide a boundary object to connect HCI with Performance Studies.",16.310247,6.6578074,0.08276164531707764,1,1,True,"[{'paper_id': '65c31c577170', 'title': 'The Rough Mile: Testing a Framework of Immersive Practice', 'cluster': 2, 'distance': 0.1958785057067871}, {'paper_id': '75f43821c56f', 'title': 'Towards a Model of Information Aesthetics in Information Visualization', 'cluster': 2, 'distance': 0.2299025058746338}, {'paper_id': 'b357bc5a3d3b', 'title': 'Towards Canonical Task Types for User Interface Design', 'cluster': 3, 'distance': 0.23187732696533203}, {'paper_id': 'c216cc01fe23', 'title': 'A Preliminary Proposal Towards Unambiguous Definitions for Modular Interfaces and Interactions', 'cluster': 3, 'distance': 0.23506224155426025}, {'paper_id': 'b14f85b19a87', 'title': 'Design Study Methodology: Reflections from the Trenches and the Stacks', 'cluster': 3, 'distance': 0.23565351963043213}]","Our framework is intended to sensitize future studies, help distill craft knowledge into design guidelines and patterns, identify technology requirements, and provide a boundary object to connect HCI with Performance Studies. [E1] We argue that U&G is a good approach to researching likeability of media applications. [E2]"
65c31c577170,Design Guidelines,The Rough Mile: Testing a Framework of Immersive Practice,"We present our case study on gifting digital music, The Rough Mile, as an example of a Framework of Immersive Practice, intended for researchers and practitioners in HCI and interaction design. Although immersion is a frequently used term in the HCI and related literatures, we find no definitions or frameworks that are robust enough to capture the full range of multi-sensory, emotional, and cognitive engagement that the richest of these experiences can entail. We therefore turn to the theatrical performance literature to distil a theory-based framework of practices that can apply to interdisciplinary projects as well as works with an entirely aesthetic aim. The design choices and findings of The Rough Mile are presented in terms of this framework, leading to a discussion of the design guidelines that can shape its use in any HCI or interaction design project aiming for a deep, personal engagement through technology.",12,12,65c31c577170_p0003;65c31c577170_p0011;65c31c577170_p0016;65c31c577170_p0017;65c31c577170_p0018;65c31c577170_p0025;65c31c577170_p0030;65c31c577170_p0032;65c31c577170_p0039;65c31c577170_p0056;65c31c577170_p0060;65c31c577170_p0063,"This paper describes the way in which we designed an experience f or gifting digital music according to practices and theories of immersive theatre. The Rough Mile is a two-part locative audio experience for pairs of friends to undertake; in the first part they select songs to give to each other, and in the second part t hey experience each other’s gifts. We present a definition of immersion and a framework of immersive practices for HCI and interaction design researchers to explore and modify. Critically, this framework applies to practices that lead to immersion in any number of contexts rather than practices of immersive theatre per se: the framework and definition can apply to a range of interdisciplinary projects. The Rough Mile is presented in relation to each element of the framework, from design to findings to discu ssion, showing how the framework can guide and illuminate design research into complex, valuable, and personally meaningful experiences .

17, 20, 35, 43]. Thus immersive theatre suggests possibilities for interactive experiences that deal with feeling and meaning. To guide our discussion of imm ersive theatre, we use its three ‘central features’ as described by Machon [24, p. 71], extended with the most relevant ‘elements that are identifiable within any immersive experience’ [24, p. 93] in contrast to ‘traditional’ Western theatre, which situates its audience in fixed positions in a darkened room watching a distant stage [24, pp. 54 -55]. We have selected Machon’s central and key elements and arranged them into four categories consistent with common concerns within HCI and interaction design. They provide reference points for how immersive theatre produces an ‘experiential’ interaction that puts ‘the audience at the heart of the work’ [24, p. 22] and ‘moulds them as co -authors of their experience’ [24, p.

An example is Punchdrunk’s The Drowned Man , with its key elements of dramaturgy, dance, and architecture, and giving audiences strict instructions along with a mask they are required to wear at all times. Their intentions and expertise generally go unquestioned. The framework that we have created based on Machon’s elements of immersive theatre not only structures the properties that constitute immersive theatre, but also covers a wide range of immersive practices that can guide work within interaction and exp erience design that aims towards the ‘immersive’. The categories of audience involvement, the sensual world, space/place, and context can provide much-needed organisation for design strategies that are currently thought of in terms of ill -defined ideas of ‘engagement’ or ‘presence’. The categories of immersion and examples of their use from the performance literature provide clear evidence of how to create sensory and emotional involvement in a designed experience.

For example, the first three categories ca n help specify mechanisms for moving from Brown and Cairns’s ‘engagement’ to ‘engrossment’ and finally ‘total immersion’ [9], while the ‘context’ category addresses conflicts between the game world and the real wo rld described by Waern et al [39 ]. Along wi th this framework, we propose our own tentative definition of immersion, based in the theatrical performance literature but attuned to the needs of the HCI and interaction design communities: Immersion is a range of internally felt states in response to a designed event marked by an engagement on cognitive, emotional, and physical levels that focuses the participant’s attention to the exclusion of everyday concerns . To elaborate on this definition, we turn now to our case study, The Rough Mile (2016). We wi ll map our design

Our intention at the outset of the design process was to create an engaging, meaningful experience for people to gift digital music to each other. Our engagement with the literature on gifting in HCI and interaction design is outside the scope of this paper: we briefly note our reliance on previous work inc luding [3, 5, 14, 15, 21, 23, 26, 27, 31, 32, 33, 37]. As the sharing of digital music files is not generally construed as an emotionally meaningful giftgiving process, at least in comparison to the exchange of physical gifts [23, p. 957], we made it our primary objective to heighten the emotional experience of the process of exchanging digital music. To help guide our design of this ephemeral gift -giving experience, we turned to the immersive theatre practices d iscussed above. The Rough Mile was a two -part experience for pairs of friends, consisting of a pre -defined adaptive audio walk around a city centre.

Thus while our design process was entir ely site - specific, it was not ‘about’ this site; rather, it moved participants gently through an engagement with details found in the site. Audience Involvement : Bodies Participants had a busy city centre to navigate, a storyline to follow, and countless sounds, smells, and sights to take in. We deliberately drew their attention to their own physical engagement with the world while giving them a storyline and background m usic that would influence their emotions towards their friend before asking them which songs they would like to give. In this we followed the advice of Lois Weaver, whose performance On the Scent (2003) solicited personal responses from participants. She used questions about homesickness that caused them mentally and emotionally to ‘leave the room for a moment… giv[ing] them little pathways that trigger memories or that inspire them’ rather than asking them ‘immediately’ and directly [19, p.

To design for this ‘sensory intellect’ between ‘reality’ and ‘unreality’, we used the combination of sound, site and context (described below) to put participants into an emotional state and frame of mind that was relaxed, generated concern for another person’s well -being, and brought their friend to mind in spe cific contexts. For example, after walking uphill on a deserted back street while listening to the difficulties the main character had faced growing up, participants came to a tram stop and were asked to imagine any place in the world they wished the tram could take them to, along with their friend. The mild difficulty of scaling the hill and their concern or pity for the character could put the participant in a mood to escape and find relief. Then, when picturing their friend in this ideal location, they w ere asked to choose a song their friend would listen to in that place.

She was also the story’s narrator, adding to the blurring of lines betwe en fact and fiction [6] in the contract for participation. Even though participants were fully informed of the nature of the research, no HCI -style ethics contract could prepare them in advance for what might emerge [8, p. 18] such as how deeply they would engage with the task of choosing songs. Additionally, they had to negotiate how to react when, in interviews or recorded responses, their friend disclosed information about them. These elements are all implied in any contract for participation when partic ipation covers potentially personal information. Context: Interdisciplinarity This project drew on working knowledge of HCI and interaction design, theatrical performance, locative audio, ethnography, and software development. This interdisciplinarity was particularly evident before and after Parts 1 and 2, where we prepared participants for their experience and then interviewed them.

One finding that flew in the face of our design intentions and expectations was the role of the live performers. The most common response was negative, with 14 participants objecting to the rupture in their immersion. Only three were unequivocally positive about them. One lesson to be drawn from this finding is, paradoxically, not to privilege live interaction amongst practices based on immersive theatre. Just as Cardiff’s The Missing Voice and Mercuriali’s Wondermart are understood as immersive theatre without a physically co -present performer, most participants felt that The Rough Mile involved them sufficiently deeply through our technologically mediated immersive practices. Audience Involvement: Formation The Rough Mile participants were physically alone (in a dense urban space) yet remained very aware of their friend’s presence nearby.

1553]. The rest of our findings are similarly fluid, with experiences of Part 1 clearly shaping perceptions of Part 2 and vice versa. While categories are good for explaining, the most important implication for designers is to aim for the combinations, even the convolutions, tha t might come from a complex and complementary set of design choices. Among other benefits, it allows for participants with different attitudes and expectations to come away with something valuable based on their unique reactions to such a complex situation . Exploit the power of forming audiences based on relationships: Our next point is the power of ‘audience formation’, or the relationships among participants. In the most common performance paradigm, audience members cannot be assumed to be acquainted with each other. Experience design is not bound by this paradigm, though, and is particularly well equipped to address specified user groups, even pairs of friends.

Each participant’s friend was enormously important to the experience, including to some degree its immersivity, yet this internally experienced relationship with another interactant is (to the best of our knowledge) not currently theorised. One implication is that a participant might experience The Rough Mile multiple times with different friends and have a different experience each time, adding value to repeat ‘performance s’ on the basis of audience relationships . Use audio as a starting point for multisensory immersion: Finally, this framework directs attention to the creators as well as the participants in an immersive project. It is difficult to discuss intention and expertise in general terms, especially in relation to the work of other researchers. However , we believe we can make some useful assertions about ours in relation to the Riot!

We believe that references to ‘immersion’ in the HCI literature would benefit from a shared definition and framework for understanding what is or can be implied by the term. Based upon our experience of creating and reflecting upon an immersive locative audio piece using a framework of immersive practices based on Machon’s study of immersive theatre [24], we feel ready to propose that framework (see Figure 1) and the resulting definition for use in the HCI community. We hope that other HCI and interaction desi gn researchers will take up the opportunity to hone and develop them further using a range of different interactive technologies, as the resulting knowledge might helpfully bridge some of the many gaps between artistic/aesthetic practice and the concerns o f the HCI community. The framework might also be applied retrospectively to existing work, to tease out a finer level of granularity of the user’s experience.",outputs/batch1/canonical_text_284/65c31c577170.txt,"Spence, Jocelyn and Hazzard, Adrian and McGrath, Sean and Greenhalgh, Chris and Benford, Steve",2017,Proceedings of the 2017 Conference on Designing Interactive Systems,10.1145/3064663.3064756,https://doi.org/10.1145/3064663.3064756,DG-C03,2,experience | visualization | HCI | interaction | users | gratifications | immersive | media | data | aesthetics | participants | techniques | digital | context | theory,Design Guidelines — Information visualization and Interaction design [DG-C03],"Information visualization, Interaction design",Design Guidelines — Information visualization and Interaction design,Provisional interpretation,Assignment frozen; interpretation requires confirmation by at least two reviewers,Contrastive phrase label with source-grounded extractive summary.,Not assigned by Path 1,Not evaluated in this statistical interpretation,Not applicable,Predefined keyword group,Not assigned,BGE-M3 embedding + Spectral clustering,Not assigned,Source-grounded cluster interpretation,not_applicable,,,,-1,0.0,experience | visualization | HCI | interaction | users | gratifications | immersive | media | data | aesthetics | participants | techniques | digital | context | theory,False,False,0,,,"We present our case study on gifting digital music, The Rough Mile, as an example of a Framework of Immersive Practice, intended for researchers and practitioners in HCI and interaction design. Although immersion is a frequently used term in the HCI and related literatures, we find no definitions or frameworks that are robust enough to capture the full range of multi-sensory, emotional, and cognitive engagement that the richest of these experiences can entail. We therefore turn to the theatrical performance literature to distil a theory-based framework of practices that can apply to interdisciplinary projects as well as works with an entirely aesthetic aim. The design choices and findings of The Rough Mile are presented in terms of this framework, leading to a discussion of the design guidelines that can shape its use in any HCI or interaction design project aiming for a deep, personal engagement through technology.",16.206465,7.2479777,0.12693166732788086,4,4,False,"[{'paper_id': '615169de6f0e', 'title': 'From interaction to trajectories: designing coherent journeys through user experiences', 'cluster': 2, 'distance': 0.1958785057067871}, {'paper_id': '0842498049c7', 'title': 'The Extended Likeability Framework: A Theoretical Framework for and a Practical Case of Designing Likeable Media Applications for Preschoolers', 'cluster': 2, 'distance': 0.2493535280227661}, {'paper_id': 'c216cc01fe23', 'title': 'A Preliminary Proposal Towards Unambiguous Definitions for Modular Interfaces and Interactions', 'cluster': 3, 'distance': 0.2938602566719055}, {'paper_id': 'd0a17557440f', 'title': 'Avoiding virtual dystopia: A design theory for emancipatory participatory immersive platforms', 'cluster': 2, 'distance': 0.294317364692688}, {'paper_id': 'b14f85b19a87', 'title': 'Design Study Methodology: Reflections from the Trenches and the Stacks', 'cluster': 3, 'distance': 0.30125170946121216}]","Our framework is intended to sensitize future studies, help distill craft knowledge into design guidelines and patterns, identify technology requirements, and provide a boundary object to connect HCI with Performance Studies. [E1] We argue that U&G is a good approach to researching likeability of media applications. [E2]"
75f43821c56f,Design Guidelines,Towards a Model of Information Aesthetics in Information Visualization,"This paper proposes a model of information aesthetics in the context of information visualization. It addresses the need to acknowledge a recently emerging number of visualization projects that combine information visualization techniques with principles of creative design. The proposed model contributes to a better understanding of information aesthetics as a potentially independent research field within visualization that specifically focuses on the experience of aesthetics, dataset interpretation and interaction. The proposed model is based on analysing existing visualization techniques by their interpretative intent and data mapping inspiration. It reveals information aesthetics as the conceptual link between information visualization and visualization art, and includes the fields of social and ambient visualization. This model is unique in its focus on aesthetics as the artistic influence on the technical implementation and intended purpose of a visualization technique, rather than subjective aesthetic judgments of the visualization outcome. This research provides a framework for understanding aesthetics in visualization, and allows for new design guidelines and reviewing criteria.",12,12,75f43821c56f_p0002;75f43821c56f_p0004;75f43821c56f_p0005;75f43821c56f_p0006;75f43821c56f_p0007;75f43821c56f_p0008;75f43821c56f_p0014;75f43821c56f_p0016;75f43821c56f_p0017;75f43821c56f_p0025;75f43821c56f_p0030;75f43821c56f_p0032,"Information visualization has recently emerged as an independent research field which aims to amplify cognition by developing effective visual metaphors for mapping abstract data [1]. The design of such effective data representations are generally supported by insights from visual cognition and perception research [2], as well as taxonomies which match data types to the most effective mapping technique [3, 4]. Some researchers have suggested that information visualization may be further augmented by engaging in an interdisciplinary discourse with design and art communities, or vice versa, and have proposed that artistic expression can be effectively supported by better understanding existing information visualization techniques [5-7]. Driven by a parallel stream of independent designers and artists, an increasing number of such visualization art (or data art) works have emerged that aim to express the subjective experience of our information society by artistically motivated but datadriven visual forms [8].

Aesthetics has already been discussed as a key factor in several subfields of information visualization. This is reflected in ambient visualization – informative displays communicating information in the periphery of attention – which explicitly recommends aesthetics as a method to ensure displays remain unobtrusive in the physical settings in which they are placed [10]. Metrics for aesthetics have also been defined in the field of graph drawing, in terms of readability, such as minimising the number of edge crossings or maximising symmetry [11]. In the context of industrial design, the scientific discipline of engineering aesthetics proposes more rigorous empirical methods for evaluating aesthetics. It aims to systematically identify how people’s multiple senses work together to form aesthetic judgements to assess the potential su ccess of products in the marketplace [12].

In this research, ‘aesthetics’ is used to refer to the degree of artistic influence on the visualization technique and the amount of interpretative engagement which it facilitates. This is in contrast with ‘aesthetics’ as the visual appeal and quality of visual artefacts, which largely depends on human subjective judgment. To the best of our knowledge, the term ‘information aesthetics’ was first used by Bense (cited [16]) to refer to a quantitative measure of aesthetics according to the information content of an image’s constituent parts. More recently, Manovich [8] used the term ‘info-aesthetics’ to refer to an emerging theoretical concept which reflects digital society through digital interfaces. This paper uses ‘information aesthetics’ in the context of visualization only, while ‘information aesthetic visualization’ refers to visualization techniques demonstrating both artistic and informative value.

The following factors have facilitated the r ecent growth and importance of information visualization, & in particular, information aesthetics, in popular culture. Software Availability. A number of applications have recently emerged that specialise in the production of complex visual artefacts. Designed for creative individuals, the intuitive visual programming interfaces employed 1 have resulted in a process of programming which resembles sketching. This allows designers to realise their ideas in a direct and iterative way, using highlevel technical sophistication without requiring a full understanding of complex configuration issues. Some applications are supported by a growing online community who encourage creativity and sharing. Dataset Availability. The Internet has made the individual creation, collection and sharing of data easier.

Next to personal content creation, the Freedom of Information legislation has allowed the public to gain access to previously unattainable government and corporation data. Non-government-organisations have started to collect and expose data as a means of provoking and persuading opinions in relevant cultural issues. Several involuntary leaks have led to the exposure of proprietary, sensitive data. Internet Speed & Distribution. The capabilities related to increasing Internet bandwidth have allowed data to become more accessible. This availability is not limited to raw datasets as new interfaces have been created that allow interactive access to large sets of information. Online software ‘mash-ups’ are becoming more common, bringing together distributed data sources into common, highly interactive interfaces. Interdisciplinary Skills. Design students, from digital media to architecture, are increasingly exposed to crossdisciplinary knowledge such as programming and interface techniques, supplementing creative design experience with state-of-the-art computer science skills. An emerging group of visualization designers wish to cross boundaries

1 For example: Max/MSP (cycling74.com), Virtools (virtools.com), VVVV (vvvv.org), Processing (processing.org). between fields, by inventing, designing and prototyping novel techniques. Evolving Aesthetics. Evolving forms of aesthetics are emerging, especially driven and appreciated by online media, exploiting visual appeal to entice users. New visual forms are created as a result of designers attempting to out-do each other, in a never-ending quest for the most impressive design portfolios.

The proposed model of information aesthetics is defined by two characteristics which highlight the relationship between what a visualization facilitates and the means by which it achieves this. In other words, information aesthetics is analysed from an information visualization perspective, in terms of functionality and effectiveness, and from visualization art, in terms of artistic influence and meaningfulness. Two factors define the model: data focus and mapping technique (Figure 3). Mapping technique is determined through observations made in terms of what methods of representation have been used to map the data into visual form. Data focus is determined by observing how the visualisation facilitates knowledge acquisition. This model is based on objective observations rather than an examination of creators’ intentions, as we have found that textual descriptions of a visualization’s intentions do not always match the final outcomes, as its purpose is not always fully realised.

3.2.1. Mapping Technique: Direct vs Interpretive. Mapping technique is a concept which describes the methods employed by a visualization creator to represent an abstract dataset. It is the process of translating data values to a visual representation. The focus on direct mapping is generally driven by standards learnt from visual cognition research, including Gestalt rules and perception psychology [2], and guidelines which determine which representations are most ideal depending on data type [4]. The use of more systematic mapping techniques is prevalent in visualization which focuses on direct representations. However, this model does not define direct mapping as a one-to-one correlation between data and representation as created by a computational algorithm. Rather, visualization techniques which employ direct mapping are inversible. That is, a user is able to infer underlying data values from the visual representation.

On the other hand, mappings which involve subjective decisions and stylistic influences are highly interpretive. The visualization design may be stylised, adopted from cross-disciplinary inspirations. Such more subjective mapping techniques can be characterised in their inability to be inversed. That is, users perceiving the visualization have more difficulty in comprehending underlying data values or patterns.

Visualization art techniques often tend to employ ambiguous and interpretive mapping methods in order to facilitate the expression of some underlying message extrinsic to the data, by engaging the user and provoking personal reflection [23]. Their data mappings are also often highly arbitrary or subjective, and not linked to effective visual perception guidelines as in information visualization. Instead, visualization art focuses on novel techniques for mapping data, or appropriating existing methods, but mostly with the aim to provoke open interpretation, facilitating the expression of meaning underlying the data rather than the presentation of patterns. Some visualization art techniques employ novel data metaphors in order to elicit curiosity and personal engagement. Other techniques r e-contextualise existing data mapping methods taken from information visualization to question its ‘scientific’ credibility and power to sway human opinions and attitudes.

However, the misuse of such approaches may endanger the trustworthiness of the visualization field as a whole, but at the same time demonstrates new potential avenues in visualization research. By considering cross-disciplinary influences, information visualization can allow for highlevel interpretations of ever-more complex datasets.

More specifically, our model analyses the intent (i.e. meaning) of a specific technique, and the mechanics (i.e. data mapping) that it uses to accomplish this. More detailed user studies to assess the influence of these two subjective qualities form future work. This paper demonstrates how information aesthetics can be interpreted beyond the simple notion of subjective appeal, and that different degrees of information aesthetic quality exist. The proposed model creates an opportunity for a cross-disciplinary community of researchers and artists to develop design guidelines and more accurate reviewing criteria for information aesthetics, and provides an initial framework for understanding aesthetics in information visualization.",outputs/batch1/canonical_text_284/75f43821c56f.txt,A. Lau; A. Vande Moere,2007,,10.1109/IV.2007.114,,DG-C03,2,experience | visualization | HCI | interaction | users | gratifications | immersive | media | data | aesthetics | participants | techniques | digital | context | theory,Design Guidelines — Information visualization and Interaction design [DG-C03],"Information visualization, Interaction design",Design Guidelines — Information visualization and Interaction design,Provisional interpretation,Assignment frozen; interpretation requires confirmation by at least two reviewers,Contrastive phrase label with source-grounded extractive summary.,Not assigned by Path 1,Not evaluated in this statistical interpretation,Not applicable,Predefined keyword group,Not assigned,BGE-M3 embedding + Spectral clustering,Not assigned,Source-grounded cluster interpretation,not_applicable,,,,-1,0.0,experience | visualization | HCI | interaction | users | gratifications | immersive | media | data | aesthetics | participants | techniques | digital | context | theory,False,False,0,,,"This paper proposes a model of information aesthetics in the context of information visualization. It addresses the need to acknowledge a recently emerging number of visualization projects that combine information visualization techniques with principles of creative design. The proposed model contributes to a better understanding of information aesthetics as a potentially independent research field within visualization that specifically focuses on the experience of aesthetics, dataset interpretation and interaction. The proposed model is based on analysing existing visualization techniques by their interpretative intent and data mapping inspiration. It reveals information aesthetics as the conceptual link between information visualization and visualization art, and includes the fields of social and ambient visualization. This model is unique in its focus on aesthetics as the artistic influence on the technical implementation and intended purpose of a visualization technique, rather than subjective aesthetic judgments of the visualization outcome. This research provides a framework for understanding aesthetics in visualization, and allows for new design guidelines and reviewing criteria.",15.685919,6.3103805,0.12448751926422119,2,2,True,"[{'paper_id': 'b14f85b19a87', 'title': 'Design Study Methodology: Reflections from the Trenches and the Stacks', 'cluster': 3, 'distance': 0.21526455879211426}, {'paper_id': 'ee0a5b26f6dc', 'title': 'Formalizing Visualization Design Knowledge as Constraints: Actionable and Extensible Models in Draco', 'cluster': 0, 'distance': 0.2180503010749817}, {'paper_id': '615169de6f0e', 'title': 'From interaction to trajectories: designing coherent journeys through user experiences', 'cluster': 2, 'distance': 0.2299025058746338}, {'paper_id': '00d7fbafe65f', 'title': 'Demystifying Tacit Knowledge in Graphic Design: Characteristics, Instances, Approaches, and Guidelines', 'cluster': 0, 'distance': 0.23878008127212524}, {'paper_id': 'b357bc5a3d3b', 'title': 'Towards Canonical Task Types for User Interface Design', 'cluster': 3, 'distance': 0.26307225227355957}]","Our framework is intended to sensitize future studies, help distill craft knowledge into design guidelines and patterns, identify technology requirements, and provide a boundary object to connect HCI with Performance Studies. [E1] We argue that U&G is a good approach to researching likeability of media applications. [E2]"
85ba95ab4fa0,Design Guidelines,"Six Guidelines for Trustworthy, Ethical and Responsible Automation Design","Calibrated trust in automated systems (Lee and See 2004) is critical for their safe and seamless integration into society. The common goal of the various definitions of calibrated trust1 is to optimize outcomes in human-automation interaction. In other words, users should only rely on a system recommendation when it is actually correct and reject it when it is factually wrong. One requirement to achieve this goal is an accurate trustworthiness assessment, ensuring that the user's perception of the system's trustworthiness aligns with its actual trustworthiness, allowing users to make informed decisions about the extent to which they can rely on the system (Schlicker et al. 2022). The field of pragmatics offers valuable insights into the communication processes essential for developing accurate trustworthiness assessments by helping to find strategies to bridging the gap between user expectations and system capabilities, emphasizing the importance of context and mutual understanding in communication. We propose six design guidelines to help designers to optimize for accurate trustworthiness assessments, thus fostering ethical, and responsible human-automation interactions. The proposed guidelines are derived from existing literature in various fields, such as human-computer interaction, cognitive psychology, automation research, user-experience design, and ethics. We are incorporating key principles from the field of pragmatics, specifically the cultivation of common ground (H. H. Clark 1996) and Gricean communication maxims (Grice 1975). These principles are essential for the design of automated systems because the user’s perception of the system’s trustworthiness is shaped by both environmental contexts, such as organizational culture or societal norms, and by situational context, including the specific circumstances or scenarios in which the interaction occurs (Hoff and Bashir 2015). Pragmatics principles provide valuable insights into these contexts, thus enhancing our understanding and design of trustworthy systems. Our proposed guidelines provide actionable insights for designers to create automated systems that make relevant trustworthiness cues available. This would ideally foster calibrated trust and more satisfactory, productive, and safe interactions between humans and automated systems. Furthermore, the proposed heuristics might work as a tool for evaluating to what extent existing systems enable users to accurately assess a system’s trustworthiness. © 2025, CC BY-NC-ND.",12,3,85ba95ab4fa0_p0001;85ba95ab4fa0_p0002;85ba95ab4fa0_p0003,"We are incorporating key principles from the field of pragmatics, specifically the cultivation of common ground (H. H. Clark 1996) and Gricean communication maxims (Grice 1975). These principles are essential for the design of automated systems because the user’s perception of the

Maxim of Relation: Be relevant. Make your contribution relevant to the conversation. Maxim of Manner: Be clear. Avoid ambiguity and obscurity; be brief and orderly. We argue that by adhering to the maxims of Quality, Quantity, Relation, and Manner, designers

Guideline 1 - Allow verification of automation operation Guideline 2 - Explain automation actions Guideline 3 - Convey automation uncertainty Guideline 4 - Provide methods to recover from automation errors Guideline 5 - Design automation to conform with social norms and etiquette Guideline 6 - Provide automation training",outputs/batch1/canonical_text_284/85ba95ab4fa0.txt,"Jelínek, Matouš ; Schlicker, Nadine ; de Visser, Ewart",2025,arXiv,10.48550/arXiv.2508.02371,,DG-C04,3,task | language | software | architecture | domain | specific | tools | user interface | types | modeling | proposed | elements | definitions | principles | provide,Design Guidelines — Design principles and User interface [DG-C04],"Design principles, User interface",Design Guidelines — Design principles and User interface,Provisional interpretation,Assignment frozen; interpretation requires confirmation by at least two reviewers,Contrastive phrase label with source-grounded extractive summary.,Not assigned by Path 1,Not evaluated in this statistical interpretation,Not applicable,Predefined keyword group,Not assigned,BGE-M3 embedding + Spectral clustering,Not assigned,Source-grounded cluster interpretation,not_applicable,,,,-1,0.0,task | language | software | architecture | domain | specific | tools | user interface | types | modeling | proposed | elements | definitions | principles | provide,False,False,0,,,"Calibrated trust in automated systems (Lee and See 2004) is critical for their safe and seamless integration into society. The common goal of the various definitions of calibrated trust1 is to optimize outcomes in human-automation interaction. In other words, users should only rely on a system recommendation when it is actually correct and reject it when it is factually wrong. One requirement to achieve this goal is an accurate trustworthiness assessment, ensuring that the user's perception of the system's trustworthiness aligns with its actual trustworthiness, allowing users to make informed decisions about the extent to which they can rely on the system (Schlicker et al. 2022). The field of pragmatics offers valuable insights into the communication processes essential for developing accurate trustworthiness assessments by helping to find strategies to bridging the gap between user expectations and system capabilities, emphasizing the importance of context and mutual understanding in communication. We propose six design guidelines to help designers to optimize for accurate trustworthiness assessments, thus fostering ethical, and responsible human-automation interactions. The proposed guidelines are derived from existing literature in various fields, such as human-computer interaction, cognitive psychology, automation research, user-experience design, and ethics. We are incorporating key principles from the field of pragmatics, specifically the cultivation of common ground (H. H. Clark 1996) and Gricean communication maxims (Grice 1975). These principles are essential for the design of automated systems because the user’s perception of the system’s trustworthiness is shaped by both environmental contexts, such as organizational culture or societal norms, and by situational context, including the specific circumstances or scenarios in which the interaction occurs (Hoff and Bashir 2015). Pragmatics principles provide valuable insights into these contexts, thus enhancing our understanding and design of trustworthy systems. Our proposed guidelines provide actionable insights for designers to create automated systems that make relevant trustworthiness cues available. This would ideally foster calibrated trust and more satisfactory, productive, and safe interactions between humans and automated systems. Furthermore, the proposed heuristics might work as a tool for evaluating to what extent existing systems enable users to accurately assess a system’s trustworthiness. © 2025, CC BY-NC-ND.",17.972963,5.6319604,0.14242571592330933,7,7,False,"[{'paper_id': '139a1e71d8dc', 'title': 'Separation of Modeling Principles and Design Principles in Enterprise Engineering', 'cluster': 3, 'distance': 0.25863373279571533}, {'paper_id': '14dcaf15aa66', 'title': 'Terminologia kohtaa käytettävyyden. Terminologisen käytettävyyden ydintä rakentamassa', 'cluster': 3, 'distance': 0.27027803659439087}, {'paper_id': '48af90d5dfe7', 'title': 'Design Guidelines for Domain Specific Languages', 'cluster': 3, 'distance': 0.2743294835090637}, {'paper_id': 'b357bc5a3d3b', 'title': 'Towards Canonical Task Types for User Interface Design', 'cluster': 3, 'distance': 0.2796440124511719}, {'paper_id': 'c216cc01fe23', 'title': 'A Preliminary Proposal Towards Unambiguous Definitions for Modular Interfaces and Interactions', 'cluster': 3, 'distance': 0.28903812170028687}]","In this paper we reflect on our combined experience of conducting twenty-one design studies, as well as reading and reviewing many more, and on an extensive literature review of other field work methods and methodologies. [E1] In this paper we investigate guidelines that are useful for designing domain specific languages, largely based on our experience in developing languages as well as relying on existing guidelines on general purpose (GPLs) and modeling languages. [E2]"
866322a64dc5,Design Guidelines,Healthy Eating Design Guidelines for School Architecture,"We developed a new tool, Healthy Eating Design Guidelines for School Architecture, to provide practitioners in architecture and public health with a practical set of spatially organized and theory-based strategies for making school environments more conducive to learning about and practicing healthy eating by optimizing physical resources and learning spaces. The design guidelines, developed through multidisciplinary collaboration, cover 10 domains of the school food environment (eg, cafeteria, kitchen, garden) and 5 core healthy eating design principles. A school redesign project in Dillwyn, Virginia, used the tool to improve the schools’ ability to adopt a healthy nutrition curriculum and promote healthy eating. The new tool, now in a pilot version, is expected to evolve as its components are tested and evaluated through public health and design research.",12,0,,,outputs/batch1/canonical_text_284/866322a64dc5.txt,T. Huang; D. S√∏rensen; Steven Davis; L. Frerichs; Jeri Brittin; Joseph Celentano; Kelly Callahan; M. Trowbridge,2013,Preventing Chronic Disease,,https://www.semanticscholar.org/paper/8cf045de91534b74094162cb036d8acb5a6c74c4,DG-C02,1,rural | user | geo-portals | development | sidewalks | user experience | planning | rural development | map-based | requirements | people | experience | map-based geo-portals | village | factors,Design Guidelines — Rural design guidelines and User experience [DG-C02],"Rural design guidelines, User experience",Design Guidelines — Rural design guidelines and User experience,Provisional interpretation,Assignment frozen; interpretation requires confirmation by at least two reviewers,Contrastive phrase label with source-grounded extractive summary.,Not assigned by Path 1,Not evaluated in this statistical interpretation,Not applicable,Predefined keyword group,Not assigned,BGE-M3 embedding + Spectral clustering,Not assigned,Source-grounded cluster interpretation,not_applicable,,,,-1,0.0,rural | user | geo-portals | development | sidewalks | user experience | planning | rural development | map-based | requirements | people | experience | map-based geo-portals | village | factors,False,False,0,,,"We developed a new tool, Healthy Eating Design Guidelines for School Architecture, to provide practitioners in architecture and public health with a practical set of spatially organized and theory-based strategies for making school environments more conducive to learning about and practicing healthy eating by optimizing physical resources and learning spaces. The design guidelines, developed through multidisciplinary collaboration, cover 10 domains of the school food environment (eg, cafeteria, kitchen, garden) and 5 core healthy eating design principles. A school redesign project in Dillwyn, Virginia, used the tool to improve the schools’ ability to adopt a healthy nutrition curriculum and promote healthy eating. The new tool, now in a pilot version, is expected to evolve as its components are tested and evaluated through public health and design research.",16.348934,4.7032857,0.17316532135009766,4,4,False,"[{'paper_id': 'b14f85b19a87', 'title': 'Design Study Methodology: Reflections from the Trenches and the Stacks', 'cluster': 3, 'distance': 0.3549926280975342}, {'paper_id': '48af90d5dfe7', 'title': 'Design Guidelines for Domain Specific Languages', 'cluster': 3, 'distance': 0.3584194779396057}, {'paper_id': '0176348439b8', 'title': 'A Comparative Study of Chinese and American Rural Design Guidelines', 'cluster': 1, 'distance': 0.3675020933151245}, {'paper_id': '0ef759265f23', 'title': 'The equitable use concept in sidewalk design', 'cluster': 1, 'distance': 0.37775880098342896}, {'paper_id': '139a1e71d8dc', 'title': 'Separation of Modeling Principles and Design Principles in Enterprise Engineering', 'cluster': 3, 'distance': 0.39634203910827637}]","In this paper, we try to tackle these shortcomings by analyzing and formalizing the requirements for map-based geo-portals in a user experience based approach. [E1] We developed a new tool, Healthy Eating Design Guidelines for School Architecture, to provide practitioners in architecture and public health with a practical set of spatially organized and theory-based strategies for making school environments more conducive to learning about and practicing healthy eating by optimizing physical resources and learning spaces. [E2]"
9020aa145571,Design Guidelines,A Process Framework for Designing Software Reference Architectures for Providing Tools as a Service,"Software Reference Architecture (SRA), which is a generic architecture solution for a specific type of software systems, provides foundation for the design of concrete architectures in terms of architecture design guidelines and architecture elements. The complexity and size of certain types of software systems need customized and systematic SRA design and evaluation methods. In this paper, we present a software Reference Architecture Design process Framework (RADeF) that can be used for analysis, design and evaluation of the SRA for provisioning of Tools as a Service as part of a cloud-enabled workSPACE (TSPACE). The framework is based on the state of the art results from literature and our experiences with designing software architectures for cloud-based systems. We have applied RADeF SRA design two types of TSPACE: software architecting TSPACE and software implementation TSPACE. The presented framework emphasizes on keeping the conceptual meta-model of the domain under investigation at the core of SRA design strategy and use it as a guiding tool for design, evaluation, implementation and evolution of the SRA. The framework also emphasizes to consider the nature of the tools to be provisioned and underlying cloud platforms to be used while designing SRA. The framework recommends adoption of the multi-faceted approach for evaluation of SRA and quantifiable measurement scheme to evaluate quality of the SRA. We foresee that RADeF can facilitate software architects and researchers during design, application and evaluation of a SRA and its instantiations into concrete software systems.",12,12,9020aa145571_p0004;9020aa145571_p0005;9020aa145571_p0006;9020aa145571_p0008;9020aa145571_p0010;9020aa145571_p0014;9020aa145571_p0019;9020aa145571_p0028;9020aa145571_p0030;9020aa145571_p0031;9020aa145571_p0037;9020aa145571_p0039,"Whilst a concrete architecture is designed for a specific project according to well-defined business goals and requirements, a SRA usually aims to address generic busi-ness goals and domain requirements. A SRA consists of not only details on architec-ture components and its view, but also encompasses best practices for describing the architecture and the process guidelines for analysis, design and development of the architecture [3]. Though describing stakeholders concerns in terms of architecture view points and presenting the details of a SRA using multiple views [4] is important, it is equally important to describe the design-time and run-time quality characteristics of a SRA and the use of appropriate architecture styles and patterns [5]. A SRA is primarily designed for two main reasons: (i) to standardize existing available concrete architectures or (ii) to propose a preliminary SRA that can facilitate concrete architec-ture design for a specific domain.

Whilst a SRA standardization effort focuses on extracting reusable architecture elements from a number of concrete architectures, a SRA preliminary proposition focuses on recommendations for SRA documentation, guidelines for SRA design and evaluation as well as SRA adoption and evolution. In this paper, we present a software Reference Architecture Design process Framework (RADeF) for designing cloud-based systems in general and cloud-based Tools as a service workSPACE (TSPACE) in particular. RADeF reports a set of key specifications and SRA design guidelines. Whilst cloud-based systems provision on-demand computing as Infrastructure as a Service (IaaS), Platform as a Service (PaaS) and Software as a Service (SaaS) [6], a TSPACE is characterized by as an activity or a task specific selection and on-demand provisioning of Tools as a Service (TaaS) as part of an integrated cloud-enabled workspace [6].

We assert that designing and eval-uating a TSPACE SRA is more challenging than SRAs of general cloud-based sys-tems because of the involvement of diversified tools and tenants with varying func-tional requirements and quality concerns. For example, performance and scalability can be more important for tenants and users of software development and testing TSPACE, whereas integration can be more important for tenant and users of architec-ture analysis and design TSPACE. Furthermore, instantiation of a TSPACE SRA for different domains can require customization (e.g. addition of new components or only selecting a subset of a SRA), which requires a mechanism that can be used to analyze quality and completeness of the instantiated architectures. Although there have been attempts to provide a systematic approaches for reference architecture design, docu-mentation and evaluation [2, 3, 7], to the best of our knowledge, there has been a little work done on providing a process framework for SRA design given the specific needs of SRA design and evaluation of the TSPACE.

describing and implementing TSPACE. Section 4 provides an overview of the related work and Section 5 concludes the paper by sharing lessons learned and experiences. 2 Reference Architecture Design process Framework (RADeF) A SRA is expected to provide guidance for designing and evaluating a concrete archi-tecture. A SRA description usually includes reusable solutions in terms of architectur-al goals, architectural styles, design patterns, design principles and decision and guidelines for initiating a SRA. That is why it is important that a SRA description includes as much details as possible. It is also important to have a clearly described process that can be used to design and evaluate a SRA [2]. In this section, we describe RADeF, the process that can lead to TSPACE SRA development, evaluation and implementation. We also discuss important factors that should be considered at each stage of TSPACE SRA design.

and SRA views, but it also provides guidelines for SRA evaluation. A generic view of the SRA elements is depicted in Fig. 2(a). The required concepts an elements are identified through a high-level analysis of a particular domain. TSPACE SRA ele-ments can be classified into: Tenants, Tools, Provisioning Infrastructure, Artifacts, Context and Integration Methods. Each of the elements is tailored and extended with respect to the domain requirements for which the SRA is to be enacted. Participants’ Roles: End users, Requirements Analysts and Software Architects. Artifact(s) Consumed: Business Requirements. Artifact(s) Produced: High-level relationship models for TSPACE concepts and elements. 2.2 Refinement of Domain Element and Relationships Modeling The activities identified for this stage are aimed at refining the identified elements in previous stage, establishing the hierarchical structure of TSPACE elements and mod-eling relations among the elements.

The artifacts that are produced in this activity provide guidelines to identify integration needs of the tools in a TSPACE and guide the SRA analysis and design process. Integration Requirements: Integration requirements focus on integration needs of the tools that can be provisioned in TSPACE. With reference to software architecting domain, the integration mechanism should be flexible enough to accommodate differ-ent proprietary and standardized formats as well as support integration among hetero-geneous types of tools (e.g. desktop-based, web-based and cloud-based tools). The tools that are provisioned in a TSPACE instance can vary and the integration mecha-nism should be flexible enough to adapt to the tools’ integration requirements of the provisioned tools. The integration mechanism should also support workspace re-quirements, such as awareness of the operations that are performed on the artifacts as

or abstract and whether the SRA has been described using formal, semiformal or in-formal approaches. Avgeriou et al. [3] propose that a SRA description should have three main elements: (i) description of the approach used to document a SRA, (ii) guidelines on instantiation of a SRA and (iii) evaluation of a SRA corresponding to desired functional requirements and quality attributes. The outcome of this activity determines the approach used for describing a SRA, the level of abstractions to be covered in the SRA documentation, the objectives and the selection of the approaches for evaluation and instantiation of a SRA. Outcome of this activity has impact on all the proceeding stages of the reference architecture design process. A summary of a SRA design dimensions is shown in Fig. 2(a). A SRA design should be based on reference models and architecture styles and patterns [14, 15].

The tools used for software architecting have different types of the artifacts, e.g., architecture knowledge artifacts, design decision artifacts and architecture design diagrams. Since software architecture artifacts can be at different levels of abstractions, and there is no need to exchange complete artifacts (although selected information exchange is required) among architecting tools, which can be integrated through semantic integration technologies. We have leveraged IEEE 1471-

As in the case studies, our focus was on provid-ing software architecting and development tools, the SRAs focused on tools provi-sioning, tools integration and awareness of the operations that are performed on the artifacts using the tools. Whereas, individual tools were responsible for providing support for specific activities such as architecture knowledge management, architec-ture design decision management, architecture design and software implementation. Table 1 shows details of the SRA and the tools’ requirements classification. The de-tails of the requirements can be found in [22, 23]. Multi-tenancy and scalability are domain specific quality requirements to support a large number of tenants [24]. Anal-ysis and identification of cloud hosting environments for software architecting and implementation domains requires using IaaS cloud because of heterogeneity of the tools.

A combination of desktop and web-based tools are used for software architect-ing and implementation. The IaaS provides flexibility to host the existing tools by configuring the virtual machine templates. Table 1. Functional Demarcation and Requirements Functional Demarcation Tools Requirements Architecting Knowledge management, design deci-sion management, architecture model-ing. Implementation Software development, unit testing. SRA Requirements Functional Autonomous provisioning, semantic integration, process centric integration, awareness of the operations. Quality Flexibility, interoperability, complete-ness and adaptability. Domain Quality Multi-tenancy, scalability For the TSPACE SRAs detailed design, we have used a layered architecture [5] and a view-based approach [4] to represent different parts of the SRA. A layered ar-chitecture can facilitate easy modifiability of a TSPACE SRA, whose different di-mensions can be represented using a view-based approach.

provide a set of standardized activities and frameworks for designing and document-ing reference architectures. One of the most comprehensive and detailed guidelines have been reported by Angelov et al. [1, 2, 7, 16]. Their work provides a classification technique of the reference architectures based upon the domain-specific maturity and how the reference architectures are designed. For the mature domains, the aim of a reference architecture is to provide the standardization of the architectures, whereas, for the emerging domains, the purpose is to facilitate the design of concrete architec-tures in multiple organizations. Some of the problems associated with designing a reference architecture are missing design methods, challenges in defining non-functional requirements, problems with selecting appropriate views, lack of suitable architecture documentation methods and relatively little support for evaluating the reference architectures [1].

Fernandez et al. [28] have de-scribed the key documentation elements of a software reference architecture. The documentation elements include technical design, architecture knowledge and experi-ences and management documentation. For TSPACE SRA, we have described the details about the technical design and architecture knowledge. However, the man-agement of the documentation (during applications of the software reference architec-ture in different setting) is out of the scope of this work. 5 Discussion and Conclusions The cloud-enabled tools not only need to be compliant with specific quality require-ments but also need to provide support for different activities, just like desktop-based tools. Whilst tools in every domain have their specific challenges, there are some generic characteristics that tools in every domain need to address. We share our expe-rience from different activities of designing the TSPACE SRA.",outputs/batch1/canonical_text_284/9020aa145571.txt,Muhammad Aufeef Chauhan; M. Babar; Christian W. Probst,2016,International Conference on Product Focused Software Process Improvement,,https://www.semanticscholar.org/paper/67ea5b36bfc4ea94e7fb7aa36c54bef831deb69e,DG-C04,3,task | language | software | architecture | domain | specific | tools | user interface | types | modeling | proposed | elements | definitions | principles | provide,Design Guidelines — Design principles and User interface [DG-C04],"Design principles, User interface",Design Guidelines — Design principles and User interface,Provisional interpretation,Assignment frozen; interpretation requires confirmation by at least two reviewers,Contrastive phrase label with source-grounded extractive summary.,Not assigned by Path 1,Not evaluated in this statistical interpretation,Not applicable,Predefined keyword group,Not assigned,BGE-M3 embedding + Spectral clustering,Not assigned,Source-grounded cluster interpretation,not_applicable,,,,-1,0.0,task | language | software | architecture | domain | specific | tools | user interface | types | modeling | proposed | elements | definitions | principles | provide,False,False,0,,,"Software Reference Architecture (SRA), which is a generic architecture solution for a specific type of software systems, provides foundation for the design of concrete architectures in terms of architecture design guidelines and architecture elements. The complexity and size of certain types of software systems need customized and systematic SRA design and evaluation methods. In this paper, we present a software Reference Architecture Design process Framework (RADeF) that can be used for analysis, design and evaluation of the SRA for provisioning of Tools as a Service as part of a cloud-enabled workSPACE (TSPACE). The framework is based on the state of the art results from literature and our experiences with designing software architectures for cloud-based systems. We have applied RADeF SRA design two types of TSPACE: software architecting TSPACE and software implementation TSPACE. The presented framework emphasizes on keeping the conceptual meta-model of the domain under investigation at the core of SRA design strategy and use it as a guiding tool for design, evaluation, implementation and evolution of the SRA. The framework also emphasizes to consider the nature of the tools to be provisioned and underlying cloud platforms to be used while designing SRA. The framework recommends adoption of the multi-faceted approach for evaluation of SRA and quantifiable measurement scheme to evaluate quality of the SRA. We foresee that RADeF can facilitate software architects and researchers during design, application and evaluation of a SRA and its instantiations into concrete software systems.",18.03382,4.882761,0.1522548794746399,8,8,False,"[{'paper_id': 'b14f85b19a87', 'title': 'Design Study Methodology: Reflections from the Trenches and the Stacks', 'cluster': 3, 'distance': 0.2689809799194336}, {'paper_id': '139a1e71d8dc', 'title': 'Separation of Modeling Principles and Design Principles in Enterprise Engineering', 'cluster': 3, 'distance': 0.2704169750213623}, {'paper_id': '48af90d5dfe7', 'title': 'Design Guidelines for Domain Specific Languages', 'cluster': 3, 'distance': 0.28178954124450684}, {'paper_id': 'b357bc5a3d3b', 'title': 'Towards Canonical Task Types for User Interface Design', 'cluster': 3, 'distance': 0.2855027914047241}, {'paper_id': 'c216cc01fe23', 'title': 'A Preliminary Proposal Towards Unambiguous Definitions for Modular Interfaces and Interactions', 'cluster': 3, 'distance': 0.30551302433013916}]","In this paper we reflect on our combined experience of conducting twenty-one design studies, as well as reading and reviewing many more, and on an extensive literature review of other field work methods and methodologies. [E1] In this paper we investigate guidelines that are useful for designing domain specific languages, largely based on our experience in developing languages as well as relying on existing guidelines on general purpose (GPLs) and modeling languages. [E2]"
b077c606da41,Design Guidelines,Classification approach for hybrid components in mechanical engineering with a focus on additive manufacturing,"Abstract While considering processes, machines and components, the term “hybrid” is often used to describe an interaction, combination or integration. This paper focusses on hybrid components (HC). Because of different definitions and classifications for various HC-types, a common sense is not intuitively clear. This is worsened by more and new types of additively manufactured (AM) HC-variants, nowadays. Due to this, a generalized and AM-compatible definition and classification for HC are proposed. Additionally, the classification serves an appropriate assignment and access of related design guidelines, which are needed for making the potentials of AM-HC more perceptible and achieving manufacturability.",12,12,b077c606da41_p0001;b077c606da41_p0003;b077c606da41_p0004;b077c606da41_p0006;b077c606da41_p0008;b077c606da41_p0010;b077c606da41_p0014;b077c606da41_p0026;b077c606da41_p0028;b077c606da41_p0043;b077c606da41_p0047;b077c606da41_p0048,"Available online at www.sciencedirect.comAvailable online at www.sciencedirect.com Procedia CIRP 00 (2017) 000–000 Peer-review under responsibility of the scientific committee of the 28th CIRP Design Conference 2018. 28th CIRP Design Conference, May 2018, Nantes, France A new methodology to analyze the functional and physical architecture of existing products for an assembly oriented product family identification Paul Stief *, Jean-Yves Dantan, Alain Etienne, Ali Siadat École Nationale Supérieure d’Arts et Métiers, Arts et Métiers ParisTech, LCFC EA 4495, 4 Rue Augustin Fresnel, Metz 57078, France * Corresponding author. Tel.: +33 3 87 37 54 30; E-mail address: paul.stief@ensam.eu In today’s business environment, the trend towards more product variety and customization is unbroken. Due to this development, the need of agile and reconfigurable production systems emerged to cope with various products and product families.

Moreover, a hybrid functional and physical architecture graph (HyFPAG) is the output which depicts the similarity between product families by providing design support to both, production system planners and product designers. An illustrative example of a nail-clipper is used to explain the proposed methodology. An industrial case study on two product families of steering columns of thyssenkrupp Presta France is then carried out to give a first industrial evaluation of the proposed approach. Peer-review under responsibility of the scientific committee of the 28th CIRP Design Conference 2018.

Due to the fast development in the domain of communication and an ongoing trend of digitization and digitalization, manufacturing enterprises are facing important challenges in today’s market environments: a continuing tendency towards reduction of product development times and shortened product lifecycles. In addition, there is an increasing demand of customization, being at the same time in a global competition with competitors all over the world. This trend, which is inducing the development from macro to micro markets, results in diminished lot sizes due to augmenting product varieties (high-volume to low-volume production) [1]. To cope with this augmenting variety as well as to be able to identify possible optimization potentials in the existing production system, it is important to have a precise knowledge of the product range and characteristics manufactured and/or assembled in this system.

Addressing this Procedia CIRP 100 (2021) 738–743 This is an open access article under the CC BY-NC-ND license ( https://creativecommons.org/licenses/by-nc-nd/4.0 ) Peer-review under responsibility of the scientific committee of the 31st CIRP Design Conference 2021. 10.1016/j.procir.2021.05.051 Peer-review under responsibility of the scientific committee of the 31st CIRP Design Conference 2021. Available online at www.sciencedirect.com Procedia CIRP 00 (2019) 000–000 31st CIRP Design Conference 2021 (CIRP Design 2021) Classification approach for hybrid components in mechanical engineering with a focus on additive manufacturing Maximilian Leya,*, Ali Al-Zuhairia, Roman Teutscha aInstitute for Mechanical and Automotive Design (iMAD), TU Kaiserslautern (TUK), Gottlieb-Daimler-Strasse 42, 67663 Kaiserslautern, Germany * Corresponding author. Tel.: +49-631-205-5221; fax: +49-631-205-3730.

A general definition of the term “hybrid” can be found in a dictionary (noun: “anything of mixed ancestry”, adjective: “denoting or being a hybrid; of mixed origin ”) [1]. Transferred to some explicit aspects from mechanical engineering, the term ""hybrid"" is attributed to processes [2-5], machines [6-8], components [6,9-11], design methods [12] and machine learning [13], among others . Whereby these hybrid technologies (HT) exhibit an interdisciplinary, interacting, combining, integrative and/ or iterative character. Typical benefits of HT are cost efficiency in production, compact design spaces and lightweight design, which is realized by multi material design, material efficiency, process and function al integration, the absence of joining elements and processes etc. This is especially valid for hybrid processes, machines and components [14-17].

This leads to diverse hybrid variants, which are hard to cover by existing definitions and classifications. The realization of their potentials and the achievement of a proper component design for manufacturing also suffer from this . Manual interaction, post processing efforts, comparably high costs for raw material and for the machines, additionally reduce the economic field of AM application [15,21-23]. To achieve (economic) m anufacturability and for realizing related potentials, design guidelines (DG) are used. For traditional manufacturing processes, various DG are available [25,26], for AM, DG are continuously emerging [27,28]. However, within hybrids, the pure combination of these existing DG Available online at www.sciencedirect.com Procedia CIRP 00 (2019) 000–000 31st CIRP Design Conference 2021 (CIRP Design 2021) Classification approach for hybrid components in mechanical engineering with a focus on additive manufacturing Maximilian Leya,*, Ali Al-Zuhairia, Roman Teutscha aInstitute for Mechanical and Automotive Design (iMAD), TU Kaiserslautern (TUK), Gottlieb-Daimler-Strasse 42, 67663 Kaiserslautern, Germany * Corresponding author.

This leads to diverse hybrid variants, which are hard to cover by existing definitions and classifications. The realization of their potentials and the achievement of a proper component design for manufacturing also suffer from this . Manual interaction, post processing efforts, comparably high costs for raw material and for the machines, additionally reduce the economic field of AM application [15,21-23]. To achieve (economic) m anufacturability and for realizing related potentials, design guidelines (DG) are used. For traditional manufacturing processes, various DG are available [25,26], for AM, DG are continuously emerging [27,28]. However, within hybrids, the pure combination of these existing DG

The amount, diversity and intersections of HT make it difficult to provide a comprehensive overview in a compact scope. Some hybridisation aspects, such as hybrid (design) methods and machine learning [12,13,29] are explicitly not considered in this paper because of their low relevance to the paper’s focus on HC. Furthermore, it should be noted that for a holistic view on HT, corresponding/ assisting methodologies, process chains, control units, measurement systems, shape and structural design approaches, durability engineering, manufacturing data, file formats etc. would need to be discussed as well. Within this huge, diverse and fast -growing field in R&D the authors cannot claim for completeness at all but rather aim for a general and substantial contribution in terms of a definition and classification for HC. For hybrid processes and machines, definitions and classifications exist that can also cover the corresponding AM variants, which are gaining more and more relevancy.

Hereby, a suitable classification for HC can contribute to a general understanding , which supports the communication in between R&D and offers the opportunity for related topics, like design guidelines (DG) , to explicitly refer on it as well. Furthermore, the already mentioned opportunities within HC need to be implemented by engineers in a proper design. This process is supported by well assigned DG, which need to be easy to access and provided on a case-by-case basis. Based on the literature, previously discussed in Sec. 2.1 and 2.2, an alternative, structured , AM-compatible and more precise definition and classification approach for HC is proposed in Sec. 3. According to this, DG are assigned correspondingly and an appropriate way of access to the DG is presented (Sec. 4). The basic structure and content of DG is based on [25- 28], e.g. favourable/ unfavourable schematic examples.

Every DG is attributed with additional information , e.g. the manufacturing process routes (MPR) and the types of hybridization (according to the HC classification) it is applicable for (see Fig. 2). Starting from the opportunistic direction the potentials of AM-HC are studied in terms of MPR which are suitable for the realization of potentials like lightweight design, individualization and cost reduction. One way for realization can be a multi material design , which is achievable by different MPR as well as manufacturing process sequences (MPS). The relevancy and detail level of provided DG is then increasing by a stepwise specification of the preferred MPR and MPS . Taking an exemplarily closer look at the PBF-LB/M-post process sequence: A plain surface is necessary to continue AM on top of it, which is described in more detail in the corresponding DG.

In order to make the potentials associated with this perceptible and to transfer them into a proper design, corresponding design guidelines (DG) are required. Access to these DG and their appropriate provision is an important aspect here. For this purpose, the previously developed definition and classification were further processed in a bivalent DG © iMAD / TU Kaiserslautern 46Maximilian Ley 2020 Structure of DG with an exemplarily excerpt of a DG for AM-HC Type of hybridization Level of hybridization Manufacturing process sequences Manufacturing process routes Titel Description Favorable schematic example Unfavorable schematic example Additional information Macrostructure 1 AM-pre AM-in AM-post 1.1.1+1.1.2 1.1.1 2.1.1+1.1.1 Large aspect ratios Delicate structures should be built on top of the solid parts. … z zRestrictive access Opportunistic access

accessing and providing approach. A choice can be made between an opportunistic (potential -oriented) or restrictive (according to the composition of the HC) access. According to the selection, suitable manufacturing process routes and/ or relevant DG are then proposed, which can be successively concretized. Finally, it should be noted that in addition to the DG, further aspects must be considered, e.g. a durable design.",outputs/batch1/canonical_text_284/b077c606da41.txt,M. Ley; Ali Al-Zuhairi; R. Teutsch,2021,,,https://www.semanticscholar.org/paper/059e9cf8f5148cf9c2aa96430fa38ec930824191,DG-C04,3,task | language | software | architecture | domain | specific | tools | user interface | types | modeling | proposed | elements | definitions | principles | provide,Design Guidelines — Design principles and User interface [DG-C04],"Design principles, User interface",Design Guidelines — Design principles and User interface,Provisional interpretation,Assignment frozen; interpretation requires confirmation by at least two reviewers,Contrastive phrase label with source-grounded extractive summary.,Not assigned by Path 1,Not evaluated in this statistical interpretation,Not applicable,Predefined keyword group,Not assigned,BGE-M3 embedding + Spectral clustering,Not assigned,Source-grounded cluster interpretation,not_applicable,,,,-1,0.0,task | language | software | architecture | domain | specific | tools | user interface | types | modeling | proposed | elements | definitions | principles | provide,False,False,0,,,"Abstract While considering processes, machines and components, the term “hybrid” is often used to describe an interaction, combination or integration. This paper focusses on hybrid components (HC). Because of different definitions and classifications for various HC-types, a common sense is not intuitively clear. This is worsened by more and new types of additively manufactured (AM) HC-variants, nowadays. Due to this, a generalized and AM-compatible definition and classification for HC are proposed. Additionally, the classification serves an appropriate assignment and access of related design guidelines, which are needed for making the potentials of AM-HC more perceptible and achieving manufacturability.",18.209368,6.587496,0.16599786281585693,9,9,False,"[{'paper_id': 'c216cc01fe23', 'title': 'A Preliminary Proposal Towards Unambiguous Definitions for Modular Interfaces and Interactions', 'cluster': 3, 'distance': 0.2419871687889099}, {'paper_id': '139a1e71d8dc', 'title': 'Separation of Modeling Principles and Design Principles in Enterprise Engineering', 'cluster': 3, 'distance': 0.2855144143104553}, {'paper_id': 'b14f85b19a87', 'title': 'Design Study Methodology: Reflections from the Trenches and the Stacks', 'cluster': 3, 'distance': 0.2954089641571045}, {'paper_id': '85ba95ab4fa0', 'title': 'Six Guidelines for Trustworthy, Ethical and Responsible Automation Design', 'cluster': 3, 'distance': 0.3127591609954834}, {'paper_id': '9020aa145571', 'title': 'A Process Framework for Designing Software Reference Architectures for Providing Tools as a Service', 'cluster': 3, 'distance': 0.3245079517364502}]","In this paper we reflect on our combined experience of conducting twenty-one design studies, as well as reading and reviewing many more, and on an extensive literature review of other field work methods and methodologies. [E1] In this paper we investigate guidelines that are useful for designing domain specific languages, largely based on our experience in developing languages as well as relying on existing guidelines on general purpose (GPLs) and modeling languages. [E2]"
b14f85b19a87,Design Guidelines,Design Study Methodology: Reflections from the Trenches and the Stacks,"Design studies are an increasingly popular form of problem-driven visualization research, yet there is little guidance available about how to do them effectively. In this paper we reflect on our combined experience of conducting twenty-one design studies, as well as reading and reviewing many more, and on an extensive literature review of other field work methods and methodologies. Based on this foundation we provide definitions, propose a methodological framework, and provide practical guidance for conducting design studies. We define a design study as a project in which visualization researchers analyze a specific real-world problem faced by domain experts, design a visualization system that supports solving this problem, validate the design, and reflect about lessons learned in order to refine visualization design guidelines. We characterize two axes - a task clarity axis from fuzzy to crisp and an information location axis from the domain expert's head to the computer - and use these axes to reason about design study contributions, their suitability, and uniqueness from other approaches. The proposed methodological framework consists of 9 stages: learn, winnow, cast, discover, design, implement, deploy, reflect, and write. For each stage we provide practical guidance and outline potential pitfalls. We also conducted an extensive literature survey of related methodological approaches that involve a significant amount of qualitative field work, and compare design study methodology to that of ethnography, grounded theory, and action research.",12,12,b14f85b19a87_p0012;b14f85b19a87_p0014;b14f85b19a87_p0017;b14f85b19a87_p0018;b14f85b19a87_p0029;b14f85b19a87_p0030;b14f85b19a87_p0051;b14f85b19a87_p0055;b14f85b19a87_p0061;b14f85b19a87_p0064;b14f85b19a87_p0067;b14f85b19a87_p0071,"Design studies are one particular form of the more general category of problem-driven research, where the goal is to work with real users to solve their real-world problems. At the other end of the spectrum is technique-driven research, where the goal is to develop new and better techniques without necessarily establishing a strong connection to a particular documented user need. The focus in this paper is on problem-driven research, but in the larger picture we argue that the ﬁeld of visualization beneﬁts from a mix of both to maintain vitality. We deﬁne adesign study as follows: A design study is a project in which visualization researchers analyze a speciﬁc real-world problem faced by domain experts, design a visualization system that supports solving this problem, validate the design, and reﬂect about lessons learned in order to reﬁne visualization design guidelines.

We advocate choosing from a wide variety of methods according to their suitability for evaluating the different framework stages, including justiﬁcation according to known principles, qualitative analysis of results, informal expert feedback, and post-deployment ﬁeld studies. • reﬂection: Design becomes research when reﬂection leads to improving the process of design itself, by conﬁrming, reﬁning, rejecting, or proposing guidelines. In this paper, we propose a speciﬁc process for conducting design studies, the nine-stage framework, described in detail in Section 4. We offer it as a scaffold to provide guidance for those who wish to begin conducting design studies, and as a starting point for further methodological discussion; we do not imply that our framework is the only possible effective approach. Collaboration between visualization researchers and domain experts is a fundamental and mandatory part of the nine-stage framework; in the rest of the paper we distinguish between these roles.

Lessons learned can improve current guidelines, for example visualization and interaction design guidelines, evaluation guidelines, or process guidelines. A design study paper is a paper about a design study. Reviewers of design study papers should consider the sum of contributions of all three types described above, rather than expecting that a single design study paper have strong contributions of all three. For instance, a design study with only a moderate visual encoding design contribution might have an interesting and strong problem characterization and ab- 2432 IEEE TRANSACTIONS ON VISUALIZATION AND COMPUTER GRAPHICS, VOL. 18, NO. 12, DECEMBER 2012

straction, and a decent reﬂection on guidelines. On the other hand, a very thorough design and evaluation might counterbalance a moderate problem characterization or reﬂection. Our deﬁnitions imply that a design study paper does not require a novel algorithm or technique contribution. Instead, a proposed visualization design is often a welljustiﬁed combination of existing techniques. While a design study paper is the most common outcome of a design study, other types of research papers are also possible such as technique or algorithm, evaluation, system, or even a pure problem characterization paper [50].

A crucial precondition for conducting an effective design study is a solid knowledge of the visualization literature, including visual encoding and interaction techniques, design guidelines, and evaluation methods. This visualization knowledge will inform all later stages: in the winnow stage it guides the selection of collaborators with interesting problems relevant to visualization; in the discover stage it focuses the problem analysis and informs the data and task abstraction; in the design stage it helps to broaden the consideration space of possible solutions, and to select good solutions over bad ones; in the implement stage knowledge about visualization toolkits and algorithms allows fast development of stable tool releases; in the deploy stage it assists in knowing how to properly evaluate the tool in the ﬁeld; in the reﬂect stage, knowledge of the current state-of-the-art is crucial for comparing and contrasting ﬁndings; and in the write stage, effective framing of contributions relies on knowledge of previous work.

Of course, a researcher’s knowledge will gradually grow over time and encyclopedic knowledge of the ﬁeld is not a requirement before conducting a ﬁrst design study. Nevertheless, starting a design study without enough prior knowledge of the visualization literature is a pitfall (PF-2). This pitfall is particularly common when researchers who are expert in other ﬁelds make their ﬁrst foray into visualization [37]; we have seen many examples of this as reviewers.

The basic design cycle, as articulated in ﬁelds such as industrial design, includes identifying requirements, generating multiple solutions, and selecting the best one [88]. The previous discover stage of our framework covered the identifying requirements step. This design stage covers the generation and selection parts of the cycle. A common pitfall is to consider too few solutions and to prematurely commit to a selected solution (PF-20). To avoid this pitfall, we suggest that researchers strive to have a broad consideration space of possible solutions. The consideration space consists of the set of valid visual encodings, interaction mechanisms, and data abstractions. While the size of the consideration space may not be a central concern in technique-driven work, its breadth is critical for problem-driven research. After considering broadly, the researcher should iteratively ﬁlter the consideration space down to a narrow proposal space based on design principles and guidelines.

The implementation of software prototypes and tools is tightly interleaved with the design process. Choosing the right algorithms to meet scalability and other requirements, closely integrating new software with existing workﬂows [76], and creating software prototypes are all instances of design activities that involve coding. Here, we summarize some HCI and software engineering guidelines which are helpful in the process of implementing design prototypes and solutions. Rapid software prototyping, with the goal of quickly developing throw-away code, is a crucial skill in design studies: non-rapid prototyping is another pitfall ( PF-22). In particular, the more time spent coding a solution the harder it is to throw it away. The tendency is to tweak a given implementation rather than to start over from scratch, which is problematic in cases where a design turns out not to ﬁt the identiﬁed needs and problem of the experts, or where the needs have changed.

The importance of reﬂection and its value for research is wellrecognized in other ﬁelds such as anthropology [63]. This need for critical reﬂection is also evident in design study research; reﬂection is where research emerges from engineering and we identify failing to do so as a pitfall ( PF-27). Reﬂection on how a speciﬁc design study relates to the larger research area of visualization is crucial for adding to the body of knowledge and allowing other researchers to beneﬁt from the work. It is particularly informative for improving currently available design guidelines: based on new ﬁndings, previously proposed guidelines can be either conﬁrmed, by substantiating further evidence of their usefulness; reﬁned or extended with new insights; rejected when they are applied but do not work; or new guidelines might be proposed. For example, the reﬂection contribution of the LiveRAC design study reﬁnes guidelines for the user-centered design process [43].

alization researcher to explain hard-won knowledge about the domain to the readers is understandable, it is usually a better choice to put writing effort into presenting extremely clear abstractions of the task and data. Design study papers should include only the bare minimum of domain knowledge that is required to understand these abstractions. We have seen many examples of this pitfall as reviewers, and we continue to be reminded of it by reviewers of our own paper submissions. We fell headﬁrst into it ourselves in a very early design study, which would have been stronger if more space had been devoted to the rationale of geography as a proxy for network topology, and less to the intricacies of overlay network conﬁguration and the travails of mapping IP addresses to geographic locations [53]. Another challenge is to construct an interesting and useful story from the set of events that constitute a design study.

It is rare that another group is pursuing exactly the same goal given the enormous number of possible data and task combinations. Typically a design requires several iterations before it is as effective as possible, and the ﬁrst version of a system most often does not constitute a conclusive contribution. Similarly, reﬂecting on lessons learned from the speciﬁc situation of study in order to derive new or reﬁned general guidelines typically requires an iterative process of thinking and writing. A challenge for researchers who are familiar with techniquedriven work and who want to expand into embracing design studies is that the mental reﬂexes of these two modes of working are nearly opposite. We offer a metaphor that technique-driven work is like running a footrace, while problem-driven work is like preparing for a violin concert: deciding when to perform is part of the challenge and the primary hazard is halting before one’s full potential is reached, as opposed to the challenge of reaching a deﬁned ﬁnish line ﬁrst.

A second resonance is the identiﬁ- cation of transferability rather than reproducibilityas the desired outcome, as the aim is to create a solution for a speciﬁc problem. Indeed, our emphasis on abstraction can be cast as a way to “share sufﬁcient knowledge about a solution that it may potentially be transferred to other contexts” [27]. The third key idea is that personal involvement of the researcher is central and desirable, rather than being a dismaying incursion of subjectivity that is a threat to validity; van Wijk makes the 2438 IEEE TRANSACTIONS ON VISUALIZATION AND COMPUTER GRAPHICS, VOL. 18, NO. 12, DECEMBER 2012",outputs/batch1/canonical_text_284/b14f85b19a87.txt,M. Sedlmair; M. Meyer; T. Munzner,2012,,10.1109/TVCG.2012.213,,DG-C04,3,task | language | software | architecture | domain | specific | tools | user interface | types | modeling | proposed | elements | definitions | principles | provide,Design Guidelines — Design principles and User interface [DG-C04],"Design principles, User interface",Design Guidelines — Design principles and User interface,Provisional interpretation,Assignment frozen; interpretation requires confirmation by at least two reviewers,Contrastive phrase label with source-grounded extractive summary.,Not assigned by Path 1,Not evaluated in this statistical interpretation,Not applicable,Predefined keyword group,Not assigned,BGE-M3 embedding + Spectral clustering,Not assigned,Source-grounded cluster interpretation,not_applicable,,,,-1,0.0,task | language | software | architecture | domain | specific | tools | user interface | types | modeling | proposed | elements | definitions | principles | provide,False,False,0,,,"Design studies are an increasingly popular form of problem-driven visualization research, yet there is little guidance available about how to do them effectively. In this paper we reflect on our combined experience of conducting twenty-one design studies, as well as reading and reviewing many more, and on an extensive literature review of other field work methods and methodologies. Based on this foundation we provide definitions, propose a methodological framework, and provide practical guidance for conducting design studies. We define a design study as a project in which visualization researchers analyze a specific real-world problem faced by domain experts, design a visualization system that supports solving this problem, validate the design, and reflect about lessons learned in order to refine visualization design guidelines. We characterize two axes - a task clarity axis from fuzzy to crisp and an information location axis from the domain expert's head to the computer - and use these axes to reason about design study contributions, their suitability, and uniqueness from other approaches. The proposed methodological framework consists of 9 stages: learn, winnow, cast, discover, design, implement, deploy, reflect, and write. For each stage we provide practical guidance and outline potential pitfalls. We also conducted an extensive literature survey of related methodological approaches that involve a significant amount of qualitative field work, and compare design study methodology to that of ethnography, grounded theory, and action research.",16.111525,5.1515045,0.11971360445022583,3,3,True,"[{'paper_id': '75f43821c56f', 'title': 'Towards a Model of Information Aesthetics in Information Visualization', 'cluster': 2, 'distance': 0.21526455879211426}, {'paper_id': '00d7fbafe65f', 'title': 'Demystifying Tacit Knowledge in Graphic Design: Characteristics, Instances, Approaches, and Guidelines', 'cluster': 0, 'distance': 0.21569019556045532}, {'paper_id': 'ee0a5b26f6dc', 'title': 'Formalizing Visualization Design Knowledge as Constraints: Actionable and Extensible Models in Draco', 'cluster': 0, 'distance': 0.21895569562911987}, {'paper_id': '139a1e71d8dc', 'title': 'Separation of Modeling Principles and Design Principles in Enterprise Engineering', 'cluster': 3, 'distance': 0.22970247268676758}, {'paper_id': '615169de6f0e', 'title': 'From interaction to trajectories: designing coherent journeys through user experiences', 'cluster': 2, 'distance': 0.23565351963043213}]","In this paper we reflect on our combined experience of conducting twenty-one design studies, as well as reading and reviewing many more, and on an extensive literature review of other field work methods and methodologies. [E1] In this paper we investigate guidelines that are useful for designing domain specific languages, largely based on our experience in developing languages as well as relying on existing guidelines on general purpose (GPLs) and modeling languages. [E2]"
b357bc5a3d3b,Design Guidelines,Towards Canonical Task Types for User Interface Design,"Task models are the cornerstone of user-centred design methodologies for user interface design. Therefore, they deserve attention in order to produce them effectively and efficiently, while guaranteeing the reproducibility of a task model: different persons should in principle obtain the same task model, or a similar one, for the same problem. In order to provide user interface designers with some guidance for task modelling, a list of canonical task types is proposed that offers a unified definition of frequently used tasks types in a consistent way. Each task type consists of a task action coupled with a task object, each of them being written according to design guidelines. This list provides the following benefits: tasks are modelled in a more consistent way, their definition is more communicable and shared, task models can be efficiently used for model-driven engineering of user interfaces.",12,12,b357bc5a3d3b_p0002;b357bc5a3d3b_p0005;b357bc5a3d3b_p0013;b357bc5a3d3b_p0015;b357bc5a3d3b_p0020;b357bc5a3d3b_p0024;b357bc5a3d3b_p0025;b357bc5a3d3b_p0026;b357bc5a3d3b_p0028;b357bc5a3d3b_p0035;b357bc5a3d3b_p0040;b357bc5a3d3b_p0044,"The task model is today a cornerstone of many activities carried out during the User Interface (UI) development life cycle, such as, but not limited to: user-centred design, task analysis and task modelling, model-driven engineering of user interfaces, human activity analysis, safety critical systems, and real-time systems. Modelling a task based on well-defined semantics and using a wellunderstood notation are key aspects, but the many degrees of freedom offered by task modelling should not let us to forget the quality of the resulting task model.

The UI interaction is composed of two elements: (1) the task type, in the literature sometimes referred as UI action or activity; and (2) the task item that is manipulated or required in the UI interaction [4]. Both attributes are relevant to design interactive systems using task models. In HCI several works [6][17][18][20] rely on task to derive UIs. However, most of their decision for UI generation is more intuitive rather than systematic. When heuristics are used for the selection, researchers based this decision on specific attributes of the task model, such as the task type [17], [20].

In this section a set of guidelines to write task models is proposed. That is later used in the context of a Model- Based development method for UI development. A. Task name Our empirical experience, from courses and literature review, reveals that authors normally end in similar structures of the task model with minimal variations. However, the way authors name tasks varies considerably. While authors can select tasks’ names without following any basis, automatic transformation of task models to User Interfaces becomes almost impossible considering the infinite variety of names that authors can choose for the task. From Table 1 the list we propose a set of names (the task type, synonyms and sub-types) for naming tasks. Ideally a task should be named with two elements: task type and the object they manipulate, see Figure 1, and authors should use for the task type any action from the list.

B. Task models attributes: task type and task item A UI action type is the result of a combination of Action types and action items. So far, action types have been discussed in the canonical list proposed. Once the author name the task using the previous guideline the next step is to set two attributes of the task: the action type and action item (Figure 2). The action type can be automatically assigned from the task type if authors chose any abstract value (first column in Table 1) of the action types. When it is not the case but an optional name (second column in that synonym must be assigned. Regarding the task item, the decision of which value must be assigned is based on the value the task manipulates. In this case we refer to the domain model of the problem and we have to look the class(es) the task manipulates, so as the variables and methods it manipulates.

Pressing a button to restore a variable to its default value D. User Interface Concretization of the task Designers can be benefit from the list as the design space of UI actions is reduced to a set that is easier to handle. During a second phase of the process of developing UIs the task action can be mapped to a correspondent UI. The method proposed relies on the User Interface Description Language (UIDL) UsiXML [15].

Unfortunately, it is not enough while the action type and action item combined with the facet to properly select the AIO. An example can be used to clarify this situation. Assuming that the user interface action type corresponds to a select of a collection of elements, then, several are the potential AIOs that can be used such as: combo box, radio button group, text fields, etc. The problem became then on deciding the appropriate AIO depending on the context of use, the type of value to be selected, and the domain. For that purpose, the rest of UsiXML meta-models can be used. While models already exist and have been discussed in other papers [8] [10] [15] [19] [20], the scope of this paper is on how to use them and to provide guidelines on the proper selection of AIOs.

Some heuristics has been described in [16] for the mapping of abstract description of the UI to a real implementation, still, a complete set of abstract descriptors, what we called task types, is not yet available. Moreover, the possible mappings and guidelines to support the correct transfer from task model to UI widgets, as shown in [2] [13], is also relevant. Because it is not enough just to use arbitrarily a combo box for selecting a value, as Bodart and Vanderdonckt [2] proposes the concretization of the selected task must be based of the number of values to be selected, see Table 4. While this characteristics are relevant in further transformations, following model-driven methods to derive UIs [15] [16] [17] [18] [20], describing the task types using a good characterization of user interface actions provides good basis for the concretization of the UI.

For instance, the selection of a simple value can be mapped to a radio button group or a list box, the difference relies on the number of possible values to select. This characteristic could be part of the design, as used in [15] and described in detail in [19], the domain model in combination with the task model provide semantic information that can be further used on the specification of an abstract User Interface.

So far, the applicability of the canonical list of task types has been illustrated in the context of a Model-Based approach for developing UIs. In this section the feasibility of this method is shown. The problem description and the design space of the solution are captured in a workflow diagram [10] using Petri-nets graphical notation. A workflow model [10] is composed in process, which are then decomposed in tasks. Tasks are object of transformation to derive UIs, as described in section IV.D. The CUI representation of that task, as supported in UsiXML [20], could be a GUI, Three-Dimensional UI (3DUI) [8], vocal UI, and haptic. For this example the 3DUI was selected but any other solution could be obtained similarly. Notice that the transformational approach required has been reported in previous works [8] [19][20][15] and it is out of the scope of this paper.

Customer can cancel the trip after she or he made the reservation and until the trip starts. The employee needs to verify the reservation conditions to know if the customer buys some insurance or not.

The next step is the appropriate selection of graphical elements. The selection of graphical elements is based on ergonomic rules and guidelines. While for creating name and zip code there is no other option than text inputs and outputs. For selecting the category and the gender the option is a radio button accordingly to the guideline described in Table 4.

Acknowledgments We gratefully acknowledge the support of the SIMILAR network of excellence (http://www.similar.cc), the European research task force creating human-machine interfaces similar to humanhuman communication of the European Sixth Framework Programme (FP6-2002-IST1-507609), the Alban program supported by European Commission and the CONACYT program supported by the Mexican government.",outputs/batch1/canonical_text_284/b357bc5a3d3b.txt,J. M. Gonzalez-Calleros; J. Guerrero-Garcia; J. Vanderdonckt; J. Munoz-Arteaga,2009,,10.1109/LA-WEB.2009.33,,DG-C04,3,task | language | software | architecture | domain | specific | tools | user interface | types | modeling | proposed | elements | definitions | principles | provide,Design Guidelines — Design principles and User interface [DG-C04],"Design principles, User interface",Design Guidelines — Design principles and User interface,Provisional interpretation,Assignment frozen; interpretation requires confirmation by at least two reviewers,Contrastive phrase label with source-grounded extractive summary.,Not assigned by Path 1,Not evaluated in this statistical interpretation,Not applicable,Predefined keyword group,Not assigned,BGE-M3 embedding + Spectral clustering,Not assigned,Source-grounded cluster interpretation,not_applicable,,,,-1,0.0,task | language | software | architecture | domain | specific | tools | user interface | types | modeling | proposed | elements | definitions | principles | provide,False,False,0,,,"Task models are the cornerstone of user-centred design methodologies for user interface design. Therefore, they deserve attention in order to produce them effectively and efficiently, while guaranteeing the reproducibility of a task model: different persons should in principle obtain the same task model, or a similar one, for the same problem. In order to provide user interface designers with some guidance for task modelling, a list of canonical task types is proposed that offers a unified definition of frequently used tasks types in a consistent way. Each task type consists of a task action coupled with a task object, each of them being written according to design guidelines. This list provides the following benefits: tasks are modelled in a more consistent way, their definition is more communicable and shared, task models can be efficiently used for model-driven engineering of user interfaces.",18.556404,5.951615,0.12228530645370483,4,4,False,"[{'paper_id': 'c216cc01fe23', 'title': 'A Preliminary Proposal Towards Unambiguous Definitions for Modular Interfaces and Interactions', 'cluster': 3, 'distance': 0.23162388801574707}, {'paper_id': '615169de6f0e', 'title': 'From interaction to trajectories: designing coherent journeys through user experiences', 'cluster': 2, 'distance': 0.23187732696533203}, {'paper_id': '14dcaf15aa66', 'title': 'Terminologia kohtaa käytettävyyden. Terminologisen käytettävyyden ydintä rakentamassa', 'cluster': 3, 'distance': 0.23353981971740723}, {'paper_id': '139a1e71d8dc', 'title': 'Separation of Modeling Principles and Design Principles in Enterprise Engineering', 'cluster': 3, 'distance': 0.2522324323654175}, {'paper_id': '48af90d5dfe7', 'title': 'Design Guidelines for Domain Specific Languages', 'cluster': 3, 'distance': 0.25792890787124634}]","In this paper we reflect on our combined experience of conducting twenty-one design studies, as well as reading and reviewing many more, and on an extensive literature review of other field work methods and methodologies. [E1] In this paper we investigate guidelines that are useful for designing domain specific languages, largely based on our experience in developing languages as well as relying on existing guidelines on general purpose (GPLs) and modeling languages. [E2]"
c216cc01fe23,Design Guidelines,A Preliminary Proposal Towards Unambiguous Definitions for Modular Interfaces and Interactions,"Modularity is acknowledged to provide benefits across the whole product lifecycle. Accordingly, many literature contributions can be found about modularization methods, metrics and definitions. In particular, recent studies focused on the development of heuristic principles for exploiting modularity early in the design process. However, to design modules it is necessary to define their mutual interactions, the related interfaces and their production strategies. Concerning interfaces and interactions, this paper highlights that current definitions are often ambiguous and overlapping each other. Therefore, extracting univocal information about interfaces and interactions of existent modular products could be difficult. This could hinder the identification of comprehensive heuristic design guidelines, about how to design modules from a structural point of view. This paper proposes a new set of interface and interaction definitions, which allows to overcome the flaw observed for current ones. The proposed set and the classical one have been applied on 110 products identified on the web, showing that the new definitions allow to extract more reliable information.",12,12,c216cc01fe23_p0003;c216cc01fe23_p0004;c216cc01fe23_p0006;c216cc01fe23_p0008;c216cc01fe23_p0011;c216cc01fe23_p0029;c216cc01fe23_p0031;c216cc01fe23_p0032;c216cc01fe23_p0033;c216cc01fe23_p0034;c216cc01fe23_p0035;c216cc01fe23_p0036,"The potential benefits that modular architectures can bring to the whole product life -cycle make them one of the most important arguments in the field of product design. Accordingly, many research works have been produced, among which, the methodological contributions aimed at supporting the designer in reorganizing the product architecture towards optimal modular configurations (Greve and Krause, 2018). Moreover, a variety of contributions have been proposed for assessing the modularity degree of products (e.g. Chiriac et al. (2011), Heilemann et al. (2013), Hölttä-otto et al. (2012) , Holtta-Otto and De Weck (2007)). Nevertheless, understanding when and how to adopt modularity still is a non -trivial task, especially in early design phases. Indeed, while modularization methods provide a comprehensive support in reorganizing the architecture of existing (or partially designed) products, it can be difficult to identify earlier opportunities to exploit modularity.

More precisely, methodological contributions about heuristic approaches have been proposed in literature (Niutanen and Otto, 2017) but the identification or the suggestions of suitable interfaces and interactions among modules is not comprehensively supported in conceptual design phases. However, to exploit modularity it is necessary to implement it in specific ways, which imply the selection of certain interfaces, interactions and production strategies. Unfortunately, the definitions of modular interfaces and interactions currently available in literature are often overlapping each other, leading to ambiguous representations of the actual modular architecture. The refore, any attempt to provide a systematic support for the identification of the preferred interface-interaction configuration is hindered. The aim of this paper is to propose a new set of definitions, which allows to identify and univocally represent any possible modular architecture in terms of interface and interactions among modules.

Concerning the meaning of the term “module”, different definitions exis t in literature (e.g. Campagnolo and Camuffo,2009; Fixson, 2007 ; Gershenson et al ., 2003 ; Salvador, 2007 ). Some of them focus the attention on functional aspects (e.g. “function units” or “building blocks” (Pahl et al., 2007)), while some others also consider structural aspects (Allen and Carlson -Skalak, 1998 ). Unfortunately, the meaning of the term “function” is far to be standardized (Eckert, 2013; Eckert et al., 2011 ; Eisenbart et al ., 2013 ; Vermaas and Eckert, 2013 ). Consequently, the identification of modules in existent products needs detailed and high quality informati on, and is affected by ambiguous definitions of the interaction among function carriers (Bonvoisin et al., 2016). For the scope of this work, where only partial information about products is available, modules are identified by considering only pure structural aspects.

For instance, by following the above mentioned indications, a drill bit is considered here as a module because it is a component of the system “driller”, it can be easily disconnected and reconnected, it i s self-contained and isolable, but it must be connected to the driller to exploit its unique function, i.e. removing material.

Describing how the modules are matched toge ther in order to form the system. Supply type of modules. Describing how standard components might interact with customized ones. The recalled framework has been used here to list the most acknowledged definitions of modularity types (Table 1). In some cases, the same product, at the same granularity level may show different interaction types, depending on the problem solved by modularity. More precisely, Component Swapping and Component Sharing cannot be distinguished only by observing structural produc t characteristics but it is fundamental to know how modules are used, i.e. which is the design problem solved by modularity. However, besides this particular but correct distinction, the a vailable modularity types ( Table 1) are sometimes overlapping and/or ambiguous, thus neglecting the univocal identification of “how” modularity has been applied.

extracted a sample of 140 different problems solved by modularity, from about 110 different products (see at https://goo.gl/xsuqc6). 4.2 Identifying modular configurations with the two definitions sets The two sets of definitions are compared in terms of Inte r Rater Reliability (IRR) score, calculated for the interface/interaction assignments performed by two different evaluators. More precisely, a first assignment session has been performed with both the sets, on a 20% of the products constituting the sample. This session was performed to check the alignment among the evaluators in reference to the correct interpretation and application of the definitions provided in Table 1 and Table 2. Afterwards, the two evaluators independently processed the whole sample, firstly with the old definitions, and then with the new proposed ones. Once gathered the results of the two assignments processes, Krippendorff Alpha tests (Hayes and Krippendorff, 2007) have been performed to check IRR.

5.1 Achieved results and practical implications The obtained results show that the new set of definitions listed in Table 2, together with the description of the problem solved by modularity, can be successfully used to extract unambiguous information about the modularity types characterizing any specific product. The proposed set can lead to more comprehensive and detailed investigations about possible heuristic relationships between modularity types and design problems. This argument is currently emerging in literature, where the concept of “modular design rules or principles” is under investigation by scholars. Indeed, Bonvoisin et al . (2016) focused the attention on the concept of design principles for supporting designers in fulfilling specific design objectives where modularity can bring some benefit. Similarly, Fiorineschi et al . (2014b) observed that certain types of design problems suggest the adoption of modular solutions, i.e. physical solutions presenting specific combinations of interfaces, interactions and supply types.

Accordingly, the same authors investigated about how to concei ve modular solutions in early concept generation phases (Fiorineschi et al., 2015). Eventually, also Mesa et al . (2015) , which focused the attention mainly on reconfiguration and product portfolio aspects, have investigated the concept of design principles for achieving modularity. Considering well-known systematic conceptual design (SCD) approaches based on function structures (Eder and Hosnedl, 2008; Pahl et al., 2007), the future availability of design rules or guidelines for the identification of the most suitable interface -interaction combination, could improve current methodology. Indeed, while methods like FSH (as well as the indications provided by Pahl et al. or the German VDI (Beitz et al., 1987)) somehow suggest “when” to use modules across function structures, the outcomes expected from the proposed investigation strategy could provide design stimuli or suggestions about “how” to conceive interfaces and interactions among of modules. The possibility to

identify suitable interface -interaction configurations early in the design process, could reduce detrimental design iterations that are acknowledged to lead toward delays and costs ove rruns (Helmer et al., 2010). 5.2 Limitations and future research hints Maybe the most evident limitation of this work is that the actual motivations that led designers and manufacturers to consider modularity, were unknown for the produ cts considered for the comparison. This limitation hindered the possibility to extract realistic information about potential relationships between design problems and modularity types. To this purpose, future research should be focused on samples where mor e detailed information can be retrieved about product’s design history. Indeed, in this way, besides a more comprehensive identification of modular problems, interfaces and interactions, it would be possible to work on the definitions related to supply -type.

Moreover, with a comprehensive identification of the product variants, it would be possible to understand if a particular module or set of modules can be considered as product platforms (Meyer and Lehnerd, 1997; Ostrosi et al., 2014; Voordijk et al., 2006). Another limitation is related to the limited number of evaluators (two) involved in the IRR test. Similar tests should be repeated with more evaluators, preferably with different technical backgrounds. Furthermore, also the number of products considered in this paper is quite limited. Differently, with huge samples of products, the identification of a comprehensive set of “modular problems” (or problem categories) that can be actually solved by the adoption of specific combinations of modularity types, is the starting point for the identification of “heuristic design rules” suggesting the physical configuration (in terms of interfaces and interactions) of solutions.

Investigating about the presence of possible relationship between design problems and modular solutions could lead to important methodological results, which could support designers also in early conceptual design phases. Unfortunately, some curre nt overlapping and redundant paradigms sometimes make impossible the univocal identification of the modular configurations. To bridge this gap, we proposed a new set of unambiguous definitions, constituted by three interface types and five interaction type s, capable to represent many different configurations of interfaces and interactions, comprising those already described in literature. The proposed set and the classical one have been applied on a sample of 110 products, where only limited and fragmental information was available. Nevertheless, the outcomes of the comparison revealed that the new proposed set of definitions allows to perform more reliable identifications of modular interfaces and interactions in examined products.

More precisely, interaction types can be identified when the problem solved by modularity is clearly expressed, while only structural information is sufficient to identify interface types. This contribution paves the way for future research activities devoted to the identification of heuristic approaches for the suggestion of suitable modular solutions for solving specific categories of design problems.",outputs/batch1/canonical_text_284/c216cc01fe23.txt,Lorenzo Fiorineschi; F. Rotini,2019,Proceedings of the Design Society,,https://www.semanticscholar.org/paper/fac005c1d5ad4e966d06ca69426e26c52795b094,DG-C04,3,task | language | software | architecture | domain | specific | tools | user interface | types | modeling | proposed | elements | definitions | principles | provide,Design Guidelines — Design principles and User interface [DG-C04],"Design principles, User interface",Design Guidelines — Design principles and User interface,Provisional interpretation,Assignment frozen; interpretation requires confirmation by at least two reviewers,Contrastive phrase label with source-grounded extractive summary.,Not assigned by Path 1,Not evaluated in this statistical interpretation,Not applicable,Predefined keyword group,Not assigned,BGE-M3 embedding + Spectral clustering,Not assigned,Source-grounded cluster interpretation,not_applicable,,,,-1,0.0,task | language | software | architecture | domain | specific | tools | user interface | types | modeling | proposed | elements | definitions | principles | provide,False,False,0,,,"Modularity is acknowledged to provide benefits across the whole product lifecycle. Accordingly, many literature contributions can be found about modularization methods, metrics and definitions. In particular, recent studies focused on the development of heuristic principles for exploiting modularity early in the design process. However, to design modules it is necessary to define their mutual interactions, the related interfaces and their production strategies. Concerning interfaces and interactions, this paper highlights that current definitions are often ambiguous and overlapping each other. Therefore, extracting univocal information about interfaces and interactions of existent modular products could be difficult. This could hinder the identification of comprehensive heuristic design guidelines, about how to design modules from a structural point of view. This paper proposes a new set of interface and interaction definitions, which allows to overcome the flaw observed for current ones. The proposed set and the classical one have been applied on 110 products identified on the web, showing that the new definitions allow to extract more reliable information.",17.76337,6.810166,0.11293399333953857,2,2,True,"[{'paper_id': 'b357bc5a3d3b', 'title': 'Towards Canonical Task Types for User Interface Design', 'cluster': 3, 'distance': 0.23162388801574707}, {'paper_id': '14dcaf15aa66', 'title': 'Terminologia kohtaa käytettävyyden. Terminologisen käytettävyyden ydintä rakentamassa', 'cluster': 3, 'distance': 0.23352569341659546}, {'paper_id': '615169de6f0e', 'title': 'From interaction to trajectories: designing coherent journeys through user experiences', 'cluster': 2, 'distance': 0.23506224155426025}, {'paper_id': '139a1e71d8dc', 'title': 'Separation of Modeling Principles and Design Principles in Enterprise Engineering', 'cluster': 3, 'distance': 0.24172228574752808}, {'paper_id': 'b077c606da41', 'title': 'Classification approach for hybrid components in mechanical engineering with a focus on additive manufacturing', 'cluster': 3, 'distance': 0.2419871687889099}]","In this paper we reflect on our combined experience of conducting twenty-one design studies, as well as reading and reviewing many more, and on an extensive literature review of other field work methods and methodologies. [E1] In this paper we investigate guidelines that are useful for designing domain specific languages, largely based on our experience in developing languages as well as relying on existing guidelines on general purpose (GPLs) and modeling languages. [E2]"
ca185d91b684,Design Guidelines,Embracing Non-Natural Design in Human-Computer Interaction,"Decades ago, the natural interaction design paradigm has brought about a revolutionary shift in perspective regarding how interactions with computer systems could and should take place. By promoting intuition, familiarity, and context matching, natural interactions leverage users’ best capabilities to engage in effective dialogue with their computer interlocutors. Natural interaction has prevailed and transpires today in the way we use gestures, voice, or eye gaze to interact with mobile and wearable devices, communicate with personal assistants, play video games through whole-body movements, and engage with public ambient displays. However, recent contexts of use, represented by novel extended reality environments, computer systems designed to augment the human body, and creative designs of assistive technology, have resulted in interactions that can no longer be characterized as “natural.” In fact, the opposite of natural is true for them. An interaction technique for retrieving digital files from thin air, without any feedback other than within users’ own imagination, does not follow natural design guidelines, but can nevertheless prove effective. Alternating between normal and whispered voices is not a natural speech behavior, yet it enables effective discrimination between commands addressed to the system and actual speech to be transformed into text input. Eyelid gestures, reproducing movement patterns, are not natural for how we normally close and open our eyes, but are effective input for users with motor impairments. In this context, I will discuss non-natural interaction design&nbsp;[5], a transformative and creative process in Human-Computer Interaction research and practice that leads to highly usable and effective interactions with computer systems by deliberately deviating from users’ expectations and their experience of engaging with the natural, physical world. Non-natural interactions are surprising, unexpected, thought-provoking and, by design, non natural. Yet, they foster usability, accessibility, and efficiency for users. In my talk, I will exemplify the paradigm of non-natural interaction design through practical use cases developed and examined in my lab, spanning from wearable devices that challenge user agency&nbsp;[1] to smart buildings featuring invisible layers of digital content anchored in thin air&nbsp;[3], augmenting and extending the human body with virtual limbs&nbsp;[4], and computer-supported worlds that enable switching between different reality augmentations&nbsp;[2].",12,3,ca185d91b684_p0003;ca185d91b684_p0004;ca185d91b684_p0005,"Non-natural interactions are surprising, unexpected, thought-provoking and, by design, non natural. Yet, they foster usability, accessibility, and efficiency for users. In my talk, I will exemplify the paradigm of non-natural interaction design through practical use cases developed and examined in my lab, spanning from wearable devices that challenge user agency [1] to smart buildings featuring invisible layers of digital content anchored in thin air [ 3], augmenting and extending the human body with virtual limbs [4], and computer-supported worlds that enable switching between different reality augmentations [2]. classroom use is granted without fee provided that copies are not made or distributed for profit or commercial advantage and that copies bear this notice and the full citation For all other uses, contact the owner/author(s). A VI 2024, June 03–07, 2024, Arenzano, Genoa, Italy https://doi.org/10.1145/3656650.3660545

Non-natural interaction, natural interaction, interaction design, user experience, wearables, extended reality, smart environments Radu-Daniel Vatavu. 2024. Embracing Non-Natural Design in Human-Computer Interaction. In International Conference on Advanced Visual Interfaces 2024 (A VI 2024), June 03–07, 2024, Arenzano, Genoa, Italy. ACM, New York, NY, USA, 1 page. https://doi.org/10.1145/3656650.3660545

Radu-Daniel Vatavu is a Professor of Computer Science at the Ştefan cel Mare University of Suceava, where he directs the Machine Intelligence and Information Visualization Research Laboratory (MintViz). His research spans topics from Human-Computer Interaction, Ambient Intelligence, Augmented/Mixed/Extended Reality, Accessible Computing, and Interactive Media. In this space, he has focused prioritarily on enabling efficient interactions with computer systems, from large displays to personal mobile and wearable devices to hybrid environments, which exploit natural and non-natural interaction modalities. He is also interested in making computing more accessible to users of various abilities, and his work has often addressed interaction design for users with visual or motor impairments. More information is available on his web page and the MintViz research lab web page, respectively.",outputs/batch1/canonical_text_284/ca185d91b684.txt,"Vatavu, Radu-Daniel",2024,Proceedings of the 2024 International Conference on Advanced Visual Interfaces,10.1145/3656650.3660545,https://doi.org/10.1145/3656650.3660545,DG-C03,2,experience | visualization | HCI | interaction | users | gratifications | immersive | media | data | aesthetics | participants | techniques | digital | context | theory,Design Guidelines — Information visualization and Interaction design [DG-C03],"Information visualization, Interaction design",Design Guidelines — Information visualization and Interaction design,Provisional interpretation,Assignment frozen; interpretation requires confirmation by at least two reviewers,Contrastive phrase label with source-grounded extractive summary.,Not assigned by Path 1,Not evaluated in this statistical interpretation,Not applicable,Predefined keyword group,Not assigned,BGE-M3 embedding + Spectral clustering,Not assigned,Source-grounded cluster interpretation,not_applicable,,,,-1,0.0,experience | visualization | HCI | interaction | users | gratifications | immersive | media | data | aesthetics | participants | techniques | digital | context | theory,False,False,0,,,"Decades ago, the natural interaction design paradigm has brought about a revolutionary shift in perspective regarding how interactions with computer systems could and should take place. By promoting intuition, familiarity, and context matching, natural interactions leverage users’ best capabilities to engage in effective dialogue with their computer interlocutors. Natural interaction has prevailed and transpires today in the way we use gestures, voice, or eye gaze to interact with mobile and wearable devices, communicate with personal assistants, play video games through whole-body movements, and engage with public ambient displays. However, recent contexts of use, represented by novel extended reality environments, computer systems designed to augment the human body, and creative designs of assistive technology, have resulted in interactions that can no longer be characterized as “natural.” In fact, the opposite of natural is true for them. An interaction technique for retrieving digital files from thin air, without any feedback other than within users’ own imagination, does not follow natural design guidelines, but can nevertheless prove effective. Alternating between normal and whispered voices is not a natural speech behavior, yet it enables effective discrimination between commands addressed to the system and actual speech to be transformed into text input. Eyelid gestures, reproducing movement patterns, are not natural for how we normally close and open our eyes, but are effective input for users with motor impairments. In this context, I will discuss non-natural interaction design&nbsp;[5], a transformative and creative process in Human-Computer Interaction research and practice that leads to highly usable and effective interactions with computer systems by deliberately deviating from users’ expectations and their experience of engaging with the natural, physical world. Non-natural interactions are surprising, unexpected, thought-provoking and, by design, non natural. Yet, they foster usability, accessibility, and efficiency for users. In my talk, I will exemplify the paradigm of non-natural interaction design through practical use cases developed and examined in my lab, spanning from wearable devices that challenge user agency&nbsp;[1] to smart buildings featuring invisible layers of digital content anchored in thin air&nbsp;[3], augmenting and extending the human body with virtual limbs&nbsp;[4], and computer-supported worlds that enable switching between different reality augmentations&nbsp;[2].",16.666199,7.5480185,0.1430269479751587,6,6,False,"[{'paper_id': '615169de6f0e', 'title': 'From interaction to trajectories: designing coherent journeys through user experiences', 'cluster': 2, 'distance': 0.2584794759750366}, {'paper_id': '75f43821c56f', 'title': 'Towards a Model of Information Aesthetics in Information Visualization', 'cluster': 2, 'distance': 0.27619683742523193}, {'paper_id': 'd0a17557440f', 'title': 'Avoiding virtual dystopia: A design theory for emancipatory participatory immersive platforms', 'cluster': 2, 'distance': 0.2954833507537842}, {'paper_id': '00d7fbafe65f', 'title': 'Demystifying Tacit Knowledge in Graphic Design: Characteristics, Instances, Approaches, and Guidelines', 'cluster': 0, 'distance': 0.3131387233734131}, {'paper_id': 'c216cc01fe23', 'title': 'A Preliminary Proposal Towards Unambiguous Definitions for Modular Interfaces and Interactions', 'cluster': 3, 'distance': 0.3142584562301636}]","Our framework is intended to sensitize future studies, help distill craft knowledge into design guidelines and patterns, identify technology requirements, and provide a boundary object to connect HCI with Performance Studies. [E1] We argue that U&G is a good approach to researching likeability of media applications. [E2]"
cb7daae2b94f,Design Guidelines,User Experience Design in Professional Map-Based Geo-Portals,"We have recently been witnessing the growing establishment of map-centered web-based geo-portals on national, regional and local levels. However, a particular issue with these geo-portals is that each instance has been implemented in different ways in terms of design, usability, functionality, interaction possibilities, map size and symbologies. In this paper, we try to tackle these shortcomings by analyzing and formalizing the requirements for map-based geo-portals in a user experience based approach. First, we propose a holistic definition the term of a “geo-portal”. Then, we present our approach to user experience design for map-based geo-portals by defining the functional requirements of a geo-portal, by analyzing previous geo-portal developments, by distilling the results of our empirical user study to perform practically-oriented user requirements, and finally by establishing a set of user experience design guidelines for the creation of map-based geo-portals. These design guidelines have been extracted for each of the main components of a geo-portal, i.e., the map, the search dialogue, the presentation of the search results, symbologies, and other aspects. These guidelines shall constitute the basis for future geo-portal developments to achieve standardization in the user-experience design of map-based geo-portals.",12,12,cb7daae2b94f_p0002;cb7daae2b94f_p0003;cb7daae2b94f_p0005;cb7daae2b94f_p0006;cb7daae2b94f_p0011;cb7daae2b94f_p0021;cb7daae2b94f_p0046;cb7daae2b94f_p0056;cb7daae2b94f_p0076;cb7daae2b94f_p0077;cb7daae2b94f_p0079;cb7daae2b94f_p0082,"These design guidelines have been extracted for each of the main components of a geo -portal, i.e., the map, the search dialogue, the presentation of the search results, symbologies, and other aspects. These guidelines shall constitute the basis for future geo-portal developments to achieve standardization in the user-experience design of map-based geo-portals.

As per the INSPIRE directive [1], which entered into for ce in 2007, the member states of the European Union (EU) have to provide t heir environmental geo-data in a defined standardized format. Additionally, many countries have realized the value of a harmonized spatial data infrastructure (SDI) and the value of spatial data for economic benefits [2]. Consequently, we have recently bee n witnessing the growing establishment of map-centered web-based geo-portals on national, regional and local levels for professional use of geo-data. A particular issue with these geo -portals is that each instance has been implemented in different ways in terms of design, usability, functionality, interaction possibilities, map size and symbologies. On the one hand, this heterogeneity in geo -portal developments is rooted in geospatial companies ’ unique designs; on the other hand , and more importantly, it is due to lacking consistent guidelines for implementing map-based geo-portals.

Particularly , no overall study has been carried out so far that considers all key aspects of map-based geo-portals (map, search, presentation of search results, symbologies, and other aspects). In fact, previous a pproaches lack the investigation of the whole breadth of the topic of map -based geo-portals. That is why no consistent and uniform guidelines have been developed so far. This paper aims to tackle these research shortcomings by analyzing and formalizing the requirements for professional map-based geo -portals. This is done by defining the functional requirements of a geo-portal, by analyzing previous geo-portal developments, by conducting an empirical user study to perform practically -oriented user requirem ents, and finally by establishing a set of user experience design guidelines for the creation of map-based geo-portals. Thus, in contrast to previous developments, this paper presents a user -centered approach instead of a technical development procedure dr iven by functional capabilities.

 What are essential user requirements for professional map-based geo-portals?  Which user experience design guidelines need to be followed to comply with these requirements? The structure of this paper is as follows: This introduction is followed by a section on related work in the area of map -based geo-portals. Section 3 presents the methodological background including a definition of the term ―geo-portal‖ and a discussion of usability vs. user experience. Thereafter, Section 4 discusses the performed user study , which addressed reasonably experienced professional geo -portal users. In Section 5, we present the design guidelines and user experience criteria for map -based geo-portals that have been extracted as a result from the survey. Finally, Section 6 wraps up the paper with a conclusion.

Only two of the eleven tasks were successfully completed during the investigation, although the Swedish geo -portal has been developed focusing on supporting these tasks. Furthermore, it is noted that many of the identified problems and errors could have been avoided in advance. Accordingly, the study proposes in the future work section the development of a guide with which the most common and best -known error can be avoided. Our work extends this approach by integrating the concept of user experience and by performing a study involving qualitative interviews with persons who use geo-portals in their professional life. Furthermore, we aim to establish a set of user experience design guidelines for map-based geo-portal development.

From the differences in the definition of the terms ―usability‖ and ―user experience ‖ it becomes evident that solely considering usability criteria in the technical design of map -based geo-portals is not enough to fulfill the user’s needs. User experience comprises all the experiences, desires, expectations and opinions of users in dealing with a geo-portal whereas usability is just a set of technical guidelines for implementing such a portal. Thus, we performed a user study to identify concrete user requirements including the usage context, tasks to be performed, reasons for using geo -portals, map requirements, necessary search possibilities, and potential improvements of existing geo -portals (see Sub-Section 4.2). This survey covers all three areas as defined in user experience, i.e., before use, during use and after use. From the results of the requirements analysis, we generated a set of design guidelines for the integration of user experience techniques into geo-portal design and evaluation processes (see Section 5).

This section condenses the results from the user study presented in Section 4 in the context of the user experience criteria described in Sub-Section 3.2, and suggests a n extended core set of guidelines specific to the establishment of map -based geo -portals. These guidelines comprise two sub -parts: First, the definition of user expe rience parameters, and second the establishment of dedicated design considerations according to the five dimensions defined in Sub-Section 3.3.

Apart from the user experience design criteria described in the previous sub-section, several additional design guidelines need to be considered when creating a map -based geo -portal. The following sub-sections contain a number of considerations for each of the five design dimensions as specified in Sub-Section 3.3 (map, search dialogue, presentation of search results, symbologies and other aspects). The design established set of considerations is based on the results of the user s tudy presented in Section 4 and extends previous research, whose results are widely in line with ours, but only cover parts of our more broadly conceived study.

The above Sub-Sections 5.1 and 5.2 contain a basic description of the single parameters and their significance for the use case of map-based geo-portals. The illustration of our design considerations for map-based geo-portals is descriptive and has not been validated in a separate user study as the goal of this paper is the establishment of a core set of user experience design guidelines and not the evaluation of their implementation in the course of a particular application.

We have recently been witnessing the growing establishment of map -centered web-based geo-portals on national, regional and local levels for the professional use of geo -data. However, a particular issue with these geo -portals is that each instance has been implemented in different ways in terms of design, usability, functionality, interaction possibilities, map size and symbologies. On the one hand, this heterogeneity in geo -portal developments is rooted in geospatial co mpanies’ unique design; on the other hand , and more importantly , it is due to lacking consistent guidelines for implementing map-based geo-portals. This also results from the fact that the term ―geo-portal‖ has not been sufficiently defined so far. Furthermore, most current geo -portal developments focus on functionality and technology rather than on the users and their needs.

are rare. Particularly , no overall study has been carried out considering all key aspects of map -based geo-portals (map, search , presentation of search results, symbologies, and other aspects). In fact, previous approaches lack the investigation of the whole breadth of the topic of map -based geo-portals. Consequently, no consistent and uniform guidelines have been developed so far. In this paper, we try to tackle these shortcomings by analyzing and formalizing the requirements for professional map-based geo-portals. This is done by defining the term ―geo-portal‖ (see Sub-Section 3.1, answering research Question 1), by assessing functional requirements of a geo -portal, by analyzing previous geo-portal developments and by conducting an empirical user study to assess practically-oriented user requirements (Section 4, answering research Question 2), and finally by es tablishing a set of user experience design guidelines for the creation of map -based geo-portals (Section 5, answering research Question 3).

Furthermore, we derived a set of key considerations for user experience design in geo -portals (see Sub-Section 5.2). These design guidelines have been extracted for each of the main components including a geo-portal’s map, search dialogues, presentation of search results, symbologies, and other aspects such as performance, the use of pop -up windows or scrolling. These guidelines shall constitute the basis for future geo -portal developments to achieve standardization in the user -experience design of map-based geo-portals.",outputs/batch1/canonical_text_284/cb7daae2b94f.txt,Bernd Resch; B. Zimmer,2013,ISPRS Int. J. Geo Inf.,,https://www.semanticscholar.org/paper/f2125c2a28765c33506f17f80c8f8098c4408196,DG-C02,1,rural | user | geo-portals | development | sidewalks | user experience | planning | rural development | map-based | requirements | people | experience | map-based geo-portals | village | factors,Design Guidelines — Rural design guidelines and User experience [DG-C02],"Rural design guidelines, User experience",Design Guidelines — Rural design guidelines and User experience,Provisional interpretation,Assignment frozen; interpretation requires confirmation by at least two reviewers,Contrastive phrase label with source-grounded extractive summary.,Not assigned by Path 1,Not evaluated in this statistical interpretation,Not applicable,Predefined keyword group,Not assigned,BGE-M3 embedding + Spectral clustering,Not assigned,Source-grounded cluster interpretation,not_applicable,,,,-1,0.0,rural | user | geo-portals | development | sidewalks | user experience | planning | rural development | map-based | requirements | people | experience | map-based geo-portals | village | factors,False,False,0,,,"We have recently been witnessing the growing establishment of map-centered web-based geo-portals on national, regional and local levels. However, a particular issue with these geo-portals is that each instance has been implemented in different ways in terms of design, usability, functionality, interaction possibilities, map size and symbologies. In this paper, we try to tackle these shortcomings by analyzing and formalizing the requirements for map-based geo-portals in a user experience based approach. First, we propose a holistic definition the term of a “geo-portal”. Then, we present our approach to user experience design for map-based geo-portals by defining the functional requirements of a geo-portal, by analyzing previous geo-portal developments, by distilling the results of our empirical user study to perform practically-oriented user requirements, and finally by establishing a set of user experience design guidelines for the creation of map-based geo-portals. These design guidelines have been extracted for each of the main components of a geo-portal, i.e., the map, the search dialogue, the presentation of the search results, symbologies, and other aspects. These guidelines shall constitute the basis for future geo-portal developments to achieve standardization in the user-experience design of map-based geo-portals.",16.85992,6.136252,0.1441810131072998,3,3,True,"[{'paper_id': '615169de6f0e', 'title': 'From interaction to trajectories: designing coherent journeys through user experiences', 'cluster': 2, 'distance': 0.2677447199821472}, {'paper_id': 'b357bc5a3d3b', 'title': 'Towards Canonical Task Types for User Interface Design', 'cluster': 3, 'distance': 0.2967653274536133}, {'paper_id': '0ef759265f23', 'title': 'The equitable use concept in sidewalk design', 'cluster': 1, 'distance': 0.29922711849212646}, {'paper_id': '9020aa145571', 'title': 'A Process Framework for Designing Software Reference Architectures for Providing Tools as a Service', 'cluster': 3, 'distance': 0.3064148426055908}, {'paper_id': '48af90d5dfe7', 'title': 'Design Guidelines for Domain Specific Languages', 'cluster': 3, 'distance': 0.3079896569252014}]","In this paper, we try to tackle these shortcomings by analyzing and formalizing the requirements for map-based geo-portals in a user experience based approach. [E1] We developed a new tool, Healthy Eating Design Guidelines for School Architecture, to provide practitioners in architecture and public health with a practical set of spatially organized and theory-based strategies for making school environments more conducive to learning about and practicing healthy eating by optimizing physical resources and learning spaces. [E2]"
d0a17557440f,Design Guidelines,Avoiding virtual dystopia: A design theory for emancipatory participatory immersive platforms,"Immersive platforms, accessed via VR and AR interfaces, offer a profound digital experience but raise significant privacy and ethical concerns. Current systems collect extensive user data; this enables manipulative advertising and behavior control, fosters self-censorship, and diminishes authentic self-expression – especially among marginalized communities. The unchecked development of immersive platforms threatens to create oppressive environments due to power imbalances and a lack of regulation. This paper addresses the urgent need for emancipatory design guidelines to prevent such outcomes. By integrating critical theory with Participatory Design, we propose Emancipatory Participatory Immersive Platforms. These platforms involve users in their design and dismantle oppressive structures through four emancipatory tools (i.e., agency, dialogue, inclusion, and rationality), substantiated by eight actionable design principles. Our framework aims to empower users, promote inclusivity, and ensure rational engagement – and thereby foster immersive platforms that maintain functional benefits while enhancing freedom and equity.",12,12,d0a17557440f_p0001;d0a17557440f_p0007;d0a17557440f_p0008;d0a17557440f_p0032;d0a17557440f_p0036;d0a17557440f_p0052;d0a17557440f_p0058;d0a17557440f_p0059;d0a17557440f_p0066;d0a17557440f_p0088;d0a17557440f_p0093;d0a17557440f_p0102,"Avoiding virtual dystopia: A design theory for emancipatory participatory immersive platforms ☆ Fabian Tingelhoff a , b , 1 , * , Jens Joachim Marga c , 1 a Information Systems, University of Osnabrück, Germany b Institute of Information Systems and Digital Business, University of St.Gallen, Switzerland c Chair of Organizational Behavior, WHU – Otto Beisheim School of Management, Düsseldorf, Deutschland, Germany

Such manipulative design practices exploit users ’ psychological vulnerabilities, diminishing their capacity for critical thinking and genuine self-expression. Thereby, corporations can exploit IPs to manipulate users to not act in their best interest and, for instance, instead contribute to their own commodification for corporate profit ( Fuchs, 2014; Zhou et al., 2018 ). Power imbalances, particularly in digital platforms, likely result in dynamics where platform owners can dictate the terms of use and access, creating dependencies where they can manipulate terms and conditions to maintain dominance ( Hurni et al., 2022 ). The absence of regulation and participation is leading to a ‘digital Wild West, ’ where platform owners can build oppressive IPs unim - pededly ( Du, 2023 ). As we have seen in social media platforms already, emancipatory design guidelines are urgent, as providers will exploit this lack of oversight to create oppressive online environments ( Gillespie, 2018 ).

Still, the absence of a predominantly-used IP shows that there is still time and opportunity to foster more human-centered IPs. While behavior control in IPs oppresses humans, people are often unaware of the extent to which they are controlled. Importantly, they lack options to exert control even if they become aware ( Kane et al., 2021 ). Consequently, research must support emancipating users by offering design guidelines for reducing oppression while maintaining the features and benefits of IPs ( Patel et al., 2024 ). The focus of this paper is on how to accomplish this objective. We follow innovative scholars who pioneered combining critical theory and design science to derive prescriptive design guidelines for humane information systems ( Kane et al., 2021; Young, 2023; Young et al., 2024 ; Young et al., 2021b ). Using Participatory Design as our kernel theory under the lens of critical theory, we propose design principles based on the materiality of IPs that support emancipation.

This exploitation is further compounded by the lack of legal protections and labor rights for digital workers, leaving them vulnerable to unfair treatment and economic instability ( Berg et al., 2018 ). The need for a new design theory Design science is a research paradigm that emphasizes creating and evaluating innovative artifacts designed to solve practical problems and improve the environments in which they are implemented ( Hevner et al., 2004 ). Unlike behavioral science, which seeks to explain and predict human or organizational behavior, design science focuses on extending human and organizational capabilities by developing (technology) artifacts, such as systems, platforms, and interfaces ( Gregor & Hevner, 2013 ). The knowledge generated from design science is derived from both the construction and application of these artifacts, contributing to theory and practice ( Hevner et al., 2004; Peffers et al., 2007 ).

Additionally, using kernel theories allows the research results to contribute back to the theoretical domain, enhancing the overall body of knowledge ( Baskerville et al., 2018; Markus et al., 2002 ). This cyclical relationship between theory and practice is a hallmark of design science, ensuring that the research is both practically useful and theoretically sound. Participatory design as a kernel theory We chose Participatory Design (PD) as our kernel theory. PD is a design methodology that emphasizes the active involvement of stakeholders, particularly end-users, in the design process of IT artifacts. By engaging participants in the design process, PD aims to democratize technology development, thereby challenging traditional power hierarchies and promoting more socially just outcomes ( Schuler & Namioka, 1993 ). PD ’ s core principle is that those most affected by the design should have a significant say in its creation, ensuring their voices and perspectives shape the final product.

OF3: Overcoming cultural erasure by providing tools for diverse identity representation, challenging dominant norms. OF3: Overcoming ideological biases by encouraging diverse self-expression and dialogue, dismantling echo chambers. OF3: Overcoming irrational dialogue through enabling ideal speech situations, mitigating biases and manipulation. Protecting Dialogue: An EPIP should empower users to define, detect, and limit socially abusive behavior, misinformation, and manipulation. M1 empowers users to co-create and coenforce the moderation systems against abusive behavior, misinformation, and manipulation. M2 distributes the definition of abusive behavior, misinformation, and manipulation among users. M3 mandates that all voices need equitable access to user-driven moderation guidelines. OF2: Overcoming behavioral manipulation by enabling users to resist manipulative algorithms through co-created rules that involve users in moderation systems.

On IPs, users are alienated from the outcomes of their participation, removing agency as outlined in Oppressive Feature 4. EPIPs should deploy decentralized ledgers to ensure users retain ownership and reinstate their autonomy ( Narayanan & Clark, 2017 ). In this way, users can regain control and get fair compensation for their contributions, protecting more equitable economic dynamics in virtual spaces. Ultimately, while a participatory digital ecosystem promotes users’ agency, enabling users to create emancipation through equitable ownership is necessary to protect their agency sustainably. Emancipatory tool 2: Design for dialogue Dialogue is an essential component that promotes the freedom to express and fosters a participatory and emancipatory approach to communication and knowledge construction. Dialogue in this context is seen as a means to challenge and disrupt power structures by facilitating open, inclusive, and critical expressions among individuals ( Habermas, 1984 ).

This process helps co-create knowledge and develop critical consciousness, empowering individuals to articulate their thoughts, question dominant ideologies, and, in turn, dismantle oppression ( Freire, 2020 ). Reaching an optimal level of dialogue for EPIPs entails balancing promoting the expression of individual voices and perspectives (Design Principle 3) with protecting the dialogue space from becoming harmful or divisive (Design Principle 4), thereby ensuring meaningful and equitable participation. Design Principle 3: Promoting dialogue – An EPIP should empower users to express their unique identities authentically and partake in ideal speech The social anonymity provided by virtual environments allows users to overcome oppression and explore and express different facets of their identities ( Liu et al., 2023 ). IPs help users create and embody avatars that reflect their identities, which fosters a sense of presence and engagement ( Davis et al., 2009 ).

Instead, they have the duty to facilitate the co-creation of such definitions and ensure this process centers around transparency and the equitability of voices. If they do not, the process is endangered of being hijacked by those with the loudest voices, propagating their oppressive powers ( Marwick & Lewis, 2017 ). Thus, participatory, user-driven moderation guidelines are necessary to protect users ’ capacity for authentic expressions. Beyond co-developing moderation systems, properly enforcing these moderation practices is crucial to protect emancipatory dialogue spaces shaped by either one ’ s self-expression or dispassionate, rational dialogue. As interactions on IPs are entirely executed digitally, content moderation is mainly executed through algorithms, which, in turn, have the capacity to exploit dialogue spaces, as outlined in Oppressive Feature 3.

Altogether, users naturally benefit from their emancipation, while platforms benefit from users ’ emancipation through partici - pation. Hence, IP providers strategically yielding power targeted at enabling bottom-up design (i.e., EPIPs) can materialize platform ecosystem value. Strategizing EPIPs: A Strategy-as-Practice perspective Based on critical theory, we developed a strategic alternative to current IP design: Emancipatory Participatory Immersive Platforms (EPIPs). We substantiate and illustrate its design principles through specific implementations and features. However, organizations must also be enabled “ to realize the strategic intent of implemented, available system capabilities ” ( Arvidsson et al., 2014, p. 45 ). From a Strategy-as-Practice (SAP) perspective ( Jarzabkowski & Spee, 2009; Whittington, 2006, 2014, 2018 ), all knowledge contributions arise through practice ( Schatzki et al., 2001 ).

Second, design researchers can use our design principles to contextualize and improve IP design in diverse, real-world settings. While empirical design research focuses on finding actionable solutions to real-world problems ( Hevner et al., 2004 ), it is not equipped to critically reflect on the implicit ideology it employs to develop said solutions ( Benjamin, 2019 ). For the design research community, our work extends its methodological toolkit by advancing current design paradigms to consider the need for emancipatory-driven design explicitly ( Kane et al., 2021; Young et al., 2024 ). For the IS discipline, we extend the dialogue on critical IS theory (e.g., Cecez-Kecmanovic, 2011; Young, 2023 ) and its application (e.g., Kane et al., 2021; Myers & Klein, 2011 ). Specifically, we reviewed critical theories across disciplines, assessed their relevance to IS contexts, and translated them into the logic of IS research.

statements and their respective degree of emancipation in Table 2 . Across all design principles, condition statements of the proposed system design (i.e., EPIP) surpass their respective counterparts from the initial system design (i.e., IP). This indicates that our proposed design principles move EPIPs away from current oppressive IPs closer to an ethically grounded state throughout all four emancipatory tools. Condition statements and their assessment under EDGE. Design Principle Condition Statement Degree of Emancipation Initial System Design of IPs DP1: Users have limited means to act within platforms due to high hardware costs, high-speed internet requirements, and few accessibility features, such as multilingual support. DP2: Users feel surveilled and powerless to stop the commodification and exploitation of their data and content.",outputs/batch1/canonical_text_284/d0a17557440f.txt,Fabian Tingelhoff; Jens Joachim Marga,2025,Journal of strategic information systems,,https://www.semanticscholar.org/paper/0118e4e235a32b2389d0a4caf0344774b888ca5c,DG-C03,2,experience | visualization | HCI | interaction | users | gratifications | immersive | media | data | aesthetics | participants | techniques | digital | context | theory,Design Guidelines — Information visualization and Interaction design [DG-C03],"Information visualization, Interaction design",Design Guidelines — Information visualization and Interaction design,Provisional interpretation,Assignment frozen; interpretation requires confirmation by at least two reviewers,Contrastive phrase label with source-grounded extractive summary.,Not assigned by Path 1,Not evaluated in this statistical interpretation,Not applicable,Predefined keyword group,Not assigned,BGE-M3 embedding + Spectral clustering,Not assigned,Source-grounded cluster interpretation,not_applicable,,,,-1,0.0,experience | visualization | HCI | interaction | users | gratifications | immersive | media | data | aesthetics | participants | techniques | digital | context | theory,False,False,0,,,"Immersive platforms, accessed via VR and AR interfaces, offer a profound digital experience but raise significant privacy and ethical concerns. Current systems collect extensive user data; this enables manipulative advertising and behavior control, fosters self-censorship, and diminishes authentic self-expression – especially among marginalized communities. The unchecked development of immersive platforms threatens to create oppressive environments due to power imbalances and a lack of regulation. This paper addresses the urgent need for emancipatory design guidelines to prevent such outcomes. By integrating critical theory with Participatory Design, we propose Emancipatory Participatory Immersive Platforms. These platforms involve users in their design and dismantle oppressive structures through four emancipatory tools (i.e., agency, dialogue, inclusion, and rationality), substantiated by eight actionable design principles. Our framework aims to empower users, promote inclusivity, and ensure rational engagement – and thereby foster immersive platforms that maintain functional benefits while enhancing freedom and equity.",17.266924,7.3928947,0.1317225694656372,5,5,False,"[{'paper_id': '615169de6f0e', 'title': 'From interaction to trajectories: designing coherent journeys through user experiences', 'cluster': 2, 'distance': 0.2446047067642212}, {'paper_id': 'b14f85b19a87', 'title': 'Design Study Methodology: Reflections from the Trenches and the Stacks', 'cluster': 3, 'distance': 0.2813694477081299}, {'paper_id': '139a1e71d8dc', 'title': 'Separation of Modeling Principles and Design Principles in Enterprise Engineering', 'cluster': 3, 'distance': 0.28260713815689087}, {'paper_id': '75f43821c56f', 'title': 'Towards a Model of Information Aesthetics in Information Visualization', 'cluster': 2, 'distance': 0.28301626443862915}, {'paper_id': 'c216cc01fe23', 'title': 'A Preliminary Proposal Towards Unambiguous Definitions for Modular Interfaces and Interactions', 'cluster': 3, 'distance': 0.29017412662506104}]","Our framework is intended to sensitize future studies, help distill craft knowledge into design guidelines and patterns, identify technology requirements, and provide a boundary object to connect HCI with Performance Studies. [E1] We argue that U&G is a good approach to researching likeability of media applications. [E2]"
ee0a5b26f6dc,Design Guidelines,Formalizing Visualization Design Knowledge as Constraints: Actionable and Extensible Models in Draco,"There exists a gap between visualization design guidelines and their application in visualization tools. While empirical studies can provide design guidance, we lack a formal framework for representing design knowledge, integrating results across studies, and applying this knowledge in automated design tools that promote effective encodings and facilitate visual exploration. We propose modeling visualization design knowledge as a collection of constraints, in conjunction with a method to learn weights for soft constraints from experimental data. Using constraints, we can take theoretical design knowledge and express it in a concrete, extensible, and testable form: the resulting models can recommend visualization designs and can easily be augmented with additional constraints or updated weights. We implement our approach in Draco, a constraint-based system based on Answer Set Programming (ASP). We demonstrate how to construct increasingly sophisticated automated visualization design systems, including systems based on weights learned directly from the results of graphical perception experiments.",12,12,ee0a5b26f6dc_p0004;ee0a5b26f6dc_p0005;ee0a5b26f6dc_p0008;ee0a5b26f6dc_p0021;ee0a5b26f6dc_p0024;ee0a5b26f6dc_p0025;ee0a5b26f6dc_p0123;ee0a5b26f6dc_p0145;ee0a5b26f6dc_p0148;ee0a5b26f6dc_p0149;ee0a5b26f6dc_p0150;ee0a5b26f6dc_p0151,"Visualization designers beneﬁt from familiarity with both the data domain under consideration and principles of effective visual encoding. Although designers can learn these principles from books, research papers, and experience, they do not always follow these principles in practice [6, 42]. Automated design tools [37, 66] are designed to help address this problem: they use formally-encoded design guidelines to promote effective visualizations. However, our design knowledge is incomplete and continually evolving. In order to incorporate new experimental results or compare different theories of effective design, we need to elaborate and reﬁne these bodies of formal design knowledge. Visualization researchers regularly publish empirical study results of how people decode and interpret visualizations (e.g., [24, 30, 46, 61]). However, new results often make their way into practical tools slowly: even though our knowledge is evolving, we lack a shared medium for representing and acting upon this knowledge.

For example, existing automated design systems [37–39,65] do not explicitly reuse the knowledge bases implemented in previous systems. Rather than building idiosyncratic representations of design knowledge for individual systems, we seek to make formal models of design knowledge a shared resource for the visualization community. We present Draco, a formal model that represents visualizations as sets of logical facts and represents design guidelines as a collection of hard and soft constraints over these facts. Draco can systematically enumerate the visualizations that do not violate the hard constraints and ﬁnd the most preferred visualizations according to the soft constraints. We ﬁrst formulate a simple yet powerful visualization description language based on the V ega-Lite grammar [52] and then extend this language to express dataset and task characteristics.

We then show how Draco can go beyond these systems by adding new constraints concerning data and a user’s primary task. Instead of manually specifying weights, we learn them from two independent graphical perception studies [30, 51]. We compare the learned visualization model to a hand-tuned model, demonstrating improved automated design suggestions. Encoding design knowledge as constraints has many advantages from both practical and academic perspectives [58]. Tool builders can use evolving knowledge bases of best practices instead of (re)implementing ad-hoc rules, and can beneﬁt from the efﬁcient search algorithms provided by state-of-the-art constraint solvers. Most importantly, an independent knowledge base may allow anyone to formulate and disseminate design preferences as a small set of independent constraints and/or weight updates.

MORITZ ET AL.: FORMALIZING VISUALIZATION DESIGN KNOWLEDGE AS CONSTRAINTS: ACTIONABLE AND EXTENSIBLE MODELS IN DRACO 439 Formalizing Visualization Design Knowledge as Constraints: Actionable and Extensible Models in Draco Dominik Moritz, Chenglong Wang, Greg L. Nelson, Halden Lin, Adam M. Smith, Bill Howe, Jeffrey Heer

Visualization designers beneﬁt from familiarity with both the data domain under consideration and principles of effective visual encoding. Although designers can learn these principles from books, research papers, and experience, they do not always follow these principles in practice [6, 42]. Automated design tools [37, 66] are designed to help address this problem: they use formally-encoded design guidelines to promote effective visualizations. However, our design knowledge is incomplete and continually evolving. In order to incorporate new experimental results or compare different theories of effective design, we need to elaborate and reﬁne these bodies of formal design knowledge. Visualization researchers regularly publish empirical study results of how people decode and interpret visualizations (e.g., [24, 30, 46, 61]). However, new results often make their way into practical tools slowly: even though our knowledge is evolving, we lack a shared medium for representing and acting upon this knowledge.

For example, existing automated design systems [37–39,65] do not explicitly reuse the knowledge bases implemented in previous systems. Rather than building idiosyncratic representations of design knowledge for individual systems, we seek to make formal models of design knowledge a shared resource for the visualization community. We present Draco, a formal model that represents visualizations as sets of logical facts and represents design guidelines as a collection of hard and soft constraints over these facts. Draco can systematically enumerate the visualizations that do not violate the hard constraints and ﬁnd the most preferred visualizations according to the soft constraints. We ﬁrst formulate a simple yet powerful visualization description language based on the V ega-Lite grammar [52] and then extend this language to express dataset and task characteristics.

We presented Draco, a formal model for visualization knowledge representation, and demonstrated its use for automated visualization design. Draco models visualization design knowledge using constraints and associated weights; this separation of knowledge representation from search procedures enables easier development and maintenance. The Draco-APT and Draco-CQL examples demonstrate how Draco can support increasingly sophisticated visualization design tools with less development effort and better performance than prior approaches. The Draco-Learn example demonstrates that Draco can combine data from different studies to learn weights for a state-of-the-art visualization design tool, further accelerating modeling efforts. We now discuss how Draco’s constraint system can enable new usage scenarios, such as design space enumeration, visualization model T ask Draco-CQL Draco-Learn learned weightshand-tuned weights Value Summary bias N !2 0.0 0.5 1.0 1.5 2.0 Q1 0.0 2.0 Q2 bias N 0.0 0.5 1.0 1.5 2.0 Q1 bias N !2 0.0 0.5 1.0 1.5 2.0 Q1 bias N !2 0.0 0.5 1.0 1.5 2.0 Q1 weights (left) and Draco with learned weights (rights) for two queries with varying tasks.

446 IEEE TRANSACTIONS ON VISUALIZATION AND COMPUTER GRAPHICS, V OL. 25, NO . 1, J ANUARY 2019 and aggregation). We plan to extend the model to transformations such as ﬁltering and sorting, and incorporate V ega-Lite’s interaction primitives [52]. We are excited to explore how our visualization model can be extended to support chart composition, for instance into layered views or dashboards. Applying design guidelines to multiple charts separately can lead to locally effective, yet globally inconsistent views [47]. For example, different ﬁelds might confusingly be encoded with the same color scheme across charts. With the right set of weighted constraints, Draco could trade-off among the effectiveness of single views and global consistency within a multi-view display [47, 66]. In our demonstration of Draco-Learn, we modeled a restricted subspace of visualizations that mirrors the limits of the available experimental data.

Up to this point, we have positioned Draco as a tool for synthesizing optimal visualization designs from partial speciﬁcations. However, Draco could be used in a variety of other contexts. In the following, we discuss four directions that Draco could be extended. First, Draco can be used as a general “visualization spell checker” to validate and auto-correct designs independently, or within a broader system for people to “learn by doing”. Currently, Draco is able to use expressiveness and effectiveness constraints to report errors for designs that violate design guidelines. However, given a visualization, we could extend Draco to additionally automatically correct the visualization, removing the most severe violations and suggesting alternative valid designs to users. The problem of ﬁnding the minimal set of constraints that need to be removed for the remaining constraints to be satisﬁable is known as the unsatisﬁable cores problem [10]; related techniques could be applied to visualization design constraints.

Draco might also explain those violations and why they matter, to teach students or visualization designers about best practices, help them spot (intentionally or unintentionally) misleading visualizations, critique visualizations, and perhaps contribute new visualization knowledge or explanations. Second, Draco can facilitate exploration of the visualization design space. Besides surfacing violations of design guidelines, Draco can rank visualizations by their costs. Designers might use this function of Draco to choose among different alternative designs. Draco could also be used to cluster designs based on their violations (using the same feature vectors used in our learning to rank approach). An exciting avenue for future research is to use Draco’s design space deﬁnition to systematically generate visualizations to build a corpus of visualizations and interactions.

Creating such a corpus is as simple as running Clingo on the Draco design space deﬁnition without preferences, which enumerates all valid answer sets. Testing generated designs with human subjects will allow us to understand the costs and beneﬁts of different encodings and interactions. Although the current design space in Draco is limited, as noted above we plan to extend the model further, including interaction primitives such as V ega-Lite selections [52]. Third, Draco can be used as a tool for researchers to compare the implications of different effectiveness studies. Concretely, if a researcher ﬁnds a new design guideline, they could add it to Draco as a constraint and assess whether it conﬂicts with, or is subsumed by, existing design guidelines. Based on comparison results, researchers could share their design results as constraints to improve the common knowledge base of visualization design tools.

Lastly, an important future extension is tooling to support developers, researchers, and designers. In addition to collecting more data to learn preference weights, we hope to provide tools to browse the visualization design space and knowledge base rules, as well as tools to understand violations and ﬁne-tune trade-offs among competing design guidelines. With the right tooling and ﬁne-tuned visualization models, Draco’s declarative approach to automated visualization design could bring us one step closer towards building assistive interfaces for effective design that canvas a much broader swath of the visualization design space. Such interfaces should allow visualization designers to consider a greater variety of approaches, while also focusing on the creative aspects of visualization design. Appendix: Preference Models as Markov Logic Networks Our preference model forms a Markov logic network (MLN) [49] that describes a distribution over visualizations.",outputs/batch1/canonical_text_284/ee0a5b26f6dc.txt,Dominik Moritz; Chenglong Wang; Greg L. Nelson; Halden Lin; Adam M. Smith; Bill Howe; Jeffrey Heer,2018,IEEE Transactions on Visualization and Computer Graphics,,https://www.semanticscholar.org/paper/8db0faf2764f8b578c5d702989d437ff8bea9f14,DG-C01,0,user interface | tacit | visualization | component | instances | constraints | characteristics | support | violation | tools | designers | uis-hunter | actions | material | smell,Design Guidelines — Tacit knowledge and Graphic design [DG-C01],"Tacit knowledge, Graphic design",Design Guidelines — Tacit knowledge and Graphic design,Provisional interpretation,Assignment frozen; interpretation requires confirmation by at least two reviewers,Contrastive phrase label with source-grounded extractive summary.,Not assigned by Path 1,Not evaluated in this statistical interpretation,Not applicable,Predefined keyword group,Not assigned,BGE-M3 embedding + Spectral clustering,Not assigned,Source-grounded cluster interpretation,not_applicable,,,,-1,0.0,user interface | tacit | visualization | component | instances | constraints | characteristics | support | violation | tools | designers | uis-hunter | actions | material | smell,False,False,0,,,"There exists a gap between visualization design guidelines and their application in visualization tools. While empirical studies can provide design guidance, we lack a formal framework for representing design knowledge, integrating results across studies, and applying this knowledge in automated design tools that promote effective encodings and facilitate visual exploration. We propose modeling visualization design knowledge as a collection of constraints, in conjunction with a method to learn weights for soft constraints from experimental data. Using constraints, we can take theoretical design knowledge and express it in a concrete, extensible, and testable form: the resulting models can recommend visualization designs and can easily be augmented with additional constraints or updated weights. We implement our approach in Draco, a constraint-based system based on Answer Set Programming (ASP). We demonstrate how to construct increasingly sophisticated automated visualization design systems, including systems based on weights learned directly from the results of graphical perception experiments.",15.338977,5.440363,0.09907245635986328,2,2,True,"[{'paper_id': '75f43821c56f', 'title': 'Towards a Model of Information Aesthetics in Information Visualization', 'cluster': 2, 'distance': 0.2180503010749817}, {'paper_id': 'b14f85b19a87', 'title': 'Design Study Methodology: Reflections from the Trenches and the Stacks', 'cluster': 3, 'distance': 0.21895569562911987}, {'paper_id': '00d7fbafe65f', 'title': 'Demystifying Tacit Knowledge in Graphic Design: Characteristics, Instances, Approaches, and Guidelines', 'cluster': 0, 'distance': 0.24399489164352417}, {'paper_id': '139a1e71d8dc', 'title': 'Separation of Modeling Principles and Design Principles in Enterprise Engineering', 'cluster': 3, 'distance': 0.28786492347717285}, {'paper_id': 'c216cc01fe23', 'title': 'A Preliminary Proposal Towards Unambiguous Definitions for Modular Interfaces and Interactions', 'cluster': 3, 'distance': 0.29912859201431274}]","By understanding the reasons for the lack of support on these instances based on their characteristics, we propose design guidelines for capturing and applying tacit knowledge in design tools. [E1] We propose modeling visualization design knowledge as a collection of constraints, in conjunction with a method to learn weights for soft constraints from experimental data. [E2]"
f0b2517a04a4,Design Guidelines,Don't Do That! Hunting Down Visual Design Smells in Complex UIs against Design Guidelines,"Just like code smells in source code, UI design has visual design smells. We study 93 don't-do-that guidelines in the Material Design, a complex design system created by Google. We find that these don't-guidelines go far beyond UI aesthetics, and involve seven general design dimensions (layout, typography, iconography, navigation, communication, color, and shape) and four component design aspects (anatomy, placement, behavior, and usage). Violating these guidelines results in visual design smells in UIs (or UI design smells). In a study of 60,756 UIs of 9,286 Android apps, we find that 7,497 UIs of 2,587 apps have at least one violation of some Material Design guidelines. This reveals the lack of developer training and tool support to avoid UI design smells. To fill this gap, we design an automated UI design smell detector (UIS-Hunter) that extracts and validates multi-modal UI information (component metadata, typography, iconography, color, and edge) for detecting the violation of diverse don't-guidelines in Material Design. The detection accuracy of UIS-Hunter is high (precision=0.81, recall=0.90) on the 60,756 UIs of 9,286 apps. We build a guideline gallery with real-world UI design smells that UIS-Hunter detects for developers to learn the best Material Design practices. Our user studies show that UIS-Hunter is more effective than manual detection of UI design smells, and the UI design smells that are detected by UIS-Hunter have severely negative impacts on app users.",12,12,f0b2517a04a4_p0006;f0b2517a04a4_p0023;f0b2517a04a4_p0024;f0b2517a04a4_p0025;f0b2517a04a4_p0026;f0b2517a04a4_p0029;f0b2517a04a4_p0034;f0b2517a04a4_p0035;f0b2517a04a4_p0046;f0b2517a04a4_p0066;f0b2517a04a4_p0069;f0b2517a04a4_p0072,"First, the design examples used to explain the guidelines (e.g., Fig. 2) are very different from the actual UI designs to be checked (e.g., the guideline violation. Second, checking a UI design against certain design guidelines requires to examine multi-modal

Fourth, the primary color refers to the color displayed most frequently across an app’s screen and components. Fifth, edge information is needed for divider- and shape-related guidelines. 48 of 93 don’t-guidelines require one type of atomic UI information to validate. Most of these guidelines are about text usage and limitation of component instances. The remaining 45 guidelines require two or more types of information. For example, the guideline “ don’t apply icons to some destinations but not others in a navigation drawer” requires component metadata (the component type and coordinate information, the number of destinations in the drawer) and iconography information (the number of icons used in the drawer). When the two numbers do not match, the guideline is violated. III. UI D esi g n Smel l Det ect i o n As shown in Fig. 4, our approach consists of two main components: a knowledge base of UI design guidelines and a UI design smell detector including input UI design parser, atomic UI information extractors and UI design validator.

In this section, we first give an overview of our approach for UI design smell detection, and then detail the design and construction of its main components. A. Approach Overview The knowledge base of UI design guidelines contains a set of visual design guidelines extracted from a design system (Section III-B). Each guideline is indexed by the type of primary UI component involved and is accompanied by a set of conformance and violation UI examples from the design sys tem and real-world applications. The UI design smell detector takes as input a UI design mockup or an app UI screenshot (Section III-C). It validates the design of each component in the input UI against the guidelines of the corresponding component type. In addition to component metadata obtained from the input UI, the validation examines four types of atomic UI information (Section III-D) (typography, iconography, color and edge) against each guideline’s violation condition.

I f certain guideline violations are detected, the detector produces a UI design smell report (Section III-E). B. Constructing Knowledge Base of UI Design Guidelines A design system, such as Google’s Material Design [14] is usually documented in semi-structured documentation. To con struct a knowledge base of UI design guidelines, we conduct a demographic study of the design guidelines in the design system documentation, such as the study reported in Section II. The knowledge base indexes each design guideline by the type of primary component involved in the guideline, and annotates the guideline with multi-dimensional information such as component design aspect, general design dimension and guideline severity. This allows the developers to explore the multi-dimensional space of a complex design system in a more structured way, as demonstrated in our Material Design guideline gallery.

The guidelines are often abstract. Attaching conformance and violation UI design examples to the design guidelines allows the developers to compare and learn from concrete UI designs. Those examples come from two sources: first, the illustrative UI mockups provided in the design system documentation, and second, the real-world app U I screenshots analyzed by the U I design smell detector. For detecting UI design smells against design guidelines, a critical task is to define atomic UI information required for validating guideline violations. The violation condition can be defined as the first-order logic over the relevant types of atomic UI information. Fig. 4 shows three guideline conditions for navigation drawer. Atomic UI information can be extracted from the input UI design (see Section III-D), and validated against these guideline conditions (see Section III-E).

Parsing Input UI Design Image Extracting Atomic UI Information ' [252,135,528,228], Children: [{ Text: ""Home"",'""), Text: ""Tutorials"",'""), -], Bounds: [0,280,1440,2392], Type: Navigation drawer Constructing Knowledge Base of UI Design Guidelines Material Design Pages Demographic Study Knowledge base of design guidelines 'Primary Component 'Guideline Category 'Violation Conditions 'Examples Typography extractor Edge extractor Iconography extractor Color extractor Generating UI design smell report UI Design Validator 3texdwe E navigaiondrawer A texiiine. height < iestihne averageheighi 3destinaâon E navdrawer A '(navdrawer.icon.num = desânalion.num) Guideline Conditions to be Validated Real-app Conformance and Violation mnnnn U I Design Smell Report  Error#1: Dont apply ic Guideline Category: Single, Anatomy, Iconography, Err Example«: (nav drawer. dete D.

Although the coordinates of a component always form a rectangle, the actual edge of the component may not be a rectangle. We adopt Canny edge detection [26] to detect the edges surrounding or with a UI component. We require that the pixels must have sufficient horizontal and vertical connectivity. The edge extractor outputs the start and end coordinates of the detected edges. E. Validating UI Design against Visual Design Guidelines For each UI component in the input UI design, the validator first retrieves the relevant design guidelines by the component type from the knowledge base. For each design guideline, it enters the relevant atomic UI information of the primary com ponent and other related UI components into the guideline’s violation condition. If the condition is satisfied, the design of the primary component violates this design guideline. navigation drawer, “ don’t apply icons to some destinations but not others” , “ don’t shrink text label” , and “ don’t use dividers to separate individual destinations” . The validation uses the component metadata, typography, iconography and

edge information, and detects one error and two warning violations for the input navigation drawer. After validating all UI com ponents in the input UI, the validator produces a UI design smell report. Fig. 4 shows the UI design smell report for the input UI. For each component that has at least one design guideline violation, the report summarizes the list of design guidelines being violated. For each guideline being violated, the report highlights the corre sponding component part(s) on the input UI in a red or orange box, depending on the violation severity (error or warning) of the design guideline. To assist the developers in under standing each reported guideline violation, the report presents conformance and violation UI examples. The corresponding component parts on the violation UI examples are also boxed to attract the attention.

For 17 of these 26 guidelines, UIS-Hunter actually reports the same-flavor guideline violations for other types of components. For example, although there are no violations of truncating text in bottom navigation, we find the texttruncation violations for top bar. To confirm the UIS-Hunter’s capability for the 26 guidelines without violations in real-app UIs, we take advantage of the editable UI mockups to inject UI design smells that violate these 26 guidelines in the UI mockups. For each guideline, we choose 2-4 UI design mockups that contain the primary component(s) involved in the guideline. We modify primary component(s) to simulate the guideline violation example illustrated in the Material Design documentation. Depending on the guideline, the modification may include changing text content and style, adding relevant components/icons, resizing or moving components, etc.

To the best of our knowledge, our tool is the first of its kind. The issues reported by these tools and the guideline coverage are not really comparable to our tool. Consider entering the navigation drawer design in Fig 4 into Google Accessibility Scanner. That scanner reports issues: increase text contrast and enlarge small touch targets. These two issues are similar to our guideline violation “ don’t shrink text size” . But our tool can detect many other guideline violations such as “ don’t apply icons to some destination but not others” , “ don’t use dividers to separate individual destinations” , while the scanner cannot. Also, all these tools rely on deep learning models, which demand large datasets of labeled UI issues for model training. It is impractical to collect sufficient training data for all 71 guidelines of 11 types of components UIS- Hunter validates.

Explicit and implicit guidelines differ only in how they are described in material design docu mentation, but not in component design aspects, general design dimensions, and atomic UI information involved. Therefore, implicit design guidelines, once discovered, can be supported in the same way as those explicit guidelines. Furthermore, we could derive some de-facto design guidelines from real apps based on the principles of official guidelines. For example, Material Design describes 4 guidelines regarding the incon sistent use of icons and text labels in bottom navigation. In our observation of real-app UIs, we find some inconsistent icon/text usage beyond these guidelines. For example, one destination uses a notification badge to indicate an update, while the other destination uses normal text for the sam e purpose. UIS-Hunter can be extended to support such de-facto guidelines just like those official guidelines.

The design of UIS-Hunter is informed by a demographic study of Material Design guidelines. The eval uation on real-app Uls and UI mockups confirms the high detection accuracy of UIS-Hunter, and the user studies provide initial evidence of the UIS-Hunter’s utility for developers and app users. We release our UIS-Hunter tool, Material Design guideline gallery, manually validated UI design smell dataset for public use and evaluation. In the future, we will extend UIS-Hunter to support implicit and de-facto guidelines in Material Design, as well as other design systems that describe visual do/don’t-guidelines for a library of UI components in a similar vein. We will investigate visual-design related code smells and better GUI API design to enforce visual design guidelines in code. We w ill integrate UIS-Hunter with design tools to support just-in-time UI design smell detection.",outputs/batch1/canonical_text_284/f0b2517a04a4.txt,"Yang, Bo and Xing, Zhenchang and Xia, Xin and Chen, Chunyang and Ye, Deheng and Li, Shanping",2021,Proceedings of the 43rd International Conference on Software Engineering,10.1109/icse43902.2021.00075,https://doi.org/10.1109/ICSE43902.2021.00075,DG-C01,0,user interface | tacit | visualization | component | instances | constraints | characteristics | support | violation | tools | designers | uis-hunter | actions | material | smell,Design Guidelines — Tacit knowledge and Graphic design [DG-C01],"Tacit knowledge, Graphic design",Design Guidelines — Tacit knowledge and Graphic design,Provisional interpretation,Assignment frozen; interpretation requires confirmation by at least two reviewers,Contrastive phrase label with source-grounded extractive summary.,Not assigned by Path 1,Not evaluated in this statistical interpretation,Not applicable,Predefined keyword group,Not assigned,BGE-M3 embedding + Spectral clustering,Not assigned,Source-grounded cluster interpretation,not_applicable,,,,-1,0.0,user interface | tacit | visualization | component | instances | constraints | characteristics | support | violation | tools | designers | uis-hunter | actions | material | smell,False,False,0,,,"Just like code smells in source code, UI design has visual design smells. We study 93 don't-do-that guidelines in the Material Design, a complex design system created by Google. We find that these don't-guidelines go far beyond UI aesthetics, and involve seven general design dimensions (layout, typography, iconography, navigation, communication, color, and shape) and four component design aspects (anatomy, placement, behavior, and usage). Violating these guidelines results in visual design smells in UIs (or UI design smells). In a study of 60,756 UIs of 9,286 Android apps, we find that 7,497 UIs of 2,587 apps have at least one violation of some Material Design guidelines. This reveals the lack of developer training and tool support to avoid UI design smells. To fill this gap, we design an automated UI design smell detector (UIS-Hunter) that extracts and validates multi-modal UI information (component metadata, typography, iconography, color, and edge) for detecting the violation of diverse don't-guidelines in Material Design. The detection accuracy of UIS-Hunter is high (precision=0.81, recall=0.90) on the 60,756 UIs of 9,286 apps. We build a guideline gallery with real-world UI design smells that UIS-Hunter detects for developers to learn the best Material Design practices. Our user studies show that UIS-Hunter is more effective than manual detection of UI design smells, and the UI design smells that are detected by UIS-Hunter have severely negative impacts on app users.",16.967028,4.0149164,0.12177741527557373,3,3,True,"[{'paper_id': 'b357bc5a3d3b', 'title': 'Towards Canonical Task Types for User Interface Design', 'cluster': 3, 'distance': 0.26823294162750244}, {'paper_id': '48af90d5dfe7', 'title': 'Design Guidelines for Domain Specific Languages', 'cluster': 3, 'distance': 0.2748255729675293}, {'paper_id': 'b14f85b19a87', 'title': 'Design Study Methodology: Reflections from the Trenches and the Stacks', 'cluster': 3, 'distance': 0.2811436653137207}, {'paper_id': '75f43821c56f', 'title': 'Towards a Model of Information Aesthetics in Information Visualization', 'cluster': 2, 'distance': 0.30224907398223877}, {'paper_id': '00d7fbafe65f', 'title': 'Demystifying Tacit Knowledge in Graphic Design: Characteristics, Instances, Approaches, and Guidelines', 'cluster': 0, 'distance': 0.30507612228393555}]","By understanding the reasons for the lack of support on these instances based on their characteristics, we propose design guidelines for capturing and applying tacit knowledge in design tools. [E1] We propose modeling visualization design knowledge as a collection of constraints, in conjunction with a method to learn weights for soft constraints from experimental data. [E2]"
