k,average_silhouette,min_cluster_size,max_cluster_size,cluster_sizes,negative_silhouette_count
2,0.027381633418167593,33,42,0:42; 1:33,9
3,0.030334175495148764,10,36,0:10; 1:36; 2:29,18
4,0.027861976092830774,8,32,0:8; 1:19; 2:32; 3:16,29
5,0.03447524731154068,8,22,0:22; 1:8; 2:8; 3:19; 4:18,27
6,0.040277472315799236,7,25,0:12; 1:25; 2:7; 3:12; 4:7; 5:12,27
7,0.044609301476912326,3,30,0:4; 1:11; 2:6; 3:30; 4:10; 5:3; 6:11,31
8,0.04521379842222653,3,23,0:8; 1:8; 2:9; 3:10; 4:7; 5:23; 6:7; 7:3,34
