k,average_silhouette,min_cluster_size,max_cluster_size,cluster_sizes,negative_silhouette_count
2,0.1694491469093758,3,11,0:3; 1:11,0
3,0.20515468876951473,2,7,0:2; 1:5; 2:7,3
4,0.2258055506270666,2,6,0:2; 1:6; 2:4; 3:2,1
5,0.2470297045932101,2,4,0:3; 1:3; 2:4; 3:2; 4:2,2
6,0.2614108593132184,1,4,0:2; 1:4; 2:2; 3:2; 4:3; 5:1,0
7,0.25079088694743573,1,4,0:1; 1:4; 2:2; 3:2; 4:2; 5:1; 6:2,0
8,0.2374030671173139,1,3,0:1; 1:3; 2:2; 3:2; 4:2; 5:1; 6:2; 7:1,0
