k,average_silhouette,min_cluster_size,max_cluster_size,cluster_sizes,negative_silhouette_count
2,0.10060456929607067,4,13,0:4; 1:13,2
3,0.11329539110797278,3,9,0:5; 1:9; 2:3,4
4,0.16846894340737328,2,7,0:2; 1:3; 2:7; 3:5,3
5,0.19474732923532714,2,5,0:3; 1:5; 2:3; 3:2; 4:4,3
6,0.21695169186132468,2,4,0:3; 1:3; 2:3; 3:4; 4:2; 5:2,1
7,0.2342244046838061,1,4,0:2; 1:3; 2:2; 3:1; 4:4; 5:2; 6:3,1
8,0.2512829723692982,1,4,0:3; 1:2; 2:2; 3:2; 4:4; 5:2; 6:1; 7:1,1
