k,average_silhouette,min_cluster_size,max_cluster_size,cluster_sizes,negative_silhouette_count
2,0.13082739423243947,2,15,0:15; 1:2,1
3,0.13970676264012447,3,11,0:11; 1:3; 2:3,0
4,0.16817848380492872,2,6,0:6; 1:6; 2:2; 3:3,2
5,0.19967710746837242,2,6,0:2; 1:3; 2:4; 3:2; 4:6,5
6,0.20671279676058307,2,5,0:5; 1:2; 2:2; 3:3; 4:3; 5:2,4
7,0.22290498661210978,1,4,0:2; 1:2; 2:3; 3:3; 4:4; 5:2; 6:1,0
8,0.22689343042974605,1,4,0:1; 1:4; 2:2; 3:3; 4:2; 5:2; 6:2; 7:1,1
