k,average_silhouette,min_cluster_size,max_cluster_size,cluster_sizes,negative_silhouette_count
2,0.2270739417344858,2,12,0:2; 1:12,2
3,0.21390232871565845,2,6,0:6; 1:2; 2:6,2
4,0.2377179788789268,2,6,0:2; 1:6; 2:4; 3:2,1
5,0.2566881130879097,2,4,0:3; 1:3; 2:4; 3:2; 4:2,1
6,0.25943793814054145,1,4,0:3; 1:2; 2:4; 3:2; 4:1; 5:2,0
7,0.25204598818576157,1,4,0:4; 1:2; 2:2; 3:2; 4:2; 5:1; 6:1,0
8,0.2376505436450587,1,3,0:2; 1:2; 2:3; 3:2; 4:1; 5:2; 6:1; 7:1,0
