k,average_silhouette,min_cluster_size,max_cluster_size,cluster_sizes,negative_silhouette_count
2,0.22983271716228143,2,12,0:2; 1:12,2
3,0.2215334748366083,2,7,0:7; 1:2; 2:5,1
4,0.2323290572222852,2,6,0:2; 1:6; 2:4; 3:2,1
5,0.2447557139068239,2,4,0:3; 1:3; 2:4; 3:2; 4:2,1
6,0.25266632540051875,1,4,0:3; 1:2; 2:4; 3:2; 4:1; 5:2,0
7,0.24457530929205204,1,4,0:1; 1:4; 2:2; 3:2; 4:2; 5:1; 6:2,0
8,0.22955178910384416,1,3,0:2; 1:3; 2:1; 3:2; 4:2; 5:1; 6:2; 7:1,0
