paper_id,source_title,canonical_title,keyword,review_decision,analysis_unit_type,source_pdf_path,source_pdf_sha256,canonical_pdf_path,canonical_pdf_sha256,page_count,text_source,canonical_text_path,canonical_text_sha256,canonical_text_chars,canonical_paragraph_count,abstract_present,analysis_ready,status,notes
0050f73e4373,Integrating different perspective on design rationale: Supporting the emergence of design rationale from design communication,Integrating different perspective on design rationale: Supporting the emergence of design rationale from design communication,Design rationale,,paper,/Users/baiyixin/Documents/Survey - design knowledge/expanded_pdf_corpus_459_20260811/0050f73e4373.pdf,051de5a9e3e41f61aa81595558f1c64a9cf08f2419c4dfe83ceb45e017c34d4d,/Users/baiyixin/Documents/Survey - design knowledge/expanded_pdf_corpus_459_20260811/0050f73e4373.pdf,051de5a9e3e41f61aa81595558f1c64a9cf08f2419c4dfe83ceb45e017c34d4d,24,pypdf,/Users/baiyixin/Documents/Survey - design knowledge/expanded_pipeline_459_20260811/canonical_text/0050f73e4373.txt,813475a84d5c940812f8ea467fed80adccf0106688efa46c8316ff14b0d9f048,59827,301,True,True,analysis_ready,
00781ed0e844,Cognitive Point of View in Recursive Design,Cognitive Point of View in Recursive Design,Design theory,,paper,/Users/baiyixin/Documents/Survey - design knowledge/expanded_pdf_corpus_459_20260811/00781ed0e844.pdf,27128036a4a890266e5bdadeca7660bebc93b1ffae34232427e4441de2cee68a,/Users/baiyixin/Documents/Survey - design knowledge/expanded_pdf_corpus_459_20260811/00781ed0e844.pdf,27128036a4a890266e5bdadeca7660bebc93b1ffae34232427e4441de2cee68a,16,pypdf,/Users/baiyixin/Documents/Survey - design knowledge/expanded_pipeline_459_20260811/canonical_text/00781ed0e844.txt,291715cd1019b9f5f9b8fc12bc3b3d6844232f0e04eb30c70ea82842a24bbd55,63811,289,True,True,analysis_ready,
00d7fbafe65f,"Demystifying Tacit Knowledge in Graphic Design: Characteristics, Instances, Approaches, and Guidelines","Demystifying Tacit Knowledge in Graphic Design: Characteristics, Instances, Approaches, and Guidelines",Design Guidelines,,paper,/Users/baiyixin/Documents/Survey - design knowledge/expanded_pdf_corpus_459_20260811/00d7fbafe65f.pdf,3d5c06263c3a2142ee679b4e6dcd29a6600f32620b33802989cc2b7eea28359b,/Users/baiyixin/Documents/Survey - design knowledge/expanded_pdf_corpus_459_20260811/00d7fbafe65f.pdf,3d5c06263c3a2142ee679b4e6dcd29a6600f32620b33802989cc2b7eea28359b,18,pypdf,/Users/baiyixin/Documents/Survey - design knowledge/expanded_pipeline_459_20260811/canonical_text/00d7fbafe65f.txt,3e8d6c34563088b38c75fb38f7f4737b059f26d00a0df8b1bfdfa4e300dd51ac,111934,528,True,True,analysis_ready,
00e42ae113b8,Utilization of design principles for hybrid learning configurations by interprofessional design teams,Utilization of design principles for hybrid learning configurations by interprofessional design teams,Design knowledge,,paper,/Users/baiyixin/Documents/Survey - design knowledge/expanded_pdf_corpus_459_20260811/00e42ae113b8.pdf,bcd28e3c298b2ec5a1d84f304f31cf1ec54319d8d670a500bddd85353eda3ea3,/Users/baiyixin/Documents/Survey - design knowledge/expanded_pdf_corpus_459_20260811/00e42ae113b8.pdf,bcd28e3c298b2ec5a1d84f304f31cf1ec54319d8d670a500bddd85353eda3ea3,21,pypdf,/Users/baiyixin/Documents/Survey - design knowledge/expanded_pipeline_459_20260811/canonical_text/00e42ae113b8.txt,08c3086d5163908e0f33dc83f40dc871d9ba30e62a88bd91be6dc8cc914521a0,69814,336,True,True,analysis_ready,
013a50a2a9b4,Towards a Pattern Language for Creative Affordances,Towards a Pattern Language for Creative Affordances,Design Patterns,,paper,/Users/baiyixin/Documents/Survey - design knowledge/expanded_pdf_corpus_459_20260811/013a50a2a9b4.pdf,675fefc875546f83057b0e8a74cca33fd296c8d1c587a83eea3df8a581dac7b7,/Users/baiyixin/Documents/Survey - design knowledge/expanded_pdf_corpus_459_20260811/013a50a2a9b4.pdf,675fefc875546f83057b0e8a74cca33fd296c8d1c587a83eea3df8a581dac7b7,10,pypdf,/Users/baiyixin/Documents/Survey - design knowledge/expanded_pipeline_459_20260811/canonical_text/013a50a2a9b4.txt,8e00be917e3cab6e8a41a2faa511a380ddaa0941c3f036389586439ea454f3c5,56543,245,True,True,analysis_ready,
01467836cecf,Design principles for human-computer interfaces,Design principles for human-computer interfaces,Design principles,,paper,/Users/baiyixin/Documents/Survey - design knowledge/expanded_pdf_corpus_459_20260811/01467836cecf.pdf,1d835186cb8f43baf7ee84fb0d997811a49a607b3e7337de75abc0874bfaa196,/Users/baiyixin/Documents/Survey - design knowledge/expanded_pdf_corpus_459_20260811/01467836cecf.pdf,1d835186cb8f43baf7ee84fb0d997811a49a607b3e7337de75abc0874bfaa196,10,pypdf,/Users/baiyixin/Documents/Survey - design knowledge/expanded_pipeline_459_20260811/canonical_text/01467836cecf.txt,125b3987d6082e813a15866138594b9f6b4a456c9debdb18e6dd6ebcad1dcc63,54000,268,True,True,analysis_ready,
0176348439b8,A Comparative Study of Chinese and American Rural Design Guidelines,A Comparative Study of Chinese and American Rural Design Guidelines,Design Guidelines,,paper,/Users/baiyixin/Documents/Survey - design knowledge/expanded_pdf_corpus_459_20260811/0176348439b8.pdf,828770d963a3b05534dfa89b2e4ddb7ecddd889dcfbeb45ec71d86e56fb5a72f,/Users/baiyixin/Documents/Survey - design knowledge/expanded_pdf_corpus_459_20260811/0176348439b8.pdf,828770d963a3b05534dfa89b2e4ddb7ecddd889dcfbeb45ec71d86e56fb5a72f,8,pypdf,/Users/baiyixin/Documents/Survey - design knowledge/expanded_pipeline_459_20260811/canonical_text/0176348439b8.txt,db66aedc0bda93c31cea2cb5b9366da714132271c3d755fd192526045c51e9fe,37117,134,True,True,analysis_ready,
021b68e369b1,Live Coding Patterns and a Toolkit for Pure Data,Live Coding Patterns and a Toolkit for Pure Data,Design Patterns,,paper,/Users/baiyixin/Documents/Survey - design knowledge/expanded_pdf_corpus_459_20260811/021b68e369b1.pdf,0be19d083538915cc36cae418d0e72a2929f3b55f77fd172cd6cb26aa3c5a964,/Users/baiyixin/Documents/Survey - design knowledge/expanded_pdf_corpus_459_20260811/021b68e369b1.pdf,0be19d083538915cc36cae418d0e72a2929f3b55f77fd172cd6cb26aa3c5a964,12,pypdf,/Users/baiyixin/Documents/Survey - design knowledge/expanded_pipeline_459_20260811/canonical_text/021b68e369b1.txt,2137e26a9a6ea41e9e0816a70289239e9d7cc3bab77d325fc01f77e03276b338,55446,278,True,True,analysis_ready,
022ee7cf2e4e,Introduction of a standardized Notation of Design Heuristics for Knowledge Formalization,Introduction of a standardized Notation of Design Heuristics for Knowledge Formalization,Design Heuristics,,paper,/Users/baiyixin/Documents/Survey - design knowledge/expanded_pdf_corpus_459_20260811/022ee7cf2e4e.pdf,fed072b082fc74a193d11e2defa07b2c7bd9e5bafc093dd4fa1f00dd8793b152,/Users/baiyixin/Documents/Survey - design knowledge/expanded_pdf_corpus_459_20260811/022ee7cf2e4e.pdf,fed072b082fc74a193d11e2defa07b2c7bd9e5bafc093dd4fa1f00dd8793b152,10,pypdf,/Users/baiyixin/Documents/Survey - design knowledge/expanded_pipeline_459_20260811/canonical_text/022ee7cf2e4e.txt,3f5520d5d9696d7f470877076c0f4fdb24a5e047811f937252e082da2061f24d,29557,160,True,True,analysis_ready,
02381ea80183,A design theory for data quality tools in data ecosystems: Findings from three industry cases,A design theory for data quality tools in data ecosystems: Findings from three industry cases,Design knowledge,,paper,/Users/baiyixin/Documents/Survey - design knowledge/expanded_pdf_corpus_459_20260811/02381ea80183.pdf,d6e209162406f0ffef700b3ca02aa348ce3dbf284da63c867f4870a848f473ed,/Users/baiyixin/Documents/Survey - design knowledge/expanded_pdf_corpus_459_20260811/02381ea80183.pdf,d6e209162406f0ffef700b3ca02aa348ce3dbf284da63c867f4870a848f473ed,22,pypdf,/Users/baiyixin/Documents/Survey - design knowledge/expanded_pipeline_459_20260811/canonical_text/02381ea80183.txt,5e59027afd9012034b5722a0d7284d425ac4a3c4fe8a522b5d1098cfed4a82fd,113832,592,True,True,analysis_ready,
02c538fcc8a0,Design patterns for wildlife‐related camera trap image analysis,Design patterns for wildlife‐related camera trap image analysis,Design Patterns,,paper,/Users/baiyixin/Documents/Survey - design knowledge/expanded_pdf_corpus_459_20260811/02c538fcc8a0.pdf,89b38a6a0a0971030d763546108fdb40b4d6c12f8aa6a89f37d31ecc757b4033,/Users/baiyixin/Documents/Survey - design knowledge/expanded_pdf_corpus_459_20260811/02c538fcc8a0.pdf,89b38a6a0a0971030d763546108fdb40b4d6c12f8aa6a89f37d31ecc757b4033,25,pypdf,/Users/baiyixin/Documents/Survey - design knowledge/expanded_pipeline_459_20260811/canonical_text/02c538fcc8a0.txt,9f63e0a21ed7c0bd498ecb8fcdd449034bc77dc79b800962c876407d3d021be3,103950,517,True,True,analysis_ready,
02f3ae017acb,Design Theory and Method of Complex Products: A Review,Design Theory and Method of Complex Products: A Review,Design theory,,paper,/Users/baiyixin/Documents/Survey - design knowledge/expanded_pdf_corpus_459_20260811/02f3ae017acb.pdf,5f3d0383bcd66af73eccd20c5573c08255cc36b7023e0199ed7e0fece7e039e6,/Users/baiyixin/Documents/Survey - design knowledge/expanded_pdf_corpus_459_20260811/02f3ae017acb.pdf,5f3d0383bcd66af73eccd20c5573c08255cc36b7023e0199ed7e0fece7e039e6,16,pypdf,/Users/baiyixin/Documents/Survey - design knowledge/expanded_pipeline_459_20260811/canonical_text/02f3ae017acb.txt,55e6a2f57b1755e747a010c0ff6abccb7517ca0f4d9ac855b290aa23860952dc,77507,355,True,True,analysis_ready,
0334252e4adb,A post-positivism view of function behaviour structure,A post-positivism view of function behaviour structure,Design knowledge,,paper,/Users/baiyixin/Documents/Survey - design knowledge/expanded_pdf_corpus_459_20260811/0334252e4adb.pdf,fe77ec001964bed3d0228da40b57c8b9d591d109afc3153c4064cca06289982b,/Users/baiyixin/Documents/Survey - design knowledge/expanded_pdf_corpus_459_20260811/0334252e4adb.pdf,fe77ec001964bed3d0228da40b57c8b9d591d109afc3153c4064cca06289982b,12,pypdf,/Users/baiyixin/Documents/Survey - design knowledge/expanded_pipeline_459_20260811/canonical_text/0334252e4adb.txt,becc12223e2f14567c06dc8a668f84b9c4a656c803cce696a1181b56e09e0741,43601,223,True,True,analysis_ready,
03adadfa0ad4,"Design Principles: Literature Review, Analysis, and Future Directions","Design Principles: Literature Review, Analysis, and Future Directions",Design knowledge,,paper,/Users/baiyixin/Documents/Survey - design knowledge/expanded_pdf_corpus_459_20260811/03adadfa0ad4.pdf,fd9d03f244d3c0cbb6e9b41f4c68704ffe8f36dd104f77950c40d5542b3f1daa,/Users/baiyixin/Documents/Survey - design knowledge/expanded_pdf_corpus_459_20260811/03adadfa0ad4.pdf,fd9d03f244d3c0cbb6e9b41f4c68704ffe8f36dd104f77950c40d5542b3f1daa,13,pypdf,/Users/baiyixin/Documents/Survey - design knowledge/expanded_pipeline_459_20260811/canonical_text/03adadfa0ad4.txt,c4381423ad15aaa8ed5ef630c5d6f3db6cafb28dab076fba59e4f6cb47a900c8,82104,297,True,True,analysis_ready,
03fd54829f02,Digisprudence: the design of legitimate code,Digisprudence: the design of legitimate code,Design theory,,paper,/Users/baiyixin/Documents/Survey - design knowledge/expanded_pdf_corpus_459_20260811/03fd54829f02.pdf,c392f95fd264fbf5eefe8e11b5d0cfffbf415681d3f3ccbaf646659fb0f0faaa,/Users/baiyixin/Documents/Survey - design knowledge/expanded_pdf_corpus_459_20260811/03fd54829f02.pdf,c392f95fd264fbf5eefe8e11b5d0cfffbf415681d3f3ccbaf646659fb0f0faaa,37,pypdf,/Users/baiyixin/Documents/Survey - design knowledge/expanded_pipeline_459_20260811/canonical_text/03fd54829f02.txt,6e3a1a23753202025c96e1df3b1c6dce635bc4f1f89cdb309c768dfa62becd07,92812,280,True,True,analysis_ready,
0512599e76df,What is the content of 'design thinking'? Design Heuristics as conceptual repertoire,What is the content of 'design thinking'? Design Heuristics as conceptual repertoire,Design Heuristics,,paper,/Users/baiyixin/Documents/Survey - design knowledge/expanded_pdf_corpus_459_20260811/0512599e76df.pdf,2b06ad58f150ff3367ccf55ee881843d7908d5c3bad0eb18630d8c0d4d62e17c,/Users/baiyixin/Documents/Survey - design knowledge/expanded_pdf_corpus_459_20260811/0512599e76df.pdf,2b06ad58f150ff3367ccf55ee881843d7908d5c3bad0eb18630d8c0d4d62e17c,7,pypdf,/Users/baiyixin/Documents/Survey - design knowledge/expanded_pipeline_459_20260811/canonical_text/0512599e76df.txt,07b210b6132e62f7ee5232156db1aa961f879290e49e7f434bcf46ced904749b,26998,116,True,True,analysis_ready,
056ae4e01610,Beyond the old game design: a new design paradigm in Game Studies through C-K Theory,Beyond the old game design: a new design paradigm in Game Studies through C-K Theory,Design theory,approved_single,paper,/Users/baiyixin/Documents/Survey - design knowledge/expanded_pdf_corpus_459_20260811/056ae4e01610.pdf,a51e94f294857c474c92b46c20946af6dda6aa00fea2cadf32d74af8700bba9a,/Users/baiyixin/Documents/Survey - design knowledge/expanded_pdf_corpus_459_20260811/056ae4e01610.pdf,a51e94f294857c474c92b46c20946af6dda6aa00fea2cadf32d74af8700bba9a,20,pypdf,/Users/baiyixin/Documents/Survey - design knowledge/expanded_pipeline_459_20260811/canonical_text/056ae4e01610.txt,8b4b930489468d0caf35166d1445eb6eb112cb5a13f314139ce9138e84d110c9,55671,231,True,True,analysis_ready,Visually verified: page 1 is the target title page and page 20 is the paper's final endnotes page.
06e8b19b5894,Game design values,Game design values,Design theory,,paper,/Users/baiyixin/Documents/Survey - design knowledge/expanded_pdf_corpus_459_20260811/06e8b19b5894.pdf,c7a8d1e3d41a044a4352ec7876187f1bc7353614880f48ffa4f9dfc93e9e7600,/Users/baiyixin/Documents/Survey - design knowledge/expanded_pdf_corpus_459_20260811/06e8b19b5894.pdf,c7a8d1e3d41a044a4352ec7876187f1bc7353614880f48ffa4f9dfc93e9e7600,8,pypdf,/Users/baiyixin/Documents/Survey - design knowledge/expanded_pipeline_459_20260811/canonical_text/06e8b19b5894.txt,de0f82fef641d3ae730d0f23cb273f778e7a03dd95dc961b4f336ff9095f5077,46739,235,True,True,analysis_ready,
07395d6487e7,Design Patterns for the Development of Electronic Health Record-Driven Phenotype Extraction Algorithms,Design Patterns for the Development of Electronic Health Record-Driven Phenotype Extraction Algorithms,Design Patterns,,paper,/Users/baiyixin/Documents/Survey - design knowledge/expanded_pdf_corpus_459_20260811/07395d6487e7.pdf,bb8781ff572f1dd7a56c0fa562aad12e607dd6f98d90a7b7716eb90f07bdde30,/Users/baiyixin/Documents/Survey - design knowledge/expanded_pdf_corpus_459_20260811/07395d6487e7.pdf,bb8781ff572f1dd7a56c0fa562aad12e607dd6f98d90a7b7716eb90f07bdde30,7,pypdf,/Users/baiyixin/Documents/Survey - design knowledge/expanded_pipeline_459_20260811/canonical_text/07395d6487e7.txt,d0273bde5351d8ed89cb709c3de5a1df8ee4b5c38f1205380ed7d96d1b96aedc,41468,183,True,True,analysis_ready,
0783409933b4,A Two-Dimensional Framework for AI Agent Design Patterns: Cognitive Function and Execution Topology,A Two-Dimensional Framework for AI Agent Design Patterns: Cognitive Function and Execution Topology,Design Patterns,,paper,/Users/baiyixin/Documents/Survey - design knowledge/expanded_pdf_corpus_459_20260811/0783409933b4.pdf,7f2443c230de1d79d4b9f0a1d472bf77bf60f358b8966f7cead55dad790b4a5b,/Users/baiyixin/Documents/Survey - design knowledge/expanded_pdf_corpus_459_20260811/0783409933b4.pdf,7f2443c230de1d79d4b9f0a1d472bf77bf60f358b8966f7cead55dad790b4a5b,12,pypdf,/Users/baiyixin/Documents/Survey - design knowledge/expanded_pipeline_459_20260811/canonical_text/0783409933b4.txt,51762cef816b816e0b1492d2bfa1df3deccb8431d3e9122185a57d2e94586709,35025,150,True,True,analysis_ready,
07eb3166d706,A Typology of Knowledge Creation in Design Science Research Projects,A Typology of Knowledge Creation in Design Science Research Projects,Design knowledge,,paper,/Users/baiyixin/Documents/Survey - design knowledge/expanded_pdf_corpus_459_20260811/07eb3166d706.pdf,66153a980b0b8a9e208c3ebe7609a6cb6658256a5f9b1589615b0f74da7133d8,/Users/baiyixin/Documents/Survey - design knowledge/expanded_pdf_corpus_459_20260811/07eb3166d706.pdf,66153a980b0b8a9e208c3ebe7609a6cb6658256a5f9b1589615b0f74da7133d8,15,pypdf,/Users/baiyixin/Documents/Survey - design knowledge/expanded_pipeline_459_20260811/canonical_text/07eb3166d706.txt,283ca12e4ef312e7aa90b597cb71a6d72b5e34efb82335f8d4b550240da63a7c,41289,222,True,True,analysis_ready,
07efc8033023,Scaffolding Complex Learning: The Mechanisms of Structuring and Problematizing Student Work,Scaffolding Complex Learning: The Mechanisms of Structuring and Problematizing Student Work,Design Guidelines,,paper,/Users/baiyixin/Documents/Survey - design knowledge/expanded_pdf_corpus_459_20260811/07efc8033023.pdf,e776d0e6eb0b48f7a1705dcbcf07a8fdb07afa9c90b0b1b01f36275544f3128d,/Users/baiyixin/Documents/Survey - design knowledge/expanded_pdf_corpus_459_20260811/07efc8033023.pdf,e776d0e6eb0b48f7a1705dcbcf07a8fdb07afa9c90b0b1b01f36275544f3128d,32,pypdf,/Users/baiyixin/Documents/Survey - design knowledge/expanded_pipeline_459_20260811/canonical_text/07efc8033023.txt,900328a4e7ec4a88e273aad70c972391f2cb6f8faf1353715682db2c5c03b747,97607,471,True,True,analysis_ready,
080c04a1507a,Caution - Principle Under Construction' a Visual Inquiry Tool for Developing Design Principles,Caution - Principle Under Construction' a Visual Inquiry Tool for Developing Design Principles,Design knowledge,,paper,/Users/baiyixin/Documents/Survey - design knowledge/expanded_pdf_corpus_459_20260811/080c04a1507a.pdf,100ff453c5fb0afad4d4153f32dc46a08b0e17d38c29882cf505f8d915b82ecd,/Users/baiyixin/Documents/Survey - design knowledge/expanded_pdf_corpus_459_20260811/080c04a1507a.pdf,100ff453c5fb0afad4d4153f32dc46a08b0e17d38c29882cf505f8d915b82ecd,13,pypdf,/Users/baiyixin/Documents/Survey - design knowledge/expanded_pipeline_459_20260811/canonical_text/080c04a1507a.txt,4b7c987961821ea9fe673aa0379843b68bb2346498e272536c5260ec159b886d,37944,191,True,True,analysis_ready,
0842498049c7,The Extended Likeability Framework: A Theoretical Framework for and a Practical Case of Designing Likeable Media Applications for Preschoolers,The Extended Likeability Framework: A Theoretical Framework for and a Practical Case of Designing Likeable Media Applications for Preschoolers,Design Guidelines,,paper,/Users/baiyixin/Documents/Survey - design knowledge/expanded_pdf_corpus_459_20260811/0842498049c7.pdf,18d382035fcceee585a6acb31bab4df576d7dea1c0c9cbf91d3876c470f7297d,/Users/baiyixin/Documents/Survey - design knowledge/expanded_pdf_corpus_459_20260811/0842498049c7.pdf,18d382035fcceee585a6acb31bab4df576d7dea1c0c9cbf91d3876c470f7297d,11,pypdf,/Users/baiyixin/Documents/Survey - design knowledge/expanded_pipeline_459_20260811/canonical_text/0842498049c7.txt,88d0eadafccb34e7c9d1a546b17fb84c53cd7403aaced806f33aaed967c4c67a,56395,279,True,True,analysis_ready,
09055cc69e8c,A Theoretical Model for Game Mechanics: Bridging Design Practice and Education,A Theoretical Model for Game Mechanics: Bridging Design Practice and Education,Design Patterns,,paper,/Users/baiyixin/Documents/Survey - design knowledge/expanded_pdf_corpus_459_20260811/09055cc69e8c.pdf,406bf531fc63da4e590c641433a206750ecfb6721b17546269e2572ebfbbe3a6,/Users/baiyixin/Documents/Survey - design knowledge/expanded_pdf_corpus_459_20260811/09055cc69e8c.pdf,406bf531fc63da4e590c641433a206750ecfb6721b17546269e2572ebfbbe3a6,7,pypdf,/Users/baiyixin/Documents/Survey - design knowledge/expanded_pipeline_459_20260811/canonical_text/09055cc69e8c.txt,44dd5a118c335762a39221695b7ada1ae5fa451870fd51dadda0c474ebf3621f,32991,157,True,True,analysis_ready,
098637c0f9ae,Pattern design in the context space: paco - a methodological framework for designing auditory display with patterns,Pattern design in the context space: paco - a methodological framework for designing auditory display with patterns,Design Patterns,,paper,/Users/baiyixin/Documents/Survey - design knowledge/expanded_pdf_corpus_459_20260811/098637c0f9ae.pdf,bf3631b16c8ce55a64b50af44408df4476739deeab788f809feadfa12ac9b670,/Users/baiyixin/Documents/Survey - design knowledge/expanded_pdf_corpus_459_20260811/098637c0f9ae.pdf,bf3631b16c8ce55a64b50af44408df4476739deeab788f809feadfa12ac9b670,7,pypdf,/Users/baiyixin/Documents/Survey - design knowledge/expanded_pipeline_459_20260811/canonical_text/098637c0f9ae.txt,0a9424b7733da108832c3791f3004b4e04657abaa8e64d3b6e5e4b1ca8a66116,37897,169,True,True,analysis_ready,
098c9db1090d,A semantic representation for domain-specific patterns,A semantic representation for domain-specific patterns,Design Patterns,,paper,/Users/baiyixin/Documents/Survey - design knowledge/expanded_pdf_corpus_459_20260811/098c9db1090d.pdf,747b6ba5ad8e6334b08d0a4fc61659d9893b806d6d5f8b6b239a03bc74b7875a,/Users/baiyixin/Documents/Survey - design knowledge/expanded_pdf_corpus_459_20260811/098c9db1090d.pdf,747b6ba5ad8e6334b08d0a4fc61659d9893b806d6d5f8b6b239a03bc74b7875a,12,pypdf,/Users/baiyixin/Documents/Survey - design knowledge/expanded_pipeline_459_20260811/canonical_text/098c9db1090d.txt,d331455cc0f381b7d1e37cb68c3cd9bb9ad7a527fcd814e76a717ac07a987039,27965,138,True,True,analysis_ready,
09e4195a775c,BIOPHILIC DESIGN PATTERNS: Emerging Nature-Based Parameters for Health and Well-Being in the Built Environment,BIOPHILIC DESIGN PATTERNS: Emerging Nature-Based Parameters for Health and Well-Being in the Built Environment,Design Patterns,,paper,/Users/baiyixin/Documents/Survey - design knowledge/expanded_pdf_corpus_459_20260811/09e4195a775c.pdf,67f6c35f661de30452b0aa1271101639213291a5f31bcc9a9a5e13d1c89591eb,/Users/baiyixin/Documents/Survey - design knowledge/expanded_pdf_corpus_459_20260811/09e4195a775c.pdf,67f6c35f661de30452b0aa1271101639213291a5f31bcc9a9a5e13d1c89591eb,15,pypdf,/Users/baiyixin/Documents/Survey - design knowledge/expanded_pipeline_459_20260811/canonical_text/09e4195a775c.txt,5b42f3639db2ef89ab7b53f18668f8ae8d36057f70f36daee4353165850a8b4a,58763,205,True,True,analysis_ready,
0a373ca87142,Surveying a Landscape of Ethics-Focused Design Methods,Surveying a Landscape of Ethics-Focused Design Methods,Design methods,,paper,/Users/baiyixin/Documents/Survey - design knowledge/expanded_pdf_corpus_459_20260811/0a373ca87142.pdf,60dd6a03e18af8d938c619d802b2f2c405e64120b080b6df8e64439d75dfe6a4,/Users/baiyixin/Documents/Survey - design knowledge/expanded_pdf_corpus_459_20260811/0a373ca87142.pdf,60dd6a03e18af8d938c619d802b2f2c405e64120b080b6df8e64439d75dfe6a4,32,pypdf,/Users/baiyixin/Documents/Survey - design knowledge/expanded_pipeline_459_20260811/canonical_text/0a373ca87142.txt,ae2d6e613165ada2a13e610873f4a9a16281ac4e8a964956144c26f28df41bd4,136952,570,True,True,analysis_ready,
0b002633de00,A security design pattern taxonomy based on attack patterns: Findings of a systematic literature review,A security design pattern taxonomy based on attack patterns: Findings of a systematic literature review,Design Patterns,,paper,/Users/baiyixin/Documents/Survey - design knowledge/expanded_pdf_corpus_459_20260811/0b002633de00.pdf,c9421685d160f4a802535b030d61e31a4891aa9e3811215cfdd27aa922b7853b,/Users/baiyixin/Documents/Survey - design knowledge/expanded_pdf_corpus_459_20260811/0b002633de00.pdf,c9421685d160f4a802535b030d61e31a4891aa9e3811215cfdd27aa922b7853b,8,pypdf,/Users/baiyixin/Documents/Survey - design knowledge/expanded_pipeline_459_20260811/canonical_text/0b002633de00.txt,9d0990afd0892cfdae4748da63870c6d7891d0666bf3be5c383830890c08b8ca,37752,195,True,True,analysis_ready,
0b35e34543e2,Designing Artificial Identity: The Identity Design Framework and Research Agenda,Designing Artificial Identity: The Identity Design Framework and Research Agenda,Design principles,,paper,/Users/baiyixin/Documents/Survey - design knowledge/expanded_pdf_corpus_459_20260811/0b35e34543e2.pdf,30f03f8d7536bac33752d0f5920ac7eba744a3e376c27299c53c2eb5b8bfb893,/Users/baiyixin/Documents/Survey - design knowledge/expanded_pdf_corpus_459_20260811/0b35e34543e2.pdf,30f03f8d7536bac33752d0f5920ac7eba744a3e376c27299c53c2eb5b8bfb893,18,pypdf,/Users/baiyixin/Documents/Survey - design knowledge/expanded_pipeline_459_20260811/canonical_text/0b35e34543e2.txt,c19172d14c66139b6da271b634d473b0d6c4d02ee7e64020b606d4f09bc6bf3f,139921,727,True,True,analysis_ready,
0b7e6111aa14,Synthesizing a Solution Space for Prescriptive Design Knowledge Codification,Synthesizing a Solution Space for Prescriptive Design Knowledge Codification,Design knowledge,,paper,/Users/baiyixin/Documents/Survey - design knowledge/expanded_pdf_corpus_459_20260811/0b7e6111aa14.pdf,4c2b9427345bb6d20eee3bccde081bdaabc31c6ab37a71f927db8723a8f16620,/Users/baiyixin/Documents/Survey - design knowledge/expanded_pdf_corpus_459_20260811/0b7e6111aa14.pdf,4c2b9427345bb6d20eee3bccde081bdaabc31c6ab37a71f927db8723a8f16620,37,pypdf,/Users/baiyixin/Documents/Survey - design knowledge/expanded_pipeline_459_20260811/canonical_text/0b7e6111aa14.txt,3af90e9b6809e33987e60cffc209a951a62e28afc0a8019fc0e1008a9f42a016,87535,415,True,True,analysis_ready,
0bca44c18d6c,"Tinkering, tailoring, and bricolage: Implications for theories of Design","Tinkering, tailoring, and bricolage: Implications for theories of Design",Design theory,,paper,/Users/baiyixin/Documents/Survey - design knowledge/expanded_pdf_corpus_459_20260811/0bca44c18d6c.pdf,d8fb3bd25c598d5a3274fbd7b015110d1977d0c8309cf09d0471a2321349d704,/Users/baiyixin/Documents/Survey - design knowledge/expanded_pdf_corpus_459_20260811/0bca44c18d6c.pdf,d8fb3bd25c598d5a3274fbd7b015110d1977d0c8309cf09d0471a2321349d704,9,pypdf,/Users/baiyixin/Documents/Survey - design knowledge/expanded_pipeline_459_20260811/canonical_text/0bca44c18d6c.txt,048f995323ec48f319b422adb04e702ddade0a28ca6925aac7bff823d9437636,40289,203,True,True,analysis_ready,
0c3ae5c60e89,Logic for accumulation of design science research theory,Logic for accumulation of design science research theory,Design theory,,paper,/Users/baiyixin/Documents/Survey - design knowledge/expanded_pdf_corpus_459_20260811/0c3ae5c60e89.pdf,6f162840f134b1edf8a0b0da391721927349f9c52634cb5c2ffe0cbf39157e48,/Users/baiyixin/Documents/Survey - design knowledge/expanded_pdf_corpus_459_20260811/0c3ae5c60e89.pdf,6f162840f134b1edf8a0b0da391721927349f9c52634cb5c2ffe0cbf39157e48,10,pypdf,/Users/baiyixin/Documents/Survey - design knowledge/expanded_pipeline_459_20260811/canonical_text/0c3ae5c60e89.txt,1b187ceed3239137d3e4f07941f7e1d3c4213b857f08e6430072b1c7d4210596,44413,214,True,True,analysis_ready,
0c63b5d36c1b,A User-Oriented Design Knowledge Reuse Model,A User-Oriented Design Knowledge Reuse Model,Design knowledge,,paper,/Users/baiyixin/Documents/Survey - design knowledge/expanded_pdf_corpus_459_20260811/0c63b5d36c1b.pdf,8125f8eaddf63807938eec37af26d58f70ed4ac833a5d18ebf22635ae7db922a,/Users/baiyixin/Documents/Survey - design knowledge/expanded_pdf_corpus_459_20260811/0c63b5d36c1b.pdf,8125f8eaddf63807938eec37af26d58f70ed4ac833a5d18ebf22635ae7db922a,10,pypdf,/Users/baiyixin/Documents/Survey - design knowledge/expanded_pipeline_459_20260811/canonical_text/0c63b5d36c1b.txt,932b1daea5888ffa0804f26df586a3befa62b8e7d6eee9105a382250286686ef,40818,179,True,True,analysis_ready,
0cbc36913472,Dialogue Appropriate to Assistive Technology Product Design: A Taxonomy of Communication Formats in Relation to Modes of Sensory Perception,Dialogue Appropriate to Assistive Technology Product Design: A Taxonomy of Communication Formats in Relation to Modes of Sensory Perception,Design Heuristics,,paper,/Users/baiyixin/Documents/Survey - design knowledge/expanded_pdf_corpus_459_20260811/0cbc36913472.pdf,1cccc0c59c6d6a19dc977a603fa711d3811820ca3148d18c8557cd1915629e8b,/Users/baiyixin/Documents/Survey - design knowledge/expanded_pdf_corpus_459_20260811/0cbc36913472.pdf,1cccc0c59c6d6a19dc977a603fa711d3811820ca3148d18c8557cd1915629e8b,15,pypdf,/Users/baiyixin/Documents/Survey - design knowledge/expanded_pipeline_459_20260811/canonical_text/0cbc36913472.txt,1cbef185010c25fb64f7110ec4342242f7fc23edc4756f18a5744c7d8af11336,55882,234,True,True,analysis_ready,
0e02199ea150,The Inspiration of Design Affairology to Hcd in Post Humanism Era,The Inspiration of Design Affairology to Hcd in Post Humanism Era,Design theory,,paper,/Users/baiyixin/Documents/Survey - design knowledge/expanded_pdf_corpus_459_20260811/0e02199ea150.pdf,6495fa1be3f4d05fe74d24818188cc0fb78f9e91c0a05c5c2312ff1013089941,/Users/baiyixin/Documents/Survey - design knowledge/expanded_pdf_corpus_459_20260811/0e02199ea150.pdf,6495fa1be3f4d05fe74d24818188cc0fb78f9e91c0a05c5c2312ff1013089941,8,pypdf,/Users/baiyixin/Documents/Survey - design knowledge/expanded_pipeline_459_20260811/canonical_text/0e02199ea150.txt,5c561a97f362365c84e669bea23f99ac530c7a4e82e59ef33644804bfe65ebfd,42255,174,True,True,analysis_ready,
0ecb6c9b7eeb,Pluralism in Knowledge Management: a Review,Pluralism in Knowledge Management: a Review,Design theory,,paper,/Users/baiyixin/Documents/Survey - design knowledge/expanded_pdf_corpus_459_20260811/0ecb6c9b7eeb.pdf,c4706d934577e7a8e438e3de4a94ec941544e89ada6021f3780cc15dd48645e9,/Users/baiyixin/Documents/Survey - design knowledge/expanded_pdf_corpus_459_20260811/0ecb6c9b7eeb.pdf,c4706d934577e7a8e438e3de4a94ec941544e89ada6021f3780cc15dd48645e9,10,pypdf,/Users/baiyixin/Documents/Survey - design knowledge/expanded_pipeline_459_20260811/canonical_text/0ecb6c9b7eeb.txt,47fe2a4e404bdb2c8707708f33e127b2e357da60bc7f4972e0a37cdece8804b7,41161,199,True,True,analysis_ready,
0ef759265f23,The equitable use concept in sidewalk design,The equitable use concept in sidewalk design,Design Guidelines,,paper,/Users/baiyixin/Documents/Survey - design knowledge/expanded_pdf_corpus_459_20260811/0ef759265f23.pdf,aa3b7d69967a8b4bf35eb9a3956e9f2d82cac6370896036c0f9e253a26a98a33,/Users/baiyixin/Documents/Survey - design knowledge/expanded_pdf_corpus_459_20260811/0ef759265f23.pdf,aa3b7d69967a8b4bf35eb9a3956e9f2d82cac6370896036c0f9e253a26a98a33,10,pypdf,/Users/baiyixin/Documents/Survey - design knowledge/expanded_pipeline_459_20260811/canonical_text/0ef759265f23.txt,7493ad37a1b5a554fd8e835427960adb1301f185ada44d3ade4d13195bc09d4a,60766,266,True,True,analysis_ready,
102689fab8b6,A Design Theory for Transparency of Information Privacy Practices,A Design Theory for Transparency of Information Privacy Practices,Design knowledge,,paper,/Users/baiyixin/Documents/Survey - design knowledge/expanded_pdf_corpus_459_20260811/102689fab8b6.pdf,fafb046a89634b222d0193b4e1a266a2c9cc043e9f60b7cc62240ab5042ca621,/Users/baiyixin/Documents/Survey - design knowledge/expanded_pdf_corpus_459_20260811/102689fab8b6.pdf,fafb046a89634b222d0193b4e1a266a2c9cc043e9f60b7cc62240ab5042ca621,46,pypdf,/Users/baiyixin/Documents/Survey - design knowledge/expanded_pipeline_459_20260811/canonical_text/102689fab8b6.txt,e54d5ac108edae180d409581c6522e4d7b0819b4d02a46ae4a0b9dc04153cd28,126857,579,True,True,analysis_ready,
103eb1a8586b,Incommensurability and multi-paradigm grounding in design science research: Implications for creating knowledge,Incommensurability and multi-paradigm grounding in design science research: Implications for creating knowledge,Design theory,,paper,/Users/baiyixin/Documents/Survey - design knowledge/expanded_pdf_corpus_459_20260811/103eb1a8586b.pdf,0ac74a787415455b2b5123099c0ea9fafe1e46c0d5609ab81eeb54cac6c84ce2,/Users/baiyixin/Documents/Survey - design knowledge/expanded_pdf_corpus_459_20260811/103eb1a8586b.pdf,0ac74a787415455b2b5123099c0ea9fafe1e46c0d5609ab81eeb54cac6c84ce2,25,pypdf,/Users/baiyixin/Documents/Survey - design knowledge/expanded_pipeline_459_20260811/canonical_text/103eb1a8586b.txt,05fd9b7884af55110d01fa1248176716dec3db24dbec017bb5e040bf0c5722e9,50307,247,True,True,analysis_ready,
114973fd100e,Identification and management of the near-field knowledge of industrial design for innovative product shapes,Identification and management of the near-field knowledge of industrial design for innovative product shapes,Design knowledge,,paper,/Users/baiyixin/Documents/Survey - design knowledge/expanded_pdf_corpus_459_20260811/114973fd100e.pdf,11750fb7e10b56be11ea013e91467548ce7a6f649fb353779b03e7f8ecebdc26,/Users/baiyixin/Documents/Survey - design knowledge/expanded_pdf_corpus_459_20260811/114973fd100e.pdf,11750fb7e10b56be11ea013e91467548ce7a6f649fb353779b03e7f8ecebdc26,8,pypdf,/Users/baiyixin/Documents/Survey - design knowledge/expanded_pipeline_459_20260811/canonical_text/114973fd100e.txt,c8f4ad8d4c09650c568d3584dfbdb2104543f3116213ab465067f52faee259b4,28632,114,True,True,analysis_ready,
1151f6830f77,Design patterns in intelligent systems,Design patterns in intelligent systems,Design Patterns,,paper,/Users/baiyixin/Documents/Survey - design knowledge/expanded_pdf_corpus_459_20260811/1151f6830f77.pdf,0f3a6e3e3687154d9eb4acc3c8aea23cdaf43e7a61b761958e7945e069bb9143,/Users/baiyixin/Documents/Survey - design knowledge/expanded_pdf_corpus_459_20260811/1151f6830f77.pdf,0f3a6e3e3687154d9eb4acc3c8aea23cdaf43e7a61b761958e7945e069bb9143,8,pypdf,/Users/baiyixin/Documents/Survey - design knowledge/expanded_pipeline_459_20260811/canonical_text/1151f6830f77.txt,828e83cf702ced34d712a88dda2f8a4fea48c5c6f7a614a05f1a28098bc68379,19091,88,True,True,analysis_ready,
12029fe2805e,Considerações sobre o pattern,Considerações sobre o pattern,Design Patterns,excluded_non_english,paper,/Users/baiyixin/Documents/Survey - design knowledge/expanded_pdf_corpus_459_20260811/12029fe2805e.pdf,,,,,,,,0,0,True,False,excluded_non_english,"The PDF is the correct paper, but the full text is in Portuguese. Excluded from the English-language canonical corpus, OCR, embeddings, and clustering."
12568f76ff90,Patterns or claims: do they help in communicating design advice?,Patterns or claims: do they help in communicating design advice?,Design rationale,,paper,/Users/baiyixin/Documents/Survey - design knowledge/expanded_pdf_corpus_459_20260811/12568f76ff90.pdf,3d85190943eb2f0b49b32c799058885a0e995bc8a9e18da59573641c985f6869,/Users/baiyixin/Documents/Survey - design knowledge/expanded_pdf_corpus_459_20260811/12568f76ff90.pdf,3d85190943eb2f0b49b32c799058885a0e995bc8a9e18da59573641c985f6869,8,pypdf,/Users/baiyixin/Documents/Survey - design knowledge/expanded_pipeline_459_20260811/canonical_text/12568f76ff90.txt,d3bb97f589898dae2a7bc77e482511e91d03fb9ec2e92952fe6ba770f59b3a33,40573,215,True,True,analysis_ready,
12a0faff1d0d,A new approach of innovative design: An introduction to C-K theory,A new approach of innovative design: An introduction to C-K theory,Design theory,,paper,/Users/baiyixin/Documents/Survey - design knowledge/expanded_pdf_corpus_459_20260811/12a0faff1d0d.pdf,d7ce63f51defa7e6bac575cfa4613204b0b443bbb8a5d29042f4c215b87d0dd2,/Users/baiyixin/Documents/Survey - design knowledge/expanded_pdf_corpus_459_20260811/12a0faff1d0d.pdf,d7ce63f51defa7e6bac575cfa4613204b0b443bbb8a5d29042f4c215b87d0dd2,15,pypdf,/Users/baiyixin/Documents/Survey - design knowledge/expanded_pipeline_459_20260811/canonical_text/12a0faff1d0d.txt,61e4cac4d32e609f1c9567ada42bf28948ebcc0dbe39584dbc5e5b00011436d0,48042,257,True,True,analysis_ready,
12cb05e5e8ec,"The ""physics"" of notations: a scientific approach to designing visual notations in software engineering","The ""physics"" of notations: a scientific approach to designing visual notations in software engineering",Design rationale,,paper,/Users/baiyixin/Documents/Survey - design knowledge/expanded_pdf_corpus_459_20260811/12cb05e5e8ec.pdf,452c541903043e2c701bdb0e91725a4ba4d2121ac01ad77b3e737d32e83ae661,/Users/baiyixin/Documents/Survey - design knowledge/expanded_pdf_corpus_459_20260811/12cb05e5e8ec.pdf,452c541903043e2c701bdb0e91725a4ba4d2121ac01ad77b3e737d32e83ae661,2,pypdf,/Users/baiyixin/Documents/Survey - design knowledge/expanded_pipeline_459_20260811/canonical_text/12cb05e5e8ec.txt,0bd105951b49398307cb0ee2f471559d800809f4b8bd29cbc9958f67a69b34c3,11267,49,True,True,analysis_ready,
139a1e71d8dc,Separation of Modeling Principles and Design Principles in Enterprise Engineering,Separation of Modeling Principles and Design Principles in Enterprise Engineering,Design Guidelines,,paper,/Users/baiyixin/Documents/Survey - design knowledge/expanded_pdf_corpus_459_20260811/139a1e71d8dc.pdf,b00a48c114281159c2d76e5c0d05d117dd5e347cd0a4c52e8115a6af7f8b93ab,/Users/baiyixin/Documents/Survey - design knowledge/expanded_pdf_corpus_459_20260811/139a1e71d8dc.pdf,b00a48c114281159c2d76e5c0d05d117dd5e347cd0a4c52e8115a6af7f8b93ab,10,pypdf,/Users/baiyixin/Documents/Survey - design knowledge/expanded_pipeline_459_20260811/canonical_text/139a1e71d8dc.txt,c4a3b59fb2ebe358a351a363c883a6fe3d747b6310f9ec609591fb2c0df6da2b,33155,150,True,True,analysis_ready,
1416cd2b88de,Cross-disciplinary system value overview towards value-oriented design,Cross-disciplinary system value overview towards value-oriented design,Design methods,,paper,/Users/baiyixin/Documents/Survey - design knowledge/expanded_pdf_corpus_459_20260811/1416cd2b88de.pdf,7c036902a892969252d460b855d9a24c5fb2059ae8e91be1e59ae48048a9a83e,/Users/baiyixin/Documents/Survey - design knowledge/expanded_pdf_corpus_459_20260811/1416cd2b88de.pdf,7c036902a892969252d460b855d9a24c5fb2059ae8e91be1e59ae48048a9a83e,20,pypdf,/Users/baiyixin/Documents/Survey - design knowledge/expanded_pipeline_459_20260811/canonical_text/1416cd2b88de.txt,0b49306ecd1facdccabd46c6f39124ccc7a8e3b094c9f2951134d1726b197199,103499,468,True,True,analysis_ready,
141f85abba0a,How to Define Design in Industrial Control and Automation Software,How to Define Design in Industrial Control and Automation Software,Design theory,,paper,/Users/baiyixin/Documents/Survey - design knowledge/expanded_pdf_corpus_459_20260811/141f85abba0a.pdf,1d3352fa5e24036d52ad5a90b92937dc5fa33732a482742ff5771ae1dff2c853,/Users/baiyixin/Documents/Survey - design knowledge/expanded_pdf_corpus_459_20260811/141f85abba0a.pdf,1d3352fa5e24036d52ad5a90b92937dc5fa33732a482742ff5771ae1dff2c853,8,pypdf,/Users/baiyixin/Documents/Survey - design knowledge/expanded_pipeline_459_20260811/canonical_text/141f85abba0a.txt,7fcd4bdc0c32ccd44093f3933feb8c4e544b32d8af6541f76c6a4a3acdc6ddf9,43205,202,True,True,analysis_ready,
1445730be68b,A problem-based approach to the advancement of heuristics for socio-technical evaluation,A problem-based approach to the advancement of heuristics for socio-technical evaluation,Design principles,,paper,/Users/baiyixin/Documents/Survey - design knowledge/expanded_pdf_corpus_459_20260811/1445730be68b.pdf,75f382b18fdc51462260b2fdb654180a3d60d87e5028bf651cd8451aee4e6fbb,/Users/baiyixin/Documents/Survey - design knowledge/expanded_pdf_corpus_459_20260811/1445730be68b.pdf,75f382b18fdc51462260b2fdb654180a3d60d87e5028bf651cd8451aee4e6fbb,24,pypdf,/Users/baiyixin/Documents/Survey - design knowledge/expanded_pipeline_459_20260811/canonical_text/1445730be68b.txt,af557de5c46c48ab609f6fab330d1f609018a0c57c50dd72b202f0b1e0f158a5,110643,535,True,True,analysis_ready,
1499477f6cda,Design Principles for Industrie 4.0 Scenarios,Design Principles for Industrie 4.0 Scenarios,Design principles,,paper,/Users/baiyixin/Documents/Survey - design knowledge/expanded_pdf_corpus_459_20260811/1499477f6cda.pdf,cae45c0b2023538058a1151660fa3882d9e880e8f323c7843775364537686503,/Users/baiyixin/Documents/Survey - design knowledge/expanded_pdf_corpus_459_20260811/1499477f6cda.pdf,cae45c0b2023538058a1151660fa3882d9e880e8f323c7843775364537686503,10,pypdf,/Users/baiyixin/Documents/Survey - design knowledge/expanded_pipeline_459_20260811/canonical_text/1499477f6cda.txt,585e6b9fa8c88ee2732b66d3df4dc4678222b277f7bc49b8119b372af7f52d77,48810,258,True,True,analysis_ready,
14dcaf15aa66,Terminologia kohtaa käytettävyyden. Terminologisen käytettävyyden ydintä rakentamassa,Terminologia kohtaa käytettävyyden. Terminologisen käytettävyyden ydintä rakentamassa,Design Guidelines,,paper,/Users/baiyixin/Documents/Survey - design knowledge/expanded_pdf_corpus_459_20260811/14dcaf15aa66.pdf,eeaa0dcd421c9c58f8fc1212d94e4ca35ffb89f9336b6bda3f7e0a603171917f,/Users/baiyixin/Documents/Survey - design knowledge/expanded_pdf_corpus_459_20260811/14dcaf15aa66.pdf,eeaa0dcd421c9c58f8fc1212d94e4ca35ffb89f9336b6bda3f7e0a603171917f,12,pypdf,/Users/baiyixin/Documents/Survey - design knowledge/expanded_pipeline_459_20260811/canonical_text/14dcaf15aa66.txt,227a18d742af03c891d755c349ff7fbffb2810a49d230d24c13a707177aa027c,35560,133,True,True,analysis_ready,
15f17a542ff6,Epistemological aspects of participatory design studies conducted in the field of health science,Epistemological aspects of participatory design studies conducted in the field of health science,Design theory,,paper,/Users/baiyixin/Documents/Survey - design knowledge/expanded_pdf_corpus_459_20260811/15f17a542ff6.pdf,4c973366928b36c0c6e4e86c626fe363f393163bdf313b5b80ff8531013ffd7a,/Users/baiyixin/Documents/Survey - design knowledge/expanded_pdf_corpus_459_20260811/15f17a542ff6.pdf,4c973366928b36c0c6e4e86c626fe363f393163bdf313b5b80ff8531013ffd7a,12,pypdf,/Users/baiyixin/Documents/Survey - design knowledge/expanded_pipeline_459_20260811/canonical_text/15f17a542ff6.txt,02a70201b89e713f6ba9637a4273c3c3928655e56d126577b51785ae8a5081c9,67213,324,True,True,analysis_ready,
166efc8ac468,HCI Design Knowledge,HCI Design Knowledge,Design knowledge,,paper,/Users/baiyixin/Documents/Survey - design knowledge/expanded_pdf_corpus_459_20260811/166efc8ac468.pdf,77c4a0aef12a9fa9f7240a41df00fd6447894020ad5936448f732cbadd6724a4,/Users/baiyixin/Documents/Survey - design knowledge/expanded_pdf_corpus_459_20260811/166efc8ac468.pdf,77c4a0aef12a9fa9f7240a41df00fd6447894020ad5936448f732cbadd6724a4,144,pypdf,/Users/baiyixin/Documents/Survey - design knowledge/expanded_pipeline_459_20260811/canonical_text/166efc8ac468.txt,f23f5691497b6a6b6d79b753d133dea3340114be941135b82edf12a42d8c58e8,290058,1331,True,True,analysis_ready,
16b7f7939f93,Characterizing Design Rationales Using Computational Linguistics and Human Evaluations,Characterizing Design Rationales Using Computational Linguistics and Human Evaluations,Design rationale,,paper,/Users/baiyixin/Documents/Survey - design knowledge/expanded_pdf_corpus_459_20260811/16b7f7939f93.pdf,4cc9a60f40437b9696bcacb4c8e45c2a01ced8ce51fe4c459a4788a12922fe87,/Users/baiyixin/Documents/Survey - design knowledge/expanded_pdf_corpus_459_20260811/16b7f7939f93.pdf,4cc9a60f40437b9696bcacb4c8e45c2a01ced8ce51fe4c459a4788a12922fe87,12,pypdf,/Users/baiyixin/Documents/Survey - design knowledge/expanded_pipeline_459_20260811/canonical_text/16b7f7939f93.txt,7871807698359a8217196100bbd444f9276b4f7e6194a85c656393b840bae104,75052,356,True,True,analysis_ready,
1728dd2afe4b,Design theory in practice – Making design science research more transparent,Design theory in practice – Making design science research more transparent,Design theory,,paper,/Users/baiyixin/Documents/Survey - design knowledge/expanded_pdf_corpus_459_20260811/1728dd2afe4b.pdf,79844cd56d6b8978e2cb8e109b69891696e23ceca8322be35873d0f8a9637725,/Users/baiyixin/Documents/Survey - design knowledge/expanded_pdf_corpus_459_20260811/1728dd2afe4b.pdf,79844cd56d6b8978e2cb8e109b69891696e23ceca8322be35873d0f8a9637725,15,pypdf,/Users/baiyixin/Documents/Survey - design knowledge/expanded_pipeline_459_20260811/canonical_text/1728dd2afe4b.txt,f459d265574749af0ccaffd984adbaefcbafa59e2b8edae0423cabfd0c4c452d,45716,209,True,True,analysis_ready,
17ad371dac5e,Rethinking User Interface and Experience Design: Heuristic Insights from Makeup and Stage Performance,Rethinking User Interface and Experience Design: Heuristic Insights from Makeup and Stage Performance,Design Heuristics,,paper,/Users/baiyixin/Documents/Survey - design knowledge/expanded_pdf_corpus_459_20260811/17ad371dac5e.pdf,5af144cf168b158fcedce0891f4458f3f44434076b631c3f8dcdfe0e60fb0828,/Users/baiyixin/Documents/Survey - design knowledge/expanded_pdf_corpus_459_20260811/17ad371dac5e.pdf,5af144cf168b158fcedce0891f4458f3f44434076b631c3f8dcdfe0e60fb0828,10,pypdf,/Users/baiyixin/Documents/Survey - design knowledge/expanded_pipeline_459_20260811/canonical_text/17ad371dac5e.txt,2d0fb755beabcc90df639fde0d31e34f6968d634014d10d307b775fa613e8526,36591,161,True,True,analysis_ready,
1826e718712a,Analyzing Design Knowledge Representation in Design Science Research and Deriving Recommendations to Support Design Knowledge Codification,Analyzing Design Knowledge Representation in Design Science Research and Deriving Recommendations to Support Design Knowledge Codification,Design knowledge,,paper,/Users/baiyixin/Documents/Survey - design knowledge/expanded_pdf_corpus_459_20260811/1826e718712a.pdf,a733befe765077b2db55fd0f8462bbac480ef372420f442bdc76cbcc67b92b94,/Users/baiyixin/Documents/Survey - design knowledge/expanded_pdf_corpus_459_20260811/1826e718712a.pdf,a733befe765077b2db55fd0f8462bbac480ef372420f442bdc76cbcc67b92b94,13,pypdf,/Users/baiyixin/Documents/Survey - design knowledge/expanded_pipeline_459_20260811/canonical_text/1826e718712a.txt,14c6e06f42d7bd9feba5436fbd9df42d01c60c9bbc3ee12f4e79f31359665c64,34180,180,True,True,analysis_ready,
18d57211cb40,Object oriented design knowledge: ontology and measurement of impact,Object oriented design knowledge: ontology and measurement of impact,Design knowledge,,paper,/Users/baiyixin/Documents/Survey - design knowledge/expanded_pdf_corpus_459_20260811/18d57211cb40.pdf,d9af067e58c4444a43d2037f89a33b92cc6d207cd9e78a627c6a01cb13a85729,/Users/baiyixin/Documents/Survey - design knowledge/expanded_pdf_corpus_459_20260811/18d57211cb40.pdf,d9af067e58c4444a43d2037f89a33b92cc6d207cd9e78a627c6a01cb13a85729,7,pypdf,/Users/baiyixin/Documents/Survey - design knowledge/expanded_pipeline_459_20260811/canonical_text/18d57211cb40.txt,14934e4867df3543d5520c07d40c5f509a5f7b2581b765adae24183cf67863fb,57476,7,True,True,analysis_ready,
19dd6ec0253e,A principle-based philosophical framework for fashion design praxis and education in new design landscapes,A principle-based philosophical framework for fashion design praxis and education in new design landscapes,Design knowledge,,paper,/Users/baiyixin/Documents/Survey - design knowledge/expanded_pdf_corpus_459_20260811/19dd6ec0253e.pdf,4a879badf643191e1d62c2249b2eb56e550dbfc0e3d136d61c3bc956a212630f,/Users/baiyixin/Documents/Survey - design knowledge/expanded_pdf_corpus_459_20260811/19dd6ec0253e.pdf,4a879badf643191e1d62c2249b2eb56e550dbfc0e3d136d61c3bc956a212630f,18,pypdf,/Users/baiyixin/Documents/Survey - design knowledge/expanded_pipeline_459_20260811/canonical_text/19dd6ec0253e.txt,c8e1e5460f5cf8f23eb28d26961868d4b1fe41bded6195712a84e20332fe613d,60784,273,True,True,analysis_ready,
1a3361a5f828,What are Security Patterns? A Formal Model for Security and Design of Software,What are Security Patterns? A Formal Model for Security and Design of Software,Design Patterns,,paper,/Users/baiyixin/Documents/Survey - design knowledge/expanded_pdf_corpus_459_20260811/1a3361a5f828.pdf,003cd3fa3f86d5470e6f5375a096af607f6afa1b28848500d9a77192f16e8db4,/Users/baiyixin/Documents/Survey - design knowledge/expanded_pdf_corpus_459_20260811/1a3361a5f828.pdf,003cd3fa3f86d5470e6f5375a096af607f6afa1b28848500d9a77192f16e8db4,6,pypdf,/Users/baiyixin/Documents/Survey - design knowledge/expanded_pipeline_459_20260811/canonical_text/1a3361a5f828.txt,08c835f2cafef09c4ea2696b009b62a0f89b66f761994914b5bce11123c8c963,34045,153,True,True,analysis_ready,
1c04ffa25528,The implications of improvisational acting and role-playing on design methodologies,The implications of improvisational acting and role-playing on design methodologies,Design methods,,paper,/Users/baiyixin/Documents/Survey - design knowledge/expanded_pdf_corpus_459_20260811/1c04ffa25528.pdf,b3e2b69f1860c9439bc60bdb4cda7b7f38a1e763bcc2ebe39457176e83b483b8,/Users/baiyixin/Documents/Survey - design knowledge/expanded_pdf_corpus_459_20260811/1c04ffa25528.pdf,b3e2b69f1860c9439bc60bdb4cda7b7f38a1e763bcc2ebe39457176e83b483b8,10,pypdf,/Users/baiyixin/Documents/Survey - design knowledge/expanded_pipeline_459_20260811/canonical_text/1c04ffa25528.txt,07cca33fb7ed0f003021073c78299bb0d33679d1a4075d488ed6a5d07e245c0a,56326,294,True,True,analysis_ready,
1c7fa3f7d73a,A theoretical framework for the studio as a learning environment,A theoretical framework for the studio as a learning environment,Design knowledge,,paper,/Users/baiyixin/Documents/Survey - design knowledge/expanded_pdf_corpus_459_20260811/1c7fa3f7d73a.pdf,ed9e603c6f4b874331f201c0404354a5855b0be8594c7c00e568f42b032aca8b,/Users/baiyixin/Documents/Survey - design knowledge/expanded_pdf_corpus_459_20260811/1c7fa3f7d73a.pdf,ed9e603c6f4b874331f201c0404354a5855b0be8594c7c00e568f42b032aca8b,20,pypdf,/Users/baiyixin/Documents/Survey - design knowledge/expanded_pipeline_459_20260811/canonical_text/1c7fa3f7d73a.txt,aed1ad8c1e8ac0904a926648efc376bea787f862e5a08cb3ad5ca36fca8e8396,68651,333,True,True,analysis_ready,
1d033f71eb02,"Soft, Flexible, and Stretchable Platforms for Tissue‐Interfaced Bioelectronics","Soft, Flexible, and Stretchable Platforms for Tissue‐Interfaced Bioelectronics",Design Rules,,paper,/Users/baiyixin/Documents/Survey - design knowledge/expanded_pdf_corpus_459_20260811/1d033f71eb02.pdf,0752a6ec34532841acd7a85370a6a0bbd5a0b7d2b282dbf48207b1281ad20d43,/Users/baiyixin/Documents/Survey - design knowledge/expanded_pdf_corpus_459_20260811/1d033f71eb02.pdf,0752a6ec34532841acd7a85370a6a0bbd5a0b7d2b282dbf48207b1281ad20d43,30,pypdf,/Users/baiyixin/Documents/Survey - design knowledge/expanded_pipeline_459_20260811/canonical_text/1d033f71eb02.txt,eba7446daa7cbf3cfb0acc4e3dba25a047a07d29f35a6ad71be12a991087f638,160519,720,True,True,analysis_ready,
1d3cca16fcd2,Legitimating design: a sociology of knowledge account of the field,Legitimating design: a sociology of knowledge account of the field,Design knowledge,,paper,/Users/baiyixin/Documents/Survey - design knowledge/expanded_pdf_corpus_459_20260811/1d3cca16fcd2.pdf,dc974204eb6f71a551438497d31db16155530caac939cf66bfd3b060047cdc50,/Users/baiyixin/Documents/Survey - design knowledge/expanded_pdf_corpus_459_20260811/1d3cca16fcd2.pdf,dc974204eb6f71a551438497d31db16155530caac939cf66bfd3b060047cdc50,20,pypdf,/Users/baiyixin/Documents/Survey - design knowledge/expanded_pipeline_459_20260811/canonical_text/1d3cca16fcd2.txt,8392f6474be9d91c8e83b179bf0311bcc5dd4e0024b1310c60d6829cfff86cc9,55916,212,True,True,analysis_ready,
1d529e097d58,Design Space and Design Rules for User Interface Software Architecture,Design Space and Design Rules for User Interface Software Architecture,Design knowledge,,paper,/Users/baiyixin/Documents/Survey - design knowledge/expanded_pdf_corpus_459_20260811/1d529e097d58.pdf,67c4bc57aff4cd17ddee31295621e263289e713ebcbf02f464b05b9ca7d08c22,/Users/baiyixin/Documents/Survey - design knowledge/expanded_pdf_corpus_459_20260811/1d529e097d58.pdf,67c4bc57aff4cd17ddee31295621e263289e713ebcbf02f464b05b9ca7d08c22,63,pypdf,/Users/baiyixin/Documents/Survey - design knowledge/expanded_pipeline_459_20260811/canonical_text/1d529e097d58.txt,60b45f097cf3dfb4a0f891a918f0180672078dc63f6624b5bbaeb0ec2d8b3e3d,126924,589,True,True,analysis_ready,
1e7ab64c6cf9,Commentary: Strength-based co-design that EMPOWERs – Lessons from codesigning with older adults,Commentary: Strength-based co-design that EMPOWERs – Lessons from codesigning with older adults,Design frameworks,,paper,/Users/baiyixin/Documents/Survey - design knowledge/expanded_pdf_corpus_459_20260811/1e7ab64c6cf9.pdf,e5a2c79ee501ee0e0e7a59e08301b9d7f535f076b7a25dc73e9cdc2f9953f876,/Users/baiyixin/Documents/Survey - design knowledge/expanded_pdf_corpus_459_20260811/1e7ab64c6cf9.pdf,e5a2c79ee501ee0e0e7a59e08301b9d7f535f076b7a25dc73e9cdc2f9953f876,8,pypdf,/Users/baiyixin/Documents/Survey - design knowledge/expanded_pipeline_459_20260811/canonical_text/1e7ab64c6cf9.txt,bc38e59dd9a811ebcfbc97e240dd206630e08f7f0a4ea9626445d998bcbe744b,47384,245,True,True,analysis_ready,
1e8f1494fc78,Collaboration Engineering Methodology: Horizontal Extension to Accommodate Project and Program Concerns,Collaboration Engineering Methodology: Horizontal Extension to Accommodate Project and Program Concerns,Design theory,,paper,/Users/baiyixin/Documents/Survey - design knowledge/expanded_pdf_corpus_459_20260811/1e8f1494fc78.pdf,4087a0584866bee971e2f0cc2702a9d84011166f56f2b3d01cc96ca7662a0da2,/Users/baiyixin/Documents/Survey - design knowledge/expanded_pdf_corpus_459_20260811/1e8f1494fc78.pdf,4087a0584866bee971e2f0cc2702a9d84011166f56f2b3d01cc96ca7662a0da2,10,pypdf,/Users/baiyixin/Documents/Survey - design knowledge/expanded_pipeline_459_20260811/canonical_text/1e8f1494fc78.txt,6891faafe4db7383f39d94647e979977027158b7392394120bc6346459a40f68,43672,180,True,True,analysis_ready,
1fda49b32463,A Pattern-Oriented Approach to a Methodical Evaluation of Modeling Methods,A Pattern-Oriented Approach to a Methodical Evaluation of Modeling Methods,Design Patterns,,paper,/Users/baiyixin/Documents/Survey - design knowledge/expanded_pdf_corpus_459_20260811/1fda49b32463.pdf,7791b0a42bae8247299aeb4941eb40dbe08f5f2366e48aef90f1c3075366bfeb,/Users/baiyixin/Documents/Survey - design knowledge/expanded_pdf_corpus_459_20260811/1fda49b32463.pdf,7791b0a42bae8247299aeb4941eb40dbe08f5f2366e48aef90f1c3075366bfeb,8,pypdf,/Users/baiyixin/Documents/Survey - design knowledge/expanded_pipeline_459_20260811/canonical_text/1fda49b32463.txt,f3c96f1cca1cbf2c37185ab9983903e2bcd0b40f910351448a415cddf1adaa89,25054,117,True,True,analysis_ready,
1fec06501110,System Interaction Patterns,System Interaction Patterns,Design Patterns,,paper,/Users/baiyixin/Documents/Survey - design knowledge/expanded_pdf_corpus_459_20260811/1fec06501110.pdf,61af77558f9465c0dc8f5b453c742f5998fde0db3259fd15cf466ef5d72c6492,/Users/baiyixin/Documents/Survey - design knowledge/expanded_pdf_corpus_459_20260811/1fec06501110.pdf,61af77558f9465c0dc8f5b453c742f5998fde0db3259fd15cf466ef5d72c6492,10,pypdf,/Users/baiyixin/Documents/Survey - design knowledge/expanded_pipeline_459_20260811/canonical_text/1fec06501110.txt,a622fb9c92fbdc5dd6b2ea42868c8a4871c97ce1fc531715e48254fcf26660b5,57561,264,True,True,analysis_ready,
2042efa7e455,The DSR grid: six core dimensions for effectively planning and communicating design science research projects,The DSR grid: six core dimensions for effectively planning and communicating design science research projects,Design knowledge,,paper,/Users/baiyixin/Documents/Survey - design knowledge/expanded_pdf_corpus_459_20260811/2042efa7e455.pdf,586f9b064c5a2927b9f4a8766da1e15d95e0500fc1cdf47a972161625306b90b,/Users/baiyixin/Documents/Survey - design knowledge/expanded_pdf_corpus_459_20260811/2042efa7e455.pdf,586f9b064c5a2927b9f4a8766da1e15d95e0500fc1cdf47a972161625306b90b,7,pypdf,/Users/baiyixin/Documents/Survey - design knowledge/expanded_pipeline_459_20260811/canonical_text/2042efa7e455.txt,d8f51356f959842fa43a46ff8ec07c01d492c6eccfe3e9c3c2b7b9ab37bbcff8,34028,152,True,True,analysis_ready,
2085391360fa,"Elephants, patterns, and heuristics","Elephants, patterns, and heuristics",Design Heuristics,,paper,/Users/baiyixin/Documents/Survey - design knowledge/expanded_pdf_corpus_459_20260811/2085391360fa.pdf,be8aa490a00c4cae9ffabaa57ac889bd8fcd25dc55910dfca59437f4fc855d00,/Users/baiyixin/Documents/Survey - design knowledge/expanded_pdf_corpus_459_20260811/2085391360fa.pdf,be8aa490a00c4cae9ffabaa57ac889bd8fcd25dc55910dfca59437f4fc855d00,15,pypdf,/Users/baiyixin/Documents/Survey - design knowledge/expanded_pipeline_459_20260811/canonical_text/2085391360fa.txt,7d7363fcbe4fa0755fc9314937d36981b82806d362d0ed18c1c817010fae9033,69303,377,True,True,analysis_ready,
20f56bbbd10c,2. Interstitial Design Processes: How Design Thinking and Social Design Processes Bridge Theory and Practice in TPC Pedagogy,2. Interstitial Design Processes: How Design Thinking and Social Design Processes Bridge Theory and Practice in TPC Pedagogy,Design theory,,paper,/Users/baiyixin/Documents/Survey - design knowledge/expanded_pdf_corpus_459_20260811/20f56bbbd10c.pdf,c6db09752089a115106b7cbbd90ce9ceae3e47491cd99f7f77b8a37f134d7a38,/Users/baiyixin/Documents/Survey - design knowledge/expanded_pdf_corpus_459_20260811/20f56bbbd10c.pdf,c6db09752089a115106b7cbbd90ce9ceae3e47491cd99f7f77b8a37f134d7a38,15,pypdf,/Users/baiyixin/Documents/Survey - design knowledge/expanded_pipeline_459_20260811/canonical_text/20f56bbbd10c.txt,f73369a6e200a3b7da33c69b02b714829c1118da485a6bec4b498b99bc40d4f9,40834,142,True,True,analysis_ready,
215d4603e3c7,A case study of the extension of floorplan flexibility using sector margins,A case study of the extension of floorplan flexibility using sector margins,Design methods,,paper,/Users/baiyixin/Documents/Survey - design knowledge/expanded_pdf_corpus_459_20260811/215d4603e3c7.pdf,a6d2b9aed3667e44afd4706c2106dac86e65d46f59a8ab8047182ef308d53ba5,/Users/baiyixin/Documents/Survey - design knowledge/expanded_pdf_corpus_459_20260811/215d4603e3c7.pdf,a6d2b9aed3667e44afd4706c2106dac86e65d46f59a8ab8047182ef308d53ba5,27,pypdf,/Users/baiyixin/Documents/Survey - design knowledge/expanded_pipeline_459_20260811/canonical_text/215d4603e3c7.txt,38bdfca6f5f4d00ae7f231a2d38da1bc19549e88ddf78834e21904c9a7447ab5,38993,234,True,True,analysis_ready,
2280b868ea5f,Form and Function: Toward a Better Understanding of Design-Based Games,Form and Function: Toward a Better Understanding of Design-Based Games,Design principles,,paper,/Users/baiyixin/Documents/Survey - design knowledge/expanded_pdf_corpus_459_20260811/2280b868ea5f.pdf,97e5142a27ae039b8a468e6b10a7fd57c6b60e7d3933196a4733a68b1e2cfc8b,/Users/baiyixin/Documents/Survey - design knowledge/expanded_pdf_corpus_459_20260811/2280b868ea5f.pdf,97e5142a27ae039b8a468e6b10a7fd57c6b60e7d3933196a4733a68b1e2cfc8b,16,pypdf,/Users/baiyixin/Documents/Survey - design knowledge/expanded_pipeline_459_20260811/canonical_text/2280b868ea5f.txt,894cdbc1fcca8587e2716de35d419cfe2686b950a979c0cd9a82eb7be7e3dae9,82608,438,True,True,analysis_ready,
22988d4cc335,Strong concepts: Intermediate-level knowledge in interaction design research,Strong concepts: Intermediate-level knowledge in interaction design research,Design knowledge,,paper,/Users/baiyixin/Documents/Survey - design knowledge/expanded_pdf_corpus_459_20260811/22988d4cc335.pdf,6981f77ad354050c157c77a041c7d061db530a0bba947f0206e7eca4f8e6e184,/Users/baiyixin/Documents/Survey - design knowledge/expanded_pdf_corpus_459_20260811/22988d4cc335.pdf,6981f77ad354050c157c77a041c7d061db530a0bba947f0206e7eca4f8e6e184,18,pypdf,/Users/baiyixin/Documents/Survey - design knowledge/expanded_pipeline_459_20260811/canonical_text/22988d4cc335.txt,647b6c9d672271c1f2ff7f218b407bfafa14ecae7aac5b074ac524feead74e36,70002,314,True,True,analysis_ready,
232abf4e9e91,The Conceptual Design of Mechanical Products,The Conceptual Design of Mechanical Products,Design theory,,paper,/Users/baiyixin/Documents/Survey - design knowledge/expanded_pdf_corpus_459_20260811/232abf4e9e91.pdf,a9059a7b6c3b94ad46864a3c3bee7e0a7d1a09763bee9fdf71b1e1a25e4d6fd6,/Users/baiyixin/Documents/Survey - design knowledge/expanded_pdf_corpus_459_20260811/232abf4e9e91.pdf,a9059a7b6c3b94ad46864a3c3bee7e0a7d1a09763bee9fdf71b1e1a25e4d6fd6,5,pypdf,/Users/baiyixin/Documents/Survey - design knowledge/expanded_pipeline_459_20260811/canonical_text/232abf4e9e91.txt,c3dcb5a9f1be71149957213de734636a6bb05689ac716c7cbe763cea7d2ff43e,17458,66,True,True,analysis_ready,
234ec11212b7,Under the umbrella: components of empathy in psychology and design,Under the umbrella: components of empathy in psychology and design,Design methods,,paper,/Users/baiyixin/Documents/Survey - design knowledge/expanded_pdf_corpus_459_20260811/234ec11212b7.pdf,49022b059882cf6cf428b97951ea622357ece406052d9cbbddcdc00cc43d1715,/Users/baiyixin/Documents/Survey - design knowledge/expanded_pdf_corpus_459_20260811/234ec11212b7.pdf,49022b059882cf6cf428b97951ea622357ece406052d9cbbddcdc00cc43d1715,29,pypdf,/Users/baiyixin/Documents/Survey - design knowledge/expanded_pipeline_459_20260811/canonical_text/234ec11212b7.txt,fb1ba2ab85ab46309828c7628f7ea6b8b9af2bdb7efcbdf86cd48289587bd630,100528,522,True,True,analysis_ready,
242644458c6e,A pattern approach to interaction design,A pattern approach to interaction design,Design Patterns,,paper,/Users/baiyixin/Documents/Survey - design knowledge/expanded_pdf_corpus_459_20260811/242644458c6e.pdf,39c3ee00bf804b77fc96ce037bf478e1cdd0ed92d325d2412c18fc39f6179f69,/Users/baiyixin/Documents/Survey - design knowledge/expanded_pdf_corpus_459_20260811/242644458c6e.pdf,39c3ee00bf804b77fc96ce037bf478e1cdd0ed92d325d2412c18fc39f6179f69,18,pypdf,/Users/baiyixin/Documents/Survey - design knowledge/expanded_pipeline_459_20260811/canonical_text/242644458c6e.txt,dc42174b3645996ce9b37b4fdf6fdd7df5609c30b618a9909028558a05cc08c5,49239,229,True,True,analysis_ready,
268903a30da5,Systematic Review of Systemic Design Frameworks for Complex Challenges,Systematic Review of Systemic Design Frameworks for Complex Challenges,Design frameworks,,paper,/Users/baiyixin/Documents/Survey - design knowledge/expanded_pdf_corpus_459_20260811/268903a30da5.pdf,9c9238921fb76592e285f4a69f19711fc5ebf3a180fd4f899def1248786ee717,/Users/baiyixin/Documents/Survey - design knowledge/expanded_pdf_corpus_459_20260811/268903a30da5.pdf,9c9238921fb76592e285f4a69f19711fc5ebf3a180fd4f899def1248786ee717,14,pypdf,/Users/baiyixin/Documents/Survey - design knowledge/expanded_pipeline_459_20260811/canonical_text/268903a30da5.txt,c883e4825b7dd9544fcdbf585f26dc86e341842c5cdd95b1c516f4af64a73e21,52634,282,True,True,analysis_ready,
275ac93d8820,Investigations into the data basis of design knowledge in industrial design engineering,Investigations into the data basis of design knowledge in industrial design engineering,Design knowledge,,paper,/Users/baiyixin/Documents/Survey - design knowledge/expanded_pdf_corpus_459_20260811/275ac93d8820.pdf,5107c02321c5b78cfbd328d27980abe03e82c45485c5a8989e878bcfa0c8d2bc,/Users/baiyixin/Documents/Survey - design knowledge/expanded_pdf_corpus_459_20260811/275ac93d8820.pdf,5107c02321c5b78cfbd328d27980abe03e82c45485c5a8989e878bcfa0c8d2bc,12,pypdf,/Users/baiyixin/Documents/Survey - design knowledge/expanded_pipeline_459_20260811/canonical_text/275ac93d8820.txt,5ab4b38dc65a9c15a2dffb448ec5468635b426b4eb4183c1d996be7171bf2064,36776,196,True,True,analysis_ready,
27e1a41acfbb,Task Decomposition and RAG as Design Patterns for LLM-Based Systems,Task Decomposition and RAG as Design Patterns for LLM-Based Systems,Design Patterns,,paper,/Users/baiyixin/Documents/Survey - design knowledge/expanded_pdf_corpus_459_20260811/27e1a41acfbb.pdf,9f17e4851b381cf72199e4d42a5620767d9db6737cae462ab22f4d8760c60b31,/Users/baiyixin/Documents/Survey - design knowledge/expanded_pdf_corpus_459_20260811/27e1a41acfbb.pdf,9f17e4851b381cf72199e4d42a5620767d9db6737cae462ab22f4d8760c60b31,2,pypdf,/Users/baiyixin/Documents/Survey - design knowledge/expanded_pipeline_459_20260811/canonical_text/27e1a41acfbb.txt,506d73723f0b4c14cf162e05c1f47e8b455a7f70883b4a65188183183cca4ec8,11453,56,True,True,analysis_ready,
287b2d823523,Architecture pattern organization,Architecture pattern organization,Design Patterns,,paper,/Users/baiyixin/Documents/Survey - design knowledge/expanded_pdf_corpus_459_20260811/287b2d823523.pdf,f9580cd8f5bfca8216d02ae02f2b491a82e583c70e602ebbd25e548905c6810d,/Users/baiyixin/Documents/Survey - design knowledge/expanded_pdf_corpus_459_20260811/287b2d823523.pdf,f9580cd8f5bfca8216d02ae02f2b491a82e583c70e602ebbd25e548905c6810d,8,pypdf,/Users/baiyixin/Documents/Survey - design knowledge/expanded_pipeline_459_20260811/canonical_text/287b2d823523.txt,ee4254ec07984bd0af7bf8bb9382bba713f3f38c08319df49243466f5c91d6b8,19889,105,True,True,analysis_ready,
288676f720a1,A design theory for digital platforms supporting online communities: a multiple case study,A design theory for digital platforms supporting online communities: a multiple case study,Design theory,,paper,/Users/baiyixin/Documents/Survey - design knowledge/expanded_pdf_corpus_459_20260811/288676f720a1.pdf,e780ccf10e78c25fcf6c05f81eac5b09400edde1bb383941ea6bd2332c83635d,/Users/baiyixin/Documents/Survey - design knowledge/expanded_pdf_corpus_459_20260811/288676f720a1.pdf,e780ccf10e78c25fcf6c05f81eac5b09400edde1bb383941ea6bd2332c83635d,17,pypdf,/Users/baiyixin/Documents/Survey - design knowledge/expanded_pipeline_459_20260811/canonical_text/288676f720a1.txt,4c6c190a366512a20f593d5c6f53fbc01e74baf38a2cb24a758ea6b2eb66d85f,96540,461,True,True,analysis_ready,
28e9bfcf6713,Validating effective design knowledge for re-use: HCI engineering design principles,Validating effective design knowledge for re-use: HCI engineering design principles,Design knowledge,,paper,/Users/baiyixin/Documents/Survey - design knowledge/expanded_pdf_corpus_459_20260811/28e9bfcf6713.pdf,78347abd658a21bc9da97d5d654b03cf2b506332bee5be9bffdca33049725022,/Users/baiyixin/Documents/Survey - design knowledge/expanded_pdf_corpus_459_20260811/28e9bfcf6713.pdf,78347abd658a21bc9da97d5d654b03cf2b506332bee5be9bffdca33049725022,2,pypdf,/Users/baiyixin/Documents/Survey - design knowledge/expanded_pipeline_459_20260811/canonical_text/28e9bfcf6713.txt,cae9b6cd1eb4bcb29e880deca78a5c7801a04cf9ab8124ce311f9a1cfbbdbec6,9247,49,True,True,analysis_ready,
296e021afe91,A generic model for reflective design,A generic model for reflective design,Design rationale,,paper,/Users/baiyixin/Documents/Survey - design knowledge/expanded_pdf_corpus_459_20260811/296e021afe91.pdf,87252d334d86ad9cd207ff41d32368406ec1270c1e0872579ab50719337d8b83,/Users/baiyixin/Documents/Survey - design knowledge/expanded_pdf_corpus_459_20260811/296e021afe91.pdf,87252d334d86ad9cd207ff41d32368406ec1270c1e0872579ab50719337d8b83,39,pypdf,/Users/baiyixin/Documents/Survey - design knowledge/expanded_pipeline_459_20260811/canonical_text/296e021afe91.txt,851411d54466f7ce0d8b8dfe286770cd27fb75b46a6beec2fb4a4a8ec509238b,97555,460,True,True,analysis_ready,
29a8891f4c02,The Need for Design Cases: Disseminating Design Knowledge,The Need for Design Cases: Disseminating Design Knowledge,Design knowledge,,paper,/Users/baiyixin/Documents/Survey - design knowledge/expanded_pdf_corpus_459_20260811/29a8891f4c02.pdf,f5fe9b309d81f0482aee7d45145cdece5fad6a24afb0df3a7ef4a518cb2c3cdc,/Users/baiyixin/Documents/Survey - design knowledge/expanded_pdf_corpus_459_20260811/29a8891f4c02.pdf,f5fe9b309d81f0482aee7d45145cdece5fad6a24afb0df3a7ef4a518cb2c3cdc,8,pypdf,/Users/baiyixin/Documents/Survey - design knowledge/expanded_pipeline_459_20260811/canonical_text/29a8891f4c02.txt,363d09a1b46b7ca32a53d570619ed6bf5ac84fa58187fa86fdcd58249db98083,19620,74,True,True,analysis_ready,
2a22a314dcfb,Studying Software Architecture Through Design Spaces and Rules,Studying Software Architecture Through Design Spaces and Rules,Design Rules,,paper,/Users/baiyixin/Documents/Survey - design knowledge/expanded_pdf_corpus_459_20260811/2a22a314dcfb.pdf,3e1e579205278941c68cc25372c57670f70ca83c355a6cb73a577f9954390d6a,/Users/baiyixin/Documents/Survey - design knowledge/expanded_pdf_corpus_459_20260811/2a22a314dcfb.pdf,3e1e579205278941c68cc25372c57670f70ca83c355a6cb73a577f9954390d6a,38,pypdf,/Users/baiyixin/Documents/Survey - design knowledge/expanded_pipeline_459_20260811/canonical_text/2a22a314dcfb.txt,0330eb4c18f5a7be0cc4a87d1a179e16c6df7051bacc741cdde86c983d3bf8a8,67682,332,True,True,analysis_ready,
2a3139d14895,What is design knowledge from the viewpoint of CPM/PDD?,What is design knowledge from the viewpoint of CPM/PDD?,Design knowledge,,paper,/Users/baiyixin/Documents/Survey - design knowledge/expanded_pdf_corpus_459_20260811/2a3139d14895.pdf,b8a58ebf4d76f9db19b434bc4a0dd97a1931c6f8a838ede1d77859e0ede6a318,/Users/baiyixin/Documents/Survey - design knowledge/expanded_pdf_corpus_459_20260811/2a3139d14895.pdf,b8a58ebf4d76f9db19b434bc4a0dd97a1931c6f8a838ede1d77859e0ede6a318,8,pypdf,/Users/baiyixin/Documents/Survey - design knowledge/expanded_pipeline_459_20260811/canonical_text/2a3139d14895.txt,9d4518a59fdee62daedccad340eaebcccbf1f5e6ca2ce4d291fa0e6c1ffb41c1,22020,121,True,True,analysis_ready,
2a64adab5143,Educating Educators about Virtual Reality in Virtual Reality: Effective Learning Principles Operationalized in a VR Solution,Educating Educators about Virtual Reality in Virtual Reality: Effective Learning Principles Operationalized in a VR Solution,Design principles,,paper,/Users/baiyixin/Documents/Survey - design knowledge/expanded_pdf_corpus_459_20260811/2a64adab5143.pdf,a975299c3896a3f708e7c66941f97f8225adeed28aba1d65da7fa72cb5889271,/Users/baiyixin/Documents/Survey - design knowledge/expanded_pdf_corpus_459_20260811/2a64adab5143.pdf,a975299c3896a3f708e7c66941f97f8225adeed28aba1d65da7fa72cb5889271,8,pypdf,/Users/baiyixin/Documents/Survey - design knowledge/expanded_pipeline_459_20260811/canonical_text/2a64adab5143.txt,dc58a3cd09b44dd8a708c5598fd68e862e4152a227d4481352a3f220fce912c4,36007,162,True,True,analysis_ready,
2b32e2beaead,Are software patterns simply a handy way to package design heuristics?,Are software patterns simply a handy way to package design heuristics?,Design Heuristics,,paper,/Users/baiyixin/Documents/Survey - design knowledge/expanded_pdf_corpus_459_20260811/2b32e2beaead.pdf,d31ca0d4cabe34e6b722e9b945e474d8a12a28b669788601fa1870091d4a29ba,/Users/baiyixin/Documents/Survey - design knowledge/expanded_pdf_corpus_459_20260811/2b32e2beaead.pdf,d31ca0d4cabe34e6b722e9b945e474d8a12a28b669788601fa1870091d4a29ba,15,pypdf,/Users/baiyixin/Documents/Survey - design knowledge/expanded_pipeline_459_20260811/canonical_text/2b32e2beaead.txt,4e2cac52584ff8a0da923de78e330f09ec1bd50e37b3b6111d1d35e0abf556a3,65199,310,True,True,analysis_ready,
2ba0daf07e8e,Engineering design principles as patterns of relationships in frame creation,Engineering design principles as patterns of relationships in frame creation,Design principles,,paper,/Users/baiyixin/Documents/Survey - design knowledge/expanded_pdf_corpus_459_20260811/2ba0daf07e8e.pdf,14dde20d57bc795d99a7f7549200e08bfd1812d34dea0c37f33f64264228a18e,/Users/baiyixin/Documents/Survey - design knowledge/expanded_pdf_corpus_459_20260811/2ba0daf07e8e.pdf,14dde20d57bc795d99a7f7549200e08bfd1812d34dea0c37f33f64264228a18e,18,pypdf,/Users/baiyixin/Documents/Survey - design knowledge/expanded_pipeline_459_20260811/canonical_text/2ba0daf07e8e.txt,fef66da082ae935c01a8078ec39376dd495ef40a25779fb1d4bd31ce8002eb3e,76901,362,True,True,analysis_ready,
2c1d03d1ba75,Legal Design Patterns: New Tools for Analysis and Translations Between Law and Technology,Legal Design Patterns: New Tools for Analysis and Translations Between Law and Technology,Design Patterns,,paper,/Users/baiyixin/Documents/Survey - design knowledge/expanded_pdf_corpus_459_20260811/2c1d03d1ba75.pdf,c9212ae96aaf1c6055d2d3eda77497b40388632f2bbd5be26702d55434776483,/Users/baiyixin/Documents/Survey - design knowledge/expanded_pdf_corpus_459_20260811/2c1d03d1ba75.pdf,c9212ae96aaf1c6055d2d3eda77497b40388632f2bbd5be26702d55434776483,13,pypdf,/Users/baiyixin/Documents/Survey - design knowledge/expanded_pipeline_459_20260811/canonical_text/2c1d03d1ba75.txt,d78743fb2b7631772173ede825b5422e490ac40e2333d8f2e70fa0fa91f90b20,42061,159,True,True,analysis_ready,
2c8a6e74557f,"The tacit knowledge of entrepreneurial design: Interrelating theory, practice and prescription in entrepreneurship research","The tacit knowledge of entrepreneurial design: Interrelating theory, practice and prescription in entrepreneurship research",Design theory,,paper,/Users/baiyixin/Documents/Survey - design knowledge/expanded_pdf_corpus_459_20260811/2c8a6e74557f.pdf,38c7c7da567532bfda14dfbeb4b2a9eab3b6a0ff084d1839ab105036256eac17,/Users/baiyixin/Documents/Survey - design knowledge/expanded_pdf_corpus_459_20260811/2c8a6e74557f.pdf,38c7c7da567532bfda14dfbeb4b2a9eab3b6a0ff084d1839ab105036256eac17,8,pypdf,/Users/baiyixin/Documents/Survey - design knowledge/expanded_pipeline_459_20260811/canonical_text/2c8a6e74557f.txt,ad6d31bcf0d36165855869d3b2d8e73286687912685e640260a4623edf1c35fc,46756,178,True,True,analysis_ready,
2cceb8eaa8c9,Design Guidelines and Strategies for Interim Innovation,Design Guidelines and Strategies for Interim Innovation,Design Guidelines,,paper,/Users/baiyixin/Documents/Survey - design knowledge/expanded_pdf_corpus_459_20260811/2cceb8eaa8c9.pdf,e5fa33f82cd86dd1dfb0033d9a6f8bd47bda272437319a0cbf21120f6417bcc4,/Users/baiyixin/Documents/Survey - design knowledge/expanded_pdf_corpus_459_20260811/2cceb8eaa8c9.pdf,e5fa33f82cd86dd1dfb0033d9a6f8bd47bda272437319a0cbf21120f6417bcc4,11,pypdf,/Users/baiyixin/Documents/Survey - design knowledge/expanded_pipeline_459_20260811/canonical_text/2cceb8eaa8c9.txt,252f1a8813573c9f54f8c58fbf770f94bb107441d5516f0cde77ac3bb4eaea93,30123,144,True,True,analysis_ready,
2efb92894924,Particles of a Whole: Design Patterns for Transparent and Auditable AI-Systems,Particles of a Whole: Design Patterns for Transparent and Auditable AI-Systems,Design Patterns,,paper,/Users/baiyixin/Documents/Survey - design knowledge/expanded_pdf_corpus_459_20260811/2efb92894924.pdf,d1da55ecb7f9672b0d8077ba34cec6b536161dd17c1076d6b6b803a7418dc17c,/Users/baiyixin/Documents/Survey - design knowledge/expanded_pdf_corpus_459_20260811/2efb92894924.pdf,d1da55ecb7f9672b0d8077ba34cec6b536161dd17c1076d6b6b803a7418dc17c,4,pypdf,/Users/baiyixin/Documents/Survey - design knowledge/expanded_pipeline_459_20260811/canonical_text/2efb92894924.txt,5d403e9d818ad0a96ea012aaee5b7265a7613b736ab2d4baed588fb1148194ee,21094,97,True,True,analysis_ready,
2f7b1528d74d,"HCI Design Knowledge as Principles, Rules, and Heuristics","HCI Design Knowledge as Principles, Rules, and Heuristics",Design knowledge,,paper,/Users/baiyixin/Documents/Survey - design knowledge/expanded_pdf_corpus_459_20260811/2f7b1528d74d.pdf,a8c37f66a8aed30d60d2d13bccd60bfe96a5a6008654227074cf789a019a4471,/Users/baiyixin/Documents/Survey - design knowledge/expanded_pdf_corpus_459_20260811/2f7b1528d74d.pdf,a8c37f66a8aed30d60d2d13bccd60bfe96a5a6008654227074cf789a019a4471,144,pypdf,/Users/baiyixin/Documents/Survey - design knowledge/expanded_pipeline_459_20260811/canonical_text/2f7b1528d74d.txt,f23f5691497b6a6b6d79b753d133dea3340114be941135b82edf12a42d8c58e8,290058,1331,True,True,analysis_ready,
2faef10b819d,A design theory for software engineering,A design theory for software engineering,Design theory,,paper,/Users/baiyixin/Documents/Survey - design knowledge/expanded_pdf_corpus_459_20260811/2faef10b819d.pdf,04da4acc638562f76edc43c53dedb8ce299cfdc5574193a82462f22846bba883,/Users/baiyixin/Documents/Survey - design knowledge/expanded_pdf_corpus_459_20260811/2faef10b819d.pdf,04da4acc638562f76edc43c53dedb8ce299cfdc5574193a82462f22846bba883,30,pypdf,/Users/baiyixin/Documents/Survey - design knowledge/expanded_pipeline_459_20260811/canonical_text/2faef10b819d.txt,7b5783cb7be97f86c83db17ddf52aa8e09326dd311bb37deb70b4d49e4c406d6,104879,435,True,True,analysis_ready,
3058799f63c1,Using Schema to Inform Method Design Practices,Using Schema to Inform Method Design Practices,Design knowledge,,paper,/Users/baiyixin/Documents/Survey - design knowledge/expanded_pdf_corpus_459_20260811/3058799f63c1.pdf,ff768f525816c2cb1dc826d0aa6156bd2138307d7b2e8c167031914f90af5d02,/Users/baiyixin/Documents/Survey - design knowledge/expanded_pdf_corpus_459_20260811/3058799f63c1.pdf,ff768f525816c2cb1dc826d0aa6156bd2138307d7b2e8c167031914f90af5d02,11,pypdf,/Users/baiyixin/Documents/Survey - design knowledge/expanded_pipeline_459_20260811/canonical_text/3058799f63c1.txt,4cb51b2274894666d64d0217b7fe39d6f88980dfc058ff723a1f535a501fd3b5,21838,82,True,True,analysis_ready,
306d52b89600,A theory of tailorable technology design,A theory of tailorable technology design,Design theory,,paper,/Users/baiyixin/Documents/Survey - design knowledge/expanded_pdf_corpus_459_20260811/306d52b89600.pdf,f337399e309ccf959c629e7ae977bdaf8e55100671f44eb6959c530efa67bd7c,/Users/baiyixin/Documents/Survey - design knowledge/expanded_pdf_corpus_459_20260811/306d52b89600.pdf,f337399e309ccf959c629e7ae977bdaf8e55100671f44eb6959c530efa67bd7c,18,pypdf,/Users/baiyixin/Documents/Survey - design knowledge/expanded_pipeline_459_20260811/canonical_text/306d52b89600.txt,6d30b4896e6a495d6b53744191966418cdbd27e7a738901b2af01acd94c30593,84915,447,True,True,analysis_ready,
31bdafb1fc73,Explainable Medical Imaging AI Needs Human-Centered Design: Guidelines and Evidence from a Systematic Review,Explainable Medical Imaging AI Needs Human-Centered Design: Guidelines and Evidence from a Systematic Review,Design principles,,paper,/Users/baiyixin/Documents/Survey - design knowledge/expanded_pdf_corpus_459_20260811/31bdafb1fc73.pdf,dcdc9ba3a371e98226a83f3b716a53e2a23c740b59a7e6d4c84861ecccc19a29,/Users/baiyixin/Documents/Survey - design knowledge/expanded_pdf_corpus_459_20260811/31bdafb1fc73.pdf,dcdc9ba3a371e98226a83f3b716a53e2a23c740b59a7e6d4c84861ecccc19a29,27,pypdf,/Users/baiyixin/Documents/Survey - design knowledge/expanded_pipeline_459_20260811/canonical_text/31bdafb1fc73.txt,56d8b5d70ca8f5b8ddb4b0f6758e87fc43aed1f87b63345eb0fc604a8bdc2637,111975,502,True,True,analysis_ready,
3269f651fd9c,"Designing AI-Enabled Engineering Courses: E-AIP Framework for Learning Outcomes, Process Evidence, and Integrity","Designing AI-Enabled Engineering Courses: E-AIP Framework for Learning Outcomes, Process Evidence, and Integrity",Design Patterns,,paper,/Users/baiyixin/Documents/Survey - design knowledge/expanded_pdf_corpus_459_20260811/3269f651fd9c.pdf,b754648a374136aec3dbef021692a338023d0978892a928d46e6fc480bd063b9,/Users/baiyixin/Documents/Survey - design knowledge/expanded_pdf_corpus_459_20260811/3269f651fd9c.pdf,b754648a374136aec3dbef021692a338023d0978892a928d46e6fc480bd063b9,10,pypdf,/Users/baiyixin/Documents/Survey - design knowledge/expanded_pipeline_459_20260811/canonical_text/3269f651fd9c.txt,573017fbcd77e73ab7e04a72d25ea41dc659af20bcb345a78fa04a3bf37956eb,32140,130,True,True,analysis_ready,
33444d31c6dc,A design theory for visual inquiry tools,A design theory for visual inquiry tools,Design knowledge,,paper,/Users/baiyixin/Documents/Survey - design knowledge/expanded_pdf_corpus_459_20260811/33444d31c6dc.pdf,83cc861426ef5c291f42bd2f1159f3650c4202144c0c58555a1424e3cb79cf32,/Users/baiyixin/Documents/Survey - design knowledge/expanded_pdf_corpus_459_20260811/33444d31c6dc.pdf,83cc861426ef5c291f42bd2f1159f3650c4202144c0c58555a1424e3cb79cf32,40,pypdf,/Users/baiyixin/Documents/Survey - design knowledge/expanded_pipeline_459_20260811/canonical_text/33444d31c6dc.txt,541e08333eb275358de0e932cf392cf5c47a38b2203d63214f50f7fbf4b9de2e,146535,674,True,True,analysis_ready,
3382d6461f40,The Principles of the Flix Programming Language,The Principles of the Flix Programming Language,Design principles,,paper,/Users/baiyixin/Documents/Survey - design knowledge/expanded_pdf_corpus_459_20260811/3382d6461f40.pdf,7357101d1c452e47f359e0362c793416180d92be5ea35722245c554c6ac3652e,/Users/baiyixin/Documents/Survey - design knowledge/expanded_pdf_corpus_459_20260811/3382d6461f40.pdf,7357101d1c452e47f359e0362c793416180d92be5ea35722245c554c6ac3652e,16,pypdf,/Users/baiyixin/Documents/Survey - design knowledge/expanded_pipeline_459_20260811/canonical_text/3382d6461f40.txt,a271db7687e58e23c95c0cf3ff2a1cbab6856d006540766281b23302c1302ec1,86236,475,True,True,analysis_ready,
3401d577c79c,Backfiring and favouring: how design processes in HCI lead to anti-patterns and repentant designers,Backfiring and favouring: how design processes in HCI lead to anti-patterns and repentant designers,Design Patterns,,paper,/Users/baiyixin/Documents/Survey - design knowledge/expanded_pdf_corpus_459_20260811/3401d577c79c.pdf,85dbd7c20a4633aa3b582d09ed1b8f1a54afc53ae813c815a143ad8faf735293,/Users/baiyixin/Documents/Survey - design knowledge/expanded_pdf_corpus_459_20260811/3401d577c79c.pdf,85dbd7c20a4633aa3b582d09ed1b8f1a54afc53ae813c815a143ad8faf735293,18,pypdf,/Users/baiyixin/Documents/Survey - design knowledge/expanded_pipeline_459_20260811/canonical_text/3401d577c79c.txt,49bc12e46d7a31a475647662616a3a3d9a4561dc523424311b55fc6585ad4605,84389,377,True,True,analysis_ready,
3524dd73bb30,Design Patterns of Biological Cells,Design Patterns of Biological Cells,Design Patterns,,paper,/Users/baiyixin/Documents/Survey - design knowledge/expanded_pdf_corpus_459_20260811/3524dd73bb30.pdf,f7c02e2af2c04b20ab5b77b75734cb6bbdc480db472bd0f81e40311c3a7eb90b,/Users/baiyixin/Documents/Survey - design knowledge/expanded_pdf_corpus_459_20260811/3524dd73bb30.pdf,f7c02e2af2c04b20ab5b77b75734cb6bbdc480db472bd0f81e40311c3a7eb90b,39,pypdf,/Users/baiyixin/Documents/Survey - design knowledge/expanded_pipeline_459_20260811/canonical_text/3524dd73bb30.txt,a60d3f7d8a41e7954cc144ac714d33fd2ed3084f50b738d26e2083c289945796,94068,474,True,True,analysis_ready,
35874d939f8d,"Patterns, anticipation and participatory futures","Patterns, anticipation and participatory futures",Design Patterns,,paper,/Users/baiyixin/Documents/Survey - design knowledge/expanded_pdf_corpus_459_20260811/35874d939f8d.pdf,39b8ce8b9e8feb5c6a380b12bd38eb6f8aea11d3c695f1972c466f16a8bd7ee7,/Users/baiyixin/Documents/Survey - design knowledge/expanded_pdf_corpus_459_20260811/35874d939f8d.pdf,39b8ce8b9e8feb5c6a380b12bd38eb6f8aea11d3c695f1972c466f16a8bd7ee7,29,pypdf,/Users/baiyixin/Documents/Survey - design knowledge/expanded_pipeline_459_20260811/canonical_text/35874d939f8d.txt,90684d6954bd20951df5b43091c9fc3e61f8dd6da3df03da2095826c65f6160e,70848,349,True,True,analysis_ready,
363ca9685308,Cognitive Architecture and Instructional Design: 20 Years Later,Cognitive Architecture and Instructional Design: 20 Years Later,Design theory,,paper,/Users/baiyixin/Documents/Survey - design knowledge/expanded_pdf_corpus_459_20260811/363ca9685308.pdf,4fb40d23ef0430a8a427a4ccf102cfb24775c63e084615058f3d39d86aa60bc3,/Users/baiyixin/Documents/Survey - design knowledge/expanded_pdf_corpus_459_20260811/363ca9685308.pdf,4fb40d23ef0430a8a427a4ccf102cfb24775c63e084615058f3d39d86aa60bc3,32,pypdf,/Users/baiyixin/Documents/Survey - design knowledge/expanded_pipeline_459_20260811/canonical_text/363ca9685308.txt,f276291c901a7241adfffa0e80bdc34882faee3eb7f5eaed182b3fafe37671b9,126590,600,True,True,analysis_ready,
364b7d9127ec,Toward a Unified Model of Design Knowledge,Toward a Unified Model of Design Knowledge,Design knowledge,,paper,/Users/baiyixin/Documents/Survey - design knowledge/expanded_pdf_corpus_459_20260811/364b7d9127ec.pdf,17dd48e81fcb72eebe77a134591d74124e71253cdb318b5e519951d8ef7587b7,/Users/baiyixin/Documents/Survey - design knowledge/expanded_pdf_corpus_459_20260811/364b7d9127ec.pdf,17dd48e81fcb72eebe77a134591d74124e71253cdb318b5e519951d8ef7587b7,19,pypdf,/Users/baiyixin/Documents/Survey - design knowledge/expanded_pipeline_459_20260811/canonical_text/364b7d9127ec.txt,c4eb8b51a25a7539b8047f6194767a193c8db207ca9c1548f850b1552c5955bf,44422,174,True,True,analysis_ready,
368e4036648e,From Directional Stimuli to Prompt Architectures: Documenting the Practice of Meta-Prompting,From Directional Stimuli to Prompt Architectures: Documenting the Practice of Meta-Prompting,Design Patterns,,paper,/Users/baiyixin/Documents/Survey - design knowledge/expanded_pdf_corpus_459_20260811/368e4036648e.pdf,2f98bb7522d123a6e0a31fefe2d8b3e4983b2ab219df7c9b9df1f540cebcf275,/Users/baiyixin/Documents/Survey - design knowledge/expanded_pdf_corpus_459_20260811/368e4036648e.pdf,2f98bb7522d123a6e0a31fefe2d8b3e4983b2ab219df7c9b9df1f540cebcf275,37,pypdf,/Users/baiyixin/Documents/Survey - design knowledge/expanded_pipeline_459_20260811/canonical_text/368e4036648e.txt,1685cf4290b2d9bf37bbfaa162b5fffedbf1fec9afb08684c24711d864115994,72304,409,True,True,analysis_ready,
36ba740d002b,"Developing Learning Analytics Design Knowledge in the ""Middle Space"": The Student Tuning Model and Align Design Framework for Learning Analytics Use","Developing Learning Analytics Design Knowledge in the ""Middle Space"": The Student Tuning Model and Align Design Framework for Learning Analytics Use",Design knowledge,,paper,/Users/baiyixin/Documents/Survey - design knowledge/expanded_pdf_corpus_459_20260811/36ba740d002b.pdf,e8bde52aa3bf641ccb62dd453fb9936afdbdcb8841389b5bef144378d9aabcdf,/Users/baiyixin/Documents/Survey - design knowledge/expanded_pdf_corpus_459_20260811/36ba740d002b.pdf,e8bde52aa3bf641ccb62dd453fb9936afdbdcb8841389b5bef144378d9aabcdf,28,pypdf,/Users/baiyixin/Documents/Survey - design knowledge/expanded_pipeline_459_20260811/canonical_text/36ba740d002b.txt,61cb676744f31109b8ae3c28efefc7012233f9610b6a97e7279253a5f91edd6a,104534,491,True,True,analysis_ready,
388e4cf73d9e,Team Design Patterns,Team Design Patterns,Design Patterns,,paper,/Users/baiyixin/Documents/Survey - design knowledge/expanded_pdf_corpus_459_20260811/388e4cf73d9e.pdf,f82d707d0e6be219ee700b6dc692c00a9837bd18d6cea5c4e246e25604b65a39,/Users/baiyixin/Documents/Survey - design knowledge/expanded_pdf_corpus_459_20260811/388e4cf73d9e.pdf,f82d707d0e6be219ee700b6dc692c00a9837bd18d6cea5c4e246e25604b65a39,9,pypdf,/Users/baiyixin/Documents/Survey - design knowledge/expanded_pipeline_459_20260811/canonical_text/388e4cf73d9e.txt,44a7e59b7a20348d6bc453b647f57e024cf98c47524851a9074102529bdd4ce2,44369,253,True,True,analysis_ready,
38f057747444,Reusable design: A proposed approach to Public Health Informatics system design,Reusable design: A proposed approach to Public Health Informatics system design,Design knowledge,,paper,/Users/baiyixin/Documents/Survey - design knowledge/expanded_pdf_corpus_459_20260811/38f057747444.pdf,6783efb36dd0357e7b08e427dca38ed9703e2be723dcf80907246ba981fa7120,/Users/baiyixin/Documents/Survey - design knowledge/expanded_pdf_corpus_459_20260811/38f057747444.pdf,6783efb36dd0357e7b08e427dca38ed9703e2be723dcf80907246ba981fa7120,8,pypdf,/Users/baiyixin/Documents/Survey - design knowledge/expanded_pipeline_459_20260811/canonical_text/38f057747444.txt,56a0aecfd0e01b00b81604bf38b059c526df09de45982cd7699c16d3130721cf,47562,206,True,True,analysis_ready,
39fee30eb03c,Cutting Cubes Out of Fog: The Whole View of Design,Cutting Cubes Out of Fog: The Whole View of Design,Design knowledge,,paper,/Users/baiyixin/Documents/Survey - design knowledge/expanded_pdf_corpus_459_20260811/39fee30eb03c.pdf,8a57cca015be11784a8c56c373f5b95e8745a1097c7213f1ee5e003b1a5ea62d,/Users/baiyixin/Documents/Survey - design knowledge/expanded_pdf_corpus_459_20260811/39fee30eb03c.pdf,8a57cca015be11784a8c56c373f5b95e8745a1097c7213f1ee5e003b1a5ea62d,28,pypdf,/Users/baiyixin/Documents/Survey - design knowledge/expanded_pipeline_459_20260811/canonical_text/39fee30eb03c.txt,8cd59c51fcc79135aaac81e1457ba707aa838a4ed5607f14fa00174f9d76305b,88676,419,True,True,analysis_ready,
3a87795ac48c,Framework for Designing and Evaluating Game Achievements,Framework for Designing and Evaluating Game Achievements,Design Patterns,,paper,/Users/baiyixin/Documents/Survey - design knowledge/expanded_pdf_corpus_459_20260811/3a87795ac48c.pdf,0571e063af1e3d33ce34d7adb0cfbdc12a967d34282f09f8d15de927e39abda9,/Users/baiyixin/Documents/Survey - design knowledge/expanded_pdf_corpus_459_20260811/3a87795ac48c.pdf,0571e063af1e3d33ce34d7adb0cfbdc12a967d34282f09f8d15de927e39abda9,20,pypdf,/Users/baiyixin/Documents/Survey - design knowledge/expanded_pipeline_459_20260811/canonical_text/3a87795ac48c.txt,97dc254e908f32545e99cbb957b62105b7df87545d978155a979ef3dbd53a068,52121,253,True,True,analysis_ready,
3c0bd4608ae9,Reflections on Architecture Design Education: The Integrated Design Paradigm,Reflections on Architecture Design Education: The Integrated Design Paradigm,Design knowledge,,paper,/Users/baiyixin/Documents/Survey - design knowledge/expanded_pdf_corpus_459_20260811/3c0bd4608ae9.pdf,994e97fe2d36dd7c8dfb50cfd642913ec455ddcdd53a0b26f12e4e5020984919,/Users/baiyixin/Documents/Survey - design knowledge/expanded_pdf_corpus_459_20260811/3c0bd4608ae9.pdf,994e97fe2d36dd7c8dfb50cfd642913ec455ddcdd53a0b26f12e4e5020984919,13,pypdf,/Users/baiyixin/Documents/Survey - design knowledge/expanded_pipeline_459_20260811/canonical_text/3c0bd4608ae9.txt,dc174668dc03eb90f4c3b5d1377711a0f146e20b8fc6e8d273c70734c966fdd1,35795,186,True,True,analysis_ready,
3c8744e515fd,Advancing Design Knowledge Reuse: A Framework for Circular Design Principles,Advancing Design Knowledge Reuse: A Framework for Circular Design Principles,Design knowledge,,paper,/Users/baiyixin/Documents/Survey - design knowledge/expanded_pdf_corpus_459_20260811/3c8744e515fd.pdf,e91d2ae38c195494a60a6957af260d3b96f76b9c848f30e32932446b0b0def6b,/Users/baiyixin/Documents/Survey - design knowledge/expanded_pdf_corpus_459_20260811/3c8744e515fd.pdf,e91d2ae38c195494a60a6957af260d3b96f76b9c848f30e32932446b0b0def6b,32,pypdf,/Users/baiyixin/Documents/Survey - design knowledge/expanded_pipeline_459_20260811/canonical_text/3c8744e515fd.txt,f0950e3c39dcd9b6f71c83744c057dacfbba2dceb9ae129cc3d64a5159cbbed3,128977,522,True,True,analysis_ready,
3dbca777664c,Design Principles for Boundary Spanning in Transdisciplinary Design Science Research,Design Principles for Boundary Spanning in Transdisciplinary Design Science Research,Design knowledge,,paper,/Users/baiyixin/Documents/Survey - design knowledge/expanded_pdf_corpus_459_20260811/3dbca777664c.pdf,78c6921701e1ee7ae09f9d0298935a91724f6f49707bbd009ad2f0d55d6f6493,/Users/baiyixin/Documents/Survey - design knowledge/expanded_pdf_corpus_459_20260811/3dbca777664c.pdf,78c6921701e1ee7ae09f9d0298935a91724f6f49707bbd009ad2f0d55d6f6493,12,pypdf,/Users/baiyixin/Documents/Survey - design knowledge/expanded_pipeline_459_20260811/canonical_text/3dbca777664c.txt,177b5c878c12eb2ad797e4319012be6094444051e9963f777f92d84f17bcd84a,35011,182,True,True,analysis_ready,
3e4851eff856,Knowledge transfer in design education: A framework of criteria for design exercises,Knowledge transfer in design education: A framework of criteria for design exercises,Design knowledge,,paper,/Users/baiyixin/Documents/Survey - design knowledge/expanded_pdf_corpus_459_20260811/3e4851eff856.pdf,cc0253a6a68d54f58d525a2cfa875f346a7373e71af7515e1995cbde820a4b99,/Users/baiyixin/Documents/Survey - design knowledge/expanded_pdf_corpus_459_20260811/3e4851eff856.pdf,cc0253a6a68d54f58d525a2cfa875f346a7373e71af7515e1995cbde820a4b99,6,pypdf,/Users/baiyixin/Documents/Survey - design knowledge/expanded_pipeline_459_20260811/canonical_text/3e4851eff856.txt,7c248a560556ebaa8290a891838eba9c0a66b54fa2e0f4eff847f4eb43277b7f,21359,89,True,True,analysis_ready,
3f7b5dc9fc40,Concerning the Epistemology of Design: The Role of the Eco-Cognitive Model of Abduction in Pragmatism,Concerning the Epistemology of Design: The Role of the Eco-Cognitive Model of Abduction in Pragmatism,Design theory,,paper,/Users/baiyixin/Documents/Survey - design knowledge/expanded_pdf_corpus_459_20260811/3f7b5dc9fc40.pdf,d99dcd39d3b5fb77baf6bb27733cef85cb45fc09cae46bcc293c3044a1a9cab1,/Users/baiyixin/Documents/Survey - design knowledge/expanded_pdf_corpus_459_20260811/3f7b5dc9fc40.pdf,d99dcd39d3b5fb77baf6bb27733cef85cb45fc09cae46bcc293c3044a1a9cab1,18,pypdf,/Users/baiyixin/Documents/Survey - design knowledge/expanded_pipeline_459_20260811/canonical_text/3f7b5dc9fc40.txt,f509b74e60dc12b0bbefce7b9e81f4b95b1ed6bb688ad113d6ae3254fa5ec283,86730,408,True,True,analysis_ready,
4000c6073b5d,Design Patterns and Design Principles for Internal Domain-Specific Languages,Design Principles for Internal Domain-Specific Languages: A Pattern Catalog Illustrated by Ruby,Design Patterns,approved_single,paper,/Users/baiyixin/Documents/Survey - design knowledge/expanded_pdf_corpus_459_20260811/4000c6073b5d.pdf,33f49526c2f99d816290d24196add25fc237addcca062453efdb498fc4054e54,/Users/baiyixin/Documents/Survey - design knowledge/expanded_pdf_corpus_459_20260811/4000c6073b5d.pdf,33f49526c2f99d816290d24196add25fc237addcca062453efdb498fc4054e54,35,pypdf,/Users/baiyixin/Documents/Survey - design knowledge/expanded_pipeline_459_20260811/canonical_text/4000c6073b5d.txt,712d878514700d436b4fe86418af9e90177751b588d8920c161177833fbb653b,105105,481,True,True,analysis_ready,Visually verified: page 1 is the target title page and page 35 completes the references. The official PDF title is 'Design Principles for Internal Domain-Specific Languages: A Pattern Catalog Illustrated by Ruby'; the source CSV title is a variant and should be normalized in the canonical manifest.
40034332988c,Redesigning the rationale for design rationale,Redesigning the rationale for design rationale,Design rationale,approved_chapter,paper,/Users/baiyixin/Documents/Survey - design knowledge/expanded_pdf_corpus_459_20260811/40034332988c.pdf,c50027aab11a19cdb330e7fa5c339250f57490c9a2094f2d0b41b660b41e6ba3,/Users/baiyixin/Documents/Survey - design knowledge/expanded_pdf_corpus_459_20260811/40034332988c.pdf,c50027aab11a19cdb330e7fa5c339250f57490c9a2094f2d0b41b660b41e6ba3,9,pypdf,/Users/baiyixin/Documents/Survey - design knowledge/expanded_pipeline_459_20260811/canonical_text/40034332988c.txt,95f6a69a3d5c4e9335964cf832c40a5f57eadd6ea46647dbe22c1a8f227ba9cf,23875,137,True,True,analysis_ready,"Visually verified: page 31 ends the previous paper, page 32 is the target title page, page 40 ends with references, and page 41 begins the next paper."
4025e28730c1,Conceptual foundations of design problem solving,Conceptual foundations of design problem solving,Design theory,,paper,/Users/baiyixin/Documents/Survey - design knowledge/expanded_pdf_corpus_459_20260811/4025e28730c1.pdf,29831016afb6ea700b5b5b660246aead63ef7e111fe942d859469b1ac85438c6,/Users/baiyixin/Documents/Survey - design knowledge/expanded_pdf_corpus_459_20260811/4025e28730c1.pdf,29831016afb6ea700b5b5b660246aead63ef7e111fe942d859469b1ac85438c6,11,pypdf,/Users/baiyixin/Documents/Survey - design knowledge/expanded_pipeline_459_20260811/canonical_text/4025e28730c1.txt,1e14390d136ca0633c1a6e85aeec89c89b28b16bcd51ab0e91552486f097be2e,65994,364,True,True,analysis_ready,
40668e23fbab,Dimensions of knowledge in prototyping: A review and characterisation of prototyping methods and their contributions to design knowledge,Dimensions of knowledge in prototyping: A review and characterisation of prototyping methods and their contributions to design knowledge,Design knowledge,,paper,/Users/baiyixin/Documents/Survey - design knowledge/expanded_pdf_corpus_459_20260811/40668e23fbab.pdf,8db530edc9af0b2b4363f7710f14079a5f4e5ddabbe4722a43872bea5c56f63c,/Users/baiyixin/Documents/Survey - design knowledge/expanded_pdf_corpus_459_20260811/40668e23fbab.pdf,8db530edc9af0b2b4363f7710f14079a5f4e5ddabbe4722a43872bea5c56f63c,10,pypdf,/Users/baiyixin/Documents/Survey - design knowledge/expanded_pipeline_459_20260811/canonical_text/40668e23fbab.txt,468f1fa2e59b50b2c58cec7bef2cf750a76c62db7745b890a0869a5a5d79ff1e,38630,157,True,True,analysis_ready,
40a2d86cd488,Elements of a design method - a basis for describing and evaluating design methods,Elements of a design method - a basis for describing and evaluating design methods,Design methods,,paper,/Users/baiyixin/Documents/Survey - design knowledge/expanded_pdf_corpus_459_20260811/40a2d86cd488.pdf,4023f83b0a0e3a4c2b06f19d526c8b7246dda6f623b8e01016cddbb3bb2289a6,/Users/baiyixin/Documents/Survey - design knowledge/expanded_pdf_corpus_459_20260811/40a2d86cd488.pdf,4023f83b0a0e3a4c2b06f19d526c8b7246dda6f623b8e01016cddbb3bb2289a6,28,pypdf,/Users/baiyixin/Documents/Survey - design knowledge/expanded_pipeline_459_20260811/canonical_text/40a2d86cd488.txt,9dee4b5a51f2359e765641cf7134c9aa22b0fcfdbcb2f5abb8cf2df4d9420437,93660,448,True,True,analysis_ready,
41443180c5b4,"Service Ecosystem Design: Propositions, Process Model, and Future Research Agenda","Service Ecosystem Design: Propositions, Process Model, and Future Research Agenda",Design theory,,paper,/Users/baiyixin/Documents/Survey - design knowledge/expanded_pdf_corpus_459_20260811/41443180c5b4.pdf,2d8f494df17c85c6693b778cae4fe2262b90d949dc078424026134fee5e81186,/Users/baiyixin/Documents/Survey - design knowledge/expanded_pdf_corpus_459_20260811/41443180c5b4.pdf,2d8f494df17c85c6693b778cae4fe2262b90d949dc078424026134fee5e81186,19,pypdf,/Users/baiyixin/Documents/Survey - design knowledge/expanded_pipeline_459_20260811/canonical_text/41443180c5b4.txt,e34c4f1d4f88737e87d25ae10f8ecb037f0f311b65a425cff64373dcc20bf992,99855,445,True,True,analysis_ready,
421030e9786e,Unpacking Human-AI interactions: From Interaction Primitives to a Design Space,Unpacking Human-AI interactions: From Interaction Primitives to a Design Space,Design Patterns,,paper,/Users/baiyixin/Documents/Survey - design knowledge/expanded_pdf_corpus_459_20260811/421030e9786e.pdf,72f015606fa11ebad6601a71e115d2c99600129dafe78ee0f9f880056625bfe3,/Users/baiyixin/Documents/Survey - design knowledge/expanded_pdf_corpus_459_20260811/421030e9786e.pdf,72f015606fa11ebad6601a71e115d2c99600129dafe78ee0f9f880056625bfe3,51,pypdf,/Users/baiyixin/Documents/Survey - design knowledge/expanded_pipeline_459_20260811/canonical_text/421030e9786e.txt,9e9c8ccdc0edb293889f5aa18720b70ccb82598826e832351fdeba337628a266,206217,846,True,True,analysis_ready,
42c66c187222,Toward an effective approach to collaboration education: A taxonomy for game design,Toward an effective approach to collaboration education: A taxonomy for game design,Design principles,,paper,/Users/baiyixin/Documents/Survey - design knowledge/expanded_pdf_corpus_459_20260811/42c66c187222.pdf,baf3423a36a43ccf4f4086cfcdc22133179ad296771b78d4be90fb651c9c6511,/Users/baiyixin/Documents/Survey - design knowledge/expanded_pdf_corpus_459_20260811/42c66c187222.pdf,baf3423a36a43ccf4f4086cfcdc22133179ad296771b78d4be90fb651c9c6511,4,pypdf,/Users/baiyixin/Documents/Survey - design knowledge/expanded_pipeline_459_20260811/canonical_text/42c66c187222.txt,558b69eae7807a94b730ff256fea7a0e5268b3ac5d8495ee34a55019ebe57cd9,26297,121,True,True,analysis_ready,
42ca56313883,"Architecture, design, implementation","Architecture, design, implementation",Design Patterns,,paper,/Users/baiyixin/Documents/Survey - design knowledge/expanded_pdf_corpus_459_20260811/42ca56313883.pdf,e623bf87bc7dfcb6b067bf2f0677fae468585fb4e2509a77259e913a0f08d7ae,/Users/baiyixin/Documents/Survey - design knowledge/expanded_pdf_corpus_459_20260811/42ca56313883.pdf,e623bf87bc7dfcb6b067bf2f0677fae468585fb4e2509a77259e913a0f08d7ae,11,pypdf,/Users/baiyixin/Documents/Survey - design knowledge/expanded_pipeline_459_20260811/canonical_text/42ca56313883.txt,cdfbdc6bffd1c11ff6ff3fde1c7b0fe40f762f0258d81c4f0cd0b6dabf0c1c58,46857,226,True,True,analysis_ready,
43856ed76df1,Hybrid Prototyping: Pure Theory or a Practical Solution to Accelerating Prototyping Tasks?,Hybrid Prototyping: Pure Theory or a Practical Solution to Accelerating Prototyping Tasks?,Design Rules,,paper,/Users/baiyixin/Documents/Survey - design knowledge/expanded_pdf_corpus_459_20260811/43856ed76df1.pdf,62d7cc4ae13d9dd03735fdde8b09808f4e8046bdff695699decc8688ea0cf01c,/Users/baiyixin/Documents/Survey - design knowledge/expanded_pdf_corpus_459_20260811/43856ed76df1.pdf,62d7cc4ae13d9dd03735fdde8b09808f4e8046bdff695699decc8688ea0cf01c,10,pypdf,/Users/baiyixin/Documents/Survey - design knowledge/expanded_pipeline_459_20260811/canonical_text/43856ed76df1.txt,a1a3197769ed12983da6131cbb68a910b6ef830261a42ac19b4f4c9dda0e304d,39144,178,True,True,analysis_ready,
43b79273fd70,The Landscape of Envisioning and Speculative Design Methods for Sustainable Mobility Futures,The Landscape of Envisioning and Speculative Design Methods for Sustainable Mobility Futures,Design methods,,paper,/Users/baiyixin/Documents/Survey - design knowledge/expanded_pdf_corpus_459_20260811/43b79273fd70.pdf,233d6e5f090b6a8397e422cae3a895a6a8fe09b3c423b2737d0da7e90bcd9c2b,/Users/baiyixin/Documents/Survey - design knowledge/expanded_pdf_corpus_459_20260811/43b79273fd70.pdf,233d6e5f090b6a8397e422cae3a895a6a8fe09b3c423b2737d0da7e90bcd9c2b,24,pypdf,/Users/baiyixin/Documents/Survey - design knowledge/expanded_pipeline_459_20260811/canonical_text/43b79273fd70.txt,f8366bf2c49b28a5f39f43d9b0cf3b384486fb1a2bd9dce493f937e28463b7e3,101719,455,True,True,analysis_ready,
43fee329f83e,Process design theory for digital information services,Process design theory for digital information services,Design theory,,paper,/Users/baiyixin/Documents/Survey - design knowledge/expanded_pdf_corpus_459_20260811/43fee329f83e.pdf,6ad8be38ffb4349854d5544b55e8b740d3dbb29d6302ebb0d4f5cac3b4f0fd16,/Users/baiyixin/Documents/Survey - design knowledge/expanded_pdf_corpus_459_20260811/43fee329f83e.pdf,6ad8be38ffb4349854d5544b55e8b740d3dbb29d6302ebb0d4f5cac3b4f0fd16,14,pypdf,/Users/baiyixin/Documents/Survey - design knowledge/expanded_pipeline_459_20260811/canonical_text/43fee329f83e.txt,3a01159da373f28960058cbbafdc88557f71ae244b22a1e478a8af2f2cb2c27d,35609,185,True,True,analysis_ready,
44848ca19e31,"Design Obligations for Software, with Examples from Data Abstraction and Adaptive Systems","Design Obligations for Software, with Examples from Data Abstraction and Adaptive Systems",Design principles,,paper,/Users/baiyixin/Documents/Survey - design knowledge/expanded_pdf_corpus_459_20260811/44848ca19e31.pdf,b6ae588c221db3c1bfa8acb158009e4f2eae185485f1d7f0673af5250d7f5b1f,/Users/baiyixin/Documents/Survey - design knowledge/expanded_pdf_corpus_459_20260811/44848ca19e31.pdf,b6ae588c221db3c1bfa8acb158009e4f2eae185485f1d7f0673af5250d7f5b1f,4,pypdf,/Users/baiyixin/Documents/Survey - design knowledge/expanded_pipeline_459_20260811/canonical_text/44848ca19e31.txt,e43bf43440a76f7d4f638ecb0cfad3cbf9c21e91655695e8df153d5e15fd57ff,20763,102,True,True,analysis_ready,
4567075d70b4,Making Argumentation Serve Design,Making Argumentation Serve Design,Design rationale,,paper,/Users/baiyixin/Documents/Survey - design knowledge/expanded_pdf_corpus_459_20260811/4567075d70b4.pdf,c9ebfcd2abe3294adbcbd93e576fc7b09a3bbda5e88113539a92905892102b57,/Users/baiyixin/Documents/Survey - design knowledge/expanded_pdf_corpus_459_20260811/4567075d70b4.pdf,c9ebfcd2abe3294adbcbd93e576fc7b09a3bbda5e88113539a92905892102b57,27,pypdf,/Users/baiyixin/Documents/Survey - design knowledge/expanded_pipeline_459_20260811/canonical_text/4567075d70b4.txt,f9ecb2688424339ca056b58e3ccb511b502b2b765c68be30b53e7314d4262544,67214,379,True,True,analysis_ready,
462782b1c89b,A taxonomy of 3D occlusion management techniques,A taxonomy of 3D occlusion management techniques,Design Patterns,,paper,/Users/baiyixin/Documents/Survey - design knowledge/expanded_pdf_corpus_459_20260811/462782b1c89b.pdf,06e55639b5b6441b88ae3b64071deb8f0271761a81c9cda970f83d82a4c520d8,/Users/baiyixin/Documents/Survey - design knowledge/expanded_pdf_corpus_459_20260811/462782b1c89b.pdf,06e55639b5b6441b88ae3b64071deb8f0271761a81c9cda970f83d82a4c520d8,8,pypdf,/Users/baiyixin/Documents/Survey - design knowledge/expanded_pipeline_459_20260811/canonical_text/462782b1c89b.txt,1cd8a36377cd0ca97c3d9efae32f37889dc8a1948df0de36cbd8e337d04978ec,47670,213,True,True,analysis_ready,
465d28bc8d09,Structured Visualization Design Knowledge for Grounding Generative Reasoning and Situated Feedback,Structured Visualization Design Knowledge for Grounding Generative Reasoning and Situated Feedback,Design knowledge,,paper,/Users/baiyixin/Documents/Survey - design knowledge/expanded_pdf_corpus_459_20260811/465d28bc8d09.pdf,5e6e8f2365cbf84b73db99732e8e7857ecb4e053f41c44e843acb959dc488a33,/Users/baiyixin/Documents/Survey - design knowledge/expanded_pdf_corpus_459_20260811/465d28bc8d09.pdf,5e6e8f2365cbf84b73db99732e8e7857ecb4e053f41c44e843acb959dc488a33,16,pypdf,/Users/baiyixin/Documents/Survey - design knowledge/expanded_pipeline_459_20260811/canonical_text/465d28bc8d09.txt,2e45f27e4dfb8af0cc64560292b41b11190ca55336eadbb8adbf70d1d17938d1,92173,482,True,True,analysis_ready,
4691ac0735c4,Transition Designing as Ontological Redirection: Key Principles for Transition-Oriented Futuring,Transition Designing as Ontological Redirection: Key Principles for Transition-Oriented Futuring,Design theory,,paper,/Users/baiyixin/Documents/Survey - design knowledge/expanded_pdf_corpus_459_20260811/4691ac0735c4.pdf,20a3c8523fbd3e8585f6ea0d35ee880f339bfe33a74a523a966cec8a469a7757,/Users/baiyixin/Documents/Survey - design knowledge/expanded_pdf_corpus_459_20260811/4691ac0735c4.pdf,20a3c8523fbd3e8585f6ea0d35ee880f339bfe33a74a523a966cec8a469a7757,15,pypdf,/Users/baiyixin/Documents/Survey - design knowledge/expanded_pipeline_459_20260811/canonical_text/4691ac0735c4.txt,165136320bf62e74c52a6dae10b68bd4cfc87a77d52b93c2c8f77d3e610e4b03,58160,293,True,True,analysis_ready,
470d09e18259,Modular Design Patterns for Systems that Learn and Reason,Modular Design Patterns for Systems that Learn and Reason,Design Patterns,,paper,/Users/baiyixin/Documents/Survey - design knowledge/expanded_pdf_corpus_459_20260811/470d09e18259.pdf,bfd9dc1c97effcdda6abdc4098dcc4e0b9a389f3c5154f88c8a48a2971ccdbb3,/Users/baiyixin/Documents/Survey - design knowledge/expanded_pdf_corpus_459_20260811/470d09e18259.pdf,bfd9dc1c97effcdda6abdc4098dcc4e0b9a389f3c5154f88c8a48a2971ccdbb3,20,pypdf,/Users/baiyixin/Documents/Survey - design knowledge/expanded_pipeline_459_20260811/canonical_text/470d09e18259.txt,0c07285015b9f01760ceb0a4616d5c304c1e8407ac6add1039f8bfb48e282621,76310,306,True,True,analysis_ready,
48af90d5dfe7,Design Guidelines for Domain Specific Languages,Design Guidelines for Domain Specific Languages,Design Guidelines,,paper,/Users/baiyixin/Documents/Survey - design knowledge/expanded_pdf_corpus_459_20260811/48af90d5dfe7.pdf,f251eac1ede004d114c19d44fd66ac7434d0dd38783549aecf3d1fa1b0a550af,/Users/baiyixin/Documents/Survey - design knowledge/expanded_pdf_corpus_459_20260811/48af90d5dfe7.pdf,f251eac1ede004d114c19d44fd66ac7434d0dd38783549aecf3d1fa1b0a550af,7,pypdf,/Users/baiyixin/Documents/Survey - design knowledge/expanded_pipeline_459_20260811/canonical_text/48af90d5dfe7.txt,583ed87b4bc2c741b1e6bff8de8d98b383b2e915038d63333f2865e078448160,45043,253,True,True,analysis_ready,
4988843b7543,Design Science Research: Guidance for Crafting and Reporting Design Knowledge Contributions,Design Science Research: Guidance for Crafting and Reporting Design Knowledge Contributions,Design knowledge,,paper,/Users/baiyixin/Documents/Survey - design knowledge/expanded_pdf_corpus_459_20260811/4988843b7543.pdf,656b7f9421010561559619fe8c6640331f6bbbc567003ea1eaae1e5fd971fac3,/Users/baiyixin/Documents/Survey - design knowledge/expanded_pdf_corpus_459_20260811/4988843b7543.pdf,656b7f9421010561559619fe8c6640331f6bbbc567003ea1eaae1e5fd971fac3,17,pypdf,/Users/baiyixin/Documents/Survey - design knowledge/expanded_pipeline_459_20260811/canonical_text/4988843b7543.txt,9370a7f3fa6105d17eb05a7456ac10d643b23ece84e413c523588f8fd306adf2,50174,263,True,True,analysis_ready,
498a6aa649eb,Service engineering design patterns,Service engineering design patterns,Design Patterns,,paper,/Users/baiyixin/Documents/Survey - design knowledge/expanded_pdf_corpus_459_20260811/498a6aa649eb.pdf,647c12ee412f8f86c737d503c2f0208e160b012ceed4245cd8f1d8714901c422,/Users/baiyixin/Documents/Survey - design knowledge/expanded_pdf_corpus_459_20260811/498a6aa649eb.pdf,647c12ee412f8f86c737d503c2f0208e160b012ceed4245cd8f1d8714901c422,8,pypdf,/Users/baiyixin/Documents/Survey - design knowledge/expanded_pipeline_459_20260811/canonical_text/498a6aa649eb.txt,d4442ff91e2eb38ecff09e7699ab4ef77e24020090918558589be7df87dd4922,33149,159,True,True,analysis_ready,
49d75437fd07,A Framework for Design Patterns in TROPOS,A Framework for Design Patterns in TROPOS,Design Patterns,,paper,/Users/baiyixin/Documents/Survey - design knowledge/expanded_pdf_corpus_459_20260811/49d75437fd07.pdf,6d445eb42a0636ab69ed4dd7d799cf9c145a761ba00a19877f75dbbbaa22d212,/Users/baiyixin/Documents/Survey - design knowledge/expanded_pdf_corpus_459_20260811/49d75437fd07.pdf,6d445eb42a0636ab69ed4dd7d799cf9c145a761ba00a19877f75dbbbaa22d212,15,pypdf,/Users/baiyixin/Documents/Survey - design knowledge/expanded_pipeline_459_20260811/canonical_text/49d75437fd07.txt,9ab1438bc86ee1034cf2df4a9775e14ab6f83d2092b26ef35ee53d1d2ebfa8d7,34241,179,True,True,analysis_ready,
49da21b385d7,A Review of Domain Knowledge Representation for Robot Task Planning,A Review of Domain Knowledge Representation for Robot Task Planning,Design knowledge,,paper,/Users/baiyixin/Documents/Survey - design knowledge/expanded_pdf_corpus_459_20260811/49da21b385d7.pdf,582306463f6e60baa1fb22b8bc4fc42614b7d8522ba3f11d7b903879fdc6646f,/Users/baiyixin/Documents/Survey - design knowledge/expanded_pdf_corpus_459_20260811/49da21b385d7.pdf,582306463f6e60baa1fb22b8bc4fc42614b7d8522ba3f11d7b903879fdc6646f,8,pypdf,/Users/baiyixin/Documents/Survey - design knowledge/expanded_pipeline_459_20260811/canonical_text/49da21b385d7.txt,72a7e27d5982c329ae3ca57d68921a6f7850858a262522ca7efe9103d74ff9c0,43381,229,True,True,analysis_ready,
4a32a22b0b9c,Modifiers: Increasing richness and nuance of design pattern languages,Modifiers: Increasing richness and nuance of design pattern languages,Design Patterns,,paper,/Users/baiyixin/Documents/Survey - design knowledge/expanded_pdf_corpus_459_20260811/4a32a22b0b9c.pdf,ec415cd25550499432ccfb957876ecbc58a61c4ed3ef52127840f7643455f2dd,/Users/baiyixin/Documents/Survey - design knowledge/expanded_pdf_corpus_459_20260811/4a32a22b0b9c.pdf,ec415cd25550499432ccfb957876ecbc58a61c4ed3ef52127840f7643455f2dd,10,pypdf,/Users/baiyixin/Documents/Survey - design knowledge/expanded_pipeline_459_20260811/canonical_text/4a32a22b0b9c.txt,d179975569f2b7e64b650549bf50a07af4a39d89836fc31bd5820e9e47b64410,28490,152,True,True,analysis_ready,
4a7432e5a317,Advancing entrepreneurship as a design science: developing additional design principles for effectuation,Advancing entrepreneurship as a design science: developing additional design principles for effectuation,Design knowledge,,paper,/Users/baiyixin/Documents/Survey - design knowledge/expanded_pdf_corpus_459_20260811/4a7432e5a317.pdf,80ad7eee33890ceb78874639b8f9e1cef417697d49c02243ba1e85a2ff25dc43,/Users/baiyixin/Documents/Survey - design knowledge/expanded_pdf_corpus_459_20260811/4a7432e5a317.pdf,80ad7eee33890ceb78874639b8f9e1cef417697d49c02243ba1e85a2ff25dc43,21,pypdf,/Users/baiyixin/Documents/Survey - design knowledge/expanded_pipeline_459_20260811/canonical_text/4a7432e5a317.txt,45222d439784865c3ee9225dd6e1594d4b6584a7797ee6d7ad1634e85f4b0768,102758,514,True,True,analysis_ready,
4a9c96b6c482,Meta patternsma means for capturing the essentials of reusable object-oriented design,Meta patternsma means for capturing the essentials of reusable object-oriented design,Design Patterns,,paper,/Users/baiyixin/Documents/Survey - design knowledge/expanded_pdf_corpus_459_20260811/4a9c96b6c482.pdf,64bfbcef1e6fd3834c98220392d5a4791e2aa8390f600cc37864f2330abf9258,/Users/baiyixin/Documents/Survey - design knowledge/expanded_pdf_corpus_459_20260811/4a9c96b6c482.pdf,64bfbcef1e6fd3834c98220392d5a4791e2aa8390f600cc37864f2330abf9258,13,pypdf,/Users/baiyixin/Documents/Survey - design knowledge/expanded_pipeline_459_20260811/canonical_text/4a9c96b6c482.txt,099e96d3b80a129e4801a2f2861037a8a06f23e445ceca07041903a6ec409c0f,30480,168,True,True,analysis_ready,
4ac74ce3f335,Towards a framework for documentation design: an abstract model of computer-mediated activity,Towards a framework for documentation design: an abstract model of computer-mediated activity,Design rationale,,paper,/Users/baiyixin/Documents/Survey - design knowledge/expanded_pdf_corpus_459_20260811/4ac74ce3f335.pdf,176f780665df6373c109ec53a017b56cf61ff4aa26e937b4e3f202a748e40ac0,/Users/baiyixin/Documents/Survey - design knowledge/expanded_pdf_corpus_459_20260811/4ac74ce3f335.pdf,176f780665df6373c109ec53a017b56cf61ff4aa26e937b4e3f202a748e40ac0,6,pypdf,/Users/baiyixin/Documents/Survey - design knowledge/expanded_pipeline_459_20260811/canonical_text/4ac74ce3f335.txt,64feeba22482b3072c0013fa3f3a443877b2077263ab023e6aac8332be8801bf,30000,148,True,True,analysis_ready,
4b599d3e2eb0,Immodest Proposals: Research Through Design and Knowledge,Immodest Proposals: Research Through Design and Knowledge,Design knowledge,,paper,/Users/baiyixin/Documents/Survey - design knowledge/expanded_pdf_corpus_459_20260811/4b599d3e2eb0.pdf,0c8e0d86b1830f8dac2594195d5631ffb98465128d6e04c78c239504465588eb,/Users/baiyixin/Documents/Survey - design knowledge/expanded_pdf_corpus_459_20260811/4b599d3e2eb0.pdf,0c8e0d86b1830f8dac2594195d5631ffb98465128d6e04c78c239504465588eb,10,pypdf,/Users/baiyixin/Documents/Survey - design knowledge/expanded_pipeline_459_20260811/canonical_text/4b599d3e2eb0.txt,5df24f3906eafa6547697249aa6b5dcb01b1afe0daaf652c18a10eb11ea4ddf7,61074,241,True,True,analysis_ready,
4c8bdfbd1309,Integrating different perspectives on design rationale: supporting the emergence of design rationale from design communication,Integrating different perspectives on design rationale: supporting the emergence of design rationale from design communication,Design rationale,,paper,/Users/baiyixin/Documents/Survey - design knowledge/expanded_pdf_corpus_459_20260811/4c8bdfbd1309.pdf,7ac43ab01ba3df1a5b2977cc9f76a98a1d5e5551c010cc37a59189f26eba5122,/Users/baiyixin/Documents/Survey - design knowledge/expanded_pdf_corpus_459_20260811/4c8bdfbd1309.pdf,7ac43ab01ba3df1a5b2977cc9f76a98a1d5e5551c010cc37a59189f26eba5122,24,pypdf,/Users/baiyixin/Documents/Survey - design knowledge/expanded_pipeline_459_20260811/canonical_text/4c8bdfbd1309.txt,813475a84d5c940812f8ea467fed80adccf0106688efa46c8316ff14b0d9f048,59827,301,True,True,analysis_ready,
4d05e05aa876,Theoretical Constructs for Design Lenses for Developing Cyberbullying Countering Games for Adolescences,Theoretical Constructs for Design Lenses for Developing Cyberbullying Countering Games for Adolescences,Design principles,,paper,/Users/baiyixin/Documents/Survey - design knowledge/expanded_pdf_corpus_459_20260811/4d05e05aa876.pdf,4db6e1d0a6fd187dab7028b8fc3ca61027ff86bdcbc256c65f8ce1720588cda2,/Users/baiyixin/Documents/Survey - design knowledge/expanded_pdf_corpus_459_20260811/4d05e05aa876.pdf,4db6e1d0a6fd187dab7028b8fc3ca61027ff86bdcbc256c65f8ce1720588cda2,4,pypdf,/Users/baiyixin/Documents/Survey - design knowledge/expanded_pipeline_459_20260811/canonical_text/4d05e05aa876.txt,cb46240866ec6366458a6a4680079fffda3243f060ad67a3c985f8aa36d161c8,20184,90,True,True,analysis_ready,
4d5285913fd8,Defining and Identifying Attention Capture Deceptive Designs in Digital Interfaces,Defining and Identifying Attention Capture Deceptive Designs in Digital Interfaces,Design Patterns,,paper,/Users/baiyixin/Documents/Survey - design knowledge/expanded_pdf_corpus_459_20260811/4d5285913fd8.pdf,3351bfbcb4b789027962b52d3eb65e6c135a5c8ee678f0c55dffc217d463ffef,/Users/baiyixin/Documents/Survey - design knowledge/expanded_pdf_corpus_459_20260811/4d5285913fd8.pdf,3351bfbcb4b789027962b52d3eb65e6c135a5c8ee678f0c55dffc217d463ffef,19,pypdf,/Users/baiyixin/Documents/Survey - design knowledge/expanded_pipeline_459_20260811/canonical_text/4d5285913fd8.txt,2438358e05e1ad8637b856e45db5065b0a98c6d9829d2c7c73befbecfe625537,122866,606,True,True,analysis_ready,
4db508a9681a,Philosophy of design: A meta-theoretical structure for design theory,Philosophy of design: A meta-theoretical structure for design theory,Design theory,,paper,/Users/baiyixin/Documents/Survey - design knowledge/expanded_pdf_corpus_459_20260811/4db508a9681a.pdf,f68387087587abbfa88d160420f5e8e301ec3b5b44e07a5f8ea794fdbe2f4a81,/Users/baiyixin/Documents/Survey - design knowledge/expanded_pdf_corpus_459_20260811/4db508a9681a.pdf,f68387087587abbfa88d160420f5e8e301ec3b5b44e07a5f8ea794fdbe2f4a81,19,pypdf,/Users/baiyixin/Documents/Survey - design knowledge/expanded_pipeline_459_20260811/canonical_text/4db508a9681a.txt,304f3e9a14a84f8dd8ad3acc85293721fb2eb117a2b33bf7b7adf13a74e7243e,60755,260,True,True,analysis_ready,
4e4a50e133cc,Weapon design patterns in shooter games,Weapon design patterns in shooter games,Design Patterns,,paper,/Users/baiyixin/Documents/Survey - design knowledge/expanded_pdf_corpus_459_20260811/4e4a50e133cc.pdf,e105ead2251eb9dfaa0692979074fa566128e46c619fc160758fd990021e2b2b,/Users/baiyixin/Documents/Survey - design knowledge/expanded_pdf_corpus_459_20260811/4e4a50e133cc.pdf,e105ead2251eb9dfaa0692979074fa566128e46c619fc160758fd990021e2b2b,7,pypdf,/Users/baiyixin/Documents/Survey - design knowledge/expanded_pipeline_459_20260811/canonical_text/4e4a50e133cc.txt,b7feaa66232c1f8f343bf014084920bcc09afff339bd3005d5c10517ceedcf86,32276,162,True,True,analysis_ready,
4e727e38805c,"Visualization Atlases: Explaining and Exploring Complex Topics Through Data, Visualization, and Narration","Visualization Atlases: Explaining and Exploring Complex Topics Through Data, Visualization, and Narration",Design Patterns,,paper,/Users/baiyixin/Documents/Survey - design knowledge/expanded_pdf_corpus_459_20260811/4e727e38805c.pdf,9a561f80b2beb95c3a5af9026d80af0fcb5e407edb7fa3745654c9b52e10a78c,/Users/baiyixin/Documents/Survey - design knowledge/expanded_pdf_corpus_459_20260811/4e727e38805c.pdf,9a561f80b2beb95c3a5af9026d80af0fcb5e407edb7fa3745654c9b52e10a78c,11,pypdf,/Users/baiyixin/Documents/Survey - design knowledge/expanded_pipeline_459_20260811/canonical_text/4e727e38805c.txt,f419524cecd1b1d56eeb68814d5ced176b2aa5da62dac55a86e9f944783a36ce,85293,393,True,True,analysis_ready,
4effa8e553a8,Toward Engineering Design Principles for HCI,Toward Engineering Design Principles for HCI,Design knowledge,,paper,/Users/baiyixin/Documents/Survey - design knowledge/expanded_pdf_corpus_459_20260811/4effa8e553a8.pdf,6e8d255dccb6bb1be2b7ee0fe79ddde950e46b7a17ed73fc2799c31d6bbbaaa2,/Users/baiyixin/Documents/Survey - design knowledge/expanded_pdf_corpus_459_20260811/4effa8e553a8.pdf,6e8d255dccb6bb1be2b7ee0fe79ddde950e46b7a17ed73fc2799c31d6bbbaaa2,28,pypdf,/Users/baiyixin/Documents/Survey - design knowledge/expanded_pipeline_459_20260811/canonical_text/4effa8e553a8.txt,a7d8827a95e8f7aa89f9bbdf1be0a6851b4288fb87f82e18036b56fb824d82d2,40347,85,True,True,analysis_ready,
4fb2c242dfee,Coupling of design patterns: common practices and their benefits,Coupling of design patterns: common practices and their benefits,Design Patterns,,paper,/Users/baiyixin/Documents/Survey - design knowledge/expanded_pdf_corpus_459_20260811/4fb2c242dfee.pdf,e23aa646bdcc7210cc1c3e06db0336e57f36221079e2ff48744df796ae4b0227,/Users/baiyixin/Documents/Survey - design knowledge/expanded_pdf_corpus_459_20260811/4fb2c242dfee.pdf,e23aa646bdcc7210cc1c3e06db0336e57f36221079e2ff48744df796ae4b0227,6,pypdf,/Users/baiyixin/Documents/Survey - design knowledge/expanded_pipeline_459_20260811/canonical_text/4fb2c242dfee.txt,b20582f0b87bd2280bb3387cf70fe4163f221541b1bb56a2ba49a133a6da45f4,24019,127,True,True,analysis_ready,
5000c5049cbd,Learning design knowledge as generalization,Learning design knowledge as generalization,Design knowledge,,paper,/Users/baiyixin/Documents/Survey - design knowledge/expanded_pdf_corpus_459_20260811/5000c5049cbd.pdf,c4a34b4537d2ebcad439e38b8c82276103a970f7a489d347ee6315f8f64347f2,/Users/baiyixin/Documents/Survey - design knowledge/expanded_pdf_corpus_459_20260811/5000c5049cbd.pdf,c4a34b4537d2ebcad439e38b8c82276103a970f7a489d347ee6315f8f64347f2,28,pypdf,/Users/baiyixin/Documents/Survey - design knowledge/expanded_pipeline_459_20260811/canonical_text/5000c5049cbd.txt,1bf1b0ae1488c894a5391aacbc64b5080fe58dba00db63fd3d628ca64d7b140f,63642,256,True,True,analysis_ready,
506a676cb17b,"Toward Visualization for Games: Theory, Design Space, and Patterns","Toward Visualization for Games: Theory, Design Space, and Patterns",Design Patterns,,paper,/Users/baiyixin/Documents/Survey - design knowledge/expanded_pdf_corpus_459_20260811/506a676cb17b.pdf,9546ace2c17de53260ceb47a3b7c72e2686fa131acf8de83b63888534591bf7f,/Users/baiyixin/Documents/Survey - design knowledge/expanded_pdf_corpus_459_20260811/506a676cb17b.pdf,9546ace2c17de53260ceb47a3b7c72e2686fa131acf8de83b63888534591bf7f,14,pypdf,/Users/baiyixin/Documents/Survey - design knowledge/expanded_pipeline_459_20260811/canonical_text/506a676cb17b.txt,abcda4b19b4fa699bb4342ae540c01bfb2c6ae4f4156f8f2b0791cebc1771b70,72489,294,True,True,analysis_ready,
50c94f5857d8,Eight Components of a Design Theory of Sonification,Eight Components of a Design Theory of Sonification,Design theory,,paper,/Users/baiyixin/Documents/Survey - design knowledge/expanded_pdf_corpus_459_20260811/50c94f5857d8.pdf,7b10ea82503a039df60767f190f98c05833ecfd14be96d1059202603f7721a9a,/Users/baiyixin/Documents/Survey - design knowledge/expanded_pdf_corpus_459_20260811/50c94f5857d8.pdf,7b10ea82503a039df60767f190f98c05833ecfd14be96d1059202603f7721a9a,8,pypdf,/Users/baiyixin/Documents/Survey - design knowledge/expanded_pipeline_459_20260811/canonical_text/50c94f5857d8.txt,9473e8a5321aca1802bad7f85db670eb0067eb049716bd056aaf7473e732ee16,55922,257,True,True,analysis_ready,
51099fe3fdce,Making Sense of Design Patterns,Making Sense of Design Patterns,Design Patterns,,paper,/Users/baiyixin/Documents/Survey - design knowledge/expanded_pdf_corpus_459_20260811/51099fe3fdce.pdf,4048f33933ebe1c2d12da9b7e2754455423202abf676c7e4784b1fedb22049b2,/Users/baiyixin/Documents/Survey - design knowledge/expanded_pdf_corpus_459_20260811/51099fe3fdce.pdf,4048f33933ebe1c2d12da9b7e2754455423202abf676c7e4784b1fedb22049b2,10,pypdf,/Users/baiyixin/Documents/Survey - design knowledge/expanded_pipeline_459_20260811/canonical_text/51099fe3fdce.txt,82c5c6beef599657ac18ddf420610ac35291791e92b4288e1c519d0acb8f5409,30897,159,True,True,analysis_ready,
5389fb1cc38b,Elements of a design method – a basis for describing and evaluating design methods,Elements of a design method – a basis for describing and evaluating design methods,Design methods,,paper,/Users/baiyixin/Documents/Survey - design knowledge/expanded_pdf_corpus_459_20260811/5389fb1cc38b.pdf,0d965eae550ec2230fbb5382f6b3bfadbbbadceece7ff7e4b049d3587836394a,/Users/baiyixin/Documents/Survey - design knowledge/expanded_pdf_corpus_459_20260811/5389fb1cc38b.pdf,0d965eae550ec2230fbb5382f6b3bfadbbbadceece7ff7e4b049d3587836394a,28,pypdf,/Users/baiyixin/Documents/Survey - design knowledge/expanded_pipeline_459_20260811/canonical_text/5389fb1cc38b.txt,9dee4b5a51f2359e765641cf7134c9aa22b0fcfdbcb2f5abb8cf2df4d9420437,93660,448,True,True,analysis_ready,
53adec5acee6,Mapping design knowledge: 36 years of Design Studies,Mapping design knowledge: 36 years of Design Studies,Design knowledge,,paper,/Users/baiyixin/Documents/Survey - design knowledge/expanded_pdf_corpus_459_20260811/53adec5acee6.pdf,4cea8c8d0c2e9e28e2b7f23a716f791d2bb532a612352711c6dc7f162a501a8c,/Users/baiyixin/Documents/Survey - design knowledge/expanded_pdf_corpus_459_20260811/53adec5acee6.pdf,4cea8c8d0c2e9e28e2b7f23a716f791d2bb532a612352711c6dc7f162a501a8c,17,pypdf,/Users/baiyixin/Documents/Survey - design knowledge/expanded_pipeline_459_20260811/canonical_text/53adec5acee6.txt,06233ef1e130a045a886faeab9c8fd090e2917bd4b8d0e644bdd19f1d733e92e,34450,173,True,True,analysis_ready,
560be0c20de7,"Designing for Trust, Progress, and Dignity: A Conceptual Framework for Reliability, Responsiveness, and Relational Quality in AI-Enabled Service Systems","Designing for Trust, Progress, and Dignity: A Conceptual Framework for Reliability, Responsiveness, and Relational Quality in AI-Enabled Service Systems",Design frameworks,,paper,/Users/baiyixin/Documents/Survey - design knowledge/expanded_pdf_corpus_459_20260811/560be0c20de7.pdf,e49c8fe5e8455e35b0259db119dfca3fd5e3c9f5fb9729c7c9ead64b9729dbb5,/Users/baiyixin/Documents/Survey - design knowledge/expanded_pdf_corpus_459_20260811/560be0c20de7.pdf,e49c8fe5e8455e35b0259db119dfca3fd5e3c9f5fb9729c7c9ead64b9729dbb5,21,pypdf,/Users/baiyixin/Documents/Survey - design knowledge/expanded_pipeline_459_20260811/canonical_text/560be0c20de7.txt,2a9ba01e86ed91c05fd7f8d39f9984fff93910d9f1a3ea1c680f4ee7e96ffdfa,77496,370,True,True,analysis_ready,
5611cdb5c33a,Generating implications for design through design research,Generating implications for design through design research,Design methods,,paper,/Users/baiyixin/Documents/Survey - design knowledge/expanded_pdf_corpus_459_20260811/5611cdb5c33a.pdf,1704cd82fd9cd46895dc913e2502bdc4a7af8b2fc6debdb1a1362130e4a9fb95,/Users/baiyixin/Documents/Survey - design knowledge/expanded_pdf_corpus_459_20260811/5611cdb5c33a.pdf,1704cd82fd9cd46895dc913e2502bdc4a7af8b2fc6debdb1a1362130e4a9fb95,10,pypdf,/Users/baiyixin/Documents/Survey - design knowledge/expanded_pipeline_459_20260811/canonical_text/5611cdb5c33a.txt,3e1ef3aba3f073a471237933b2b919845c53a811f8d0d86b1c75e344a39a419d,62556,290,True,True,analysis_ready,
561f08f67362,"Design Rules, Volume 2: How Technology Shapes Organizations: Chapter 13 Platform Systems vs. Step Processes - The Value of Options and the Power of Modularity","Design Rules, Volume 2: How Technology Shapes Organizations: Chapter 13 Platform Systems vs. Step Processes - The Value of Options and the Power of Modularity",Design Rules,,paper,/Users/baiyixin/Documents/Survey - design knowledge/expanded_pdf_corpus_459_20260811/561f08f67362.pdf,8e05eca82657abb2db0cc56b703a7bef72c28aa13a18c9a62d3aa424cf6ef88d,/Users/baiyixin/Documents/Survey - design knowledge/expanded_pdf_corpus_459_20260811/561f08f67362.pdf,8e05eca82657abb2db0cc56b703a7bef72c28aa13a18c9a62d3aa424cf6ef88d,31,pypdf,/Users/baiyixin/Documents/Survey - design knowledge/expanded_pipeline_459_20260811/canonical_text/561f08f67362.txt,c530ef54efca014ec3e4d23310b1ee735e55d7ecc6619cac31ad8077f904ee4e,73078,373,True,True,analysis_ready,
5661de15ea0f,A Typology of Design Ideas,A Typology of Design Ideas,Design methods,,paper,/Users/baiyixin/Documents/Survey - design knowledge/expanded_pdf_corpus_459_20260811/5661de15ea0f.pdf,26be011774ab2466dabf56e6dc55a8ded9320d580b956c915f4fd44afc7d4cad,/Users/baiyixin/Documents/Survey - design knowledge/expanded_pdf_corpus_459_20260811/5661de15ea0f.pdf,26be011774ab2466dabf56e6dc55a8ded9320d580b956c915f4fd44afc7d4cad,14,pypdf,/Users/baiyixin/Documents/Survey - design knowledge/expanded_pipeline_459_20260811/canonical_text/5661de15ea0f.txt,beefb50b2354df598e82d0efbe799a418fd09ae81e6b3af1722e9f969f7dd8ee,70613,321,True,True,analysis_ready,
5a05967135ba,Cross-cultural adaptation of educational design patterns at scale,Cross-cultural adaptation of educational design patterns at scale,Design Patterns,,paper,/Users/baiyixin/Documents/Survey - design knowledge/expanded_pdf_corpus_459_20260811/5a05967135ba.pdf,95aba4af6cd8bf5afb4e41ca84b94337cf9ccaf39b2b4697e03c17fd5a8f1333,/Users/baiyixin/Documents/Survey - design knowledge/expanded_pdf_corpus_459_20260811/5a05967135ba.pdf,95aba4af6cd8bf5afb4e41ca84b94337cf9ccaf39b2b4697e03c17fd5a8f1333,16,pypdf,/Users/baiyixin/Documents/Survey - design knowledge/expanded_pipeline_459_20260811/canonical_text/5a05967135ba.txt,34f441ee9c171187dfad18ffaad1ade201cb5c40ee772ffd0b219398cab40cce,59387,265,True,True,analysis_ready,
5a25cbf385d6,Everyday Design Knowledge: A Knowledge-in-Pieces Perspective on HCI Learning,Everyday Design Knowledge: A Knowledge-in-Pieces Perspective on HCI Learning,Design expertise,,paper,/Users/baiyixin/Documents/Survey - design knowledge/expanded_pdf_corpus_459_20260811/5a25cbf385d6.pdf,85f05ac513d0f288b2b8039c496f88ceb03ccbe9d6635a014ac07422b2a89326,/Users/baiyixin/Documents/Survey - design knowledge/expanded_pdf_corpus_459_20260811/5a25cbf385d6.pdf,85f05ac513d0f288b2b8039c496f88ceb03ccbe9d6635a014ac07422b2a89326,13,pypdf,/Users/baiyixin/Documents/Survey - design knowledge/expanded_pipeline_459_20260811/canonical_text/5a25cbf385d6.txt,7232fd92b808454e833ca1e13653a7958075634db674b10e1bbd8bf51f17ff24,80972,370,True,True,analysis_ready,
5a57c73154f6,Object oriented design pattern decay: a taxonomy,Object oriented design pattern decay: a taxonomy,Design Patterns,,paper,/Users/baiyixin/Documents/Survey - design knowledge/expanded_pdf_corpus_459_20260811/5a57c73154f6.pdf,6980635d7b074ab43d93f2bdb794d2b75a8fc397e816f830dba7b02c0cc4aa16,/Users/baiyixin/Documents/Survey - design knowledge/expanded_pdf_corpus_459_20260811/5a57c73154f6.pdf,6980635d7b074ab43d93f2bdb794d2b75a8fc397e816f830dba7b02c0cc4aa16,8,pypdf,/Users/baiyixin/Documents/Survey - design knowledge/expanded_pipeline_459_20260811/canonical_text/5a57c73154f6.txt,366aac5fdda24875d7871bb5a67f31cc41601f1fe346f35adb77ec52c5dcb67d,50498,245,True,True,analysis_ready,
5a716d80ac6b,Towards a Method for Design Principle Development in Information Systems,Towards a Method for Design Principle Development in Information Systems,Design knowledge,,paper,/Users/baiyixin/Documents/Survey - design knowledge/expanded_pdf_corpus_459_20260811/5a716d80ac6b.pdf,1b5e92e35b7d0e6c9ca35942d5432c1a981bce0fd7d40bba3ed7da56aad2fe2b,/Users/baiyixin/Documents/Survey - design knowledge/expanded_pdf_corpus_459_20260811/5a716d80ac6b.pdf,1b5e92e35b7d0e6c9ca35942d5432c1a981bce0fd7d40bba3ed7da56aad2fe2b,12,pypdf,/Users/baiyixin/Documents/Survey - design knowledge/expanded_pipeline_459_20260811/canonical_text/5a716d80ac6b.txt,5ff391124582a209b7522e9bd31febf270291b5fe8d1fb62474b397822ff6fba,37952,182,True,True,analysis_ready,
5a8306f435ea,Design principles: The foundation of design,Design principles: The foundation of design,Design knowledge,,paper,/Users/baiyixin/Documents/Survey - design knowledge/expanded_pdf_corpus_459_20260811/5a8306f435ea.pdf,2659038e769e2e384ae24cc44f0eb6b32560f4d0481e78e56f21dcec156e2c0f,/Users/baiyixin/Documents/Survey - design knowledge/expanded_pdf_corpus_459_20260811/5a8306f435ea.pdf,2659038e769e2e384ae24cc44f0eb6b32560f4d0481e78e56f21dcec156e2c0f,10,pypdf,/Users/baiyixin/Documents/Survey - design knowledge/expanded_pipeline_459_20260811/canonical_text/5a8306f435ea.txt,3f58ae1e5741a5a5806f5a065e696298b2eb21c15f8299d9d6690557b96362e7,65037,239,True,True,analysis_ready,
5a973fb8ae6f,ICT-Enabled Self-Management of Chronic Diseases: Literature Review and Analysis Using Value-Sensitive Design,ICT-Enabled Self-Management of Chronic Diseases: Literature Review and Analysis Using Value-Sensitive Design,Design theory,,paper,/Users/baiyixin/Documents/Survey - design knowledge/expanded_pdf_corpus_459_20260811/5a973fb8ae6f.pdf,da070a06ac207791f9dd1dd9948dc16c6a79ef21b0d505630bbe988ffffad392,/Users/baiyixin/Documents/Survey - design knowledge/expanded_pdf_corpus_459_20260811/5a973fb8ae6f.pdf,da070a06ac207791f9dd1dd9948dc16c6a79ef21b0d505630bbe988ffffad392,10,pypdf,/Users/baiyixin/Documents/Survey - design knowledge/expanded_pipeline_459_20260811/canonical_text/5a973fb8ae6f.txt,7a14175de9e5f71e89a9a6cd0bb74dd74a2d95584e0aec98e12db1dbb095fd86,40159,189,True,True,analysis_ready,
5b3b013c191d,Towards a unified terminology for sonification and visualization,Towards a unified terminology for sonification and visualization,Design theory,,paper,/Users/baiyixin/Documents/Survey - design knowledge/expanded_pdf_corpus_459_20260811/5b3b013c191d.pdf,5babbe55cf54a315129c1ae297b15021b9137b7c7f5623fd26852f6ae2ea6647,/Users/baiyixin/Documents/Survey - design knowledge/expanded_pdf_corpus_459_20260811/5b3b013c191d.pdf,5babbe55cf54a315129c1ae297b15021b9137b7c7f5623fd26852f6ae2ea6647,15,pypdf,/Users/baiyixin/Documents/Survey - design knowledge/expanded_pipeline_459_20260811/canonical_text/5b3b013c191d.txt,b27eca0ce548e94490c8034ab63f8f1f6e96d1a43aa529a37b7fe99405510f93,76604,439,True,True,analysis_ready,
5b52ec143fa6,The ECC Methodology for Architecture Design Theory and Practices Research,The ECC Methodology for Architecture Design Theory and Practices Research,Design theory,,paper,/Users/baiyixin/Documents/Survey - design knowledge/expanded_pdf_corpus_459_20260811/5b52ec143fa6.pdf,ad298f45657ea45453adcdce8a03d1c66c5f094441138af0216b24b74474abdc,/Users/baiyixin/Documents/Survey - design knowledge/expanded_pdf_corpus_459_20260811/5b52ec143fa6.pdf,ad298f45657ea45453adcdce8a03d1c66c5f094441138af0216b24b74474abdc,8,pypdf,/Users/baiyixin/Documents/Survey - design knowledge/expanded_pipeline_459_20260811/canonical_text/5b52ec143fa6.txt,11e6dfee094d6ae5022e4bf960431bf1d12b71e67d7354a82ac4993048c32b7e,28938,152,True,True,analysis_ready,
5ba50396ff25,What is a Convention in Interactive Narrative Design?,What is a Convention in Interactive Narrative Design?,Design methods,,paper,/Users/baiyixin/Documents/Survey - design knowledge/expanded_pdf_corpus_459_20260811/5ba50396ff25.pdf,bb798ef48a68ba9a7886eefd1c9225d99ef9e6dcb3cd03523ac2fb81de66e1e4,/Users/baiyixin/Documents/Survey - design knowledge/expanded_pdf_corpus_459_20260811/5ba50396ff25.pdf,bb798ef48a68ba9a7886eefd1c9225d99ef9e6dcb3cd03523ac2fb81de66e1e4,4,pypdf,/Users/baiyixin/Documents/Survey - design knowledge/expanded_pipeline_459_20260811/canonical_text/5ba50396ff25.txt,170c16e302e92230388e8ec865679ed629592fba06bd887fca818f54cced71ec,11260,53,True,True,analysis_ready,
5c096c480387,User interfaces of information retrieval systems and user friendliness,User interfaces of information retrieval systems and user friendliness,Design Rules,,paper,/Users/baiyixin/Documents/Survey - design knowledge/expanded_pdf_corpus_459_20260811/5c096c480387.pdf,ae080220c221820222555a06c9906b5fa9da4c26e8fe886fcf8f1c7cae5db814,/Users/baiyixin/Documents/Survey - design knowledge/expanded_pdf_corpus_459_20260811/5c096c480387.pdf,ae080220c221820222555a06c9906b5fa9da4c26e8fe886fcf8f1c7cae5db814,21,pypdf,/Users/baiyixin/Documents/Survey - design knowledge/expanded_pipeline_459_20260811/canonical_text/5c096c480387.txt,9232488a4bbeda83208cfac755e0587b961e754e446b019d339cfa9c75766229,53718,225,True,True,analysis_ready,
5e43d7253569,Bridging HRI Theory and Practice: Design Guidelines for Robot Communication in Dairy Farming,Bridging HRI Theory and Practice: Design Guidelines for Robot Communication in Dairy Farming,Design Guidelines,,paper,/Users/baiyixin/Documents/Survey - design knowledge/expanded_pdf_corpus_459_20260811/5e43d7253569.pdf,5ccfee8b301e5a58db1823567084234bbf2f796b0c68b7ba0b0aa5bed8e79832,/Users/baiyixin/Documents/Survey - design knowledge/expanded_pdf_corpus_459_20260811/5e43d7253569.pdf,5ccfee8b301e5a58db1823567084234bbf2f796b0c68b7ba0b0aa5bed8e79832,10,pypdf,/Users/baiyixin/Documents/Survey - design knowledge/expanded_pipeline_459_20260811/canonical_text/5e43d7253569.txt,aa52ffddbd64aaec983bf44595b3c64a373b0dc34bababd1c84747690db1482c,69986,342,True,True,analysis_ready,
5f6661254e39,Ethical Encounters in Design Practice: A Framework Grounded in Practitioner Experience,Ethical Encounters in Design Practice: A Framework Grounded in Practitioner Experience,Design Patterns,,paper,/Users/baiyixin/Documents/Survey - design knowledge/expanded_pdf_corpus_459_20260811/5f6661254e39.pdf,075c4f6eb8df123109b6fc8b6d72fc0790bce69cd3b500b9c6b20294d8f7a429,/Users/baiyixin/Documents/Survey - design knowledge/expanded_pdf_corpus_459_20260811/5f6661254e39.pdf,075c4f6eb8df123109b6fc8b6d72fc0790bce69cd3b500b9c6b20294d8f7a429,16,pypdf,/Users/baiyixin/Documents/Survey - design knowledge/expanded_pipeline_459_20260811/canonical_text/5f6661254e39.txt,3b3b0316fcf9bc156ac10bb00e7eba78e484a9f68d73d699485020ac59fb42f3,96806,420,True,True,analysis_ready,
5f810f61b926,A typology of design knowledge: A theoretical framework,A typology of design knowledge: A theoretical framework,Design knowledge,,paper,/Users/baiyixin/Documents/Survey - design knowledge/expanded_pdf_corpus_459_20260811/5f810f61b926.pdf,af8f4c6c45581975e12e9b9c6ef3a95b66809e8df931bba38a005ce87ce5764b,/Users/baiyixin/Documents/Survey - design knowledge/expanded_pdf_corpus_459_20260811/5f810f61b926.pdf,af8f4c6c45581975e12e9b9c6ef3a95b66809e8df931bba38a005ce87ce5764b,11,pypdf,/Users/baiyixin/Documents/Survey - design knowledge/expanded_pipeline_459_20260811/canonical_text/5f810f61b926.txt,2230e40bebaba2c10e7ff5307c34edbaeebabc816dbe56fc41b5a9ab615a9644,40719,224,True,True,analysis_ready,
5ffd963397c9,THEORY OF TECHNICAL SYSTEMS - PREREQUISITE TO DESIGN THEORY.,THEORY OF TECHNICAL SYSTEMS - PREREQUISITE TO DESIGN THEORY.,Design theory,,paper,/Users/baiyixin/Documents/Survey - design knowledge/expanded_pdf_corpus_459_20260811/5ffd963397c9.pdf,cc63e61e8ad0fbc23bde9f556b4c1db73aa2e3593a0192ca2c74db2183a60dcb,/Users/baiyixin/Documents/Survey - design knowledge/expanded_pdf_corpus_459_20260811/5ffd963397c9.pdf,cc63e61e8ad0fbc23bde9f556b4c1db73aa2e3593a0192ca2c74db2183a60dcb,10,pypdf,/Users/baiyixin/Documents/Survey - design knowledge/expanded_pipeline_459_20260811/canonical_text/5ffd963397c9.txt,c3d6b46224a1477139564dcc33df96340d40386dee51e63b575c26f3aa32658e,26542,62,True,True,analysis_ready,
60c69d24c5a3,Evaluating the efficacy and effectiveness of design methods: A systematic review and assessment framework,Evaluating the efficacy and effectiveness of design methods: A systematic review and assessment framework,Design methods,,paper,/Users/baiyixin/Documents/Survey - design knowledge/expanded_pdf_corpus_459_20260811/60c69d24c5a3.pdf,835bb9172c2fa010b0324c075fe930c34eee16229fa10c14b22da9db1ae7dfc6,/Users/baiyixin/Documents/Survey - design knowledge/expanded_pdf_corpus_459_20260811/60c69d24c5a3.pdf,835bb9172c2fa010b0324c075fe930c34eee16229fa10c14b22da9db1ae7dfc6,31,pypdf,/Users/baiyixin/Documents/Survey - design knowledge/expanded_pipeline_459_20260811/canonical_text/60c69d24c5a3.txt,bb4c7e53f87dd6ae620d74d2d8c9e7bbc65280631567b2006c18f533958dc91c,79242,328,True,True,analysis_ready,
615169de6f0e,From interaction to trajectories: designing coherent journeys through user experiences,From interaction to trajectories: designing coherent journeys through user experiences,Design Guidelines,,paper,/Users/baiyixin/Documents/Survey - design knowledge/expanded_pdf_corpus_459_20260811/615169de6f0e.pdf,1612f3a0783bdbdb66626ee4ca25f0755ad354e6a762b2e6e04ffcd9b41921c8,/Users/baiyixin/Documents/Survey - design knowledge/expanded_pdf_corpus_459_20260811/615169de6f0e.pdf,1612f3a0783bdbdb66626ee4ca25f0755ad354e6a762b2e6e04ffcd9b41921c8,10,pypdf,/Users/baiyixin/Documents/Survey - design knowledge/expanded_pipeline_459_20260811/canonical_text/615169de6f0e.txt,c8443243e7caeaa159e6c1e1d2eb44d3df6806b120926fd166ab6730564b3aa8,57000,263,True,True,analysis_ready,
6194ef223969,A typology of Urban Design theories and its application to the shared body of knowledge,A typology of Urban Design theories and its application to the shared body of knowledge,Design theory,,paper,/Users/baiyixin/Documents/Survey - design knowledge/expanded_pdf_corpus_459_20260811/6194ef223969.pdf,189d8402037d89d1f3b395a00b7526b827a81c8e9a4d507608fecfd502e1f8ba,/Users/baiyixin/Documents/Survey - design knowledge/expanded_pdf_corpus_459_20260811/6194ef223969.pdf,189d8402037d89d1f3b395a00b7526b827a81c8e9a4d507608fecfd502e1f8ba,14,pypdf,/Users/baiyixin/Documents/Survey - design knowledge/expanded_pipeline_459_20260811/canonical_text/6194ef223969.txt,2c05dd803be5f522d300083bb07368b1f5a124703f48d48b7a7177d3d6544d68,59761,291,True,True,analysis_ready,
6264e280f9b8,Exploring the Abstraction Levels of Design Principles: The Case of Chatbots,Exploring the Abstraction Levels of Design Principles: The Case of Chatbots,Design knowledge,,paper,/Users/baiyixin/Documents/Survey - design knowledge/expanded_pdf_corpus_459_20260811/6264e280f9b8.pdf,d81244803e671b10bddd588b6fe4c3f785b4a15b859b98d05f89b94cc6f0ca79,/Users/baiyixin/Documents/Survey - design knowledge/expanded_pdf_corpus_459_20260811/6264e280f9b8.pdf,d81244803e671b10bddd588b6fe4c3f785b4a15b859b98d05f89b94cc6f0ca79,16,pypdf,/Users/baiyixin/Documents/Survey - design knowledge/expanded_pipeline_459_20260811/canonical_text/6264e280f9b8.txt,df30299b1bf356c62a83855578c4316cfd154a0feba892c3b3c8530fb0abb2d9,45449,234,True,True,analysis_ready,
631c79d1cbc5,Abstraction classes in software design,Abstraction classes in software design,Design Patterns,,paper,/Users/baiyixin/Documents/Survey - design knowledge/expanded_pdf_corpus_459_20260811/631c79d1cbc5.pdf,2d1193bc7618738609da1398c34c1b6c043dcbf18fd0323b934c62a1d834e64b,/Users/baiyixin/Documents/Survey - design knowledge/expanded_pdf_corpus_459_20260811/631c79d1cbc5.pdf,2d1193bc7618738609da1398c34c1b6c043dcbf18fd0323b934c62a1d834e64b,53,pypdf,/Users/baiyixin/Documents/Survey - design knowledge/expanded_pipeline_459_20260811/canonical_text/631c79d1cbc5.txt,43af4a1683657d227e5807e1c01a67fca7f70cdd23acb383f50921366fd767e4,107846,464,True,True,analysis_ready,
63e3bdac7fab,What Do We Know about the Effectiveness of Software Design Patterns?,What Do We Know about the Effectiveness of Software Design Patterns?,Design Patterns,,paper,/Users/baiyixin/Documents/Survey - design knowledge/expanded_pdf_corpus_459_20260811/63e3bdac7fab.pdf,06a7a50fc89a88e655373f787c5fd10cca669f796f72235bf76880f0df6b3991,/Users/baiyixin/Documents/Survey - design knowledge/expanded_pdf_corpus_459_20260811/63e3bdac7fab.pdf,06a7a50fc89a88e655373f787c5fd10cca669f796f72235bf76880f0df6b3991,19,pypdf,/Users/baiyixin/Documents/Survey - design knowledge/expanded_pipeline_459_20260811/canonical_text/63e3bdac7fab.txt,f023284272484977abe715bde4a4176f3d527e08711f0cf6a399e47ef7a76bd4,94786,400,True,True,analysis_ready,
64230bcb1202,Chimera heuristics: Generative rational heuristics for the unknown from design theory,Chimera heuristics: Generative rational heuristics for the unknown from design theory,Design theory,,paper,/Users/baiyixin/Documents/Survey - design knowledge/expanded_pdf_corpus_459_20260811/64230bcb1202.pdf,ba90f47519ac479af8acf286a72c70d6d03a33cfd4af2eb2208f32e4c24bb4f4,/Users/baiyixin/Documents/Survey - design knowledge/expanded_pdf_corpus_459_20260811/64230bcb1202.pdf,ba90f47519ac479af8acf286a72c70d6d03a33cfd4af2eb2208f32e4c24bb4f4,14,pypdf,/Users/baiyixin/Documents/Survey - design knowledge/expanded_pipeline_459_20260811/canonical_text/64230bcb1202.txt,913f185e76e6c78ad6b71a2563bf0cd27d95bab7c4bf00c0d3ff32b7d52d45e9,63385,272,True,True,analysis_ready,
65c31c577170,The Rough Mile: Testing a Framework of Immersive Practice,The Rough Mile: Testing a Framework of Immersive Practice,Design Guidelines,,paper,/Users/baiyixin/Documents/Survey - design knowledge/expanded_pdf_corpus_459_20260811/65c31c577170.pdf,2300391bffd6b17e47e4ed77989ed3c70b454aeb8967e3aa2579970dafd4fd26,/Users/baiyixin/Documents/Survey - design knowledge/expanded_pdf_corpus_459_20260811/65c31c577170.pdf,2300391bffd6b17e47e4ed77989ed3c70b454aeb8967e3aa2579970dafd4fd26,12,pypdf,/Users/baiyixin/Documents/Survey - design knowledge/expanded_pipeline_459_20260811/canonical_text/65c31c577170.txt,b64121a2865dfc33590a151ab0668e65850c9ce13d01fb7b25c7167c20e497e8,67968,314,True,True,analysis_ready,
660ca24145b2,The E-Design Assessment Tool: an evidence-informed approach towards a consistent terminology for quantifying online distance learning activities,The E-Design Assessment Tool: an evidence-informed approach towards a consistent terminology for quantifying online distance learning activities,Design frameworks,,paper,/Users/baiyixin/Documents/Survey - design knowledge/expanded_pdf_corpus_459_20260811/660ca24145b2.pdf,c56baccca77207913f7ba18f895278d1c366b304ef2fa8dcbc28e62ff9efef8c,/Users/baiyixin/Documents/Survey - design knowledge/expanded_pdf_corpus_459_20260811/660ca24145b2.pdf,c56baccca77207913f7ba18f895278d1c366b304ef2fa8dcbc28e62ff9efef8c,14,pypdf,/Users/baiyixin/Documents/Survey - design knowledge/expanded_pipeline_459_20260811/canonical_text/660ca24145b2.txt,a218a53f239c8ff0882551fd5ae43b9ae2cca5e55ecf3b8b1df27e80ae725563,46922,167,True,True,analysis_ready,
662ae9cea17d,1C3-2 A Literature Survey on UX Design Properties and Principles Of Smart Device Design for the Disabled::From the Perspective of the Value/Quality of Human Life,1C3-2 A Literature Survey on UX Design Properties and Principles Of Smart Device Design for the Disabled::From the Perspective of the Value/Quality of Human Life,Design Guidelines,,paper,/Users/baiyixin/Documents/Survey - design knowledge/expanded_pdf_corpus_459_20260811/662ae9cea17d.pdf,f6c2c32899eb1aafce95ad241b2404374ab55101ef08ef686d6725439598a2c4,/Users/baiyixin/Documents/Survey - design knowledge/expanded_pdf_corpus_459_20260811/662ae9cea17d.pdf,f6c2c32899eb1aafce95ad241b2404374ab55101ef08ef686d6725439598a2c4,4,pypdf,/Users/baiyixin/Documents/Survey - design knowledge/expanded_pipeline_459_20260811/canonical_text/662ae9cea17d.txt,2b60a1c47045df96f6ca068b78d875fad7a2aca6630ea503cdcb4ed5c6524d96,16857,70,True,True,analysis_ready,
66a74be75bef,An analysis and critique of Research through Design: towards a formalization of a research approach,An analysis and critique of Research through Design: towards a formalization of a research approach,Design theory,,paper,/Users/baiyixin/Documents/Survey - design knowledge/expanded_pdf_corpus_459_20260811/66a74be75bef.pdf,330da236569eefbfab428d6385ee2ea594182b908bd71233c2a9f578e934e629,/Users/baiyixin/Documents/Survey - design knowledge/expanded_pdf_corpus_459_20260811/66a74be75bef.pdf,330da236569eefbfab428d6385ee2ea594182b908bd71233c2a9f578e934e629,10,pypdf,/Users/baiyixin/Documents/Survey - design knowledge/expanded_pipeline_459_20260811/canonical_text/66a74be75bef.txt,a03fbccce8226070073861a193a185ce7d57b0872015f0e47cabae3afeaa079e,51232,245,True,True,analysis_ready,
66d4b9b36f31,"SHEAFIFICATION AS A DESIGN TECHNIQUE FOR CREATIVE PRESERVATION – PRINCIPLES, ILLUSTRATIONS, AND FIRST APPLICATIONS","SHEAFIFICATION AS A DESIGN TECHNIQUE FOR CREATIVE PRESERVATION – PRINCIPLES, ILLUSTRATIONS, AND FIRST APPLICATIONS",Design theory,,paper,/Users/baiyixin/Documents/Survey - design knowledge/expanded_pdf_corpus_459_20260811/66d4b9b36f31.pdf,5875859c00d30983a4b7e24cdec677dc4cf60a7370545c0e1e1786cfd4438016,/Users/baiyixin/Documents/Survey - design knowledge/expanded_pdf_corpus_459_20260811/66d4b9b36f31.pdf,5875859c00d30983a4b7e24cdec677dc4cf60a7370545c0e1e1786cfd4438016,10,pypdf,/Users/baiyixin/Documents/Survey - design knowledge/expanded_pipeline_459_20260811/canonical_text/66d4b9b36f31.txt,8002bf9f352dc8d1ba5dc0afff874f06f2391a6b0c8d467bf0f6041605c00f9f,38976,183,True,True,analysis_ready,
66f985f8b386,The Concept of Reference Architectures,The Concept of Reference Architectures,Design Patterns,,paper,/Users/baiyixin/Documents/Survey - design knowledge/expanded_pdf_corpus_459_20260811/66f985f8b386.pdf,2383e5a7fc45fdc28af4151db61ad1c79f4711315a31cadb96c77e674f9aa0c7,/Users/baiyixin/Documents/Survey - design knowledge/expanded_pdf_corpus_459_20260811/66f985f8b386.pdf,2383e5a7fc45fdc28af4151db61ad1c79f4711315a31cadb96c77e674f9aa0c7,14,pypdf,/Users/baiyixin/Documents/Survey - design knowledge/expanded_pipeline_459_20260811/canonical_text/66f985f8b386.txt,1433dbdbd1f2562412247c616220cde40261a39609f9befa10dc4d3d2a63d01e,69756,374,True,True,analysis_ready,
677c4dc89d1d,Elemental design patterns: A formal semantics for composition of OO software architecture,Elemental design patterns: A formal semantics for composition of OO software architecture,Design Patterns,,paper,/Users/baiyixin/Documents/Survey - design knowledge/expanded_pdf_corpus_459_20260811/677c4dc89d1d.pdf,52fe4c0f86a2796c6fc156b6ab3044a3419b72fbe3dbd4bbab8718aefe86359e,/Users/baiyixin/Documents/Survey - design knowledge/expanded_pdf_corpus_459_20260811/677c4dc89d1d.pdf,52fe4c0f86a2796c6fc156b6ab3044a3419b72fbe3dbd4bbab8718aefe86359e,8,pypdf,/Users/baiyixin/Documents/Survey - design knowledge/expanded_pipeline_459_20260811/canonical_text/677c4dc89d1d.txt,2636ef5c3278d79c52c7f3e6433b653cb9f38aa884d3a411b0aaae45d346044b,38614,162,True,True,analysis_ready,
67d72b35ce6b,A nascent design theory for explainable intelligent systems,A nascent design theory for explainable intelligent systems,Design theory,,paper,/Users/baiyixin/Documents/Survey - design knowledge/expanded_pdf_corpus_459_20260811/67d72b35ce6b.pdf,ecd13ce9f1328b4fd763916405f54d9000058cd4b3fe74dabdd32288aef002de,/Users/baiyixin/Documents/Survey - design knowledge/expanded_pdf_corpus_459_20260811/67d72b35ce6b.pdf,ecd13ce9f1328b4fd763916405f54d9000058cd4b3fe74dabdd32288aef002de,22,pypdf,/Users/baiyixin/Documents/Survey - design knowledge/expanded_pipeline_459_20260811/canonical_text/67d72b35ce6b.txt,8c0f9689e22c4f95140083873047bc559a9544ff70151ad9d447bfee64911f4a,110086,545,True,True,analysis_ready,
68bf6cd63875,Design epistemology as innovation in public health research,Design epistemology as innovation in public health research,Design theory,,paper,/Users/baiyixin/Documents/Survey - design knowledge/expanded_pdf_corpus_459_20260811/68bf6cd63875.pdf,75e6d20031a0f72c3227adab99ef4cc49b688622cef16a70bf3471ccf02cc7c3,/Users/baiyixin/Documents/Survey - design knowledge/expanded_pdf_corpus_459_20260811/68bf6cd63875.pdf,75e6d20031a0f72c3227adab99ef4cc49b688622cef16a70bf3471ccf02cc7c3,3,pypdf,/Users/baiyixin/Documents/Survey - design knowledge/expanded_pipeline_459_20260811/canonical_text/68bf6cd63875.txt,f99ddef09df1de48fa1467c2a80e96fb3fdda07fa3b1a137c35d58d9514dcc64,14970,72,True,True,analysis_ready,
69bb5b15bdd3,Heuristics for Supporting Cooperative Dashboard Design,Heuristics for Supporting Cooperative Dashboard Design,Design Guidelines,,paper,/Users/baiyixin/Documents/Survey - design knowledge/expanded_pdf_corpus_459_20260811/69bb5b15bdd3.pdf,3242208361d766eb5009e5fdf5b712c87bd3095c0d00a92416b549cd12cabe78,/Users/baiyixin/Documents/Survey - design knowledge/expanded_pdf_corpus_459_20260811/69bb5b15bdd3.pdf,3242208361d766eb5009e5fdf5b712c87bd3095c0d00a92416b549cd12cabe78,11,pypdf,/Users/baiyixin/Documents/Survey - design knowledge/expanded_pipeline_459_20260811/canonical_text/69bb5b15bdd3.txt,64512215e5fea48bb42aaee7bede6e4b3a2a0bb7517f67a8339bdac6b36a3573,81597,353,True,True,analysis_ready,
6aeae7ccf85b,Toward a Framework for the Design of Interactive Technology for Nature Recreation,Toward a Framework for the Design of Interactive Technology for Nature Recreation,Design knowledge,,paper,/Users/baiyixin/Documents/Survey - design knowledge/expanded_pdf_corpus_459_20260811/6aeae7ccf85b.pdf,3b6a6444f63f5106bb04e9be632a52b14acf6c0814b5da4b60f82956712cbe56,/Users/baiyixin/Documents/Survey - design knowledge/expanded_pdf_corpus_459_20260811/6aeae7ccf85b.pdf,3b6a6444f63f5106bb04e9be632a52b14acf6c0814b5da4b60f82956712cbe56,21,pypdf,/Users/baiyixin/Documents/Survey - design knowledge/expanded_pipeline_459_20260811/canonical_text/6aeae7ccf85b.txt,3dadafbceacd54b93ab859593e32d322d50a5052bf472c7bdadb0dd9532bf9b9,125768,707,True,True,analysis_ready,
6b9f020cd024,Design knowledge for decision-making process in a DFX product design approach,Design knowledge for decision-making process in a DFX product design approach,Design knowledge,,paper,/Users/baiyixin/Documents/Survey - design knowledge/expanded_pdf_corpus_459_20260811/6b9f020cd024.pdf,3aea25e6c11d9dd61e60dad41f75d1ea9bf2880f769665d50773e4394dd7054c,/Users/baiyixin/Documents/Survey - design knowledge/expanded_pdf_corpus_459_20260811/6b9f020cd024.pdf,3aea25e6c11d9dd61e60dad41f75d1ea9bf2880f769665d50773e4394dd7054c,870,pypdf,/Users/baiyixin/Documents/Survey - design knowledge/expanded_pipeline_459_20260811/canonical_text/6b9f020cd024.txt,1cf9395ecc59bc02d496ed8d599c8c20f3416cd7a99ba95b3b6b0af08c2e392d,1784804,8428,True,True,analysis_ready,
6c928237afcf,Micro patterns in Java code,Micro patterns in Java code,Design Patterns,,paper,/Users/baiyixin/Documents/Survey - design knowledge/expanded_pdf_corpus_459_20260811/6c928237afcf.pdf,13f3fe9f276fc1992c679498a0c26dee93a7dc704d2fa744b4e031e4ad421de8,/Users/baiyixin/Documents/Survey - design knowledge/expanded_pdf_corpus_459_20260811/6c928237afcf.pdf,13f3fe9f276fc1992c679498a0c26dee93a7dc704d2fa744b4e031e4ad421de8,20,pypdf,/Users/baiyixin/Documents/Survey - design knowledge/expanded_pipeline_459_20260811/canonical_text/6c928237afcf.txt,97d8875efc100c3ebadc1b26969034ded435362d43c4c459295a1e2478877315,130738,653,True,True,analysis_ready,
6d926f3c4a97,A domain reference ontology for design science research knowledge bases,A domain reference ontology for design science research knowledge bases,Design knowledge,,paper,/Users/baiyixin/Documents/Survey - design knowledge/expanded_pdf_corpus_459_20260811/6d926f3c4a97.pdf,c23666fa3c1f05fefa27ea56666fb9d1a50c2106f50915de2dda7f1a8a85466e,/Users/baiyixin/Documents/Survey - design knowledge/expanded_pdf_corpus_459_20260811/6d926f3c4a97.pdf,c23666fa3c1f05fefa27ea56666fb9d1a50c2106f50915de2dda7f1a8a85466e,17,pypdf,/Users/baiyixin/Documents/Survey - design knowledge/expanded_pipeline_459_20260811/canonical_text/6d926f3c4a97.txt,012c6fc905654781ff508690c20c54eac9eeb2ebd01483f40b5b5b870d8531b0,39652,196,True,True,analysis_ready,
6d9eecf54c53,Control patterns in a health-care network,Control patterns in a health-care network,Design Patterns,,paper,/Users/baiyixin/Documents/Survey - design knowledge/expanded_pdf_corpus_459_20260811/6d9eecf54c53.pdf,2606974ee4414e48ed0c745502147fcbd1eeb2a53c3925bfb6e2a6f1b8194679,/Users/baiyixin/Documents/Survey - design knowledge/expanded_pdf_corpus_459_20260811/6d9eecf54c53.pdf,2606974ee4414e48ed0c745502147fcbd1eeb2a53c3925bfb6e2a6f1b8194679,33,pypdf,/Users/baiyixin/Documents/Survey - design knowledge/expanded_pipeline_459_20260811/canonical_text/6d9eecf54c53.txt,dee9822863375a8d32537c81a0ab56770a516826851e0dc5de34e3750f3f194f,69004,361,True,True,analysis_ready,
6e06768bb26b,Design as Research in Landscape Architecture,Design as Research in Landscape Architecture,Design methods,,paper,/Users/baiyixin/Documents/Survey - design knowledge/expanded_pdf_corpus_459_20260811/6e06768bb26b.pdf,1e282f74af6b621b7074c0f693d0927a3a4d534588076567d71fd970da9a98fa,/Users/baiyixin/Documents/Survey - design knowledge/expanded_pdf_corpus_459_20260811/6e06768bb26b.pdf,1e282f74af6b621b7074c0f693d0927a3a4d534588076567d71fd970da9a98fa,17,pypdf,/Users/baiyixin/Documents/Survey - design knowledge/expanded_pipeline_459_20260811/canonical_text/6e06768bb26b.txt,e11479d41cc4e900f3fd6c05710d310c52f5821a3772048c4740a639dc6d5aac,58403,294,True,True,analysis_ready,
6e7959c82d5f,The anatomy of HCI design patterns,The anatomy of HCI design patterns,Design knowledge,,paper,/Users/baiyixin/Documents/Survey - design knowledge/expanded_pdf_corpus_459_20260811/6e7959c82d5f.pdf,812ab3ea71fc63112954ef1f42fd566adf6a37c6f004270e22baba0baada3d6a,/Users/baiyixin/Documents/Survey - design knowledge/expanded_pdf_corpus_459_20260811/6e7959c82d5f.pdf,812ab3ea71fc63112954ef1f42fd566adf6a37c6f004270e22baba0baada3d6a,6,pypdf,/Users/baiyixin/Documents/Survey - design knowledge/expanded_pipeline_459_20260811/canonical_text/6e7959c82d5f.txt,a7ba07ddfa8e58bf415b03d4570145a13b99195d828bdebd89018976d5ecfc37,30066,153,True,True,analysis_ready,
6ea89aad84f6,Development of Sustainable Integrated Design Framework for Stream Restoration,Development of Sustainable Integrated Design Framework for Stream Restoration,Design Procedures,,paper,/Users/baiyixin/Documents/Survey - design knowledge/expanded_pdf_corpus_459_20260811/6ea89aad84f6.pdf,291e4005c2a152363a20813ef912d5f030ea6f4d3d438c027a8c6db425a185a3,/Users/baiyixin/Documents/Survey - design knowledge/expanded_pdf_corpus_459_20260811/6ea89aad84f6.pdf,291e4005c2a152363a20813ef912d5f030ea6f4d3d438c027a8c6db425a185a3,24,pypdf,/Users/baiyixin/Documents/Survey - design knowledge/expanded_pipeline_459_20260811/canonical_text/6ea89aad84f6.txt,c319e9cf8fe72e7cdd2064543044b75641f88ad100d34b9be90e4bf4a22d4d6b,77727,355,True,True,analysis_ready,
6f114a6d29d1,Toward a Conceptualization of Organizational Modularity,Toward a Conceptualization of Organizational Modularity,Design Rules,,paper,/Users/baiyixin/Documents/Survey - design knowledge/expanded_pdf_corpus_459_20260811/6f114a6d29d1.pdf,3cd5a4a8fe70101e31612a9452a370b6f1bda6bdb46c6c036b1ec011dc2beb51,/Users/baiyixin/Documents/Survey - design knowledge/expanded_pdf_corpus_459_20260811/6f114a6d29d1.pdf,3cd5a4a8fe70101e31612a9452a370b6f1bda6bdb46c6c036b1ec011dc2beb51,25,pypdf,/Users/baiyixin/Documents/Survey - design knowledge/expanded_pipeline_459_20260811/canonical_text/6f114a6d29d1.txt,c97d2921ccedde864771fb724a3f84a5f9cb2c6592d8225312e0a3b488a2baf0,89442,417,True,True,analysis_ready,
6f73a944b8d6,Video collaboratories for research and education: An analysis of collaboration design patterns,Video collaboratories for research and education: An analysis of collaboration design patterns,Design Patterns,,paper,/Users/baiyixin/Documents/Survey - design knowledge/expanded_pdf_corpus_459_20260811/6f73a944b8d6.pdf,83a030852fa722fd542c449a93285d5eee32f2f38ea07656d9db5ba72e8d4f41,/Users/baiyixin/Documents/Survey - design knowledge/expanded_pdf_corpus_459_20260811/6f73a944b8d6.pdf,83a030852fa722fd542c449a93285d5eee32f2f38ea07656d9db5ba72e8d4f41,13,pypdf,/Users/baiyixin/Documents/Survey - design knowledge/expanded_pipeline_459_20260811/canonical_text/6f73a944b8d6.txt,306e6107adfed074728896a2924385f30863bdd0e0d27ea53437706381bf1176,72238,313,True,True,analysis_ready,
6fdd15b8daea,Communicating nascent design theories on innovative information systems through multi-grounded design principles,Communicating nascent design theories on innovative information systems through multi-grounded design principles,Design knowledge,,paper,/Users/baiyixin/Documents/Survey - design knowledge/expanded_pdf_corpus_459_20260811/6fdd15b8daea.pdf,0be895cc1b2b9e6e183da0806e0c7179505e93c1e1649b43d0100dd2da530e0e,/Users/baiyixin/Documents/Survey - design knowledge/expanded_pdf_corpus_459_20260811/6fdd15b8daea.pdf,0be895cc1b2b9e6e183da0806e0c7179505e93c1e1649b43d0100dd2da530e0e,17,pypdf,/Users/baiyixin/Documents/Survey - design knowledge/expanded_pipeline_459_20260811/canonical_text/6fdd15b8daea.txt,aa8c12733cb1b61ca79162b328b6ea4d1753ab47b793067f786d43a3f2cfc3e3,43817,235,True,True,analysis_ready,
705b504131f6,A conceptual framework to construct an artefact for meta-abstract design knowledge in design science research,A conceptual framework to construct an artefact for meta-abstract design knowledge in design science research,Design knowledge,,paper,/Users/baiyixin/Documents/Survey - design knowledge/expanded_pdf_corpus_459_20260811/705b504131f6.pdf,c808ccd80f339d83967f559a37e45dc5956840f8d02e6a006ce0fdffb1672feb,/Users/baiyixin/Documents/Survey - design knowledge/expanded_pdf_corpus_459_20260811/705b504131f6.pdf,c808ccd80f339d83967f559a37e45dc5956840f8d02e6a006ce0fdffb1672feb,8,pypdf,/Users/baiyixin/Documents/Survey - design knowledge/expanded_pipeline_459_20260811/canonical_text/705b504131f6.txt,8cb1950b2f636b51018ad884b7f1adf9621ff877768fb1d6c0558a661b2141a0,33712,192,True,True,analysis_ready,
714b3f6f8ac7,Degrees of Interaction: Towards a Classification,Degrees of Interaction: Towards a Classification,Design methods,,paper,/Users/baiyixin/Documents/Survey - design knowledge/expanded_pdf_corpus_459_20260811/714b3f6f8ac7.pdf,982278bf89af5b6a250b48be9469b3a8f1021488059c3a74d9ab72aa67e01c1a,/Users/baiyixin/Documents/Survey - design knowledge/expanded_pdf_corpus_459_20260811/714b3f6f8ac7.pdf,982278bf89af5b6a250b48be9469b3a8f1021488059c3a74d9ab72aa67e01c1a,8,pypdf,/Users/baiyixin/Documents/Survey - design knowledge/expanded_pipeline_459_20260811/canonical_text/714b3f6f8ac7.txt,7dea3402504fde4c6642ae761b52a5c14ceb151796e7aafd00ce81dea1572d85,22293,127,True,True,analysis_ready,
71f9925563a6,"Questions, Options, and Criteria: elements of Design Space Analysis","Questions, Options, and Criteria: elements of Design Space Analysis",Design rationale,,paper,/Users/baiyixin/Documents/Survey - design knowledge/expanded_pdf_corpus_459_20260811/71f9925563a6.pdf,f3f72e6863e185bdd2208c996b945d6cb567b0ddf3a89dbbbe490ad945c61ffe,/Users/baiyixin/Documents/Survey - design knowledge/expanded_pipeline_450_20260811/ocr_pdfs/71f9925563a6.pdf,e36f6a00d48410d403185517e5985820e9ffd251656fb6f7f121cee2c5325d41,51,ocrmypdf-tesseract-eng,/Users/baiyixin/Documents/Survey - design knowledge/expanded_pipeline_459_20260811/canonical_text/71f9925563a6.txt,50a8718b69431b781ff625ff4d34ba7ccb07ca1bab9fe7a0fd035be4836f8244,127487,662,True,True,analysis_ready,
73537bfbe719,A taxonomy and ontology for digital platforms,A taxonomy and ontology for digital platforms,Design knowledge,,paper,/Users/baiyixin/Documents/Survey - design knowledge/expanded_pdf_corpus_459_20260811/73537bfbe719.pdf,d25336fdd4b1e8269112baa0c8b998309992bbcf74ec04dcccb5194866bc1174,/Users/baiyixin/Documents/Survey - design knowledge/expanded_pdf_corpus_459_20260811/73537bfbe719.pdf,d25336fdd4b1e8269112baa0c8b998309992bbcf74ec04dcccb5194866bc1174,56,pypdf,/Users/baiyixin/Documents/Survey - design knowledge/expanded_pipeline_459_20260811/canonical_text/73537bfbe719.txt,2420cf0f10918a8ffcf23162ef1dc0b0433fb08df79b4a51e5b0985a829881b1,85468,396,True,True,analysis_ready,
75731fe2e6d1,"Feature, specification and evidence framework for communicating design rationale","Feature, specification and evidence framework for communicating design rationale",Design rationale,,paper,/Users/baiyixin/Documents/Survey - design knowledge/expanded_pdf_corpus_459_20260811/75731fe2e6d1.pdf,9e0f6d368f025eb9aff64b2b07a4a9d2c8d43d3d35c3a6d87a820cfcae00aec5,/Users/baiyixin/Documents/Survey - design knowledge/expanded_pdf_corpus_459_20260811/75731fe2e6d1.pdf,9e0f6d368f025eb9aff64b2b07a4a9d2c8d43d3d35c3a6d87a820cfcae00aec5,30,pypdf,/Users/baiyixin/Documents/Survey - design knowledge/expanded_pipeline_459_20260811/canonical_text/75731fe2e6d1.txt,e33c264fba6133ea18f102468137aa9b93b17e3b1a89c6ec8dbce569e11a82fd,90681,483,True,True,analysis_ready,
75f43821c56f,Towards a Model of Information Aesthetics in Information Visualization,Towards a Model of Information Aesthetics in Information Visualization,Design Guidelines,,paper,/Users/baiyixin/Documents/Survey - design knowledge/expanded_pdf_corpus_459_20260811/75f43821c56f.pdf,4b83f6f81aaf16b9a6f9c085e33b5c731026b01e239cc3334b80385edc233098,/Users/baiyixin/Documents/Survey - design knowledge/expanded_pdf_corpus_459_20260811/75f43821c56f.pdf,4b83f6f81aaf16b9a6f9c085e33b5c731026b01e239cc3334b80385edc233098,6,pypdf,/Users/baiyixin/Documents/Survey - design knowledge/expanded_pipeline_459_20260811/canonical_text/75f43821c56f.txt,bd323373b11e25f93f82dc016114c8d5fbe38660e7d79c49c39cf7ff86b3672a,32269,171,True,True,analysis_ready,
7624ada60ef5,A systematic approach for the development of porous concrete based on axiomatic design theory,A systematic approach for the development of porous concrete based on axiomatic design theory,Design theory,,paper,/Users/baiyixin/Documents/Survey - design knowledge/expanded_pdf_corpus_459_20260811/7624ada60ef5.pdf,bbeb87f535977ea4fdd7c78b3432af093cdbdbbfc8ac90cba5acc4ba398c7c9b,/Users/baiyixin/Documents/Survey - design knowledge/expanded_pdf_corpus_459_20260811/7624ada60ef5.pdf,bbeb87f535977ea4fdd7c78b3432af093cdbdbbfc8ac90cba5acc4ba398c7c9b,13,pypdf,/Users/baiyixin/Documents/Survey - design knowledge/expanded_pipeline_459_20260811/canonical_text/7624ada60ef5.txt,b32ae521ca59d40b356afe3c655244b972a382f85d3bd5ea73223a521dbf454a,29956,149,True,True,analysis_ready,
76669ffc8981,A Framework for Effective Virtual Commissioning: Guiding Principles for Seamless System Integration,A Framework for Effective Virtual Commissioning: Guiding Principles for Seamless System Integration,Design methods,,paper,/Users/baiyixin/Documents/Survey - design knowledge/expanded_pdf_corpus_459_20260811/76669ffc8981.pdf,ec6c4a84e4d60b1866197957d43653ec71063fe0e226840755018bbd3d60582e,/Users/baiyixin/Documents/Survey - design knowledge/expanded_pdf_corpus_459_20260811/76669ffc8981.pdf,ec6c4a84e4d60b1866197957d43653ec71063fe0e226840755018bbd3d60582e,17,pypdf,/Users/baiyixin/Documents/Survey - design knowledge/expanded_pipeline_459_20260811/canonical_text/76669ffc8981.txt,382f389b879575c1eec079d5ba33716b993d6f7fc34476439fa8e7b5fce65928,62081,316,True,True,analysis_ready,
76d309f713b9,How industrial design knowledge differs from engineering design knowledge,How industrial design knowledge differs from engineering design knowledge,Design knowledge,,paper,/Users/baiyixin/Documents/Survey - design knowledge/expanded_pdf_corpus_459_20260811/76d309f713b9.pdf,fc77d87c783dd1d79d9fbfa0bdb57197af7881ab9cb8fe11ff933876026db247,/Users/baiyixin/Documents/Survey - design knowledge/expanded_pdf_corpus_459_20260811/76d309f713b9.pdf,fc77d87c783dd1d79d9fbfa0bdb57197af7881ab9cb8fe11ff933876026db247,6,pypdf,/Users/baiyixin/Documents/Survey - design knowledge/expanded_pipeline_459_20260811/canonical_text/76d309f713b9.txt,57cdf17e68b532043cd849d31343762ba8e7521f458c33623b7132e9dfb36ce9,15782,91,True,True,analysis_ready,
774e05395765,Understanding and using patterns in software development,Understanding and using patterns in software development,Design Patterns,,paper,/Users/baiyixin/Documents/Survey - design knowledge/expanded_pdf_corpus_459_20260811/774e05395765.pdf,7fd9eac08d6b8351e495a5926d559762815e6dc96ea01bbe8d6cdb9e798d9aab,/Users/baiyixin/Documents/Survey - design knowledge/expanded_pdf_corpus_459_20260811/774e05395765.pdf,7fd9eac08d6b8351e495a5926d559762815e6dc96ea01bbe8d6cdb9e798d9aab,14,pypdf,/Users/baiyixin/Documents/Survey - design knowledge/expanded_pipeline_459_20260811/canonical_text/774e05395765.txt,c51365716312f41639f4e63f461a5926c81bbe8e1de86a993eb46ea097c26c88,55435,287,True,True,analysis_ready,
77b350f029e7,A taxonomy and ontology for digital platforms,A taxonomy and ontology for digital platforms,Design knowledge,,paper,/Users/baiyixin/Documents/Survey - design knowledge/expanded_pdf_corpus_459_20260811/77b350f029e7.pdf,fc28d1287bd73efbb238fdd611bebb6cf19e5030f78738b3d4b9f33d7fe5da7a,/Users/baiyixin/Documents/Survey - design knowledge/expanded_pdf_corpus_459_20260811/77b350f029e7.pdf,fc28d1287bd73efbb238fdd611bebb6cf19e5030f78738b3d4b9f33d7fe5da7a,20,pypdf,/Users/baiyixin/Documents/Survey - design knowledge/expanded_pipeline_459_20260811/canonical_text/77b350f029e7.txt,bc4d7a6e339d45618f496cef3b231eca87a2aad381a7fdf6c641bddbe66e04ed,83036,395,True,True,analysis_ready,
77ba97562fe7,Teachers’ Collaborative Pattern Language Design,Teachers’ Collaborative Pattern Language Design,Design Patterns,,paper,/Users/baiyixin/Documents/Survey - design knowledge/expanded_pdf_corpus_459_20260811/77ba97562fe7.pdf,270678aa72c2ecaca7b055aae888c2a8287c67b5632f5adf2c8ef9512c4a9c36,/Users/baiyixin/Documents/Survey - design knowledge/expanded_pdf_corpus_459_20260811/77ba97562fe7.pdf,270678aa72c2ecaca7b055aae888c2a8287c67b5632f5adf2c8ef9512c4a9c36,17,pypdf,/Users/baiyixin/Documents/Survey - design knowledge/expanded_pipeline_459_20260811/canonical_text/77ba97562fe7.txt,3b2ef20087b2be8e89d0df4557b3e40f30f63e0979cd3f7eadb3fbe0720bd1ce,72251,340,True,True,analysis_ready,
799b06403189,State of the Art on Robust Design Methods for Additive Manufacturing,State of the Art on Robust Design Methods for Additive Manufacturing,Design methods,,paper,/Users/baiyixin/Documents/Survey - design knowledge/expanded_pdf_corpus_459_20260811/799b06403189.pdf,928de805f0a25e2ae771ac78cbe573fdfaccb88e3bb6bce90ee152f03f9bf4bb,/Users/baiyixin/Documents/Survey - design knowledge/expanded_pdf_corpus_459_20260811/799b06403189.pdf,928de805f0a25e2ae771ac78cbe573fdfaccb88e3bb6bce90ee152f03f9bf4bb,6,pypdf,/Users/baiyixin/Documents/Survey - design knowledge/expanded_pipeline_459_20260811/canonical_text/799b06403189.txt,b5a4670743c7f974cdce3090bce608ec2d32c45c4d30d0823dc487de6e9b2711,16652,89,True,True,analysis_ready,
79abc1449981,Thriving Systems Theory: An Emergent Information Systems Design Theory,Thriving Systems Theory: An Emergent Information Systems Design Theory,Design Patterns,,paper,/Users/baiyixin/Documents/Survey - design knowledge/expanded_pdf_corpus_459_20260811/79abc1449981.pdf,77ebf0ec395ab74f526385b23abb48c5748dfa7249cd31c158fc479fa6cf1dae,/Users/baiyixin/Documents/Survey - design knowledge/expanded_pdf_corpus_459_20260811/79abc1449981.pdf,77ebf0ec395ab74f526385b23abb48c5748dfa7249cd31c158fc479fa6cf1dae,10,pypdf,/Users/baiyixin/Documents/Survey - design knowledge/expanded_pipeline_459_20260811/canonical_text/79abc1449981.txt,8a57694120f68563864c454200760bd6cac822d854cfb9dd661c7d4e5ba3b6cb,50592,201,True,True,analysis_ready,
79d31b954d2a,THE LOGICS OF DOUBLE PROOF IN PROOF OF CONCEPT: A DESIGN THEORY-BASED MODEL OF EXPERIMENTATION IN THE UNKNOWN,THE LOGICS OF DOUBLE PROOF IN PROOF OF CONCEPT: A DESIGN THEORY-BASED MODEL OF EXPERIMENTATION IN THE UNKNOWN,Design theory,,paper,/Users/baiyixin/Documents/Survey - design knowledge/expanded_pdf_corpus_459_20260811/79d31b954d2a.pdf,bba70e29f5d42d02e5e4c462897f22cf4d611f2079534be58d6ba022ccca391d,/Users/baiyixin/Documents/Survey - design knowledge/expanded_pdf_corpus_459_20260811/79d31b954d2a.pdf,bba70e29f5d42d02e5e4c462897f22cf4d611f2079534be58d6ba022ccca391d,10,pypdf,/Users/baiyixin/Documents/Survey - design knowledge/expanded_pipeline_459_20260811/canonical_text/79d31b954d2a.txt,e7d7f2c02cf7b06be4d80151dd59608de4d46f95fd375cd42cfb2835bf4c519c,45587,222,True,True,analysis_ready,
7a42dd52852e,What's in design rationale?,What's in design rationale?,Design rationale,approved_single,paper,/Users/baiyixin/Documents/Survey - design knowledge/expanded_pdf_corpus_459_20260811/7a42dd52852e.pdf,1d681f5ed912f30dcf3ea80ec267fdb30871ea1e074e1f91566ac3c59d556e08,/Users/baiyixin/Documents/Survey - design knowledge/expanded_pipeline_450_20260811/ocr_pdfs/7a42dd52852e.pdf,40ac018b587cc61ca1e7de46f6aec29989484af881ecc6040cca0b7f2d755c51,31,ocrmypdf-tesseract-eng,/Users/baiyixin/Documents/Survey - design knowledge/expanded_pipeline_459_20260811/canonical_text/7a42dd52852e.txt,e43ba3543353690e3b8e4bf75679576de59406d8abe9d392222bf71f5004c521,76717,389,True,True,analysis_ready,Visually verified: page 1 is the target title page and the file contains the complete article through its final publisher page. The PDF is image-based and requires English OCR.
7afa6519f6fc,"The experience, dynamics and artifacts framework: towards a holistic model for designing serious and entertainment games","The experience, dynamics and artifacts framework: towards a holistic model for designing serious and entertainment games",Design frameworks,,paper,/Users/baiyixin/Documents/Survey - design knowledge/expanded_pdf_corpus_459_20260811/7afa6519f6fc.pdf,f13e53b0e679405c4bfe0589115f26cac882b1119e72bdf95a6dcfe489579e48,/Users/baiyixin/Documents/Survey - design knowledge/expanded_pdf_corpus_459_20260811/7afa6519f6fc.pdf,f13e53b0e679405c4bfe0589115f26cac882b1119e72bdf95a6dcfe489579e48,8,pypdf,/Users/baiyixin/Documents/Survey - design knowledge/expanded_pipeline_459_20260811/canonical_text/7afa6519f6fc.txt,9a7c299b76797392f04507b78b3a0f3af8b3b24953aed4d6a098032e08d7789c,47912,195,True,True,analysis_ready,
7afe82160b59,Antipatterns in the creation of intelligent systems,Antipatterns in the creation of intelligent systems,Design Patterns,,paper,/Users/baiyixin/Documents/Survey - design knowledge/expanded_pdf_corpus_459_20260811/7afe82160b59.pdf,b8ab12f8dea26ce3c934d5b5af9ecea70a7865595e607aa328e329fda57197ac,/Users/baiyixin/Documents/Survey - design knowledge/expanded_pdf_corpus_459_20260811/7afe82160b59.pdf,b8ab12f8dea26ce3c934d5b5af9ecea70a7865595e607aa328e329fda57197ac,5,pypdf,/Users/baiyixin/Documents/Survey - design knowledge/expanded_pipeline_459_20260811/canonical_text/7afe82160b59.txt,5860210fb87daefe2927b3b8cb2a6567b6a6935566383f77cd93716e3867f16d,26638,110,True,True,analysis_ready,
7b15d81000db,The anatomy of a design theory,The anatomy of a design theory,Design knowledge,,paper,/Users/baiyixin/Documents/Survey - design knowledge/expanded_pdf_corpus_459_20260811/7b15d81000db.pdf,7612bc2a16080ddead4d86b7d52973b46175a4ecbb27b5985a776775c6db60c8,/Users/baiyixin/Documents/Survey - design knowledge/expanded_pdf_corpus_459_20260811/7b15d81000db.pdf,7612bc2a16080ddead4d86b7d52973b46175a4ecbb27b5985a776775c6db60c8,26,pypdf,/Users/baiyixin/Documents/Survey - design knowledge/expanded_pipeline_459_20260811/canonical_text/7b15d81000db.txt,ff5a9a52d2bce69d7b9254ef6d87ddb4f70331140f9a7a31038792d6c9755915,106844,522,True,True,analysis_ready,
7baa1d9ec242,New Design Knowledge and the Fifth Order of Design,New Design Knowledge and the Fifth Order of Design,Design knowledge,,paper,/Users/baiyixin/Documents/Survey - design knowledge/expanded_pdf_corpus_459_20260811/7baa1d9ec242.pdf,99f8eff9eb40a7af860da81c98a91bda2c097df83abcbf98c0dc7466daa95144,/Users/baiyixin/Documents/Survey - design knowledge/expanded_pdf_corpus_459_20260811/7baa1d9ec242.pdf,99f8eff9eb40a7af860da81c98a91bda2c097df83abcbf98c0dc7466daa95144,14,pypdf,/Users/baiyixin/Documents/Survey - design knowledge/expanded_pipeline_459_20260811/canonical_text/7baa1d9ec242.txt,6c2ecf1d7385c5f9966552226da445c14e124b5ba1e3d6a00488186863ca1ea1,51739,195,True,True,analysis_ready,
7c4d2eb91f51,Using a Visual Abstract as a Lens for Communicating and Promoting Design Science Research in Software Engineering,Using a Visual Abstract as a Lens for Communicating and Promoting Design Science Research in Software Engineering,Design knowledge,,paper,/Users/baiyixin/Documents/Survey - design knowledge/expanded_pdf_corpus_459_20260811/7c4d2eb91f51.pdf,281bd5723490311d136cc905ee8e64a0a348889b2e5bce9352e467cbeaa6b046,/Users/baiyixin/Documents/Survey - design knowledge/expanded_pdf_corpus_459_20260811/7c4d2eb91f51.pdf,281bd5723490311d136cc905ee8e64a0a348889b2e5bce9352e467cbeaa6b046,6,pypdf,/Users/baiyixin/Documents/Survey - design knowledge/expanded_pipeline_459_20260811/canonical_text/7c4d2eb91f51.txt,d86880eda0f23515afdc7212d306e9f6533d31052e87d9498abd995a5f9601a2,33330,164,True,True,analysis_ready,
7cb073ebacac,Formal system for the expression of target-oriented design heuristics,Formal system for the expression of target-oriented design heuristics,Design Heuristics,,paper,/Users/baiyixin/Documents/Survey - design knowledge/expanded_pdf_corpus_459_20260811/7cb073ebacac.pdf,93d1da1240b4cf10532c91e226f868658bf1cf63199f30134101207cad997a12,/Users/baiyixin/Documents/Survey - design knowledge/expanded_pdf_corpus_459_20260811/7cb073ebacac.pdf,93d1da1240b4cf10532c91e226f868658bf1cf63199f30134101207cad997a12,12,pypdf,/Users/baiyixin/Documents/Survey - design knowledge/expanded_pipeline_459_20260811/canonical_text/7cb073ebacac.txt,f7bf9068a807d276501526c3ea2274100743d296aefaca188f56bde66dc34696,42134,192,True,True,analysis_ready,
7d5d566e7d9b,What should we expect from research through design?,What should we expect from research through design?,Design theory,,paper,/Users/baiyixin/Documents/Survey - design knowledge/expanded_pdf_corpus_459_20260811/7d5d566e7d9b.pdf,17ca774d440e6f3dc4345ed22ac1561b53d12fc92fccf8f0b077349a48951331,/Users/baiyixin/Documents/Survey - design knowledge/expanded_pdf_corpus_459_20260811/7d5d566e7d9b.pdf,17ca774d440e6f3dc4345ed22ac1561b53d12fc92fccf8f0b077349a48951331,10,pypdf,/Users/baiyixin/Documents/Survey - design knowledge/expanded_pipeline_459_20260811/canonical_text/7d5d566e7d9b.txt,49c225110dceb6e91c54b9982336d1da1b9f2bea316f148803921b1fe6e9f2e0,42291,179,True,True,analysis_ready,
7d6de5f94a84,(Re)Defining Restorative and Regenerative Urban Design and Their Relation to UNSDGs—A Systematic Review,(Re)Defining Restorative and Regenerative Urban Design and Their Relation to UNSDGs—A Systematic Review,Design Patterns,,paper,/Users/baiyixin/Documents/Survey - design knowledge/expanded_pdf_corpus_459_20260811/7d6de5f94a84.pdf,aa91186c5c0cc1089964574d9c7f4af72feb760ed8a097d095f10db1850c52b6,/Users/baiyixin/Documents/Survey - design knowledge/expanded_pdf_corpus_459_20260811/7d6de5f94a84.pdf,aa91186c5c0cc1089964574d9c7f4af72feb760ed8a097d095f10db1850c52b6,29,pypdf,/Users/baiyixin/Documents/Survey - design knowledge/expanded_pipeline_459_20260811/canonical_text/7d6de5f94a84.txt,74e5305330ae20959e494d336c7a4df7836349987f0a4b1e005c7451f72d8ca8,113573,570,True,True,analysis_ready,
7d99b05f405e,Design Patterns for AI-based Systems: A Multivocal Literature Review and Pattern Repository,Design Patterns for AI-based Systems: A Multivocal Literature Review and Pattern Repository,Design Patterns,,paper,/Users/baiyixin/Documents/Survey - design knowledge/expanded_pdf_corpus_459_20260811/7d99b05f405e.pdf,ad1dfcbfcdf022bb75a2d10861c9c4c40e3749d006def25f3a25de3e0cfcfddb,/Users/baiyixin/Documents/Survey - design knowledge/expanded_pdf_corpus_459_20260811/7d99b05f405e.pdf,ad1dfcbfcdf022bb75a2d10861c9c4c40e3749d006def25f3a25de3e0cfcfddb,13,pypdf,/Users/baiyixin/Documents/Survey - design knowledge/expanded_pipeline_459_20260811/canonical_text/7d99b05f405e.txt,ea9496d7d997117831f3b7f421c38b021e206774ea4647b7d09d9fdfaa51b590,63623,339,True,True,analysis_ready,
7e095752d24c,Think-4-EmCoDe framework: Highlighting key qualities in embodied co-design techniques for children,Think-4-EmCoDe framework: Highlighting key qualities in embodied co-design techniques for children,Design methods,,paper,/Users/baiyixin/Documents/Survey - design knowledge/expanded_pdf_corpus_459_20260811/7e095752d24c.pdf,d2e7abe8811ef0152a7ffb6037e18d60e3c0c0371e844976eec61677b459081e,/Users/baiyixin/Documents/Survey - design knowledge/expanded_pdf_corpus_459_20260811/7e095752d24c.pdf,d2e7abe8811ef0152a7ffb6037e18d60e3c0c0371e844976eec61677b459081e,14,pypdf,/Users/baiyixin/Documents/Survey - design knowledge/expanded_pipeline_459_20260811/canonical_text/7e095752d24c.txt,ecb83cb29b2fa1b568456194622f828c64594aec95fd194e6ca2fc3cdb26fe36,111861,519,True,True,analysis_ready,
7ebbe03ea0d8,Autobiographical design in HCI research: designing and learning through use-it-yourself,Autobiographical design in HCI research: designing and learning through use-it-yourself,Design methods,,paper,/Users/baiyixin/Documents/Survey - design knowledge/expanded_pdf_corpus_459_20260811/7ebbe03ea0d8.pdf,3e85cc5ccddf45f0aa58732a11e5cd601089e3491f817af8d7f3fe99ea77fbe4,/Users/baiyixin/Documents/Survey - design knowledge/expanded_pdf_corpus_459_20260811/7ebbe03ea0d8.pdf,3e85cc5ccddf45f0aa58732a11e5cd601089e3491f817af8d7f3fe99ea77fbe4,10,pypdf,/Users/baiyixin/Documents/Survey - design knowledge/expanded_pipeline_459_20260811/canonical_text/7ebbe03ea0d8.txt,9de920538ba8c3047385bcd15c7fafaa5394f43f75158e19992525bc4b7bb325,56053,268,True,True,analysis_ready,
7f7baeb83bac,A theoretical framework on embodiment in digital design,A theoretical framework on embodiment in digital design,Design knowledge,,paper,/Users/baiyixin/Documents/Survey - design knowledge/expanded_pdf_corpus_459_20260811/7f7baeb83bac.pdf,11f9ce074c2b14ab34b9b46878606210cd283efdca824df27ff72452d1e0e9d9,/Users/baiyixin/Documents/Survey - design knowledge/expanded_pdf_corpus_459_20260811/7f7baeb83bac.pdf,11f9ce074c2b14ab34b9b46878606210cd283efdca824df27ff72452d1e0e9d9,11,pypdf,/Users/baiyixin/Documents/Survey - design knowledge/expanded_pipeline_459_20260811/canonical_text/7f7baeb83bac.txt,a9b0c8beba1cee670f523ee5eb26d3d095f1e13fde25a9d6a9582c8e34713551,49234,262,True,True,analysis_ready,
804431d6f285,Concepts and definitions for product recovery: Analysis and clarification of the terminology used in academia and industry,Concepts and definitions for product recovery: Analysis and clarification of the terminology used in academia and industry,Design theory,,paper,/Users/baiyixin/Documents/Survey - design knowledge/expanded_pdf_corpus_459_20260811/804431d6f285.pdf,3dd8617558ba4daf5b6f287e42786e9e4e137ed94a45ba11cae431efdadb0609,/Users/baiyixin/Documents/Survey - design knowledge/expanded_pdf_corpus_459_20260811/804431d6f285.pdf,3dd8617558ba4daf5b6f287e42786e9e4e137ed94a45ba11cae431efdadb0609,9,pypdf,/Users/baiyixin/Documents/Survey - design knowledge/expanded_pipeline_459_20260811/canonical_text/804431d6f285.txt,e1badfb4ca8f811c8b85cd3b34e8ac5a1549f663a2de78fec2a200876697ea80,38354,202,True,True,analysis_ready,
8107b8d7a099,Analyzing Initial Design Theory Components for Developing Information Security Laboratories,Analyzing Initial Design Theory Components for Developing Information Security Laboratories,Design theory,approved_single,paper,/Users/baiyixin/Documents/Survey - design knowledge/expanded_pdf_corpus_459_20260811/8107b8d7a099.pdf,ebaea4666eb5a26d0aa0033623e75b10c038d552a0b9cb112b6aac7150048c9a,/Users/baiyixin/Documents/Survey - design knowledge/expanded_pdf_corpus_459_20260811/8107b8d7a099.pdf,ebaea4666eb5a26d0aa0033623e75b10c038d552a0b9cb112b6aac7150048c9a,5,pypdf,/Users/baiyixin/Documents/Survey - design knowledge/expanded_pipeline_459_20260811/canonical_text/8107b8d7a099.txt,1af9e52837161f12ac38acc1a9efbbed657cbb836cc128705b4e6d7a5ff1b3d9,29976,9,True,True,analysis_ready,Visually verified: page 1 is the target title page and page 5 ends with references. Embedded font encoding makes extracted text unreadable; OCR or a replacement text source is required.
81c74e1bcf00,Evaluation of the relationship between studies of design research and design process in the field of architecture: a systematic review,Evaluation of the relationship between studies of design research and design process in the field of architecture: a systematic review,Design knowledge,,paper,/Users/baiyixin/Documents/Survey - design knowledge/expanded_pdf_corpus_459_20260811/81c74e1bcf00.pdf,2b69e008fb375c4253ac353259b0d1d2820d1a7fa2bc3db986d2ec007d4010d0,/Users/baiyixin/Documents/Survey - design knowledge/expanded_pdf_corpus_459_20260811/81c74e1bcf00.pdf,2b69e008fb375c4253ac353259b0d1d2820d1a7fa2bc3db986d2ec007d4010d0,29,pypdf,/Users/baiyixin/Documents/Survey - design knowledge/expanded_pipeline_459_20260811/canonical_text/81c74e1bcf00.txt,365d26e2bdde83f447836decf14bee482e21ceb24747dcf178e139656a6959d4,71910,358,True,True,analysis_ready,
82f49b5a1905,SOLUTION REPERTOIRE,SOLUTION REPERTOIRE,Design knowledge,,paper,/Users/baiyixin/Documents/Survey - design knowledge/expanded_pdf_corpus_459_20260811/82f49b5a1905.pdf,cfa76000c71b2c7f62b897ace6448fc35f61629695704b0cb17065aa21300168,/Users/baiyixin/Documents/Survey - design knowledge/expanded_pdf_corpus_459_20260811/82f49b5a1905.pdf,cfa76000c71b2c7f62b897ace6448fc35f61629695704b0cb17065aa21300168,6,pypdf,/Users/baiyixin/Documents/Survey - design knowledge/expanded_pipeline_459_20260811/canonical_text/82f49b5a1905.txt,27383b237878ebf41cfa9b836dc8d70bb0c910ab3f79fcaa3d8cc75f21565185,27094,128,True,True,analysis_ready,
8391308bc194,"Design creativity for transitions: C-K/Topos, an advanced design theory for creative preservation","Design creativity for transitions: C-K/Topos, an advanced design theory for creative preservation",Design theory,,paper,/Users/baiyixin/Documents/Survey - design knowledge/expanded_pdf_corpus_459_20260811/8391308bc194.pdf,91d5a6ba675ff400c82bd564de3c2e13f3325aad4723debe91548ec21bd8a3ad,/Users/baiyixin/Documents/Survey - design knowledge/expanded_pdf_corpus_459_20260811/8391308bc194.pdf,91d5a6ba675ff400c82bd564de3c2e13f3325aad4723debe91548ec21bd8a3ad,31,pypdf,/Users/baiyixin/Documents/Survey - design knowledge/expanded_pipeline_459_20260811/canonical_text/8391308bc194.txt,b79b3d14a5933fcf3765d72915913ff4d5399d83efcf8c4375ee15b3c52af1ef,96153,379,True,True,analysis_ready,
8393d36cff90,An overview of human-computer interaction patterns in pervasive systems,An overview of human-computer interaction patterns in pervasive systems,Design Patterns,,paper,/Users/baiyixin/Documents/Survey - design knowledge/expanded_pdf_corpus_459_20260811/8393d36cff90.pdf,ce8239296490becc9b986417e85ab75b90b0340269cb20722e9d9c7754b8fb80,/Users/baiyixin/Documents/Survey - design knowledge/expanded_pdf_corpus_459_20260811/8393d36cff90.pdf,ce8239296490becc9b986417e85ab75b90b0340269cb20722e9d9c7754b8fb80,6,pypdf,/Users/baiyixin/Documents/Survey - design knowledge/expanded_pipeline_459_20260811/canonical_text/8393d36cff90.txt,08583ff5e43269a818f63c0505b061974f884c4c167970c9729e2eea858ec59e,37002,170,True,True,analysis_ready,
83d1ebe7d6c0,Design Theory in Information Systems,Design Theory in Information Systems,Design theory,approved_single,paper,/Users/baiyixin/Documents/Survey - design knowledge/expanded_pdf_corpus_459_20260811/83d1ebe7d6c0.pdf,cb5ea4af6d8cf61b720f0e2fd4bab0eff8092910b2fc7d6add9e7c3ecf43847d,/Users/baiyixin/Documents/Survey - design knowledge/expanded_pdf_corpus_459_20260811/83d1ebe7d6c0.pdf,cb5ea4af6d8cf61b720f0e2fd4bab0eff8092910b2fc7d6add9e7c3ecf43847d,9,pypdf,/Users/baiyixin/Documents/Survey - design knowledge/expanded_pipeline_459_20260811/canonical_text/83d1ebe7d6c0.txt,6c7eae6df04cc05bb7ba1c0594f6ced824cbb15ac512f7d762e0e429568b10f8,42288,225,True,True,analysis_ready,Visually verified: page 1 is the target title page and page 9 completes the references.
84cf9697f69d,Building an information system design theory for vigilant EIS,Building an information system design theory for vigilant EIS,Design theory,,paper,/Users/baiyixin/Documents/Survey - design knowledge/expanded_pdf_corpus_459_20260811/84cf9697f69d.pdf,d0cc7fea322d58354085aaecd174a041a12cc46c9809f52e2e2086ad4921dc02,/Users/baiyixin/Documents/Survey - design knowledge/expanded_pipeline_450_20260811/ocr_pdfs/84cf9697f69d.pdf,b401a408f08af24f1418e5ba514976550f004be08d399c4428e8b0da50391e9d,24,ocrmypdf-tesseract-eng,/Users/baiyixin/Documents/Survey - design knowledge/expanded_pipeline_459_20260811/canonical_text/84cf9697f69d.txt,3e228bd41c41ac0b81323f40374d69b38d87c6ae6286e3199ac672a13fb1b040,79023,420,True,True,analysis_ready,
858cd2d5608b,How to gamify? A method for designing gamification,How to gamify? A method for designing gamification,Design methods,,paper,/Users/baiyixin/Documents/Survey - design knowledge/expanded_pdf_corpus_459_20260811/858cd2d5608b.pdf,35f39074fa64d85426bc17d90de8d63e613b007a6c7ec2f4f071f4d480451a3a,/Users/baiyixin/Documents/Survey - design knowledge/expanded_pdf_corpus_459_20260811/858cd2d5608b.pdf,35f39074fa64d85426bc17d90de8d63e613b007a6c7ec2f4f071f4d480451a3a,10,pypdf,/Users/baiyixin/Documents/Survey - design knowledge/expanded_pipeline_459_20260811/canonical_text/858cd2d5608b.txt,04db5cd5635bad2a5486efe6a25081af71d4bd9d2b765bc41363082d59976997,47868,267,True,True,analysis_ready,
85ba95ab4fa0,"Six Guidelines for Trustworthy, Ethical and Responsible Automation Design","Six Guidelines for Trustworthy, Ethical and Responsible Automation Design",Design Guidelines,,paper,/Users/baiyixin/Documents/Survey - design knowledge/expanded_pdf_corpus_459_20260811/85ba95ab4fa0.pdf,62786c2d7d80fb33aea96dec6bab81cd8a48eaf3f581c246d421a27caf424cd0,/Users/baiyixin/Documents/Survey - design knowledge/expanded_pdf_corpus_459_20260811/85ba95ab4fa0.pdf,62786c2d7d80fb33aea96dec6bab81cd8a48eaf3f581c246d421a27caf424cd0,22,pypdf,/Users/baiyixin/Documents/Survey - design knowledge/expanded_pipeline_459_20260811/canonical_text/85ba95ab4fa0.txt,d56431db91e72dd49d88722f35c21db993d35ea4fea07719f3f8d978d85a5116,72314,137,True,True,analysis_ready,
85c3a6761bcc,Designing Process Guidance Systems,Designing Process Guidance Systems,Design theory,,paper,/Users/baiyixin/Documents/Survey - design knowledge/expanded_pdf_corpus_459_20260811/85c3a6761bcc.pdf,1d177398e93eedc786943265fae8fb87b96c544c152c72bdc46730ccc5e95957,/Users/baiyixin/Documents/Survey - design knowledge/expanded_pdf_corpus_459_20260811/85c3a6761bcc.pdf,1d177398e93eedc786943265fae8fb87b96c544c152c72bdc46730ccc5e95957,61,pypdf,/Users/baiyixin/Documents/Survey - design knowledge/expanded_pipeline_459_20260811/canonical_text/85c3a6761bcc.txt,81e8f864266c27555b5d4ecf6eb1f306963e25bf358929a9a109d3b9de3e20ce,134937,684,True,True,analysis_ready,
86405f99f015,The design theory nexus,The design theory nexus,Design theory,,paper,/Users/baiyixin/Documents/Survey - design knowledge/expanded_pdf_corpus_459_20260811/86405f99f015.pdf,91cab15414f5534174c89c839c025c5831cc8d0796698a798ef2f1bf864ae393,/Users/baiyixin/Documents/Survey - design knowledge/expanded_pdf_corpus_459_20260811/86405f99f015.pdf,91cab15414f5534174c89c839c025c5831cc8d0796698a798ef2f1bf864ae393,26,pypdf,/Users/baiyixin/Documents/Survey - design knowledge/expanded_pipeline_459_20260811/canonical_text/86405f99f015.txt,4c2d352fdd5dd74bba8b8f9fe5ee09b851e09cf02dd3d63c4b555c9d5f64e2a9,112652,611,True,True,analysis_ready,
866322a64dc5,Healthy Eating Design Guidelines for School Architecture,Healthy Eating Design Guidelines for School Architecture,Design Guidelines,approved_single,paper,/Users/baiyixin/Documents/Survey - design knowledge/expanded_pdf_corpus_459_20260811/866322a64dc5.pdf,3b909ec220ad2293feb270b037852bdd36770f361a92b224e2e36ec05de285e1,/Users/baiyixin/Documents/Survey - design knowledge/expanded_pdf_corpus_459_20260811/866322a64dc5.pdf,3b909ec220ad2293feb270b037852bdd36770f361a92b224e2e36ec05de285e1,12,pypdf,/Users/baiyixin/Documents/Survey - design knowledge/expanded_pipeline_459_20260811/canonical_text/866322a64dc5.txt,23d25432177374da2c3afd8b6001eb45fa31f91596dc7d6246c97bc2cef33156,306749,12,True,True,analysis_ready,Visually verified: page 1 is the target title page and page 12 is the article's final publisher-information page.
866d8935b9e0,"Issues critical to the development of design history, design rationale and design intent systems","Issues critical to the development of design history, design rationale and design intent systems",Design rationale,,paper,/Users/baiyixin/Documents/Survey - design knowledge/expanded_pdf_corpus_459_20260811/866d8935b9e0.pdf,a81b935bf7d09ba275c7f3a36b8c9380697c1932ae6e764dfd2e79f68c7b107d,/Users/baiyixin/Documents/Survey - design knowledge/expanded_pdf_corpus_459_20260811/866d8935b9e0.pdf,a81b935bf7d09ba275c7f3a36b8c9380697c1932ae6e764dfd2e79f68c7b107d,11,pypdf,/Users/baiyixin/Documents/Survey - design knowledge/expanded_pipeline_459_20260811/canonical_text/866d8935b9e0.txt,f72d1008067ddae482e0352502b18020b7b9ef89483c3843cfd1aea0b05f59f6,48469,267,True,True,analysis_ready,
86f2cddcc51d,A granular view of knowledge development in design science research,A granular view of knowledge development in design science research,Design knowledge,,paper,/Users/baiyixin/Documents/Survey - design knowledge/expanded_pdf_corpus_459_20260811/86f2cddcc51d.pdf,84e4461a917e212e2b10dba74533de60de90a5a71160c838e40de186fe9a659d,/Users/baiyixin/Documents/Survey - design knowledge/expanded_pdf_corpus_459_20260811/86f2cddcc51d.pdf,84e4461a917e212e2b10dba74533de60de90a5a71160c838e40de186fe9a659d,12,pypdf,/Users/baiyixin/Documents/Survey - design knowledge/expanded_pipeline_459_20260811/canonical_text/86f2cddcc51d.txt,8c085e36cc2abf7d99d20e0fa5ee916112b0624400b43144d61d5d401fa43aa9,32463,170,True,True,analysis_ready,
87713959435f,"Know-about, Know-that, Know-how: A Model for Moving Between Theory and Design Practice","Know-about, Know-that, Know-how: A Model for Moving Between Theory and Design Practice",Design methods,,paper,/Users/baiyixin/Documents/Survey - design knowledge/expanded_pdf_corpus_459_20260811/87713959435f.pdf,022e95f79f4f9e9b7f5ed62fcc2fc3fe6f1c8e412c284d18fa49d520efed3e49,/Users/baiyixin/Documents/Survey - design knowledge/expanded_pdf_corpus_459_20260811/87713959435f.pdf,022e95f79f4f9e9b7f5ed62fcc2fc3fe6f1c8e412c284d18fa49d520efed3e49,140,pypdf,/Users/baiyixin/Documents/Survey - design knowledge/expanded_pipeline_459_20260811/canonical_text/87713959435f.txt,10322679e229ab831912016a8be5c70b9e215fefcf693f3f8f2dd7f451f13c22,303694,1369,True,True,analysis_ready,
877ae1e561a7,SoK: Agentic Skills - Beyond Tool Use in LLM Agents,SoK: Agentic Skills - Beyond Tool Use in LLM Agents,Design Patterns,,paper,/Users/baiyixin/Documents/Survey - design knowledge/expanded_pdf_corpus_459_20260811/877ae1e561a7.pdf,cb786adbdf3abdf7bd22066c1984b47de3ef787d732dd6594e51d74a3d8db9b5,/Users/baiyixin/Documents/Survey - design knowledge/expanded_pdf_corpus_459_20260811/877ae1e561a7.pdf,cb786adbdf3abdf7bd22066c1984b47de3ef787d732dd6594e51d74a3d8db9b5,20,pypdf,/Users/baiyixin/Documents/Survey - design knowledge/expanded_pipeline_459_20260811/canonical_text/877ae1e561a7.txt,2d6dced40e603575ed358afdb799b23d8abb2b3da569bad64938ac21fe9fcd71,113218,520,True,True,analysis_ready,
878cf959ac53,Designerly Research Methods and Researcherly Design Methods,Designerly Research Methods and Researcherly Design Methods,Design methods,approved_single,paper,/Users/baiyixin/Documents/Survey - design knowledge/expanded_pdf_corpus_459_20260811/878cf959ac53.pdf,2a9ffa537571355a9128a1ba54b7be606bfe393e6b072136dbe49f4603f144c1,/Users/baiyixin/Documents/Survey - design knowledge/expanded_pdf_corpus_459_20260811/878cf959ac53.pdf,2a9ffa537571355a9128a1ba54b7be606bfe393e6b072136dbe49f4603f144c1,17,pypdf,/Users/baiyixin/Documents/Survey - design knowledge/expanded_pipeline_459_20260811/canonical_text/878cf959ac53.txt,4b77dac372de54ae45fd0a427359f439681e5092d5a07d1d82d823885ed34cc6,41487,185,True,True,analysis_ready,"Visually verified: English title and abstract begin on page 1, the main body is in English, and page 17 completes the references. Portuguese and Spanish abstracts are translations only."
87b61e77d082,Analysis patterns,Analysis patterns,Design Patterns,,paper,/Users/baiyixin/Documents/Survey - design knowledge/expanded_pdf_corpus_459_20260811/87b61e77d082.pdf,7afd410b522dc54e5db4a0951546ddf6cbf9dec7e5e3e1eb3dcf176747c6e1da,/Users/baiyixin/Documents/Survey - design knowledge/expanded_pdf_corpus_459_20260811/87b61e77d082.pdf,7afd410b522dc54e5db4a0951546ddf6cbf9dec7e5e3e1eb3dcf176747c6e1da,470,pypdf,/Users/baiyixin/Documents/Survey - design knowledge/expanded_pipeline_459_20260811/canonical_text/87b61e77d082.txt,4d4cc2e9f0abeac86c9fad427ae817f3e1a6eee7697cac849a1dafc1f5b31960,1081430,5309,True,True,analysis_ready,
87c5da85b30a,The Evolution of Software Design Patterns: An In-Depth Review,The Evolution of Software Design Patterns: An In-Depth Review,Design Patterns,,paper,/Users/baiyixin/Documents/Survey - design knowledge/expanded_pdf_corpus_459_20260811/87c5da85b30a.pdf,ae1513688296cf153196fdbb55d94a8f1531c767c08a01b352327e68d34d7aa1,/Users/baiyixin/Documents/Survey - design knowledge/expanded_pdf_corpus_459_20260811/87c5da85b30a.pdf,ae1513688296cf153196fdbb55d94a8f1531c767c08a01b352327e68d34d7aa1,5,pypdf,/Users/baiyixin/Documents/Survey - design knowledge/expanded_pipeline_459_20260811/canonical_text/87c5da85b30a.txt,17c9f895bbe4604464ab5c8f5d560517bb7a678eec84a22293131d0b6504f65a,20909,118,True,True,analysis_ready,
885a1eee70e3,"The Design of Business Models: What, How and Why","The Design of Business Models: What, How and Why",Design methods,,paper,/Users/baiyixin/Documents/Survey - design knowledge/expanded_pdf_corpus_459_20260811/885a1eee70e3.pdf,d50572328ff3fd1cce27841843e38effef76a9aaa04bb9dbe463d8ba67e4511d,/Users/baiyixin/Documents/Survey - design knowledge/expanded_pdf_corpus_459_20260811/885a1eee70e3.pdf,d50572328ff3fd1cce27841843e38effef76a9aaa04bb9dbe463d8ba67e4511d,18,pypdf,/Users/baiyixin/Documents/Survey - design knowledge/expanded_pipeline_459_20260811/canonical_text/885a1eee70e3.txt,268b61ec3b07720837bb86368b1f278d1c9dc20d56bcf5ef89af867972c5b853,63322,265,True,True,analysis_ready,
892ad7622adf,"Modularity Design Rules for Architecture Development: Theory, Implementation, and Evidence from the Development of the Renault–Nissan Alliance “Common Module Family” Architecture","Modularity Design Rules for Architecture Development: Theory, Implementation, and Evidence from the Development of the Renault–Nissan Alliance “Common Module Family” Architecture",Design Rules,,paper,/Users/baiyixin/Documents/Survey - design knowledge/expanded_pdf_corpus_459_20260811/892ad7622adf.pdf,8d4cfb24adc99a5fc8740088a7a0f3eac959eaae65ab6143b8b89c3817a2beaf,/Users/baiyixin/Documents/Survey - design knowledge/expanded_pdf_corpus_459_20260811/892ad7622adf.pdf,8d4cfb24adc99a5fc8740088a7a0f3eac959eaae65ab6143b8b89c3817a2beaf,22,pypdf,/Users/baiyixin/Documents/Survey - design knowledge/expanded_pipeline_459_20260811/canonical_text/892ad7622adf.txt,fb034636c9c741db7815a6eb29c0cc8c8d404534df3db7dcd07dd1d82f6293ab,98606,331,True,True,analysis_ready,
8969406d81c9,It’s about Time: Adopting Theoretical Constructs from Visualization for Sonification,It’s about Time: Adopting Theoretical Constructs from Visualization for Sonification,Design theory,,paper,/Users/baiyixin/Documents/Survey - design knowledge/expanded_pdf_corpus_459_20260811/8969406d81c9.pdf,5babbe55cf54a315129c1ae297b15021b9137b7c7f5623fd26852f6ae2ea6647,/Users/baiyixin/Documents/Survey - design knowledge/expanded_pdf_corpus_459_20260811/8969406d81c9.pdf,5babbe55cf54a315129c1ae297b15021b9137b7c7f5623fd26852f6ae2ea6647,15,pypdf,/Users/baiyixin/Documents/Survey - design knowledge/expanded_pipeline_459_20260811/canonical_text/8969406d81c9.txt,b27eca0ce548e94490c8034ab63f8f1f6e96d1a43aa529a37b7fe99405510f93,76604,439,True,True,analysis_ready,
8a4fa21e354d,"Intention, Material, and Design Knowledge: Analysis of the Triple Relationship Theory of Artifacts","Intention, Material, and Design Knowledge: Analysis of the Triple Relationship Theory of Artifacts",Design knowledge,,paper,/Users/baiyixin/Documents/Survey - design knowledge/expanded_pdf_corpus_459_20260811/8a4fa21e354d.pdf,a16bbefb331ab88dfdd3c0995ed6107c37d8dfbc9dae0354192a9040b371a847,/Users/baiyixin/Documents/Survey - design knowledge/expanded_pdf_corpus_459_20260811/8a4fa21e354d.pdf,a16bbefb331ab88dfdd3c0995ed6107c37d8dfbc9dae0354192a9040b371a847,11,pypdf,/Users/baiyixin/Documents/Survey - design knowledge/expanded_pipeline_459_20260811/canonical_text/8a4fa21e354d.txt,74fc92fc2811fc2429c7c6340fa0c69250500ee69eda43eebc92eb639f69be0f,25311,71,True,True,analysis_ready,
8aeb26c1e21d,Steps toward a cognitive engineering: Design rules based on analyses of human error,Steps toward a cognitive engineering: Design rules based on analyses of human error,Design Rules,,paper,/Users/baiyixin/Documents/Survey - design knowledge/expanded_pdf_corpus_459_20260811/8aeb26c1e21d.pdf,7b33672fd2423815acb1635837ea87c96c66ec7ac50c613dec7f0729a102e0cd,/Users/baiyixin/Documents/Survey - design knowledge/expanded_pdf_corpus_459_20260811/8aeb26c1e21d.pdf,7b33672fd2423815acb1635837ea87c96c66ec7ac50c613dec7f0729a102e0cd,5,pypdf,/Users/baiyixin/Documents/Survey - design knowledge/expanded_pipeline_459_20260811/canonical_text/8aeb26c1e21d.txt,5b126ea08188e63b9d1fac3e99473d4b00c9087c4e17427a388b86f9cdbff93f,22505,100,True,True,analysis_ready,
8bb42e8202f8,A mathematical theory of design: modeling the design process (Part II),A mathematical theory of design: modeling the design process (Part II),Design theory,,paper,/Users/baiyixin/Documents/Survey - design knowledge/expanded_pdf_corpus_459_20260811/8bb42e8202f8.pdf,48ae053d002a84cd0f8368303b8011089a6551fcca0681bb30d67fbca1a684cd,/Users/baiyixin/Documents/Survey - design knowledge/expanded_pdf_corpus_459_20260811/8bb42e8202f8.pdf,48ae053d002a84cd0f8368303b8011089a6551fcca0681bb30d67fbca1a684cd,30,pypdf,/Users/baiyixin/Documents/Survey - design knowledge/expanded_pipeline_459_20260811/canonical_text/8bb42e8202f8.txt,8a04d011452c2eb609fb886bc1192a82891c8e61a3aa9f639ba90421517dae78,57765,310,True,True,analysis_ready,
8e0dfec2492d,Drama and Software Patterns,Drama and Software Patterns,Design Patterns,,paper,/Users/baiyixin/Documents/Survey - design knowledge/expanded_pdf_corpus_459_20260811/8e0dfec2492d.pdf,926814ea2cdc0496c5717ecbc312fe8fce22c7bf4daf3195cd2e089c38b30124,/Users/baiyixin/Documents/Survey - design knowledge/expanded_pdf_corpus_459_20260811/8e0dfec2492d.pdf,926814ea2cdc0496c5717ecbc312fe8fce22c7bf4daf3195cd2e089c38b30124,5,pypdf,/Users/baiyixin/Documents/Survey - design knowledge/expanded_pipeline_459_20260811/canonical_text/8e0dfec2492d.txt,c5f3468da054fa1f8cced1befa9cc4dc703b4f520d4d6c38d1bf5e53a5949a13,25512,128,True,True,analysis_ready,
8eb8539b9712,Designing Dialogic Disclaimers: Principles for Ethical Conversational Design in LLM Interfaces,Designing Dialogic Disclaimers: Principles for Ethical Conversational Design in LLM Interfaces,Design principles,,paper,/Users/baiyixin/Documents/Survey - design knowledge/expanded_pdf_corpus_459_20260811/8eb8539b9712.pdf,93bd77110d65f74db3f8bceaf9ab8d09f2bba3474550d150320bbe3f75b65b38,/Users/baiyixin/Documents/Survey - design knowledge/expanded_pdf_corpus_459_20260811/8eb8539b9712.pdf,93bd77110d65f74db3f8bceaf9ab8d09f2bba3474550d150320bbe3f75b65b38,5,pypdf,/Users/baiyixin/Documents/Survey - design knowledge/expanded_pipeline_459_20260811/canonical_text/8eb8539b9712.txt,b908efa06c008b045ad2c40a77305c41479afc85d9012fbc63a11cd9c42a441c,28246,121,True,True,analysis_ready,
8f065cfd18a4,Pattern language: A framework for learning,Pattern language: A framework for learning,Design knowledge,,paper,/Users/baiyixin/Documents/Survey - design knowledge/expanded_pdf_corpus_459_20260811/8f065cfd18a4.pdf,d28612d25d82b1980c9e8ae2710323e46bac9c4e80fe2b2ddcb5d62e4bd47db0,/Users/baiyixin/Documents/Survey - design knowledge/expanded_pdf_corpus_459_20260811/8f065cfd18a4.pdf,d28612d25d82b1980c9e8ae2710323e46bac9c4e80fe2b2ddcb5d62e4bd47db0,9,pypdf,/Users/baiyixin/Documents/Survey - design knowledge/expanded_pipeline_459_20260811/canonical_text/8f065cfd18a4.txt,37ff2d6626eb1457874bca574a8b785f18bd2a8ba86849f953eeadea38ee7e5d,32059,86,True,True,analysis_ready,
9020aa145571,A Process Framework for Designing Software Reference Architectures for Providing Tools as a Service,A Process Framework for Designing Software Reference Architectures for Providing Tools as a Service,Design Guidelines,,paper,/Users/baiyixin/Documents/Survey - design knowledge/expanded_pdf_corpus_459_20260811/9020aa145571.pdf,c541f9c116bd45d9936d58b7abfb27a5d0003734b3fd2dd5dfa1e2223ec987ad,/Users/baiyixin/Documents/Survey - design knowledge/expanded_pdf_corpus_459_20260811/9020aa145571.pdf,c541f9c116bd45d9936d58b7abfb27a5d0003734b3fd2dd5dfa1e2223ec987ad,16,pypdf,/Users/baiyixin/Documents/Survey - design knowledge/expanded_pipeline_459_20260811/canonical_text/9020aa145571.txt,a4b5711cc601be70f4fbe12231e73fd7e49e91ae18a9e52b98e0cd183da8067b,47392,219,True,True,analysis_ready,
9049c4d2bbec,Towards a design theory of blended learning curriculum,Towards a design theory of blended learning curriculum,Design theory,approved_chapter,paper,/Users/baiyixin/Documents/Survey - design knowledge/expanded_pdf_corpus_459_20260811/9049c4d2bbec.pdf,9ae732311ef33b3eaeb2618e74eb78eca22df5ba6fc372cf65a3020e98331961,/Users/baiyixin/Documents/Survey - design knowledge/expanded_pdf_corpus_459_20260811/9049c4d2bbec.pdf,9ae732311ef33b3eaeb2618e74eb78eca22df5ba6fc372cf65a3020e98331961,13,pypdf,/Users/baiyixin/Documents/Survey - design knowledge/expanded_pipeline_459_20260811/canonical_text/9049c4d2bbec.txt,139a767c43ad54aeda3953ddbed55a0ab68f8d8d6be0183a4824a9ca7eb1854a,37919,169,True,True,analysis_ready,"Visually verified: page 78 is the target title page, page 90 ends with references, and page 91 begins the next chapter."
90b3e6bb765d,Towards Phenomenon-driven Design Science Research,Towards Phenomenon-driven Design Science Research,Design principles,,paper,/Users/baiyixin/Documents/Survey - design knowledge/expanded_pdf_corpus_459_20260811/90b3e6bb765d.pdf,3c9179df95fd17009a7c43b59f96991fdba560ea5400aaea35c9d4041b97e14c,/Users/baiyixin/Documents/Survey - design knowledge/expanded_pdf_corpus_459_20260811/90b3e6bb765d.pdf,3c9179df95fd17009a7c43b59f96991fdba560ea5400aaea35c9d4041b97e14c,12,pypdf,/Users/baiyixin/Documents/Survey - design knowledge/expanded_pipeline_459_20260811/canonical_text/90b3e6bb765d.txt,ca7e1caf77493a38a14b8cd77fe62beadafadec5c3a946a16ab9c902cad8da66,49862,189,True,True,analysis_ready,
91ac41f73380,Knowing the Unknowable: Understanding and Measuring Design Impact Across Disciplines and Scale,Knowing the Unknowable: Understanding and Measuring Design Impact Across Disciplines and Scale,Design theory,,paper,/Users/baiyixin/Documents/Survey - design knowledge/expanded_pdf_corpus_459_20260811/91ac41f73380.pdf,a1f534ec4c1da8627525ebd633f8542488cfd8f9b9c16647bd1974e969f0b8be,/Users/baiyixin/Documents/Survey - design knowledge/expanded_pdf_corpus_459_20260811/91ac41f73380.pdf,a1f534ec4c1da8627525ebd633f8542488cfd8f9b9c16647bd1974e969f0b8be,6,pypdf,/Users/baiyixin/Documents/Survey - design knowledge/expanded_pipeline_459_20260811/canonical_text/91ac41f73380.txt,ba5d679a87b81a4252b6305f08574539fc20df8f0b940ff380f5921312211463,11832,59,True,True,analysis_ready,
92fd41483399,Design exemplars for synchronous e-learning: A design theory approach,Design exemplars for synchronous e-learning: A design theory approach,Design theory,,paper,/Users/baiyixin/Documents/Survey - design knowledge/expanded_pdf_corpus_459_20260811/92fd41483399.pdf,e8885ffbc3fd56b53fc6e61d1ea0dbfe0e19a6c81435c295765f7bb1531e5b0f,/Users/baiyixin/Documents/Survey - design knowledge/expanded_pdf_corpus_459_20260811/92fd41483399.pdf,e8885ffbc3fd56b53fc6e61d1ea0dbfe0e19a6c81435c295765f7bb1531e5b0f,41,pypdf,/Users/baiyixin/Documents/Survey - design knowledge/expanded_pipeline_459_20260811/canonical_text/92fd41483399.txt,ee5467729ccd932e5e9ed96d72b7c003bff8051aa2df11b83837e351520f4226,65626,288,True,True,analysis_ready,
9308054f3e8a,Design Patterns in Mixed Methods Research: Embedding Mixed Methods Matched Comparisons Sampling in Previous Design Decisions,Design Patterns in Mixed Methods Research: Embedding Mixed Methods Matched Comparisons Sampling in Previous Design Decisions,Design Patterns,,paper,/Users/baiyixin/Documents/Survey - design knowledge/expanded_pdf_corpus_459_20260811/9308054f3e8a.pdf,fb79093afa7a24009f958f91f064290dabe44ee3cdb7f8195862773fb4d33567,/Users/baiyixin/Documents/Survey - design knowledge/expanded_pdf_corpus_459_20260811/9308054f3e8a.pdf,fb79093afa7a24009f958f91f064290dabe44ee3cdb7f8195862773fb4d33567,10,pypdf,/Users/baiyixin/Documents/Survey - design knowledge/expanded_pipeline_459_20260811/canonical_text/9308054f3e8a.txt,20c76c7dce6caa37933b00c0ced9fdd2eaec906620a8d5b736fef1abfccf8ee2,35742,171,True,True,analysis_ready,
9378a46b93c6,Socio-technical IS design science research: developing design theory for IS integration management,Socio-technical IS design science research: developing design theory for IS integration management,Design knowledge,,paper,/Users/baiyixin/Documents/Survey - design knowledge/expanded_pdf_corpus_459_20260811/9378a46b93c6.pdf,df2d07ebf40bfa40454b4890c36b5d6210543e3dd7b9ff020abeb2a26f9d9b91,/Users/baiyixin/Documents/Survey - design knowledge/expanded_pdf_corpus_459_20260811/9378a46b93c6.pdf,df2d07ebf40bfa40454b4890c36b5d6210543e3dd7b9ff020abeb2a26f9d9b91,21,pypdf,/Users/baiyixin/Documents/Survey - design knowledge/expanded_pipeline_459_20260811/canonical_text/9378a46b93c6.txt,05ef7589699b9dc60563da841d603dfe375aaf6ace97a4f0355e222acc676b0e,74176,390,True,True,analysis_ready,
9381fc58f61b,Design theory for dynamic complexity in information infrastructures: the case of building internet,Design theory for dynamic complexity in information infrastructures: the case of building internet,Design theory,,paper,/Users/baiyixin/Documents/Survey - design knowledge/expanded_pdf_corpus_459_20260811/9381fc58f61b.pdf,e08f4d4d62fc7338152057ceb0777d485b8ec121999932ab3c83753c96ff53b7,/Users/baiyixin/Documents/Survey - design knowledge/expanded_pdf_corpus_459_20260811/9381fc58f61b.pdf,e08f4d4d62fc7338152057ceb0777d485b8ec121999932ab3c83753c96ff53b7,19,pypdf,/Users/baiyixin/Documents/Survey - design knowledge/expanded_pipeline_459_20260811/canonical_text/9381fc58f61b.txt,ff6f2e39217533438757296aefde1530a0c2fccf66c8202dde9b93c1d570bb07,104162,511,True,True,analysis_ready,
93bb03ac03b6,Design principles for data analysis,Design principles for data analysis,Design principles,,paper,/Users/baiyixin/Documents/Survey - design knowledge/expanded_pdf_corpus_459_20260811/93bb03ac03b6.pdf,aced171090d61952e791f6cf235fe697861c8250f986e2091a232cacbeb0459a,/Users/baiyixin/Documents/Survey - design knowledge/expanded_pdf_corpus_459_20260811/93bb03ac03b6.pdf,aced171090d61952e791f6cf235fe697861c8250f986e2091a232cacbeb0459a,25,pypdf,/Users/baiyixin/Documents/Survey - design knowledge/expanded_pipeline_459_20260811/canonical_text/93bb03ac03b6.txt,88a8051f84b5d703c7b67cf3b8359cf67a4d2e1bb04499bcd3782caf66a9ff64,37455,188,True,True,analysis_ready,
93c5c97a0a92,Investigating Instructional Design Expertise: A 25-Year Review of Literature,Investigating Instructional Design Expertise: A 25-Year Review of Literature,Design expertise,,paper,/Users/baiyixin/Documents/Survey - design knowledge/expanded_pdf_corpus_459_20260811/93c5c97a0a92.pdf,2b3d2c473d86bd7f3d91bb21050bf167432c4d84b19b24b2aac0dcf35cbdfaa1,/Users/baiyixin/Documents/Survey - design knowledge/expanded_pdf_corpus_459_20260811/93c5c97a0a92.pdf,2b3d2c473d86bd7f3d91bb21050bf167432c4d84b19b24b2aac0dcf35cbdfaa1,20,pypdf,/Users/baiyixin/Documents/Survey - design knowledge/expanded_pipeline_459_20260811/canonical_text/93c5c97a0a92.txt,6520ab42b8fb9c2b8a23b01e881a81917cacc84ad6b591e6a88549f171a4b478,63131,260,True,True,analysis_ready,
94347a49c12b,Using System Dynamics to Construct Design Theory for Community Information Systems,Using System Dynamics to Construct Design Theory for Community Information Systems,Design methods,,paper,/Users/baiyixin/Documents/Survey - design knowledge/expanded_pdf_corpus_459_20260811/94347a49c12b.pdf,5b499ad85dae21016471e1726b3e0ef76ee8f13e4e68be5d39fdeb1833c02c3c,/Users/baiyixin/Documents/Survey - design knowledge/expanded_pdf_corpus_459_20260811/94347a49c12b.pdf,5b499ad85dae21016471e1726b3e0ef76ee8f13e4e68be5d39fdeb1833c02c3c,16,pypdf,/Users/baiyixin/Documents/Survey - design knowledge/expanded_pipeline_459_20260811/canonical_text/94347a49c12b.txt,d7684ad6ec625c72f0717d0336ac7b530425ca7dcc71889e7b329c72de0abc35,57404,285,True,True,analysis_ready,
94bc88b88ae6,Design knowledge in the artistic–aesthetic development and transformation of the world,Design knowledge in the artistic–aesthetic development and transformation of the world,Design knowledge,,paper,/Users/baiyixin/Documents/Survey - design knowledge/expanded_pdf_corpus_459_20260811/94bc88b88ae6.pdf,0e6f39b8e89a4627f7dd0559da1de7176494b52e7ca742931a97343b7cd7208d,/Users/baiyixin/Documents/Survey - design knowledge/expanded_pdf_corpus_459_20260811/94bc88b88ae6.pdf,0e6f39b8e89a4627f7dd0559da1de7176494b52e7ca742931a97343b7cd7208d,5,pypdf,/Users/baiyixin/Documents/Survey - design knowledge/expanded_pipeline_459_20260811/canonical_text/94bc88b88ae6.txt,89b2a608f877d17e56eec978a7cb6651ef6f3bb1fa1ed36e9d8ac8da53bfa926,23932,106,True,True,analysis_ready,
95c2b3d44aff,Multiple forms of applications and impacts of a design theory -ten years of industrial applications of C-K theory,Multiple forms of applications and impacts of a design theory -ten years of industrial applications of C-K theory,Design methods,,paper,/Users/baiyixin/Documents/Survey - design knowledge/expanded_pdf_corpus_459_20260811/95c2b3d44aff.pdf,ac96bc387dccd9c5a0b5aa84984cb33d36345e35b05c953020d76d8942096d02,/Users/baiyixin/Documents/Survey - design knowledge/expanded_pdf_corpus_459_20260811/95c2b3d44aff.pdf,ac96bc387dccd9c5a0b5aa84984cb33d36345e35b05c953020d76d8942096d02,23,pypdf,/Users/baiyixin/Documents/Survey - design knowledge/expanded_pipeline_459_20260811/canonical_text/95c2b3d44aff.txt,49bcaec0cb33ec7434804c4c943ec86c7af0651aa4c1c87d812aa7fbfdcf65a8,48037,189,True,True,analysis_ready,
95eee570b8f1,Accumulating design knowledge: A mechanisms-based approach,Accumulating design knowledge: A mechanisms-based approach,Design knowledge,,paper,/Users/baiyixin/Documents/Survey - design knowledge/expanded_pdf_corpus_459_20260811/95eee570b8f1.pdf,9a8f232b8aecd47dac0935165f1390359241526c4a0bbde1b70917399d5af60b,/Users/baiyixin/Documents/Survey - design knowledge/expanded_pdf_corpus_459_20260811/95eee570b8f1.pdf,9a8f232b8aecd47dac0935165f1390359241526c4a0bbde1b70917399d5af60b,41,pypdf,/Users/baiyixin/Documents/Survey - design knowledge/expanded_pipeline_459_20260811/canonical_text/95eee570b8f1.txt,184777e76ee2da19557a6e777400af7b47b387513f8c35e52f9d963b9d3edb8e,133889,534,True,True,analysis_ready,
96dd29c8f345,Data Mesh: A Systematic Gray Literature Review,Data Mesh: A Systematic Gray Literature Review,Design principles,,paper,/Users/baiyixin/Documents/Survey - design knowledge/expanded_pdf_corpus_459_20260811/96dd29c8f345.pdf,644f468a29a39a434a6afe5796b341b87fca7d2198b3ba57e7cf353d8b827452,/Users/baiyixin/Documents/Survey - design knowledge/expanded_pdf_corpus_459_20260811/96dd29c8f345.pdf,644f468a29a39a434a6afe5796b341b87fca7d2198b3ba57e7cf353d8b827452,36,pypdf,/Users/baiyixin/Documents/Survey - design knowledge/expanded_pipeline_459_20260811/canonical_text/96dd29c8f345.txt,6f6acc9677754a287c27e53aca857b1d68feb8be8f1b48d3e5e610718f888254,141743,696,True,True,analysis_ready,
96ed07ad56c0,"Schemata, gambits and precedent: some factors in design expertise","Schemata, gambits and precedent: some factors in design expertise",Design expertise,,paper,/Users/baiyixin/Documents/Survey - design knowledge/expanded_pdf_corpus_459_20260811/96ed07ad56c0.pdf,ce317205ac19ad023265574777243e224d828e900b74280fe1e350dfeccc3978,/Users/baiyixin/Documents/Survey - design knowledge/expanded_pdf_corpus_459_20260811/96ed07ad56c0.pdf,ce317205ac19ad023265574777243e224d828e900b74280fe1e350dfeccc3978,14,pypdf,/Users/baiyixin/Documents/Survey - design knowledge/expanded_pipeline_459_20260811/canonical_text/96ed07ad56c0.txt,65eeaa015d50a4fb4ba3fad1aaee257adca679806a8901d8ea3b81c54c55a2ce,39170,182,True,True,analysis_ready,
96f09212f1ba,Quality-driven validation: a link between four research traditions,Quality-driven validation: a link between four research traditions,Design rationale,,paper,/Users/baiyixin/Documents/Survey - design knowledge/expanded_pdf_corpus_459_20260811/96f09212f1ba.pdf,bd78ee21d43f5c508ff8b48e1802595743f447519b3fe7b2676e4c9437269728,/Users/baiyixin/Documents/Survey - design knowledge/expanded_pdf_corpus_459_20260811/96f09212f1ba.pdf,bd78ee21d43f5c508ff8b48e1802595743f447519b3fe7b2676e4c9437269728,8,pypdf,/Users/baiyixin/Documents/Survey - design knowledge/expanded_pipeline_459_20260811/canonical_text/96f09212f1ba.txt,25801e085624fc9644ec074f690d7e6fc88c5da493ebe68a7ce3845f5db6d56f,34181,121,True,True,analysis_ready,
97b253588409,An information systems design theory for web-based education,An information systems design theory for web-based education,Design theory,,paper,/Users/baiyixin/Documents/Survey - design knowledge/expanded_pdf_corpus_459_20260811/97b253588409.pdf,2a7ad1c643de17771806072711bef3b8cb641b1bf9a0a3384fbb021ea1d72943,/Users/baiyixin/Documents/Survey - design knowledge/expanded_pdf_corpus_459_20260811/97b253588409.pdf,2a7ad1c643de17771806072711bef3b8cb641b1bf9a0a3384fbb021ea1d72943,7,pypdf,/Users/baiyixin/Documents/Survey - design knowledge/expanded_pipeline_459_20260811/canonical_text/97b253588409.txt,c691c2bbef5b83bc94fb51df5e895630c66aaea1cd7ae7eef5f8b142d3189d7b,28443,121,True,True,analysis_ready,
97b32465f821,Systematic design procedures,Systematic design procedures,Design Procedures,,paper,/Users/baiyixin/Documents/Survey - design knowledge/expanded_pdf_corpus_459_20260811/97b32465f821.pdf,01fe6c3bb5f28bd94df8afd595d8117d60aa259fc9336738ff0078dba1864e6f,/Users/baiyixin/Documents/Survey - design knowledge/expanded_pdf_corpus_459_20260811/97b32465f821.pdf,01fe6c3bb5f28bd94df8afd595d8117d60aa259fc9336738ff0078dba1864e6f,5,pypdf,/Users/baiyixin/Documents/Survey - design knowledge/expanded_pipeline_459_20260811/canonical_text/97b32465f821.txt,1200006e95c72ad9c441ba44e52858618a5db65d5125f291ff11e4b171ed5e2c,21189,100,True,True,analysis_ready,
994d28d55eb8,From human factors to human actors to human crafters,From human factors to human actors to human crafters,Design Heuristics,,paper,/Users/baiyixin/Documents/Survey - design knowledge/expanded_pdf_corpus_459_20260811/994d28d55eb8.pdf,a89ccb537fba476190019e174a0ea75bfd5fcc92c17a3cd9eed38950494e3db1,/Users/baiyixin/Documents/Survey - design knowledge/expanded_pdf_corpus_459_20260811/994d28d55eb8.pdf,a89ccb537fba476190019e174a0ea75bfd5fcc92c17a3cd9eed38950494e3db1,8,pypdf,/Users/baiyixin/Documents/Survey - design knowledge/expanded_pipeline_459_20260811/canonical_text/994d28d55eb8.txt,9d4d05157b644e5bfe70efb47b2f28f45f7c9aacacf72f8fb632ed475290e2a4,44431,217,True,True,analysis_ready,
9d158233f041,Guidelines supporting the formulation of design principles,Guidelines supporting the formulation of design principles,Design knowledge,,paper,/Users/baiyixin/Documents/Survey - design knowledge/expanded_pdf_corpus_459_20260811/9d158233f041.pdf,3db43989c31aba0942d0e5d9851bc77ba5e8f5c5bcc120774c0a74a17c6a953f,/Users/baiyixin/Documents/Survey - design knowledge/expanded_pdf_corpus_459_20260811/9d158233f041.pdf,3db43989c31aba0942d0e5d9851bc77ba5e8f5c5bcc120774c0a74a17c6a953f,11,pypdf,/Users/baiyixin/Documents/Survey - design knowledge/expanded_pipeline_459_20260811/canonical_text/9d158233f041.txt,296cb360573033d687af8e797c900be09d452e9c0ef12317f2c06d4750c7689b,46347,247,True,True,analysis_ready,
9ddabd46988b,Towards project communication management patterns,Towards project communication management patterns,Design Patterns,,paper,/Users/baiyixin/Documents/Survey - design knowledge/expanded_pdf_corpus_459_20260811/9ddabd46988b.pdf,c5f54df3d63a401b7c55ce20daf2e053c64fb3beedc4887fbd66408e3d3297de,/Users/baiyixin/Documents/Survey - design knowledge/expanded_pdf_corpus_459_20260811/9ddabd46988b.pdf,c5f54df3d63a401b7c55ce20daf2e053c64fb3beedc4887fbd66408e3d3297de,10,pypdf,/Users/baiyixin/Documents/Survey - design knowledge/expanded_pipeline_459_20260811/canonical_text/9ddabd46988b.txt,5fcdda6025df247338deed832cae450a56699163030c2606fe67b08ae50d6bea,26470,105,True,True,analysis_ready,
9e71c6e0b826,Towards design theory for community collaboration support system during crises: from conceptualisation to validation,Towards design theory for community collaboration support system during crises: from conceptualisation to validation,Design theory,,paper,/Users/baiyixin/Documents/Survey - design knowledge/expanded_pdf_corpus_459_20260811/9e71c6e0b826.pdf,bbd91bf553dbc970e389dbb7aaf6156d10fa54f54e49de7d0602e15413075bdb,/Users/baiyixin/Documents/Survey - design knowledge/expanded_pdf_corpus_459_20260811/9e71c6e0b826.pdf,bbd91bf553dbc970e389dbb7aaf6156d10fa54f54e49de7d0602e15413075bdb,11,pypdf,/Users/baiyixin/Documents/Survey - design knowledge/expanded_pipeline_459_20260811/canonical_text/9e71c6e0b826.txt,d4a58fc3ff6fa709a204e62b3eec76c126160c92e4e1f7b47a24ca2a7e89573c,35420,168,True,True,analysis_ready,
9eda131748eb,Engineering Design Principles for HCI as a Way Forward for HCI Design Knowledge,Engineering Design Principles for HCI as a Way Forward for HCI Design Knowledge,Design knowledge,approved_chapter,paper,/Users/baiyixin/Documents/Survey - design knowledge/expanded_pdf_corpus_459_20260811/9eda131748eb.pdf,79f81bb25d1c1633baea6254cd1b6d2f6eccdfa22fac151e8e11208bb965a1fa,/Users/baiyixin/Documents/Survey - design knowledge/expanded_pdf_corpus_459_20260811/9eda131748eb.pdf,79f81bb25d1c1633baea6254cd1b6d2f6eccdfa22fac151e8e11208bb965a1fa,36,pypdf,/Users/baiyixin/Documents/Survey - design knowledge/expanded_pipeline_459_20260811/canonical_text/9eda131748eb.txt,0c52d638233f7f5e83795bd91ddc364d843a3e3ccb5a0e16b720c57100416259,70202,310,True,True,analysis_ready,"Visually verified against the corpus record: page 99 ends Part II, page 100 is the target Part III title page, page 135 ends its final practice assignment, and page 136 begins the Postscript."
9eecf23c4ce7,Design Heuristics for Web-Based Severe Weather Risk Communication,Design Heuristics for Web-Based Severe Weather Risk Communication,Design Heuristics,,paper,/Users/baiyixin/Documents/Survey - design knowledge/expanded_pdf_corpus_459_20260811/9eecf23c4ce7.pdf,93901b60903b2d5e7ee6897a10d44d167706fcbb5d42c310c915fb34bae12b72,/Users/baiyixin/Documents/Survey - design knowledge/expanded_pdf_corpus_459_20260811/9eecf23c4ce7.pdf,93901b60903b2d5e7ee6897a10d44d167706fcbb5d42c310c915fb34bae12b72,13,pypdf,/Users/baiyixin/Documents/Survey - design knowledge/expanded_pipeline_459_20260811/canonical_text/9eecf23c4ce7.txt,19f83f3d5ff101b53785c9bc414941b3f3f2ef857b4c8d3b5349c9a0f5a03f83,79037,365,True,True,analysis_ready,
9f4dbd790fe7,Design Heuristics in Innovative Products,Design Heuristics in Innovative Products,Design Heuristics,,paper,/Users/baiyixin/Documents/Survey - design knowledge/expanded_pdf_corpus_459_20260811/9f4dbd790fe7.pdf,022ff5b779365991c40560a54eae2cdd7572366a99579ec679ff4d93aa2df6ed,/Users/baiyixin/Documents/Survey - design knowledge/expanded_pdf_corpus_459_20260811/9f4dbd790fe7.pdf,022ff5b779365991c40560a54eae2cdd7572366a99579ec679ff4d93aa2df6ed,12,pypdf,/Users/baiyixin/Documents/Survey - design knowledge/expanded_pipeline_459_20260811/canonical_text/9f4dbd790fe7.txt,f4b48b15768d1d42f7cb92a1cdfd91b2c7d7bb740626d8a7819408c21655f59e,66217,340,True,True,analysis_ready,
9f9f7295ec8c,Affordance based design: a relational theory for design,Affordance based design: a relational theory for design,Design theory,,paper,/Users/baiyixin/Documents/Survey - design knowledge/expanded_pdf_corpus_459_20260811/9f9f7295ec8c.pdf,59bde06c9e15006d0da95578d8dc18c4025c04253c0c33d5d8a184d8e25286d7,/Users/baiyixin/Documents/Survey - design knowledge/expanded_pdf_corpus_459_20260811/9f9f7295ec8c.pdf,59bde06c9e15006d0da95578d8dc18c4025c04253c0c33d5d8a184d8e25286d7,15,pypdf,/Users/baiyixin/Documents/Survey - design knowledge/expanded_pipeline_459_20260811/canonical_text/9f9f7295ec8c.txt,9f0d3a951f62fbefb532df60c6d30cdbf39bd8fb918690d50f3139fe59df495e,75473,389,True,True,analysis_ready,
a0d1057f0acb,Pattern approach to interaction design,Pattern approach to interaction design,Design Patterns,,paper,/Users/baiyixin/Documents/Survey - design knowledge/expanded_pdf_corpus_459_20260811/a0d1057f0acb.pdf,69770e9419dcab853a104e7ccb6834260ef5e028fc194b7394a00b5347f1c287,/Users/baiyixin/Documents/Survey - design knowledge/expanded_pdf_corpus_459_20260811/a0d1057f0acb.pdf,69770e9419dcab853a104e7ccb6834260ef5e028fc194b7394a00b5347f1c287,10,pypdf,/Users/baiyixin/Documents/Survey - design knowledge/expanded_pipeline_459_20260811/canonical_text/a0d1057f0acb.txt,da1a3c14dacc7c07b6f909918eeec7dbcd049236dca3a553475f57c0a859c2d6,129909,10,True,True,analysis_ready,
a14565cde772,HCI Engineering Design Principles as a Way Forward for HCI Design Knowledge,HCI Engineering Design Principles as a Way Forward for HCI Design Knowledge,Design knowledge,,paper,/Users/baiyixin/Documents/Survey - design knowledge/expanded_pdf_corpus_459_20260811/a14565cde772.pdf,79f81bb25d1c1633baea6254cd1b6d2f6eccdfa22fac151e8e11208bb965a1fa,/Users/baiyixin/Documents/Survey - design knowledge/expanded_pdf_corpus_459_20260811/a14565cde772.pdf,79f81bb25d1c1633baea6254cd1b6d2f6eccdfa22fac151e8e11208bb965a1fa,36,pypdf,/Users/baiyixin/Documents/Survey - design knowledge/expanded_pipeline_459_20260811/canonical_text/a14565cde772.txt,0c52d638233f7f5e83795bd91ddc364d843a3e3ccb5a0e16b720c57100416259,70202,310,True,True,analysis_ready,
a1a2a51ae22e,Incommensurability in design science: Which comes first-Theory or artefact?,Incommensurability in design science: Which comes first-Theory or artefact?,Design theory,,paper,/Users/baiyixin/Documents/Survey - design knowledge/expanded_pdf_corpus_459_20260811/a1a2a51ae22e.pdf,6e32419e6094b8790bf24b3216b760a8a07f3fe098f489d2854a6a92ff999df9,/Users/baiyixin/Documents/Survey - design knowledge/expanded_pdf_corpus_459_20260811/a1a2a51ae22e.pdf,6e32419e6094b8790bf24b3216b760a8a07f3fe098f489d2854a6a92ff999df9,16,pypdf,/Users/baiyixin/Documents/Survey - design knowledge/expanded_pipeline_459_20260811/canonical_text/a1a2a51ae22e.txt,eefb179dd76cae0542733aee8a6e9a28fe3f939134fee21934877ec914513833,36740,180,True,True,analysis_ready,
a1ccc16dab98,ANALYSIS OF DESIGN COMPETENCE OF FUTURE ENGINEER-TEACHERS,ANALYSIS OF DESIGN COMPETENCE OF FUTURE ENGINEER-TEACHERS,Design knowledge,,paper,/Users/baiyixin/Documents/Survey - design knowledge/expanded_pdf_corpus_459_20260811/a1ccc16dab98.pdf,063ab7479fedd39a6b2ae57ae81ed47832f8b3a458a2003df7d7ef46581f920c,/Users/baiyixin/Documents/Survey - design knowledge/expanded_pdf_corpus_459_20260811/a1ccc16dab98.pdf,063ab7479fedd39a6b2ae57ae81ed47832f8b3a458a2003df7d7ef46581f920c,14,pypdf,/Users/baiyixin/Documents/Survey - design knowledge/expanded_pipeline_459_20260811/canonical_text/a1ccc16dab98.txt,429da1af9f71c4d25bf8461429ad61935bd2f2d1080a7c691d93d70afdaab5e4,58824,83,True,True,analysis_ready,
a200b553056c,The design construct in information systems design science,The design construct in information systems design science,Design knowledge,,paper,/Users/baiyixin/Documents/Survey - design knowledge/expanded_pdf_corpus_459_20260811/a200b553056c.pdf,43d8f358b7d5e1d05cb3460812f9b486823aa70be6cf075c3109586cdc76c79b,/Users/baiyixin/Documents/Survey - design knowledge/expanded_pdf_corpus_459_20260811/a200b553056c.pdf,43d8f358b7d5e1d05cb3460812f9b486823aa70be6cf075c3109586cdc76c79b,16,pypdf,/Users/baiyixin/Documents/Survey - design knowledge/expanded_pipeline_459_20260811/canonical_text/a200b553056c.txt,729ef2a86d2742e6714a22eb9e8785e3ebf436b761d7e4a7d972782226459fd1,80235,350,True,True,analysis_ready,
a21900f84443,Undesigning technology: considering the negation of design by design,Undesigning technology: considering the negation of design by design,Design theory,,paper,/Users/baiyixin/Documents/Survey - design knowledge/expanded_pdf_corpus_459_20260811/a21900f84443.pdf,f1d9f88982e8c31fc64d5595efd2126e1b36421d044fb8ea0f849fc61725fa3b,/Users/baiyixin/Documents/Survey - design knowledge/expanded_pdf_corpus_459_20260811/a21900f84443.pdf,f1d9f88982e8c31fc64d5595efd2126e1b36421d044fb8ea0f849fc61725fa3b,10,pypdf,/Users/baiyixin/Documents/Survey - design knowledge/expanded_pipeline_459_20260811/canonical_text/a21900f84443.txt,18c8bd4578209c0aab4f4abc86dea6ef1a52de1a709869c041d4eae411332058,57976,267,True,True,analysis_ready,
a223dfc7b9a8,Patterns as signs,Patterns as signs,Design Patterns,,paper,/Users/baiyixin/Documents/Survey - design knowledge/expanded_pdf_corpus_459_20260811/a223dfc7b9a8.pdf,800e85c672c7841d7637bd94befdc6f37d6ae399ee0f3b434b8c587b0421d542,/Users/baiyixin/Documents/Survey - design knowledge/expanded_pdf_corpus_459_20260811/a223dfc7b9a8.pdf,800e85c672c7841d7637bd94befdc6f37d6ae399ee0f3b434b8c587b0421d542,25,pypdf,/Users/baiyixin/Documents/Survey - design knowledge/expanded_pipeline_459_20260811/canonical_text/a223dfc7b9a8.txt,76c5ea925436fc63914df4dd9f2a74dbfb2046b7ecfa610552d4d161eb87c0fb,67237,263,True,True,analysis_ready,
a3bc8ece9d73,Use of design patterns in analogy-based design,Use of design patterns in analogy-based design,Design Patterns,,paper,/Users/baiyixin/Documents/Survey - design knowledge/expanded_pdf_corpus_459_20260811/a3bc8ece9d73.pdf,e2c3ea41a0271e732715d02e8e7b33ca13bf511829e11c4602dc931400d8e37e,/Users/baiyixin/Documents/Survey - design knowledge/expanded_pdf_corpus_459_20260811/a3bc8ece9d73.pdf,e2c3ea41a0271e732715d02e8e7b33ca13bf511829e11c4602dc931400d8e37e,10,pypdf,/Users/baiyixin/Documents/Survey - design knowledge/expanded_pipeline_459_20260811/canonical_text/a3bc8ece9d73.txt,867b2ea748c1e90bd60dbf410c95f736120b7582a8f61f0ae78e13c6fa25bf2f,45226,212,True,True,analysis_ready,
a47956c54fb0,Limits of intelligence in design,Limits of intelligence in design,Design theory,,paper,/Users/baiyixin/Documents/Survey - design knowledge/expanded_pdf_corpus_459_20260811/a47956c54fb0.pdf,4e068c3a8e263056ed5875e6bdca484e4227d5dc652f3405314565ce20a1f869,/Users/baiyixin/Documents/Survey - design knowledge/expanded_pipeline_450_20260811/ocr_pdfs/a47956c54fb0.pdf,a9c3ccbb0c44d60cb5e732baa2527ffd2e3cfb7ff9ed436ddb5c4c1a5a11a925,14,ocrmypdf-tesseract-eng,/Users/baiyixin/Documents/Survey - design knowledge/expanded_pipeline_459_20260811/canonical_text/a47956c54fb0.txt,5510ddbac175072d76de839e95a88a7e0671d4e38c11e2943da2714ee38c0265,32306,169,True,True,analysis_ready,
a4ef5e43da80,A Design Archival Approach to Knowledge Production in Design Research and Practice,A Design Archival Approach to Knowledge Production in Design Research and Practice,Design knowledge,,paper,/Users/baiyixin/Documents/Survey - design knowledge/expanded_pdf_corpus_459_20260811/a4ef5e43da80.pdf,325c8fd0e4440ab1c1b3981c6ac54cab1c2cf3a525fe7b00b50b7a7cecfc8aec,/Users/baiyixin/Documents/Survey - design knowledge/expanded_pdf_corpus_459_20260811/a4ef5e43da80.pdf,325c8fd0e4440ab1c1b3981c6ac54cab1c2cf3a525fe7b00b50b7a7cecfc8aec,11,pypdf,/Users/baiyixin/Documents/Survey - design knowledge/expanded_pipeline_459_20260811/canonical_text/a4ef5e43da80.txt,00f182b9463511ca05089543d3e63e6680f475394e649c4a7014d6d1fb7b23db,68423,287,True,True,analysis_ready,
a707fd62833a,Tracing the tensions surrounding understandings of agency and knowledge in technology design,Tracing the tensions surrounding understandings of agency and knowledge in technology design,Design knowledge,,paper,/Users/baiyixin/Documents/Survey - design knowledge/expanded_pdf_corpus_459_20260811/a707fd62833a.pdf,445ba8fb2879b590c1ecda1f16a211822c15b51cbd20562eb34cd29ba8e6ab63,/Users/baiyixin/Documents/Survey - design knowledge/expanded_pdf_corpus_459_20260811/a707fd62833a.pdf,445ba8fb2879b590c1ecda1f16a211822c15b51cbd20562eb34cd29ba8e6ab63,17,pypdf,/Users/baiyixin/Documents/Survey - design knowledge/expanded_pipeline_459_20260811/canonical_text/a707fd62833a.txt,bbfd4942e534273b6675d42a93707109c2a59c61a2453ee003c4a11e40dff470,51463,231,True,True,analysis_ready,
a74bec243b7f,Universal Structural-Semantic Model of Design Patterns,Universal Structural-Semantic Model of Design Patterns,Design Patterns,,paper,/Users/baiyixin/Documents/Survey - design knowledge/expanded_pdf_corpus_459_20260811/a74bec243b7f.pdf,af7de07766397a2a64ef532e0220f6767e8ecbf9cd150cd8c598f7a2de3e43d2,/Users/baiyixin/Documents/Survey - design knowledge/expanded_pdf_corpus_459_20260811/a74bec243b7f.pdf,af7de07766397a2a64ef532e0220f6767e8ecbf9cd150cd8c598f7a2de3e43d2,8,pypdf,/Users/baiyixin/Documents/Survey - design knowledge/expanded_pipeline_459_20260811/canonical_text/a74bec243b7f.txt,e0d327eab977003d559ad3dba1e722c4b3d7613467060fcf6daa9ed077fc8f3f,40600,159,True,True,analysis_ready,
a779c321ee06,Blockchain Interoperability Patterns,Blockchain Interoperability Patterns,Design Patterns,,paper,/Users/baiyixin/Documents/Survey - design knowledge/expanded_pdf_corpus_459_20260811/a779c321ee06.pdf,0412f9cc3751da10b336de809d22409a0b142ecddfd8570548ab08407322b5b2,/Users/baiyixin/Documents/Survey - design knowledge/expanded_pdf_corpus_459_20260811/a779c321ee06.pdf,0412f9cc3751da10b336de809d22409a0b142ecddfd8570548ab08407322b5b2,8,pypdf,/Users/baiyixin/Documents/Survey - design knowledge/expanded_pipeline_459_20260811/canonical_text/a779c321ee06.txt,5f0e8cde7a0be8e76c9cce057895c3ddef481edd8935e9600f0a0fa67acdd54a,48515,272,True,True,analysis_ready,
a7e06450729f,Game Design as an Autonomous Research Subject,Game Design as an Autonomous Research Subject,Design knowledge,,paper,/Users/baiyixin/Documents/Survey - design knowledge/expanded_pdf_corpus_459_20260811/a7e06450729f.pdf,ed7c3eb47960c847e814be76fc35b806d1a0d5a204fc5aea2637b44d835bb935,/Users/baiyixin/Documents/Survey - design knowledge/expanded_pdf_corpus_459_20260811/a7e06450729f.pdf,ed7c3eb47960c847e814be76fc35b806d1a0d5a204fc5aea2637b44d835bb935,21,pypdf,/Users/baiyixin/Documents/Survey - design knowledge/expanded_pipeline_459_20260811/canonical_text/a7e06450729f.txt,18b77646b9e73bd06bc32b0674a9ea05f9827df62d852900c56db36d447325a1,98562,469,True,True,analysis_ready,
a883ec94b37a,Causal design knowledge: Alternative representation method for product development knowledge management,Causal design knowledge: Alternative representation method for product development knowledge management,Design knowledge,,paper,/Users/baiyixin/Documents/Survey - design knowledge/expanded_pdf_corpus_459_20260811/a883ec94b37a.pdf,203e730ad9ac5c044029dd447bb87228d335b8d8b0aeb224336829f7fdf67807,/Users/baiyixin/Documents/Survey - design knowledge/expanded_pdf_corpus_459_20260811/a883ec94b37a.pdf,203e730ad9ac5c044029dd447bb87228d335b8d8b0aeb224336829f7fdf67807,17,pypdf,/Users/baiyixin/Documents/Survey - design knowledge/expanded_pipeline_459_20260811/canonical_text/a883ec94b37a.txt,b4c5201e559f1429c672465c368adfa33f0730eb0d7737541379a3459f729ad7,65680,166,True,True,analysis_ready,
a8b318749f73,A conceptual framework for design science research,A conceptual framework for design science research,Design knowledge,,paper,/Users/baiyixin/Documents/Survey - design knowledge/expanded_pdf_corpus_459_20260811/a8b318749f73.pdf,cfdc33fd011c70a579c90840729c997ad229ec86d27736bbf59cba117342ff0a,/Users/baiyixin/Documents/Survey - design knowledge/expanded_pdf_corpus_459_20260811/a8b318749f73.pdf,cfdc33fd011c70a579c90840729c997ad229ec86d27736bbf59cba117342ff0a,365,pypdf,/Users/baiyixin/Documents/Survey - design knowledge/expanded_pipeline_459_20260811/canonical_text/a8b318749f73.txt,38b6e2ffa0831302620f0405e6100b68fa162def3b9b68c1956654cedb8d4f9d,945480,4622,True,True,analysis_ready,
a9303960f19a,Abstraction in computer science,Abstraction in computer science,Design Patterns,,paper,/Users/baiyixin/Documents/Survey - design knowledge/expanded_pdf_corpus_459_20260811/a9303960f19a.pdf,75a781f0cfc0364c66390b9015c1fc475268d177effd1adef64ccc6fc6a38e0b,/Users/baiyixin/Documents/Survey - design knowledge/expanded_pdf_corpus_459_20260811/a9303960f19a.pdf,75a781f0cfc0364c66390b9015c1fc475268d177effd1adef64ccc6fc6a38e0b,16,pypdf,/Users/baiyixin/Documents/Survey - design knowledge/expanded_pipeline_459_20260811/canonical_text/a9303960f19a.txt,aea5792a301f33e9a971f28b9d1e99fd689dceb86ca145ec0a91884098e6a339,51814,263,True,True,analysis_ready,
ab97fa9e6ec7,"""Argumentative Design Rationale and the Object-Oriented Development Process: better analysis, better design""","""Argumentative Design Rationale and the Object-Oriented Development Process: better analysis, better design""",Design rationale,,paper,/Users/baiyixin/Documents/Survey - design knowledge/expanded_pdf_corpus_459_20260811/ab97fa9e6ec7.pdf,1e1ffb53a5821281a1005e12bc93c6be6f0defbf099f5db30f52a1becffd594e,/Users/baiyixin/Documents/Survey - design knowledge/expanded_pdf_corpus_459_20260811/ab97fa9e6ec7.pdf,1e1ffb53a5821281a1005e12bc93c6be6f0defbf099f5db30f52a1becffd594e,11,pypdf,/Users/baiyixin/Documents/Survey - design knowledge/expanded_pipeline_459_20260811/canonical_text/ab97fa9e6ec7.txt,3a2625d9af5aaedcce2aca9dade2a9bf2d5d71575882b29de40fd0f6a9236166,22197,123,True,True,analysis_ready,
ac2f5510db32,Beyond geometric complexity: a critical review of complexity theory and how it relates to architecture engineering and construction,Beyond geometric complexity: a critical review of complexity theory and how it relates to architecture engineering and construction,Design methods,,paper,/Users/baiyixin/Documents/Survey - design knowledge/expanded_pdf_corpus_459_20260811/ac2f5510db32.pdf,98276157877f334c8ccf522942928cfd7b7d50e8889c04b6871d32ae63de77c0,/Users/baiyixin/Documents/Survey - design knowledge/expanded_pdf_corpus_459_20260811/ac2f5510db32.pdf,98276157877f334c8ccf522942928cfd7b7d50e8889c04b6871d32ae63de77c0,19,pypdf,/Users/baiyixin/Documents/Survey - design knowledge/expanded_pipeline_459_20260811/canonical_text/ac2f5510db32.txt,5dc208da1c789dbd27652667a34383c962f0e61f12409a6c94aad9a3de4ad19a,82908,307,True,True,analysis_ready,
ade4419d3095,Hybrid modeling design patterns,Hybrid modeling design patterns,Design Patterns,,paper,/Users/baiyixin/Documents/Survey - design knowledge/expanded_pdf_corpus_459_20260811/ade4419d3095.pdf,81720e0aabe364b1cefe68325a074da91b49cd78dffd5a418433516f0b4581b0,/Users/baiyixin/Documents/Survey - design knowledge/expanded_pdf_corpus_459_20260811/ade4419d3095.pdf,81720e0aabe364b1cefe68325a074da91b49cd78dffd5a418433516f0b4581b0,37,pypdf,/Users/baiyixin/Documents/Survey - design knowledge/expanded_pipeline_459_20260811/canonical_text/ade4419d3095.txt,af7e5cbbedf0eab9244c4baa91d4c019a14218b4894a42346a4fbdfa9129c193,103265,549,True,True,analysis_ready,
ade78c466271,Revised set of usability heuristics for the evaluation of interactive systems,Revised set of usability heuristics for the evaluation of interactive systems,Design knowledge,,paper,/Users/baiyixin/Documents/Survey - design knowledge/expanded_pdf_corpus_459_20260811/ade78c466271.pdf,9f3e83c4ea9147939125a9a3c3e307cb5d91b0cc6347b33760e2fd47c9cc4e48,/Users/baiyixin/Documents/Survey - design knowledge/expanded_pdf_corpus_459_20260811/ade78c466271.pdf,9f3e83c4ea9147939125a9a3c3e307cb5d91b0cc6347b33760e2fd47c9cc4e48,8,pypdf,/Users/baiyixin/Documents/Survey - design knowledge/expanded_pipeline_459_20260811/canonical_text/ade78c466271.txt,f6455ed87b991e2d4976fc6be1421b5fd297a48af47d8335f22af56d2de7a6ea,29038,159,True,True,analysis_ready,
aea175ec1e11,Typed Design Patterns for the Functional Era,Typed Design Patterns for the Functional Era,Design Patterns,,paper,/Users/baiyixin/Documents/Survey - design knowledge/expanded_pdf_corpus_459_20260811/aea175ec1e11.pdf,7de2a20da92917a4ea5c1727512b25f56026033aef5ad2dae8e2988a6bbb80f7,/Users/baiyixin/Documents/Survey - design knowledge/expanded_pdf_corpus_459_20260811/aea175ec1e11.pdf,7de2a20da92917a4ea5c1727512b25f56026033aef5ad2dae8e2988a6bbb80f7,9,pypdf,/Users/baiyixin/Documents/Survey - design knowledge/expanded_pipeline_459_20260811/canonical_text/aea175ec1e11.txt,9ad76a9d08c990280a38d8b3d76a9db05ade348b4168eb2081608e0704ce15ed,38118,183,True,True,analysis_ready,
af4a4237d98a,Utilization of design principles for hybrid learning configurations by interprofessional design teams,Utilization of design principles for hybrid learning configurations by interprofessional design teams,Design knowledge,,paper,/Users/baiyixin/Documents/Survey - design knowledge/expanded_pdf_corpus_459_20260811/af4a4237d98a.pdf,bcd28e3c298b2ec5a1d84f304f31cf1ec54319d8d670a500bddd85353eda3ea3,/Users/baiyixin/Documents/Survey - design knowledge/expanded_pdf_corpus_459_20260811/af4a4237d98a.pdf,bcd28e3c298b2ec5a1d84f304f31cf1ec54319d8d670a500bddd85353eda3ea3,21,pypdf,/Users/baiyixin/Documents/Survey - design knowledge/expanded_pipeline_459_20260811/canonical_text/af4a4237d98a.txt,08c3086d5163908e0f33dc83f40dc871d9ba30e62a88bd91be6dc8cc914521a0,69814,336,True,True,analysis_ready,
af66a447ca7c,Digital Panopticon: How Remote Work Monitoring Shapes Employee Behavior and Motivation,Digital Panopticon: How Remote Work Monitoring Shapes Employee Behavior and Motivation,Design theory,,paper,/Users/baiyixin/Documents/Survey - design knowledge/expanded_pdf_corpus_459_20260811/af66a447ca7c.pdf,19c8bd17efe1d5c38bd7e2cc0b434a6d5577cb28c7c7f5241ef1c1757f426259,/Users/baiyixin/Documents/Survey - design knowledge/expanded_pdf_corpus_459_20260811/af66a447ca7c.pdf,19c8bd17efe1d5c38bd7e2cc0b434a6d5577cb28c7c7f5241ef1c1757f426259,22,pypdf,/Users/baiyixin/Documents/Survey - design knowledge/expanded_pipeline_459_20260811/canonical_text/af66a447ca7c.txt,8f3a863af9add5e2b850149d6b6453a534fe9bc9897ca4e9cac0d2739445d4c1,83306,390,True,True,analysis_ready,
b077c606da41,Classification approach for hybrid components in mechanical engineering with a focus on additive manufacturing,Classification approach for hybrid components in mechanical engineering with a focus on additive manufacturing,Design Guidelines,,paper,/Users/baiyixin/Documents/Survey - design knowledge/expanded_pdf_corpus_459_20260811/b077c606da41.pdf,90443e5a917263b0e2dcd033f910784fbaeb4d37ca4612f7b5e76a7b33bd1da7,/Users/baiyixin/Documents/Survey - design knowledge/expanded_pdf_corpus_459_20260811/b077c606da41.pdf,90443e5a917263b0e2dcd033f910784fbaeb4d37ca4612f7b5e76a7b33bd1da7,6,pypdf,/Users/baiyixin/Documents/Survey - design knowledge/expanded_pipeline_459_20260811/canonical_text/b077c606da41.txt,161f76f00fc683fa9c612e051f710a6ec10788cc82f61454af0583fa8b3a8906,49320,274,True,True,analysis_ready,
b0fe7e080516,Design knowledge representation: An ontological perspective,Design knowledge representation: An ontological perspective,Design knowledge,,paper,/Users/baiyixin/Documents/Survey - design knowledge/expanded_pdf_corpus_459_20260811/b0fe7e080516.pdf,fd0bf35b28836a6617534b463c3200647ef066aefae5dd18504f88ff8e44013b,/Users/baiyixin/Documents/Survey - design knowledge/expanded_pdf_corpus_459_20260811/b0fe7e080516.pdf,fd0bf35b28836a6617534b463c3200647ef066aefae5dd18504f88ff8e44013b,14,pypdf,/Users/baiyixin/Documents/Survey - design knowledge/expanded_pipeline_459_20260811/canonical_text/b0fe7e080516.txt,7ac6fe47b08ddee728af8c2cef21005c69a21ea2997d31ae04348969f7184f86,42457,212,True,True,analysis_ready,
b14f85b19a87,Design Study Methodology: Reflections from the Trenches and the Stacks,Design Study Methodology: Reflections from the Trenches and the Stacks,Design Guidelines,,paper,/Users/baiyixin/Documents/Survey - design knowledge/expanded_pdf_corpus_459_20260811/b14f85b19a87.pdf,584e3f2ac4620dcaf3d9a826f7877f2c2929a96b27d31fd255ff089d6b2e8fe3,/Users/baiyixin/Documents/Survey - design knowledge/expanded_pdf_corpus_459_20260811/b14f85b19a87.pdf,584e3f2ac4620dcaf3d9a826f7877f2c2929a96b27d31fd255ff089d6b2e8fe3,10,pypdf,/Users/baiyixin/Documents/Survey - design knowledge/expanded_pipeline_459_20260811/canonical_text/b14f85b19a87.txt,7e9c4efb5127ca0ec7da842edf9585d951ed37bab32da477a888d09591b9b85e,88421,373,True,True,analysis_ready,
b21a9b4cc5ef,C-K design theory: an advanced formulation,C-K design theory: an advanced formulation,Design theory,,paper,/Users/baiyixin/Documents/Survey - design knowledge/expanded_pdf_corpus_459_20260811/b21a9b4cc5ef.pdf,3c8d07bb6bfef6b34a2c3377bd7cf63e56db684a1d24102802c39ec17a9a60e0,/Users/baiyixin/Documents/Survey - design knowledge/expanded_pdf_corpus_459_20260811/b21a9b4cc5ef.pdf,3c8d07bb6bfef6b34a2c3377bd7cf63e56db684a1d24102802c39ec17a9a60e0,12,pypdf,/Users/baiyixin/Documents/Survey - design knowledge/expanded_pipeline_459_20260811/canonical_text/b21a9b4cc5ef.txt,cb315356a93eab138a0d2e92a6d92ac481dbb903c5d62460c173d13b09885f74,55945,295,True,True,analysis_ready,
b2234ef79a5a,Tracing situated effects of innovative design methods: inexperienced designers' practices,Tracing situated effects of innovative design methods: inexperienced designers' practices,Design methods,,paper,/Users/baiyixin/Documents/Survey - design knowledge/expanded_pdf_corpus_459_20260811/b2234ef79a5a.pdf,8c9f05c1d028ac78d0276713eb05b5b4638e2262e7fc3a68bffd822fece614ec,/Users/baiyixin/Documents/Survey - design knowledge/expanded_pdf_corpus_459_20260811/b2234ef79a5a.pdf,8c9f05c1d028ac78d0276713eb05b5b4638e2262e7fc3a68bffd822fece614ec,11,pypdf,/Users/baiyixin/Documents/Survey - design knowledge/expanded_pipeline_459_20260811/canonical_text/b2234ef79a5a.txt,f0cf3291373c843657f79f4443aaa7e4327a7390325d70e47d6645beffdb1505,56176,240,True,True,analysis_ready,
b227e604cd40,"The Dark Patterns Knowledge Stack: Exploring New Ways to Negotiate Context, Law, and Design","The Dark Patterns Knowledge Stack: Exploring New Ways to Negotiate Context, Law, and Design",Design knowledge,,paper,/Users/baiyixin/Documents/Survey - design knowledge/expanded_pdf_corpus_459_20260811/b227e604cd40.pdf,57cbfd7b9f0c05d40fb3769f6c1b77769bb15d6eb1b5bfdb63b5643c81a133a1,/Users/baiyixin/Documents/Survey - design knowledge/expanded_pdf_corpus_459_20260811/b227e604cd40.pdf,57cbfd7b9f0c05d40fb3769f6c1b77769bb15d6eb1b5bfdb63b5643c81a133a1,11,pypdf,/Users/baiyixin/Documents/Survey - design knowledge/expanded_pipeline_459_20260811/canonical_text/b227e604cd40.txt,3547d18b010bfab7f3271b6153a02bec0794e33ca031fbb67cbfc5741d82475d,63197,259,True,True,analysis_ready,
b256aafa902e,A Multi-Grounded Design Research Process,A Multi-Grounded Design Research Process,Design knowledge,,paper,/Users/baiyixin/Documents/Survey - design knowledge/expanded_pdf_corpus_459_20260811/b256aafa902e.pdf,ec2c68c3969405d3bf947b04fa39fd6812b862b7c88d1e46fa1288f03a63cd2d,/Users/baiyixin/Documents/Survey - design knowledge/expanded_pdf_corpus_459_20260811/b256aafa902e.pdf,ec2c68c3969405d3bf947b04fa39fd6812b862b7c88d1e46fa1288f03a63cd2d,16,pypdf,/Users/baiyixin/Documents/Survey - design knowledge/expanded_pipeline_459_20260811/canonical_text/b256aafa902e.txt,26bed835be39e24715135eaa408f59b47f4f8ba72c1b11afa4bde0060d04808b,50523,285,True,True,analysis_ready,
b357bc5a3d3b,Towards Canonical Task Types for User Interface Design,Towards Canonical Task Types for User Interface Design,Design Guidelines,,paper,/Users/baiyixin/Documents/Survey - design knowledge/expanded_pdf_corpus_459_20260811/b357bc5a3d3b.pdf,b8b7bacb14a98170f7d923b09c30cbbff1f96e193ae3120e05ba484a5b7420ad,/Users/baiyixin/Documents/Survey - design knowledge/expanded_pdf_corpus_459_20260811/b357bc5a3d3b.pdf,b8b7bacb14a98170f7d923b09c30cbbff1f96e193ae3120e05ba484a5b7420ad,8,pypdf,/Users/baiyixin/Documents/Survey - design knowledge/expanded_pipeline_459_20260811/canonical_text/b357bc5a3d3b.txt,39eb6fa707348f795c3b6790a73816878253313cb4d907c376c610dbd6ace128,39044,186,True,True,analysis_ready,
b3d7c30694e8,Software pre-patterns as architectural knowledge,Software pre-patterns as architectural knowledge,Design knowledge,,paper,/Users/baiyixin/Documents/Survey - design knowledge/expanded_pdf_corpus_459_20260811/b3d7c30694e8.pdf,0b56849f9a706271148920e070150b916f889d25ea2ef02f4523e24054f550e7,/Users/baiyixin/Documents/Survey - design knowledge/expanded_pdf_corpus_459_20260811/b3d7c30694e8.pdf,0b56849f9a706271148920e070150b916f889d25ea2ef02f4523e24054f550e7,4,pypdf,/Users/baiyixin/Documents/Survey - design knowledge/expanded_pipeline_459_20260811/canonical_text/b3d7c30694e8.txt,8e830d14a0d3b5d57abd08533a4d0e77a0a18d14d923892bc4450a302cc1c320,25010,115,True,True,analysis_ready,
b42559e0a5d5,ICT Systems Security and Privacy Protection,ICT Systems Security and Privacy Protection,Design Patterns,,paper,/Users/baiyixin/Documents/Survey - design knowledge/expanded_pdf_corpus_459_20260811/b42559e0a5d5.pdf,6b5fa1d430a9f4a829458c12355a44381343526734e9f830d651f097e5ef3077,/Users/baiyixin/Documents/Survey - design knowledge/expanded_pdf_corpus_459_20260811/b42559e0a5d5.pdf,6b5fa1d430a9f4a829458c12355a44381343526734e9f830d651f097e5ef3077,13,pypdf,/Users/baiyixin/Documents/Survey - design knowledge/expanded_pipeline_459_20260811/canonical_text/b42559e0a5d5.txt,14ef7a954426076bae20b494a46e745698efb3f9c8a16ef5b015c9cf0bedf829,23082,53,True,True,analysis_ready,
b5d968168f35,A Framework of Design Method Corroboration,A Framework of Design Method Corroboration,Design methods,,paper,/Users/baiyixin/Documents/Survey - design knowledge/expanded_pdf_corpus_459_20260811/b5d968168f35.pdf,7f64a0d17b2a9c483e0c77f6376acaaa347bd69409fadb2db60882e7f619c8f3,/Users/baiyixin/Documents/Survey - design knowledge/expanded_pdf_corpus_459_20260811/b5d968168f35.pdf,7f64a0d17b2a9c483e0c77f6376acaaa347bd69409fadb2db60882e7f619c8f3,10,pypdf,/Users/baiyixin/Documents/Survey - design knowledge/expanded_pipeline_459_20260811/canonical_text/b5d968168f35.txt,2e6c45ccbb4a58321fa74c6485665245dfd663ebb87dcb2299cb46414603528e,45980,242,True,True,analysis_ready,
b5e00197bf29,Forms of discovery for design knowledge,Forms of discovery for design knowledge,Design knowledge,,paper,/Users/baiyixin/Documents/Survey - design knowledge/expanded_pdf_corpus_459_20260811/b5e00197bf29.pdf,e31723b3f618f707f2d5d3dc269f7e3e3cdbfb361662d7c0b6b5dae27c2f6226,/Users/baiyixin/Documents/Survey - design knowledge/expanded_pdf_corpus_459_20260811/b5e00197bf29.pdf,e31723b3f618f707f2d5d3dc269f7e3e3cdbfb361662d7c0b6b5dae27c2f6226,12,pypdf,/Users/baiyixin/Documents/Survey - design knowledge/expanded_pipeline_459_20260811/canonical_text/b5e00197bf29.txt,fed467937546cca73cf98961fe91913a4f90484ebfa4df7349db152aa23f232f,46683,240,True,True,analysis_ready,
b6f644351152,HCI Design Knowledge as Craft Artefacts and Design Practice Experience,HCI Design Knowledge as Craft Artefacts and Design Practice Experience,Design knowledge,,paper,/Users/baiyixin/Documents/Survey - design knowledge/expanded_pdf_corpus_459_20260811/b6f644351152.pdf,3cd9e58bf4d1b305429c9dcf000b4d2f89b28d96452cfe77736fde9ed834f298,/Users/baiyixin/Documents/Survey - design knowledge/expanded_pdf_corpus_459_20260811/b6f644351152.pdf,3cd9e58bf4d1b305429c9dcf000b4d2f89b28d96452cfe77736fde9ed834f298,144,pypdf,/Users/baiyixin/Documents/Survey - design knowledge/expanded_pipeline_459_20260811/canonical_text/b6f644351152.txt,f23f5691497b6a6b6d79b753d133dea3340114be941135b82edf12a42d8c58e8,290058,1331,True,True,analysis_ready,
b73f2343e274,Let's Get Divorced: Constructing Knowledge Outcomes for Critical Design and Constructive Design Research,Let's Get Divorced: Constructing Knowledge Outcomes for Critical Design and Constructive Design Research,Design knowledge,,paper,/Users/baiyixin/Documents/Survey - design knowledge/expanded_pdf_corpus_459_20260811/b73f2343e274.pdf,2fd0d36a1d0f22bfdf641059928914f5e9a064236620c019f0d7521d800d71ec,/Users/baiyixin/Documents/Survey - design knowledge/expanded_pdf_corpus_459_20260811/b73f2343e274.pdf,2fd0d36a1d0f22bfdf641059928914f5e9a064236620c019f0d7521d800d71ec,4,pypdf,/Users/baiyixin/Documents/Survey - design knowledge/expanded_pipeline_459_20260811/canonical_text/b73f2343e274.txt,33786def10ec1edeb29cba1a4643fc888fe6754ecbd4b5ccea62cc267b25ae58,9036,43,True,True,analysis_ready,
b77e7d67555e,USSF: A Unified Framework for Screen Standardization in Software Systems,USSF: A Unified Framework for Screen Standardization in Software Systems,Design principles,,paper,/Users/baiyixin/Documents/Survey - design knowledge/expanded_pdf_corpus_459_20260811/b77e7d67555e.pdf,20818084e406f1966c20b9333907217ea97791802c0073a84c8f57146e72f1dd,/Users/baiyixin/Documents/Survey - design knowledge/expanded_pdf_corpus_459_20260811/b77e7d67555e.pdf,20818084e406f1966c20b9333907217ea97791802c0073a84c8f57146e72f1dd,7,pypdf,/Users/baiyixin/Documents/Survey - design knowledge/expanded_pipeline_459_20260811/canonical_text/b77e7d67555e.txt,95d3d7b5a47d070fb5331eb8e9dd43eaa649bf170fee7d72584239a91cdd7e4e,33421,129,True,True,analysis_ready,
b7ba414dae37,Learning Experience Design in the Light of Design Knowledge and Philosophy,Learning Experience Design in the Light of Design Knowledge and Philosophy,Design knowledge,,paper,/Users/baiyixin/Documents/Survey - design knowledge/expanded_pdf_corpus_459_20260811/b7ba414dae37.pdf,18cd3175efebf5d674abab183699f67b2ccd45542d40567b2b007b566ac8b19f,/Users/baiyixin/Documents/Survey - design knowledge/expanded_pdf_corpus_459_20260811/b7ba414dae37.pdf,18cd3175efebf5d674abab183699f67b2ccd45542d40567b2b007b566ac8b19f,15,pypdf,/Users/baiyixin/Documents/Survey - design knowledge/expanded_pipeline_459_20260811/canonical_text/b7ba414dae37.txt,13ca724320fe87367744b5efcbffe449d32bd4733c926e0f0ab1dd9d9aa80041,38187,162,True,True,analysis_ready,
b8c02b0994bd,The Designer's Body as Resource in Design: Exploring Combinations of Point-of-view and Tense,The Designer's Body as Resource in Design: Exploring Combinations of Point-of-view and Tense,Design methods,,paper,/Users/baiyixin/Documents/Survey - design knowledge/expanded_pdf_corpus_459_20260811/b8c02b0994bd.pdf,60fdb6979a9db60568083a7b6d7acc1e535547ec13236329ee97a9553bba0ca3,/Users/baiyixin/Documents/Survey - design knowledge/expanded_pdf_corpus_459_20260811/b8c02b0994bd.pdf,60fdb6979a9db60568083a7b6d7acc1e535547ec13236329ee97a9553bba0ca3,13,pypdf,/Users/baiyixin/Documents/Survey - design knowledge/expanded_pipeline_459_20260811/canonical_text/b8c02b0994bd.txt,9b0fb1a9a0b12ba88f1e44a20ae3771e18eb9aeca3753fb179e1b2a7163d0601,65010,331,True,True,analysis_ready,
b967c3a334ff,Industrial experience with design patterns,Industrial experience with design patterns,Design Patterns,,paper,/Users/baiyixin/Documents/Survey - design knowledge/expanded_pdf_corpus_459_20260811/b967c3a334ff.pdf,f209d286d5204c1011ae3209c73526b64bb129115b26689dd4a6f861ed35088d,/Users/baiyixin/Documents/Survey - design knowledge/expanded_pdf_corpus_459_20260811/b967c3a334ff.pdf,f209d286d5204c1011ae3209c73526b64bb129115b26689dd4a6f861ed35088d,12,pypdf,/Users/baiyixin/Documents/Survey - design knowledge/expanded_pipeline_459_20260811/canonical_text/b967c3a334ff.txt,0d127b8345fc1421436101b88cfbb017723da7b1db7fec412cde7b2b179b2a61,60006,288,True,True,analysis_ready,
b97dadb53877,A pattern language for parallel application programs,A pattern language for parallel application programs,Design Patterns,,paper,/Users/baiyixin/Documents/Survey - design knowledge/expanded_pdf_corpus_459_20260811/b97dadb53877.pdf,b0f1bb629dde6d88fd2e7c2fc56f934c5f34706e301a22c9eadd6e26be6d6ccc,/Users/baiyixin/Documents/Survey - design knowledge/expanded_pdf_corpus_459_20260811/b97dadb53877.pdf,b0f1bb629dde6d88fd2e7c2fc56f934c5f34706e301a22c9eadd6e26be6d6ccc,20,pypdf,/Users/baiyixin/Documents/Survey - design knowledge/expanded_pipeline_459_20260811/canonical_text/b97dadb53877.txt,4bd5d291d3c4fc1f55b6fe10f9e5f689d8769a1a286ff3477a1ee5b7b66aa71c,55237,284,True,True,analysis_ready,
b9f64070ed9a,“Modeling-by-Patterns” of Web applications,“Modeling-by-Patterns” of Web applications,Design Patterns,,paper,/Users/baiyixin/Documents/Survey - design knowledge/expanded_pdf_corpus_459_20260811/b9f64070ed9a.pdf,671431eaf454699feb7c37fbed9c7a77d68180187b3b7bc67b03c40e2e98093f,/Users/baiyixin/Documents/Survey - design knowledge/expanded_pdf_corpus_459_20260811/b9f64070ed9a.pdf,671431eaf454699feb7c37fbed9c7a77d68180187b3b7bc67b03c40e2e98093f,14,pypdf,/Users/baiyixin/Documents/Survey - design knowledge/expanded_pipeline_459_20260811/canonical_text/b9f64070ed9a.txt,457df2913a843d89885f404a9b3d0cff13dfd9104bc7ffb34347e25236837846,31818,120,True,True,analysis_ready,
ba03a17bc120,"The Good, the Bad, and the Ugly: A Theoretical Framework for the Assessment of Continuous Colormaps","The Good, the Bad, and the Ugly: A Theoretical Framework for the Assessment of Continuous Colormaps",Design Rules,,paper,/Users/baiyixin/Documents/Survey - design knowledge/expanded_pdf_corpus_459_20260811/ba03a17bc120.pdf,b7ac89836125fedfabf96ef091002b5b6c8895ae4e7ddb9344febee8bb4cce56,/Users/baiyixin/Documents/Survey - design knowledge/expanded_pdf_corpus_459_20260811/ba03a17bc120.pdf,b7ac89836125fedfabf96ef091002b5b6c8895ae4e7ddb9344febee8bb4cce56,11,pypdf,/Users/baiyixin/Documents/Survey - design knowledge/expanded_pipeline_459_20260811/canonical_text/ba03a17bc120.txt,9b503aac43fbc703d7dbf4ba62d3a683d6ee90a20bc64a703043e06705c49556,151706,721,True,True,analysis_ready,
bacdc4f76eea,Work system principles: towards a justified design theory on the grounds of socio-instrumental pragmatism,Work system principles: towards a justified design theory on the grounds of socio-instrumental pragmatism,Design theory,,paper,/Users/baiyixin/Documents/Survey - design knowledge/expanded_pdf_corpus_459_20260811/bacdc4f76eea.pdf,fe0a77f04b2c56fbb76980bc028f76e74f09b720188b5adebd334863166ce9b3,/Users/baiyixin/Documents/Survey - design knowledge/expanded_pdf_corpus_459_20260811/bacdc4f76eea.pdf,fe0a77f04b2c56fbb76980bc028f76e74f09b720188b5adebd334863166ce9b3,8,pypdf,/Users/baiyixin/Documents/Survey - design knowledge/expanded_pipeline_459_20260811/canonical_text/bacdc4f76eea.txt,e387dfff6cb29bfaf2482237235b4388b61ad887395dcab68dd356ed9e4a644f,40099,210,True,True,analysis_ready,
bb08fe1a5d09,Taxonomy of architectural style usage,Taxonomy of architectural style usage,Design Patterns,,paper,/Users/baiyixin/Documents/Survey - design knowledge/expanded_pdf_corpus_459_20260811/bb08fe1a5d09.pdf,15495252bc67c4d3b32ed711ee41417231555cffdc0785957e921f9daae74b10,/Users/baiyixin/Documents/Survey - design knowledge/expanded_pdf_corpus_459_20260811/bb08fe1a5d09.pdf,15495252bc67c4d3b32ed711ee41417231555cffdc0785957e921f9daae74b10,10,pypdf,/Users/baiyixin/Documents/Survey - design knowledge/expanded_pipeline_459_20260811/canonical_text/bb08fe1a5d09.txt,c0a0d5842bfb40b52630cdd0b7a3c2012ea72f29f118126cba7387958400c247,52903,265,True,True,analysis_ready,
bc6d0afdec8f,Design patterns for component-oriented software development,Design patterns for component-oriented software development,Design Patterns,,paper,/Users/baiyixin/Documents/Survey - design knowledge/expanded_pdf_corpus_459_20260811/bc6d0afdec8f.pdf,61ca8996250ff13417c7941009f67815eabb98d0e7e78d7c935139495b5e6f03,/Users/baiyixin/Documents/Survey - design knowledge/expanded_pdf_corpus_459_20260811/bc6d0afdec8f.pdf,61ca8996250ff13417c7941009f67815eabb98d0e7e78d7c935139495b5e6f03,9,pypdf,/Users/baiyixin/Documents/Survey - design knowledge/expanded_pipeline_459_20260811/canonical_text/bc6d0afdec8f.txt,94c2a4a472e98230e144574d91b7a14e70ca22ed9a1cc1f88d9fa39566290131,36879,180,True,True,analysis_ready,
bd23ac0241ec,Joint Activity Design Heuristics for Enhancing Human-Machine Collaboration,Joint Activity Design Heuristics for Enhancing Human-Machine Collaboration,Design Heuristics,,paper,/Users/baiyixin/Documents/Survey - design knowledge/expanded_pdf_corpus_459_20260811/bd23ac0241ec.pdf,f8d235deb0916f562c89c1906eeb3a3ac7fe7f41420075896e905f7d098d9182,/Users/baiyixin/Documents/Survey - design knowledge/expanded_pdf_corpus_459_20260811/bd23ac0241ec.pdf,f8d235deb0916f562c89c1906eeb3a3ac7fe7f41420075896e905f7d098d9182,10,pypdf,/Users/baiyixin/Documents/Survey - design knowledge/expanded_pipeline_459_20260811/canonical_text/bd23ac0241ec.txt,857c513da618e09d76f79f7127a39e791855c5ec5c09a1c75c9fd788d263abf4,66105,371,True,True,analysis_ready,
bdf1addf5a10,Contestable AI by Design: Towards a Framework,Contestable AI by Design: Towards a Framework,Design knowledge,,paper,/Users/baiyixin/Documents/Survey - design knowledge/expanded_pdf_corpus_459_20260811/bdf1addf5a10.pdf,2d9f5424f022b095e303d0ad116cd13800b321d8995112cd0872f2fb4ba6f326,/Users/baiyixin/Documents/Survey - design knowledge/expanded_pdf_corpus_459_20260811/bdf1addf5a10.pdf,2d9f5424f022b095e303d0ad116cd13800b321d8995112cd0872f2fb4ba6f326,27,pypdf,/Users/baiyixin/Documents/Survey - design knowledge/expanded_pipeline_459_20260811/canonical_text/bdf1addf5a10.txt,4e470dd7126bd32476ca058d22386c4a01e1b84cfb30812394e3ffb8ec23c54a,77313,377,True,True,analysis_ready,
be4112c3c6af,Sharing Design Knowledge Through Codification in Interdisciplinary DSR Collaborations,Sharing Design Knowledge Through Codification in Interdisciplinary DSR Collaborations,Design knowledge,,paper,/Users/baiyixin/Documents/Survey - design knowledge/expanded_pdf_corpus_459_20260811/be4112c3c6af.pdf,bbfac536b2fc7f2eb30a3cafa4b2269ea74b7889aabd91aa61c0e4ed21554b43,/Users/baiyixin/Documents/Survey - design knowledge/expanded_pdf_corpus_459_20260811/be4112c3c6af.pdf,bbfac536b2fc7f2eb30a3cafa4b2269ea74b7889aabd91aa61c0e4ed21554b43,10,pypdf,/Users/baiyixin/Documents/Survey - design knowledge/expanded_pipeline_459_20260811/canonical_text/be4112c3c6af.txt,a90a35a452255a5da61672117a5447636c81da61a30f77a1e47ebc02aab9c43a,47093,236,True,True,analysis_ready,
be45dd819505,Population targeted requirements acquisition,Population targeted requirements acquisition,Design theory,,paper,/Users/baiyixin/Documents/Survey - design knowledge/expanded_pdf_corpus_459_20260811/be45dd819505.pdf,3c7a6446a4a98010e011376610065b4d01582b431bd88d1d401aa79885d13b00,/Users/baiyixin/Documents/Survey - design knowledge/expanded_pdf_corpus_459_20260811/be45dd819505.pdf,3c7a6446a4a98010e011376610065b4d01582b431bd88d1d401aa79885d13b00,71,pypdf,/Users/baiyixin/Documents/Survey - design knowledge/expanded_pipeline_459_20260811/canonical_text/be45dd819505.txt,e32bcab2aacd0263f2036be42097f489345ecccad7c39191b1a78eaad6acf4c8,135681,650,True,True,analysis_ready,
be51adc4b7cc,Development and evaluation of emerging design patterns for ubiquitous computing,Development and evaluation of emerging design patterns for ubiquitous computing,Design Patterns,,paper,/Users/baiyixin/Documents/Survey - design knowledge/expanded_pdf_corpus_459_20260811/be51adc4b7cc.pdf,a34073b6b381b1d25ab444c91db35fc6dfb034d6c599892e9fe53918801c722e,/Users/baiyixin/Documents/Survey - design knowledge/expanded_pdf_corpus_459_20260811/be51adc4b7cc.pdf,a34073b6b381b1d25ab444c91db35fc6dfb034d6c599892e9fe53918801c722e,10,pypdf,/Users/baiyixin/Documents/Survey - design knowledge/expanded_pipeline_459_20260811/canonical_text/be51adc4b7cc.txt,a5378ebd841971a12e786a25d486ff767dd3a36b88be4c8be885441f7fcaa146,42110,204,True,True,analysis_ready,
beaf258777e6,What is the value of design theory?,What is the value of design theory?,Design theory,,paper,/Users/baiyixin/Documents/Survey - design knowledge/expanded_pdf_corpus_459_20260811/beaf258777e6.pdf,57df952d266cfc03ca911c8526c1494b2f734b30fa6ff52609975df7a95d09d8,/Users/baiyixin/Documents/Survey - design knowledge/expanded_pdf_corpus_459_20260811/beaf258777e6.pdf,57df952d266cfc03ca911c8526c1494b2f734b30fa6ff52609975df7a95d09d8,10,pypdf,/Users/baiyixin/Documents/Survey - design knowledge/expanded_pipeline_459_20260811/canonical_text/beaf258777e6.txt,669e684c302b0bce689cea6947f99a5129949dce4b43a8bccf738a9279987750,42269,191,True,True,analysis_ready,
bee7b59885fa,Adapting the FBS Model of Designing for Usage-Driven Innovation Processes,Adapting the FBS Model of Designing for Usage-Driven Innovation Processes,Design methods,,paper,/Users/baiyixin/Documents/Survey - design knowledge/expanded_pdf_corpus_459_20260811/bee7b59885fa.pdf,f7719773fcaaab90c664455a554d4c52557afbb6823ba0cd068447d16f0e213d,/Users/baiyixin/Documents/Survey - design knowledge/expanded_pdf_corpus_459_20260811/bee7b59885fa.pdf,f7719773fcaaab90c664455a554d4c52557afbb6823ba0cd068447d16f0e213d,10,pypdf,/Users/baiyixin/Documents/Survey - design knowledge/expanded_pipeline_459_20260811/canonical_text/bee7b59885fa.txt,7d9a8ae8cf07dd3f5337e67a840cb27be9e374a5d24edf65f11de44356ae8746,48652,218,True,True,analysis_ready,
bf1ef2949b3c,Design patterns: Abstraction and reuse of object-oriented design,Design patterns: Abstraction and reuse of object-oriented design,Design Patterns,,paper,/Users/baiyixin/Documents/Survey - design knowledge/expanded_pdf_corpus_459_20260811/bf1ef2949b3c.pdf,6d452b2a4ff78f30712c0b102e9f9df57077658b85ba1f468462cfa1d1b825c9,/Users/baiyixin/Documents/Survey - design knowledge/expanded_pdf_corpus_459_20260811/bf1ef2949b3c.pdf,6d452b2a4ff78f30712c0b102e9f9df57077658b85ba1f468462cfa1d1b825c9,21,pypdf,/Users/baiyixin/Documents/Survey - design knowledge/expanded_pipeline_459_20260811/canonical_text/bf1ef2949b3c.txt,0bbda0264b29f0f54b803e4556d2ae7c5474afd20b0ac26b7482e20f443f12ba,68035,335,True,True,analysis_ready,
bf31dda38b9e,Instructional transaction theory: instructional design based on knowledge objects,Instructional transaction theory: instructional design based on knowledge objects,Design theory,,paper,/Users/baiyixin/Documents/Survey - design knowledge/expanded_pdf_corpus_459_20260811/bf31dda38b9e.pdf,10dbae8e2c1e1215834af16ca303b37065083e36094e1c02350f47133ca968e0,/Users/baiyixin/Documents/Survey - design knowledge/expanded_pdf_corpus_459_20260811/bf31dda38b9e.pdf,10dbae8e2c1e1215834af16ca303b37065083e36094e1c02350f47133ca968e0,30,pypdf,/Users/baiyixin/Documents/Survey - design knowledge/expanded_pipeline_459_20260811/canonical_text/bf31dda38b9e.txt,9db2281cd73936b0f148ef222b438ba8040b6de71b2f02763c6be85789f14274,63010,335,True,True,analysis_ready,
bfff60a9512a,EVALUATING DESIGN RATIONALE,EVALUATING DESIGN RATIONALE,Design rationale,,paper,/Users/baiyixin/Documents/Survey - design knowledge/expanded_pdf_corpus_459_20260811/bfff60a9512a.pdf,22c722d11c981942e3b4e71e54df5870717d0d4ea030025d06a5373d917faf96,/Users/baiyixin/Documents/Survey - design knowledge/expanded_pdf_corpus_459_20260811/bfff60a9512a.pdf,22c722d11c981942e3b4e71e54df5870717d0d4ea030025d06a5373d917faf96,12,pypdf,/Users/baiyixin/Documents/Survey - design knowledge/expanded_pipeline_459_20260811/canonical_text/bfff60a9512a.txt,3c1987f2a50df5b8d37d6f0d03a2444509197ad23186827daab08793179ea404,57087,279,True,True,analysis_ready,
c0372ed4d123,Web-based information systems: Developing a design theory,Web-based information systems: Developing a design theory,Design theory,,paper,/Users/baiyixin/Documents/Survey - design knowledge/expanded_pdf_corpus_459_20260811/c0372ed4d123.pdf,b6ec7ac753dae9ef0a22d3129174069f81322ddedae4f20524a0532bb19933bf,/Users/baiyixin/Documents/Survey - design knowledge/expanded_pdf_corpus_459_20260811/c0372ed4d123.pdf,b6ec7ac753dae9ef0a22d3129174069f81322ddedae4f20524a0532bb19933bf,6,pypdf,/Users/baiyixin/Documents/Survey - design knowledge/expanded_pipeline_459_20260811/canonical_text/c0372ed4d123.txt,c382da1bf3fb0b55b9b3e560884ab3a1773bb973d47ea2837125c7b39179d426,17118,93,True,True,analysis_ready,
c0efa7750b45,Forms of reasoning in the design science research process,Forms of reasoning in the design science research process,Design knowledge,,paper,/Users/baiyixin/Documents/Survey - design knowledge/expanded_pdf_corpus_459_20260811/c0efa7750b45.pdf,cc99b74e20bafc6c0c1129ddb0c47457da342477085de5e880003fae9369aedf,/Users/baiyixin/Documents/Survey - design knowledge/expanded_pdf_corpus_459_20260811/c0efa7750b45.pdf,cc99b74e20bafc6c0c1129ddb0c47457da342477085de5e880003fae9369aedf,15,pypdf,/Users/baiyixin/Documents/Survey - design knowledge/expanded_pipeline_459_20260811/canonical_text/c0efa7750b45.txt,47f93f12f05f80363c38a99e525e6dadd03bd824c7fa25f19b084a63bde74fdd,44004,212,True,True,analysis_ready,
c1149e306456,DEFINING HUMAN-CENTERED AI: A COMPREHENSIVE REVIEW OF HCAI LITERATURE,DEFINING HUMAN-CENTERED AI: A COMPREHENSIVE REVIEW OF HCAI LITERATURE,Design methods,,paper,/Users/baiyixin/Documents/Survey - design knowledge/expanded_pdf_corpus_459_20260811/c1149e306456.pdf,dafe5742fa2b1f496fd1e6555af645fbc071403d77ec68ee0275686f15e6ab2b,/Users/baiyixin/Documents/Survey - design knowledge/expanded_pdf_corpus_459_20260811/c1149e306456.pdf,dafe5742fa2b1f496fd1e6555af645fbc071403d77ec68ee0275686f15e6ab2b,13,pypdf,/Users/baiyixin/Documents/Survey - design knowledge/expanded_pipeline_459_20260811/canonical_text/c1149e306456.txt,4e8ce60d06d0b1af763119ab523ad3d1daabe574c689c6108bd954cfc5954c96,52350,263,True,True,analysis_ready,
c12e86da6f5e,Revisiting the design intent concept in the context of mechanical CAD education,Revisiting the design intent concept in the context of mechanical CAD education,Design rationale,,paper,/Users/baiyixin/Documents/Survey - design knowledge/expanded_pdf_corpus_459_20260811/c12e86da6f5e.pdf,71653e15ef01bba6ed13d51250ccfb8ad3dae48376678f5018410c440c7be7d5,/Users/baiyixin/Documents/Survey - design knowledge/expanded_pdf_corpus_459_20260811/c12e86da6f5e.pdf,71653e15ef01bba6ed13d51250ccfb8ad3dae48376678f5018410c440c7be7d5,14,pypdf,/Users/baiyixin/Documents/Survey - design knowledge/expanded_pipeline_459_20260811/canonical_text/c12e86da6f5e.txt,bcd7f125e0340da09a141ff6b1ec47690e5667dffa0880dab20e3ee58148de22,62494,210,True,True,analysis_ready,
c1b4dc1ba8ba,A mathematical theory of design: representation of design artifacts (Part I),A mathematical theory of design: representation of design artifacts (Part I),Design theory,,paper,/Users/baiyixin/Documents/Survey - design knowledge/expanded_pdf_corpus_459_20260811/c1b4dc1ba8ba.pdf,80baf468295c218690292fce468ccd2e2118f26674fd7eb80cb58738f1b93b7e,/Users/baiyixin/Documents/Survey - design knowledge/expanded_pdf_corpus_459_20260811/c1b4dc1ba8ba.pdf,80baf468295c218690292fce468ccd2e2118f26674fd7eb80cb58738f1b93b7e,45,pypdf,/Users/baiyixin/Documents/Survey - design knowledge/expanded_pipeline_459_20260811/canonical_text/c1b4dc1ba8ba.txt,e5ad560908317dc5dea164ff0302980a73f637b01946ace6898da496c506b49f,88771,414,True,True,analysis_ready,
c1db52f69aae,Editorial: A Critical Look at Theories in Design Science Research,Editorial: A Critical Look at Theories in Design Science Research,Design theory,excluded_scope_editorial,paper,/Users/baiyixin/Documents/Survey - design knowledge/expanded_pdf_corpus_459_20260811/c1db52f69aae.pdf,,,,,,,,0,0,True,False,excluded_scope_editorial,"Excluded by corpus decision on 2026-07-28. Although the document critically reviews design theories, its publication type is an editorial and editorials are outside the retained survey/book-chapter corpus scope. Preserve the source PDF for audit, but exclude it from canonical analysis input, embeddings, clustering, and citation-graph assignments."
c216cc01fe23,A Preliminary Proposal Towards Unambiguous Definitions for Modular Interfaces and Interactions,A Preliminary Proposal Towards Unambiguous Definitions for Modular Interfaces and Interactions,Design Guidelines,,paper,/Users/baiyixin/Documents/Survey - design knowledge/expanded_pdf_corpus_459_20260811/c216cc01fe23.pdf,9973a992a49ca88ead2e30e6462ea26f8ab7a8379fe53125764d58cfc60da407,/Users/baiyixin/Documents/Survey - design knowledge/expanded_pdf_corpus_459_20260811/c216cc01fe23.pdf,9973a992a49ca88ead2e30e6462ea26f8ab7a8379fe53125764d58cfc60da407,10,pypdf,/Users/baiyixin/Documents/Survey - design knowledge/expanded_pipeline_459_20260811/canonical_text/c216cc01fe23.txt,6b090961456c0d98833d52d4549c3986b483a13a719f3e93e278e713a4348075,39737,190,True,True,analysis_ready,
c2c57ac5453e,"Theory construction in design research. Criteria, approaches, and methods.","Theory construction in design research. Criteria, approaches, and methods.",Design theory,,paper,/Users/baiyixin/Documents/Survey - design knowledge/expanded_pdf_corpus_459_20260811/c2c57ac5453e.pdf,c9b872af67bbbda1b2cf9ebf03af996704b687fbcc03ba35a87f33c4c4d07831,/Users/baiyixin/Documents/Survey - design knowledge/expanded_pdf_corpus_459_20260811/c2c57ac5453e.pdf,c9b872af67bbbda1b2cf9ebf03af996704b687fbcc03ba35a87f33c4c4d07831,16,pypdf,/Users/baiyixin/Documents/Survey - design knowledge/expanded_pipeline_459_20260811/canonical_text/c2c57ac5453e.txt,b8e7dd5ae5486bbbe2346d007803f2b0466fb02a44035e91433ad4b29e700fd9,46543,214,True,True,analysis_ready,
c3005cf4cf75,Design as interactions of problem framing and problem solving,Design as interactions of problem framing and problem solving,Design theory,,paper,/Users/baiyixin/Documents/Survey - design knowledge/expanded_pdf_corpus_459_20260811/c3005cf4cf75.pdf,c2de5393d1543cc48becdadca591702157f35c3ed9d23414d08b0f7aa06520fb,/Users/baiyixin/Documents/Survey - design knowledge/expanded_pdf_corpus_459_20260811/c3005cf4cf75.pdf,c2de5393d1543cc48becdadca591702157f35c3ed9d23414d08b0f7aa06520fb,5,pypdf,/Users/baiyixin/Documents/Survey - design knowledge/expanded_pipeline_459_20260811/canonical_text/c3005cf4cf75.txt,97ccb4725fc4fbacfbd74bf17ed68bd0995e31cdba2a9958d6ca735ffa64369b,36710,197,True,True,analysis_ready,
c3b41755b43d,Extended General Design Theory. Revised,Extended General Design Theory. Revised,Design theory,,paper,/Users/baiyixin/Documents/Survey - design knowledge/expanded_pdf_corpus_459_20260811/c3b41755b43d.pdf,976002a4237b1a2df03cb11be641a6152fecd0ecd4b0382c09d70ad413416807,/Users/baiyixin/Documents/Survey - design knowledge/expanded_pdf_corpus_459_20260811/c3b41755b43d.pdf,976002a4237b1a2df03cb11be641a6152fecd0ecd4b0382c09d70ad413416807,6,pypdf,/Users/baiyixin/Documents/Survey - design knowledge/expanded_pipeline_459_20260811/canonical_text/c3b41755b43d.txt,a4243f34f468dcb4f173c9fbfde1c2b74efd99eafafc6a189e16dbe9271eb052,14976,15,True,True,analysis_ready,
c403cb52fbf7,"Exploring co-design: a systematic review of concepts, processes, models, and frameworks used in public health research","Exploring co-design: a systematic review of concepts, processes, models, and frameworks used in public health research",Design theory,,paper,/Users/baiyixin/Documents/Survey - design knowledge/expanded_pdf_corpus_459_20260811/c403cb52fbf7.pdf,47046d9b84d12930417fcfa70e2b51558e0911bf33c183d32cd0ebd8f23b2cf0,/Users/baiyixin/Documents/Survey - design knowledge/expanded_pdf_corpus_459_20260811/c403cb52fbf7.pdf,47046d9b84d12930417fcfa70e2b51558e0911bf33c183d32cd0ebd8f23b2cf0,24,pypdf,/Users/baiyixin/Documents/Survey - design knowledge/expanded_pipeline_459_20260811/canonical_text/c403cb52fbf7.txt,4e276ee804a5a59cf47e88b83e73bed2d33956ebed795d413946a0db81ac509a,80927,342,True,True,analysis_ready,
c5d4c66275a8,Towards a Theory Driven Foundational Model for Design: Rethinking Requirement Elicitation for Special Needs,Towards a Theory Driven Foundational Model for Design: Rethinking Requirement Elicitation for Special Needs,Design knowledge,,paper,/Users/baiyixin/Documents/Survey - design knowledge/expanded_pdf_corpus_459_20260811/c5d4c66275a8.pdf,48a104e8bbbc09cc16d77e96fec64674e321a23fd7c10101d1296f9fab30eafd,/Users/baiyixin/Documents/Survey - design knowledge/expanded_pdf_corpus_459_20260811/c5d4c66275a8.pdf,48a104e8bbbc09cc16d77e96fec64674e321a23fd7c10101d1296f9fab30eafd,13,pypdf,/Users/baiyixin/Documents/Survey - design knowledge/expanded_pipeline_459_20260811/canonical_text/c5d4c66275a8.txt,f4205fe20eccf29db9e8d2dc06f1b5f8988ac256a83c15fbb489dc0b5906ac55,67982,227,True,True,analysis_ready,
c6955d14d66c,Dialogue appropriate to assistive technology product design: A taxonomy of communication formats in relation to modes of sensory perception,Dialogue appropriate to assistive technology product design: A taxonomy of communication formats in relation to modes of sensory perception,Design Heuristics,,paper,/Users/baiyixin/Documents/Survey - design knowledge/expanded_pdf_corpus_459_20260811/c6955d14d66c.pdf,bd94e38b8672f4719dff9458a5adc34be248fa2e6eb704a5fb7c2b8b576733c1,/Users/baiyixin/Documents/Survey - design knowledge/expanded_pdf_corpus_459_20260811/c6955d14d66c.pdf,bd94e38b8672f4719dff9458a5adc34be248fa2e6eb704a5fb7c2b8b576733c1,15,pypdf,/Users/baiyixin/Documents/Survey - design knowledge/expanded_pipeline_459_20260811/canonical_text/c6955d14d66c.txt,1cbef185010c25fb64f7110ec4342242f7fc23edc4756f18a5744c7d8af11336,55882,234,True,True,analysis_ready,
c6c22fc10c10,Ecological interface design: theoretical foundations,Ecological interface design: theoretical foundations,Design principles,,paper,/Users/baiyixin/Documents/Survey - design knowledge/expanded_pdf_corpus_459_20260811/c6c22fc10c10.pdf,c07eac79eb6a748badd1075de914a0343c4b75268616b58d242e662d12a0a5dd,/Users/baiyixin/Documents/Survey - design knowledge/expanded_pdf_corpus_459_20260811/c6c22fc10c10.pdf,c07eac79eb6a748badd1075de914a0343c4b75268616b58d242e662d12a0a5dd,44,pypdf,/Users/baiyixin/Documents/Survey - design knowledge/expanded_pipeline_459_20260811/canonical_text/c6c22fc10c10.txt,b7b4b5abd60a9121a24c026d0b760d845cf13b106cac300cff3d9d0bc1003f3b,124263,654,True,True,analysis_ready,
c6dce869a98c,Towards normal design for safety-critical systems,Towards normal design for safety-critical systems,Design rationale,,paper,/Users/baiyixin/Documents/Survey - design knowledge/expanded_pdf_corpus_459_20260811/c6dce869a98c.pdf,47393c87d610b038d209f51ce0e4985c785b0d68fc8c82cd414bcd02e56191fc,/Users/baiyixin/Documents/Survey - design knowledge/expanded_pdf_corpus_459_20260811/c6dce869a98c.pdf,47393c87d610b038d209f51ce0e4985c785b0d68fc8c82cd414bcd02e56191fc,452,pypdf,/Users/baiyixin/Documents/Survey - design knowledge/expanded_pipeline_459_20260811/canonical_text/c6dce869a98c.txt,c539b8fe96cfba570c830bc680991510261fbcc505cec12745aaacda53502054,1225710,6164,True,True,analysis_ready,
c6e7060b0fa0,LabelPatterns.org: A comprehensive pattern library for consumer-decision labels,LabelPatterns.org: A comprehensive pattern library for consumer-decision labels,Design Patterns,,paper,/Users/baiyixin/Documents/Survey - design knowledge/expanded_pdf_corpus_459_20260811/c6e7060b0fa0.pdf,4f4af839d9f3a3561f14c4adadede563e36533ed3027d1781e16cf53e4f877b0,/Users/baiyixin/Documents/Survey - design knowledge/expanded_pdf_corpus_459_20260811/c6e7060b0fa0.pdf,4f4af839d9f3a3561f14c4adadede563e36533ed3027d1781e16cf53e4f877b0,9,pypdf,/Users/baiyixin/Documents/Survey - design knowledge/expanded_pipeline_459_20260811/canonical_text/c6e7060b0fa0.txt,9867b07335b164a7b8b25437aceeb7f5d9b84736e107f61923060ea6b130f269,32266,164,True,True,analysis_ready,
c7afdd089fdd,Toward patterns for collaborative knowledge creation,Toward patterns for collaborative knowledge creation,Design Patterns,,paper,/Users/baiyixin/Documents/Survey - design knowledge/expanded_pdf_corpus_459_20260811/c7afdd089fdd.pdf,44e31e6ebcd6aff697e42eb576f221dfc4422f018f35d0a44ee9cd0b8ae0c156,/Users/baiyixin/Documents/Survey - design knowledge/expanded_pdf_corpus_459_20260811/c7afdd089fdd.pdf,44e31e6ebcd6aff697e42eb576f221dfc4422f018f35d0a44ee9cd0b8ae0c156,6,pypdf,/Users/baiyixin/Documents/Survey - design knowledge/expanded_pipeline_459_20260811/canonical_text/c7afdd089fdd.txt,13ce5c9617368bc08dd7917be483cac10fd8982125bf494526adf8c6e1431a2c,18526,80,True,True,analysis_ready,
c7ed46400a28,Exploring the design space of composite visualization,Exploring the design space of composite visualization,Design Patterns,,paper,/Users/baiyixin/Documents/Survey - design knowledge/expanded_pdf_corpus_459_20260811/c7ed46400a28.pdf,4835f398af291e207ca54935b427a8bcdd03ef59bd582f7638002d4c18f4a18c,/Users/baiyixin/Documents/Survey - design knowledge/expanded_pdf_corpus_459_20260811/c7ed46400a28.pdf,4835f398af291e207ca54935b427a8bcdd03ef59bd582f7638002d4c18f4a18c,8,pypdf,/Users/baiyixin/Documents/Survey - design knowledge/expanded_pipeline_459_20260811/canonical_text/c7ed46400a28.txt,1ddcb1c4da010b131db3afec251b04abf9b68f600082f8f3c397745ba2dd848f,47044,237,True,True,analysis_ready,
c90163fa7f57,A new model to express and capture the design rationale in the documents,A new model to express and capture the design rationale in the documents,Design knowledge,,paper,/Users/baiyixin/Documents/Survey - design knowledge/expanded_pdf_corpus_459_20260811/c90163fa7f57.pdf,32481ce646d6c6ef8cbdf86c0243d79af032df00c961bda3dd70df5738c39894,/Users/baiyixin/Documents/Survey - design knowledge/expanded_pdf_corpus_459_20260811/c90163fa7f57.pdf,32481ce646d6c6ef8cbdf86c0243d79af032df00c961bda3dd70df5738c39894,5,pypdf,/Users/baiyixin/Documents/Survey - design knowledge/expanded_pipeline_459_20260811/canonical_text/c90163fa7f57.txt,1acf59fb15453f053b39a3e4214ba30ef776d0520c36e0b1967b1d594bf75e79,23012,94,True,True,analysis_ready,
c9175ef9ebfe,Management design theories,Management design theories,Design theory,,paper,/Users/baiyixin/Documents/Survey - design knowledge/expanded_pdf_corpus_459_20260811/c9175ef9ebfe.pdf,324771a86c9c08f71e2e0c7a462b3154c036928a265e9e4f98694d8d9e5fbf3f,/Users/baiyixin/Documents/Survey - design knowledge/expanded_pdf_corpus_459_20260811/c9175ef9ebfe.pdf,324771a86c9c08f71e2e0c7a462b3154c036928a265e9e4f98694d8d9e5fbf3f,19,pypdf,/Users/baiyixin/Documents/Survey - design knowledge/expanded_pipeline_459_20260811/canonical_text/c9175ef9ebfe.txt,6477e84ce97f5e70aebeeecc3d9364109771d3fcb45e5e1a84e83e3a54c6db6c,54100,287,True,True,analysis_ready,
ca1427a57062,The retrieval of structured design rationale for the re-use of design knowledge with an integrated representation,The retrieval of structured design rationale for the re-use of design knowledge with an integrated representation,Design knowledge,,paper,/Users/baiyixin/Documents/Survey - design knowledge/expanded_pdf_corpus_459_20260811/ca1427a57062.pdf,2b6b427ec5e72a0aab0a7edc5e066b85c93dfcbc960798a8af8d5ec510399313,/Users/baiyixin/Documents/Survey - design knowledge/expanded_pdf_corpus_459_20260811/ca1427a57062.pdf,2b6b427ec5e72a0aab0a7edc5e066b85c93dfcbc960798a8af8d5ec510399313,10,pypdf,/Users/baiyixin/Documents/Survey - design knowledge/expanded_pipeline_459_20260811/canonical_text/ca1427a57062.txt,a655beb7c6cf0413ad3fec72f3a3711008d8391f1b41675ecfce220fa44de315,39576,204,True,True,analysis_ready,
ca185d91b684,Embracing Non-Natural Design in Human-Computer Interaction,Embracing Non-Natural Design in Human-Computer Interaction,Design Guidelines,,paper,/Users/baiyixin/Documents/Survey - design knowledge/expanded_pdf_corpus_459_20260811/ca185d91b684.pdf,ab56ab251204b0673fd0b64549c2feac100fe0e3c694f36e2809f78f2569b2e7,/Users/baiyixin/Documents/Survey - design knowledge/expanded_pdf_corpus_459_20260811/ca185d91b684.pdf,ab56ab251204b0673fd0b64549c2feac100fe0e3c694f36e2809f78f2569b2e7,1,pypdf,/Users/baiyixin/Documents/Survey - design knowledge/expanded_pipeline_459_20260811/canonical_text/ca185d91b684.txt,106562f77b4d78836ff36731f913cc38a1fac6121f596792f8c7d619cf757162,6375,25,True,True,analysis_ready,
ca409db2dd49,A design theory for managing software process improvement,A design theory for managing software process improvement,Design theory,,paper,/Users/baiyixin/Documents/Survey - design knowledge/expanded_pdf_corpus_459_20260811/ca409db2dd49.pdf,cf96636714420d37d69b3fd29a93e7f36634ca37a748ce144d458bf500377af7,/Users/baiyixin/Documents/Survey - design knowledge/expanded_pdf_corpus_459_20260811/ca409db2dd49.pdf,cf96636714420d37d69b3fd29a93e7f36634ca37a748ce144d458bf500377af7,2,pypdf,/Users/baiyixin/Documents/Survey - design knowledge/expanded_pipeline_459_20260811/canonical_text/ca409db2dd49.txt,decee1f0e96f45eaaaab22bc4a3729685a803875e35a4fbb24f63763c1fc9676,9478,51,True,True,analysis_ready,
ca4fa896aabc,A design pattern approach to bitemporal data modeling,A design pattern approach to bitemporal data modeling,Design Patterns,,paper,/Users/baiyixin/Documents/Survey - design knowledge/expanded_pdf_corpus_459_20260811/ca4fa896aabc.pdf,9d6dd0be7a2e10751e7704ea91f039f696fbad1d2a9a9003be19a20041fd35ae,/Users/baiyixin/Documents/Survey - design knowledge/expanded_pdf_corpus_459_20260811/ca4fa896aabc.pdf,9d6dd0be7a2e10751e7704ea91f039f696fbad1d2a9a9003be19a20041fd35ae,4,pypdf,/Users/baiyixin/Documents/Survey - design knowledge/expanded_pipeline_459_20260811/canonical_text/ca4fa896aabc.txt,88738b41b135f9dc1767c9db9eb35541e85f010f31fc02de602a7d095d90747b,17763,89,True,True,analysis_ready,
cb7daae2b94f,User Experience Design in Professional Map-Based Geo-Portals,User Experience Design in Professional Map-Based Geo-Portals,Design Guidelines,,paper,/Users/baiyixin/Documents/Survey - design knowledge/expanded_pdf_corpus_459_20260811/cb7daae2b94f.pdf,f04fdae74814774a81e55c03d28be5ff13b8dfc4005a004e81c9c65a472f46d6,/Users/baiyixin/Documents/Survey - design knowledge/expanded_pdf_corpus_459_20260811/cb7daae2b94f.pdf,f04fdae74814774a81e55c03d28be5ff13b8dfc4005a004e81c9c65a472f46d6,23,pypdf,/Users/baiyixin/Documents/Survey - design knowledge/expanded_pipeline_459_20260811/canonical_text/cb7daae2b94f.txt,e4c3e2065cb9af7cee5a8845989a2ad3ab47eeeecf4eb1471652f1fca72f5428,74468,366,True,True,analysis_ready,
cc5e9fe45cc6,A study of practice based design research models from knowledge integration perspective,A study of practice based design research models from knowledge integration perspective,Design knowledge,,paper,/Users/baiyixin/Documents/Survey - design knowledge/expanded_pdf_corpus_459_20260811/cc5e9fe45cc6.pdf,abf8f4fe09c1bca2080252e429c225bd9cd02dba943baf514eadaf75c0917058,/Users/baiyixin/Documents/Survey - design knowledge/expanded_pdf_corpus_459_20260811/cc5e9fe45cc6.pdf,abf8f4fe09c1bca2080252e429c225bd9cd02dba943baf514eadaf75c0917058,12,pypdf,/Users/baiyixin/Documents/Survey - design knowledge/expanded_pipeline_459_20260811/canonical_text/cc5e9fe45cc6.txt,d07cca165156a086709f40fdb75b1cb0afbc7939405f5bd3e244b69995c5892e,34708,169,True,True,analysis_ready,
ccc616a68c38,Towards Creating a Body of Evidence-based Interactive Digital Narrative Design Knowledge: Approaches and Challenges,Towards Creating a Body of Evidence-based Interactive Digital Narrative Design Knowledge: Approaches and Challenges,Design knowledge,,paper,/Users/baiyixin/Documents/Survey - design knowledge/expanded_pdf_corpus_459_20260811/ccc616a68c38.pdf,58ac858696817219a56a197221d151d4d53cd12df12de93ccac4b0f50f5f0751,/Users/baiyixin/Documents/Survey - design knowledge/expanded_pdf_corpus_459_20260811/ccc616a68c38.pdf,58ac858696817219a56a197221d151d4d53cd12df12de93ccac4b0f50f5f0751,6,pypdf,/Users/baiyixin/Documents/Survey - design knowledge/expanded_pipeline_459_20260811/canonical_text/ccc616a68c38.txt,44aab790b7f97a17314ad6719e4f436f96931f7df61275ac028e8c752f1f02d6,38286,164,True,True,analysis_ready,
cd211147691a,Design heuristics set for X: A design aid for assistive product concept generation,Design heuristics set for X: A design aid for assistive product concept generation,Design Heuristics,,paper,/Users/baiyixin/Documents/Survey - design knowledge/expanded_pdf_corpus_459_20260811/cd211147691a.pdf,5fbed9c46d8ede880a9bdad7474248ba3f2dc1dd930a858ea1823a4c377b1324,/Users/baiyixin/Documents/Survey - design knowledge/expanded_pdf_corpus_459_20260811/cd211147691a.pdf,5fbed9c46d8ede880a9bdad7474248ba3f2dc1dd930a858ea1823a4c377b1324,38,pypdf,/Users/baiyixin/Documents/Survey - design knowledge/expanded_pipeline_459_20260811/canonical_text/cd211147691a.txt,5c0e1fa59fb0ec6d90ff1840f7d17f0a52905340b97bc0d8a9fbc9485ef6ac5c,100895,428,True,True,analysis_ready,
cd42a6611470,"Principles, patterns, and techniques for designing and implementing practical fluent interfaces in Java","Principles, patterns, and techniques for designing and implementing practical fluent interfaces in Java",Design Patterns,,paper,/Users/baiyixin/Documents/Survey - design knowledge/expanded_pdf_corpus_459_20260811/cd42a6611470.pdf,bde6b3ce6f9e481ad5f19ad7a47dcebdd6c93abfa9954cc6b80480b308b60b3c,/Users/baiyixin/Documents/Survey - design knowledge/expanded_pdf_corpus_459_20260811/cd42a6611470.pdf,bde6b3ce6f9e481ad5f19ad7a47dcebdd6c93abfa9954cc6b80480b308b60b3c,3,pypdf,/Users/baiyixin/Documents/Survey - design knowledge/expanded_pipeline_459_20260811/canonical_text/cd42a6611470.txt,91b38dca8560f4bd1a0f027f7523ec5e1dc3267c266e9b346e4a7d1ecec764a3,12619,63,True,True,analysis_ready,
cda6c6785f0a,The design of social drones: a review of studies on autonomous flyers in inhabited environments,The design of social drones: a review of studies on autonomous flyers in inhabited environments,Design knowledge,,paper,/Users/baiyixin/Documents/Survey - design knowledge/expanded_pdf_corpus_459_20260811/cda6c6785f0a.pdf,5c18413f91a479cb60fe67226b16f8fe30e77cd5c0423e9e8ea6c05b750f6b93,/Users/baiyixin/Documents/Survey - design knowledge/expanded_pdf_corpus_459_20260811/cda6c6785f0a.pdf,5c18413f91a479cb60fe67226b16f8fe30e77cd5c0423e9e8ea6c05b750f6b93,13,pypdf,/Users/baiyixin/Documents/Survey - design knowledge/expanded_pipeline_459_20260811/canonical_text/cda6c6785f0a.txt,f29013438cb373abf880e4a596185b9fcbb402bb289418c93d76a7992367ab8a,71422,292,True,True,analysis_ready,
cdd6de21b74b,Evidence-based design heuristics for idea generation,Evidence-based design heuristics for idea generation,Design Heuristics,,paper,/Users/baiyixin/Documents/Survey - design knowledge/expanded_pdf_corpus_459_20260811/cdd6de21b74b.pdf,f60aca6a410103ade47a5b43fbd7513ff377f1de5ea86bbd98cda47504b0e77f,/Users/baiyixin/Documents/Survey - design knowledge/expanded_pdf_corpus_459_20260811/cdd6de21b74b.pdf,f60aca6a410103ade47a5b43fbd7513ff377f1de5ea86bbd98cda47504b0e77f,30,pypdf,/Users/baiyixin/Documents/Survey - design knowledge/expanded_pipeline_459_20260811/canonical_text/cdd6de21b74b.txt,014ffab68dd4395fedef76caeb53fecccb0f6d8ac5171703e097865b79d16d54,58855,280,True,True,analysis_ready,
ce5d2c17f94f,"Like PEAS in PoDS: the player, environment, agents, system framework for the personalization of digital systems","Like PEAS in PoDS: the player, environment, agents, system framework for the personalization of digital systems",Design frameworks,,paper,/Users/baiyixin/Documents/Survey - design knowledge/expanded_pdf_corpus_459_20260811/ce5d2c17f94f.pdf,12c4efa982b9780d589f5fb47a6eb3047f3659198ae7e3e2f85f81fae403ab79,/Users/baiyixin/Documents/Survey - design knowledge/expanded_pdf_corpus_459_20260811/ce5d2c17f94f.pdf,12c4efa982b9780d589f5fb47a6eb3047f3659198ae7e3e2f85f81fae403ab79,15,pypdf,/Users/baiyixin/Documents/Survey - design knowledge/expanded_pipeline_459_20260811/canonical_text/ce5d2c17f94f.txt,74d1822a2a979a39fdaa506eb1bfc8a4f8a074d9785492b4961f1e6cbd1bbd03,111831,560,True,True,analysis_ready,
ce6761927633,Definition and use of software requirement patterns in requirements engineering,Definition and use of software requirement patterns in requirements engineering,Design Patterns,,paper,/Users/baiyixin/Documents/Survey - design knowledge/expanded_pdf_corpus_459_20260811/ce6761927633.pdf,2c60870d3adfb2fa8a08efb1d8c7742d98cd2cfcbe8c411520cd5828d810bd5d,/Users/baiyixin/Documents/Survey - design knowledge/expanded_pdf_corpus_459_20260811/ce6761927633.pdf,2c60870d3adfb2fa8a08efb1d8c7742d98cd2cfcbe8c411520cd5828d810bd5d,7,pypdf,/Users/baiyixin/Documents/Survey - design knowledge/expanded_pipeline_459_20260811/canonical_text/ce6761927633.txt,ebd800c6aa7a30305b005597488ac04f326db8ab6f49028959753a73c7345718,21837,102,True,True,analysis_ready,
ceac90427122,Design-oriented human-computer interaction,Design-oriented human-computer interaction,Design theory,,paper,/Users/baiyixin/Documents/Survey - design knowledge/expanded_pdf_corpus_459_20260811/ceac90427122.pdf,418e929f2987ca73d3136aa2ca0ef8a79d3dc38e8c1a09e4c56d5a8dd123d31d,/Users/baiyixin/Documents/Survey - design knowledge/expanded_pdf_corpus_459_20260811/ceac90427122.pdf,418e929f2987ca73d3136aa2ca0ef8a79d3dc38e8c1a09e4c56d5a8dd123d31d,8,pypdf,/Users/baiyixin/Documents/Survey - design knowledge/expanded_pipeline_459_20260811/canonical_text/ceac90427122.txt,a61ae774f5ed08b30a6b9dd89ab726558ae6d657e47c01bccd86767b12a96f5c,47488,202,True,True,analysis_ready,
cf2ee8097a06,"Design Rules, Volume 2: Chapter 4—The Mirroring Hypothesis: Linkages Inside and Across Transaction Free Zones","Design Rules, Volume 2: Chapter 4—The Mirroring Hypothesis: Linkages Inside and Across Transaction Free Zones",Design Rules,,paper,/Users/baiyixin/Documents/Survey - design knowledge/expanded_pdf_corpus_459_20260811/cf2ee8097a06.pdf,6d4d1d4ae50cd040910cf89fbb5e11f80586f2353d97fccf921eba0f0bb7b1d2,/Users/baiyixin/Documents/Survey - design knowledge/expanded_pdf_corpus_459_20260811/cf2ee8097a06.pdf,6d4d1d4ae50cd040910cf89fbb5e11f80586f2353d97fccf921eba0f0bb7b1d2,26,pypdf,/Users/baiyixin/Documents/Survey - design knowledge/expanded_pipeline_459_20260811/canonical_text/cf2ee8097a06.txt,f453f6a0252df90c03a22e6cee2d9f6cf1650f2591b4dcfe6ca448af8eb5e695,65825,319,True,True,analysis_ready,
d012dd1ac1d7,Semantic analysis patterns,Semantic analysis patterns,Design Patterns,,paper,/Users/baiyixin/Documents/Survey - design knowledge/expanded_pdf_corpus_459_20260811/d012dd1ac1d7.pdf,7488953dc3b8d7349265d5699cb7680d041d7fdd1a23b9d86c16ab32b9de4c4b,/Users/baiyixin/Documents/Survey - design knowledge/expanded_pdf_corpus_459_20260811/d012dd1ac1d7.pdf,7488953dc3b8d7349265d5699cb7680d041d7fdd1a23b9d86c16ab32b9de4c4b,13,pypdf,/Users/baiyixin/Documents/Survey - design knowledge/expanded_pipeline_459_20260811/canonical_text/d012dd1ac1d7.txt,582832801255500bb496e2a53ebbed7c15bfa17bda06b57a2e8cb943e1a99185,23289,137,True,True,analysis_ready,
d0a17557440f,Avoiding virtual dystopia: A design theory for emancipatory participatory immersive platforms,Avoiding virtual dystopia: A design theory for emancipatory participatory immersive platforms,Design Guidelines,,paper,/Users/baiyixin/Documents/Survey - design knowledge/expanded_pdf_corpus_459_20260811/d0a17557440f.pdf,0d5987a9df763321b1165eadc55d6e73761b53c4836182d4843652b6cf91a2b7,/Users/baiyixin/Documents/Survey - design knowledge/expanded_pdf_corpus_459_20260811/d0a17557440f.pdf,0d5987a9df763321b1165eadc55d6e73761b53c4836182d4843652b6cf91a2b7,22,pypdf,/Users/baiyixin/Documents/Survey - design knowledge/expanded_pipeline_459_20260811/canonical_text/d0a17557440f.txt,d77ae5515dc245abe02eebf4e9893b7a9cc727c4b9fec63bc55731cc06464231,138500,610,True,True,analysis_ready,
d0a936b480d4,Acquiring educational access for neurodiverse learners through multisensory design principles,Acquiring educational access for neurodiverse learners through multisensory design principles,Design principles,,paper,/Users/baiyixin/Documents/Survey - design knowledge/expanded_pdf_corpus_459_20260811/d0a936b480d4.pdf,44dadc50f6557d0bbf742c52dd71d3ac13b48edd1ae2a070a83cbc73615ef7b8,/Users/baiyixin/Documents/Survey - design knowledge/expanded_pdf_corpus_459_20260811/d0a936b480d4.pdf,44dadc50f6557d0bbf742c52dd71d3ac13b48edd1ae2a070a83cbc73615ef7b8,4,pypdf,/Users/baiyixin/Documents/Survey - design knowledge/expanded_pipeline_459_20260811/canonical_text/d0a936b480d4.txt,e86233d97deb7f1341e60c1a29d8098c4bce6342ff686dacf4caa3b72939db4d,25622,110,True,True,analysis_ready,
d14d96f15e60,Revisiting the Design Patterns of Composite Visualizations,Revisiting the Design Patterns of Composite Visualizations,Design Patterns,,paper,/Users/baiyixin/Documents/Survey - design knowledge/expanded_pdf_corpus_459_20260811/d14d96f15e60.pdf,71024559b7a2097b0b4f1d4b8a5a169245396a802f6c19cd8b6a46bc8036639f,/Users/baiyixin/Documents/Survey - design knowledge/expanded_pdf_corpus_459_20260811/d14d96f15e60.pdf,71024559b7a2097b0b4f1d4b8a5a169245396a802f6c19cd8b6a46bc8036639f,16,pypdf,/Users/baiyixin/Documents/Survey - design knowledge/expanded_pipeline_459_20260811/canonical_text/d14d96f15e60.txt,b9697fe67175c0ef498de024cfd086f7cb45bb99c21effc6330e7595eb9edd7f,91253,453,True,True,analysis_ready,
d19f5f66d2ba,A Survey of Definition and its Role in Strengthening Design Theory,A Survey of Definition and its Role in Strengthening Design Theory,Design theory,approved_single,paper,/Users/baiyixin/Documents/Survey - design knowledge/expanded_pdf_corpus_459_20260811/d19f5f66d2ba.pdf,de3238c9d41287f142e2e8e76362706b1f84f11ebca9c42c2ca2d47b663a59ce,/Users/baiyixin/Documents/Survey - design knowledge/expanded_pdf_corpus_459_20260811/d19f5f66d2ba.pdf,de3238c9d41287f142e2e8e76362706b1f84f11ebca9c42c2ca2d47b663a59ce,13,pypdf,/Users/baiyixin/Documents/Survey - design knowledge/expanded_pipeline_459_20260811/canonical_text/d19f5f66d2ba.txt,eec3ebc9af0759be464412d62d775453240305df1b27d8cfb09d9c0ccb682b4b,41911,178,True,True,analysis_ready,"Visually verified: page 1 is the repository cover for the target paper, page 2 begins the article, and page 13 completes the author information."
d1e78ef0032e,Dark Patterns: Towards a Socio-technical Approach,Dark Patterns: Towards a Socio-technical Approach,Design Patterns,,paper,/Users/baiyixin/Documents/Survey - design knowledge/expanded_pdf_corpus_459_20260811/d1e78ef0032e.pdf,ea0d840aeddc38197b55b0f6a578c99a408610f74e7a5f8db2516050b44f8e45,/Users/baiyixin/Documents/Survey - design knowledge/expanded_pdf_corpus_459_20260811/d1e78ef0032e.pdf,ea0d840aeddc38197b55b0f6a578c99a408610f74e7a5f8db2516050b44f8e45,7,pypdf,/Users/baiyixin/Documents/Survey - design knowledge/expanded_pipeline_459_20260811/canonical_text/d1e78ef0032e.txt,375e489462ac8fd5e7f1d2055ddfe874dfbc786d39a0f1047bba02e196020aa1,40681,196,True,True,analysis_ready,
d24e6cf8ae6a,Physical Design Cognition: A Non-‐symbolic Formalization for Performing Design Knowledge,Physical Design Cognition: A Non-‐symbolic Formalization for Performing Design Knowledge,Design knowledge,,paper,/Users/baiyixin/Documents/Survey - design knowledge/expanded_pdf_corpus_459_20260811/d24e6cf8ae6a.pdf,8646a00904eab6638bcc66ae6d7a3332e8086c53f26ca9999fa0da86786dd081,/Users/baiyixin/Documents/Survey - design knowledge/expanded_pdf_corpus_459_20260811/d24e6cf8ae6a.pdf,8646a00904eab6638bcc66ae6d7a3332e8086c53f26ca9999fa0da86786dd081,5,pypdf,/Users/baiyixin/Documents/Survey - design knowledge/expanded_pipeline_459_20260811/canonical_text/d24e6cf8ae6a.txt,5b729193dd2c9bff3b78aab0d18d1810d6dadf72c4499ed08554fc83b6b6cdb8,24641,104,True,True,analysis_ready,
d250dc6eb9d9,Systems Thinking and Design Thinking: The Search for Principles in the World We Are Making,Systems Thinking and Design Thinking: The Search for Principles in the World We Are Making,Design theory,,paper,/Users/baiyixin/Documents/Survey - design knowledge/expanded_pdf_corpus_459_20260811/d250dc6eb9d9.pdf,de517a165d84e61a915f7707b94db7596d1a636982e6ce7c72117fb3a03f7677,/Users/baiyixin/Documents/Survey - design knowledge/expanded_pdf_corpus_459_20260811/d250dc6eb9d9.pdf,de517a165d84e61a915f7707b94db7596d1a636982e6ce7c72117fb3a03f7677,20,pypdf,/Users/baiyixin/Documents/Survey - design knowledge/expanded_pipeline_459_20260811/canonical_text/d250dc6eb9d9.txt,70255e3d7e6c1381e494a8de8eaca53c312692bcc8057087575d6a39e8161a99,88206,379,True,True,analysis_ready,
d2fba2826d90,Design Principles for Platform-Enabled Knowledge Commons with an Expository Instantiation,Design Principles for Platform-Enabled Knowledge Commons with an Expository Instantiation,Design theory,,paper,/Users/baiyixin/Documents/Survey - design knowledge/expanded_pdf_corpus_459_20260811/d2fba2826d90.pdf,b3e30555a28d5107ed4930295ad278ddf3f1711aaf167f2dc5521c2e6316182d,/Users/baiyixin/Documents/Survey - design knowledge/expanded_pdf_corpus_459_20260811/d2fba2826d90.pdf,b3e30555a28d5107ed4930295ad278ddf3f1711aaf167f2dc5521c2e6316182d,27,pypdf,/Users/baiyixin/Documents/Survey - design knowledge/expanded_pipeline_459_20260811/canonical_text/d2fba2826d90.txt,e0b1bf2f5fb1b889ae28b54afb60d68ce32e8283e6952a3821c07dcb4762144b,101547,508,True,True,analysis_ready,
d30aca57f472,Design Rationale as Theory,Design Rationale as Theory,Design rationale,,paper,/Users/baiyixin/Documents/Survey - design knowledge/expanded_pdf_corpus_459_20260811/d30aca57f472.pdf,85111b0764ad6f3ac59fcceeb9154536d0b95d560cbceade7e5833d4dcb64959,/Users/baiyixin/Documents/Survey - design knowledge/expanded_pdf_corpus_459_20260811/d30aca57f472.pdf,85111b0764ad6f3ac59fcceeb9154536d0b95d560cbceade7e5833d4dcb64959,37,pypdf,/Users/baiyixin/Documents/Survey - design knowledge/expanded_pipeline_459_20260811/canonical_text/d30aca57f472.txt,0482790da2dd6f5a2a01274912681dbd81875f79bca19ffeb24944f85aa1e5f1,97543,449,True,True,analysis_ready,
d330bde18c87,Languaging design methods,Languaging design methods,Design methods,,paper,/Users/baiyixin/Documents/Survey - design knowledge/expanded_pdf_corpus_459_20260811/d330bde18c87.pdf,b5ab4c624f25e0777ff368b12213b7439eac94f7d67da748b952ec853d8749a0,/Users/baiyixin/Documents/Survey - design knowledge/expanded_pdf_corpus_459_20260811/d330bde18c87.pdf,b5ab4c624f25e0777ff368b12213b7439eac94f7d67da748b952ec853d8749a0,24,pypdf,/Users/baiyixin/Documents/Survey - design knowledge/expanded_pipeline_459_20260811/canonical_text/d330bde18c87.txt,0aadea1808c33e36b988805d86e61a6d6d81702c0a51bede8fdfacfabaade35f,57688,204,True,True,analysis_ready,
d41009f91ba1,Designing theory,Designing theory,Design expertise,,paper,/Users/baiyixin/Documents/Survey - design knowledge/expanded_pdf_corpus_459_20260811/d41009f91ba1.pdf,ae8db7c94b6dfe80f56f164b63a6a1386bdb18e157b8432e9fca2230a2571fb8,/Users/baiyixin/Documents/Survey - design knowledge/expanded_pdf_corpus_459_20260811/d41009f91ba1.pdf,ae8db7c94b6dfe80f56f164b63a6a1386bdb18e157b8432e9fca2230a2571fb8,32,pypdf,/Users/baiyixin/Documents/Survey - design knowledge/expanded_pipeline_459_20260811/canonical_text/d41009f91ba1.txt,2b2e7e60f5a1013bac1412136bfa4436684c6406cf6b14d5d5283d4faacd0594,94632,500,True,True,analysis_ready,
d4ef8c48ded5,"Toward an Inventory of Plans and Patterns, and Their Use to Foster Strategic Knowledge in Programming Novices","Toward an Inventory of Plans and Patterns, and Their Use to Foster Strategic Knowledge in Programming Novices",Design knowledge,,paper,/Users/baiyixin/Documents/Survey - design knowledge/expanded_pdf_corpus_459_20260811/d4ef8c48ded5.pdf,24b07b51cbfc1fd1b404e71abce6db19135516d93b9c32b9fd4d3a79c1702e41,/Users/baiyixin/Documents/Survey - design knowledge/expanded_pdf_corpus_459_20260811/d4ef8c48ded5.pdf,24b07b51cbfc1fd1b404e71abce6db19135516d93b9c32b9fd4d3a79c1702e41,1,pypdf,/Users/baiyixin/Documents/Survey - design knowledge/expanded_pipeline_459_20260811/canonical_text/d4ef8c48ded5.txt,2561806e9ed79469c4dbecac018e47f220d1aee1d823a8a8a8020ed65efb1304,6608,23,True,True,analysis_ready,
d54cc84186ed,Examining Rock Engineering Knowledge through a Philosophical Lens,Examining Rock Engineering Knowledge through a Philosophical Lens,Design methods,,paper,/Users/baiyixin/Documents/Survey - design knowledge/expanded_pdf_corpus_459_20260811/d54cc84186ed.pdf,98af9e3220a371cf20e7d8f3233a1c50fc108a8c5727b17dc8f2efdd743d2142,/Users/baiyixin/Documents/Survey - design knowledge/expanded_pdf_corpus_459_20260811/d54cc84186ed.pdf,98af9e3220a371cf20e7d8f3233a1c50fc108a8c5727b17dc8f2efdd743d2142,21,pypdf,/Users/baiyixin/Documents/Survey - design knowledge/expanded_pipeline_459_20260811/canonical_text/d54cc84186ed.txt,7c64165c5599e50492c0e18dd91d635dfbe21b416eb6145f7382458de7c94417,99202,496,True,True,analysis_ready,
d590c1f63670,Design Knowledge Interaction Model: A Proposal from a Cognitive Perspective,Design Knowledge Interaction Model: A Proposal from a Cognitive Perspective,Design knowledge,,paper,/Users/baiyixin/Documents/Survey - design knowledge/expanded_pdf_corpus_459_20260811/d590c1f63670.pdf,bdf8846fa54a676d1ccf34c80adc01ea3464907a3bb83f282d8cff39ed8cf567,/Users/baiyixin/Documents/Survey - design knowledge/expanded_pdf_corpus_459_20260811/d590c1f63670.pdf,bdf8846fa54a676d1ccf34c80adc01ea3464907a3bb83f282d8cff39ed8cf567,10,pypdf,/Users/baiyixin/Documents/Survey - design knowledge/expanded_pipeline_459_20260811/canonical_text/d590c1f63670.txt,033d79bebf92745fd0718c0f89b3ecebe0d9f70dc1f0babc84b51c8d7b3dcb86,46062,232,True,True,analysis_ready,
d5d39efbe945,Method rationale in method engineering,Method rationale in method engineering,Design rationale,,paper,/Users/baiyixin/Documents/Survey - design knowledge/expanded_pdf_corpus_459_20260811/d5d39efbe945.pdf,72a7147a64bb026fc0d57d9c741a950b472974b8a7d6d38378db2b58be0f812c,/Users/baiyixin/Documents/Survey - design knowledge/expanded_pdf_corpus_459_20260811/d5d39efbe945.pdf,72a7147a64bb026fc0d57d9c741a950b472974b8a7d6d38378db2b58be0f812c,10,pypdf,/Users/baiyixin/Documents/Survey - design knowledge/expanded_pipeline_459_20260811/canonical_text/d5d39efbe945.txt,2aae89de31f4c1022c52234673a285fd75eebf10d3f3c40a2f8d670a681b462f,38628,204,True,True,analysis_ready,
d6b2bf339ae4,"Co-producing, curating, and defining design knowledge in an online practitioner community","Co-producing, curating, and defining design knowledge in an online practitioner community",Design knowledge,,paper,/Users/baiyixin/Documents/Survey - design knowledge/expanded_pdf_corpus_459_20260811/d6b2bf339ae4.pdf,1b215ae700cf978d9bd9f1116bc7a4002f6b19b4affb45bb7440e7216fadab07,/Users/baiyixin/Documents/Survey - design knowledge/expanded_pdf_corpus_459_20260811/d6b2bf339ae4.pdf,1b215ae700cf978d9bd9f1116bc7a4002f6b19b4affb45bb7440e7216fadab07,19,pypdf,/Users/baiyixin/Documents/Survey - design knowledge/expanded_pipeline_459_20260811/canonical_text/d6b2bf339ae4.txt,d8ccc9f4a1ee10c57e764ae6819b83962540383db6b330b28a3739a1ac125019,56658,252,True,True,analysis_ready,
d785c8a9964a,A Framework for Concept and its Testing on Patents,A Framework for Concept and its Testing on Patents,Design theory,,paper,/Users/baiyixin/Documents/Survey - design knowledge/expanded_pdf_corpus_459_20260811/d785c8a9964a.pdf,4af0b85a36a4ae0041b54e28e4dc14a5738e261f476a9c4c918ce7fe6f32f00d,/Users/baiyixin/Documents/Survey - design knowledge/expanded_pdf_corpus_459_20260811/d785c8a9964a.pdf,4af0b85a36a4ae0041b54e28e4dc14a5738e261f476a9c4c918ce7fe6f32f00d,14,pypdf,/Users/baiyixin/Documents/Survey - design knowledge/expanded_pipeline_459_20260811/canonical_text/d785c8a9964a.txt,f6bd4f34da1c69937860264d53e1810f9a9455d4e81c721e68d150c986060df4,46975,240,True,True,analysis_ready,
d7afefaf53ef,The Value of Design Patterns in Designing Teaching in Online Settings,The Value of Design Patterns in Designing Teaching in Online Settings,Design Patterns,,paper,/Users/baiyixin/Documents/Survey - design knowledge/expanded_pdf_corpus_459_20260811/d7afefaf53ef.pdf,d34fbfb8c562d141d4f050ef5b00c832463126479e950bdfa94af1dfeffd725f,/Users/baiyixin/Documents/Survey - design knowledge/expanded_pdf_corpus_459_20260811/d7afefaf53ef.pdf,d34fbfb8c562d141d4f050ef5b00c832463126479e950bdfa94af1dfeffd725f,6,pypdf,/Users/baiyixin/Documents/Survey - design knowledge/expanded_pipeline_459_20260811/canonical_text/d7afefaf53ef.txt,0493cd7dd99e7535155308071ecc8fed8f55df52eefdca6f77b4365089701b0b,19304,85,True,True,analysis_ready,
d893185b7873,Introduction to Initial HCI Engineering Design Principles for Domestic Energy Planning and Control,Introduction to Initial HCI Engineering Design Principles for Domestic Energy Planning and Control,Design principles,,paper,/Users/baiyixin/Documents/Survey - design knowledge/expanded_pdf_corpus_459_20260811/d893185b7873.pdf,9653b5fafd95ae1da48e2c648fb269c9d23be6e5542d8da5c4938fcb50a99df8,/Users/baiyixin/Documents/Survey - design knowledge/expanded_pdf_corpus_459_20260811/d893185b7873.pdf,9653b5fafd95ae1da48e2c648fb269c9d23be6e5542d8da5c4938fcb50a99df8,20,pypdf,/Users/baiyixin/Documents/Survey - design knowledge/expanded_pipeline_459_20260811/canonical_text/d893185b7873.txt,ef0f09d6c869e64d2d073958b16fc7d648cf797cea4e1e2ccea86f2a981ea35f,44437,212,True,True,analysis_ready,
da5dd15cd345,A functional theory of design patterns,A functional theory of design patterns,Design Patterns,,paper,/Users/baiyixin/Documents/Survey - design knowledge/expanded_pdf_corpus_459_20260811/da5dd15cd345.pdf,0e62d8a1cfae8ea44b7e85618f4702019fd7e766619256781fe9568650e38fc5,/Users/baiyixin/Documents/Survey - design knowledge/expanded_pdf_corpus_459_20260811/da5dd15cd345.pdf,0e62d8a1cfae8ea44b7e85618f4702019fd7e766619256781fe9568650e38fc5,7,pypdf,/Users/baiyixin/Documents/Survey - design knowledge/expanded_pipeline_459_20260811/canonical_text/da5dd15cd345.txt,45492169396eb43d2a3b30febdd7b67be922a87d5b72c5abe86e438b22bdb044,31387,133,True,True,analysis_ready,
dbc171dde63a,Perfect Eudaimonic User Experience Design That Aristotle Would Have Wanted,Perfect Eudaimonic User Experience Design That Aristotle Would Have Wanted,Design Rules,,paper,/Users/baiyixin/Documents/Survey - design knowledge/expanded_pdf_corpus_459_20260811/dbc171dde63a.pdf,762964fe2b2e9fecda28745503b7bd6731bc876a729aa5abe14bc4c6d4b403e4,/Users/baiyixin/Documents/Survey - design knowledge/expanded_pdf_corpus_459_20260811/dbc171dde63a.pdf,762964fe2b2e9fecda28745503b7bd6731bc876a729aa5abe14bc4c6d4b403e4,6,pypdf,/Users/baiyixin/Documents/Survey - design knowledge/expanded_pipeline_459_20260811/canonical_text/dbc171dde63a.txt,f9058a1809cd64628d6c83955b6ebb435929e5acc7303ee0fb7a1a280ec8ba8f,24624,119,True,True,analysis_ready,
dbc7c9876d1a,The Creativity Passdown Effect: Sharing Design Thinking Processes with Design Theory,The Creativity Passdown Effect: Sharing Design Thinking Processes with Design Theory,Design theory,,paper,/Users/baiyixin/Documents/Survey - design knowledge/expanded_pdf_corpus_459_20260811/dbc7c9876d1a.pdf,aaa44298578ccb40d3e80ee3fc39d6069e8b232f3f6559a0662b2c2d3d1316d1,/Users/baiyixin/Documents/Survey - design knowledge/expanded_pdf_corpus_459_20260811/dbc7c9876d1a.pdf,aaa44298578ccb40d3e80ee3fc39d6069e8b232f3f6559a0662b2c2d3d1316d1,9,pypdf,/Users/baiyixin/Documents/Survey - design knowledge/expanded_pipeline_459_20260811/canonical_text/dbc7c9876d1a.txt,32a2074b27a7938cb3d7ab809e59f1d7d64f10d16d3f44ce6e3d84d3b7438b86,43129,236,True,True,analysis_ready,
dbf31702e533,Patterns for living lab practice: describing key know-how to promote service co-creation with users,Patterns for living lab practice: describing key know-how to promote service co-creation with users,Design methods,,paper,/Users/baiyixin/Documents/Survey - design knowledge/expanded_pdf_corpus_459_20260811/dbf31702e533.pdf,3da1f183cd40788f75cd8fc783ff1baa561ce281f56f3236ea9e0d1c1ed7192d,/Users/baiyixin/Documents/Survey - design knowledge/expanded_pdf_corpus_459_20260811/dbf31702e533.pdf,3da1f183cd40788f75cd8fc783ff1baa561ce281f56f3236ea9e0d1c1ed7192d,10,pypdf,/Users/baiyixin/Documents/Survey - design knowledge/expanded_pipeline_459_20260811/canonical_text/dbf31702e533.txt,0ac74ad82ef8b120666dde06b8656d921cd6b279eac4f6ee6b832f3f26dd58a9,50340,276,True,True,analysis_ready,
dc61c8a1dcd6,Multiscale Design Strategies in a Landscape Architecture Classroom,Multiscale Design Strategies in a Landscape Architecture Classroom,Design theory,,paper,/Users/baiyixin/Documents/Survey - design knowledge/expanded_pdf_corpus_459_20260811/dc61c8a1dcd6.pdf,a65ac7f726224d53409da6c719bf440125735be88750278135cb94500d336999,/Users/baiyixin/Documents/Survey - design knowledge/expanded_pdf_corpus_459_20260811/dc61c8a1dcd6.pdf,a65ac7f726224d53409da6c719bf440125735be88750278135cb94500d336999,13,pypdf,/Users/baiyixin/Documents/Survey - design knowledge/expanded_pipeline_459_20260811/canonical_text/dc61c8a1dcd6.txt,21c383e4331a333ba8874093acd3b665129e636ef85afd5ebe0d0e833b1214eb,23191,123,True,True,analysis_ready,
ddcb3ba05227,Design patterns for sociality in human-robot interaction,Design patterns for sociality in human-robot interaction,Design Patterns,,paper,/Users/baiyixin/Documents/Survey - design knowledge/expanded_pdf_corpus_459_20260811/ddcb3ba05227.pdf,5d05aab9789f3eeee82c435060b981fc2015830748d5af5df556b9bd92de2518,/Users/baiyixin/Documents/Survey - design knowledge/expanded_pdf_corpus_459_20260811/ddcb3ba05227.pdf,5d05aab9789f3eeee82c435060b981fc2015830748d5af5df556b9bd92de2518,8,pypdf,/Users/baiyixin/Documents/Survey - design knowledge/expanded_pipeline_459_20260811/canonical_text/ddcb3ba05227.txt,961faa456c65876efcb5700d2a651144873dbecda6671e1e4e5eb71b59c5e7bd,41505,211,True,True,analysis_ready,
ddf4ea43a777,Adaptation of Toulmin’s Model of Argumentation for Establishing Rigour and Relevance in Design Research,Adaptation of Toulmin’s Model of Argumentation for Establishing Rigour and Relevance in Design Research,Design knowledge,,paper,/Users/baiyixin/Documents/Survey - design knowledge/expanded_pdf_corpus_459_20260811/ddf4ea43a777.pdf,d5f9128a218083ba1052737caa4852053471c5fd09f2bf99675784bc3e224fd1,/Users/baiyixin/Documents/Survey - design knowledge/expanded_pdf_corpus_459_20260811/ddf4ea43a777.pdf,d5f9128a218083ba1052737caa4852053471c5fd09f2bf99675784bc3e224fd1,11,pypdf,/Users/baiyixin/Documents/Survey - design knowledge/expanded_pipeline_459_20260811/canonical_text/ddf4ea43a777.txt,9b626630f6c5f7762fea5d15b98ace0fff1dba0ad29952961e1f64a5dc83389a,30100,137,True,True,analysis_ready,
ded38f6c2ce8,Design Patterns for Situated Visualization in Augmented Reality,Design Patterns for Situated Visualization in Augmented Reality,Design Patterns,,paper,/Users/baiyixin/Documents/Survey - design knowledge/expanded_pdf_corpus_459_20260811/ded38f6c2ce8.pdf,834c4b8703ac48e954d6485f6c95a38648b89e5f7ea47216afbdf812393bda4d,/Users/baiyixin/Documents/Survey - design knowledge/expanded_pdf_corpus_459_20260811/ded38f6c2ce8.pdf,834c4b8703ac48e954d6485f6c95a38648b89e5f7ea47216afbdf812393bda4d,26,pypdf,/Users/baiyixin/Documents/Survey - design knowledge/expanded_pipeline_459_20260811/canonical_text/ded38f6c2ce8.txt,f4a73006a699b7952cfbb6c9dbde850ee7ddcfaa1ac0b23a4bc887619d29c490,199098,1058,True,True,analysis_ready,
df4ffdba87ae,Reconciling theories with design choices in design science research,Reconciling theories with design choices in design science research,Design knowledge,,paper,/Users/baiyixin/Documents/Survey - design knowledge/expanded_pdf_corpus_459_20260811/df4ffdba87ae.pdf,b68119d54069e4048bcc2ae32a55dbf4213b332b969b3a1277628d7a3d9fbc38,/Users/baiyixin/Documents/Survey - design knowledge/expanded_pdf_corpus_459_20260811/df4ffdba87ae.pdf,b68119d54069e4048bcc2ae32a55dbf4213b332b969b3a1277628d7a3d9fbc38,16,pypdf,/Users/baiyixin/Documents/Survey - design knowledge/expanded_pipeline_459_20260811/canonical_text/df4ffdba87ae.txt,41a6161df73b78b063ae1b683be9a5c00699178f7687a9b161d202c8e9edaa50,50789,277,True,True,analysis_ready,
e09769771b82,"The Experience, Dynamics and Artifacts Framework: Towards a Holistic Model for Designing Serious and Entertainment Games","The Experience, Dynamics and Artifacts Framework: Towards a Holistic Model for Designing Serious and Entertainment Games",Design frameworks,,paper,/Users/baiyixin/Documents/Survey - design knowledge/expanded_pdf_corpus_459_20260811/e09769771b82.pdf,f13e53b0e679405c4bfe0589115f26cac882b1119e72bdf95a6dcfe489579e48,/Users/baiyixin/Documents/Survey - design knowledge/expanded_pdf_corpus_459_20260811/e09769771b82.pdf,f13e53b0e679405c4bfe0589115f26cac882b1119e72bdf95a6dcfe489579e48,8,pypdf,/Users/baiyixin/Documents/Survey - design knowledge/expanded_pipeline_459_20260811/canonical_text/e09769771b82.txt,9a7c299b76797392f04507b78b3a0f3af8b3b24953aed4d6a098032e08d7789c,47912,195,True,True,analysis_ready,
e0e99d72e1b0,The typological learning framework: the application of structured precedent design knowledge in the architectural design studio,The typological learning framework: the application of structured precedent design knowledge in the architectural design studio,Design knowledge,,paper,/Users/baiyixin/Documents/Survey - design knowledge/expanded_pdf_corpus_459_20260811/e0e99d72e1b0.pdf,6973609dc74372cd05a143ff227f1286361ce139bd98e2ed9976a724593fa6aa,/Users/baiyixin/Documents/Survey - design knowledge/expanded_pdf_corpus_459_20260811/e0e99d72e1b0.pdf,6973609dc74372cd05a143ff227f1286361ce139bd98e2ed9976a724593fa6aa,21,pypdf,/Users/baiyixin/Documents/Survey - design knowledge/expanded_pipeline_459_20260811/canonical_text/e0e99d72e1b0.txt,0205dca6c2c867b77f7dce249b8c2e6b4a7e947ee4bdbe21f61ac986d9ec83f9,56879,279,True,True,analysis_ready,
e105857da02d,Designerly Ways of Knowing in HRI: Broadening the Scope of Design-oriented HRI Through the Concept of Intermediate-level Knowledge,Designerly Ways of Knowing in HRI: Broadening the Scope of Design-oriented HRI Through the Concept of Intermediate-level Knowledge,Design knowledge,,paper,/Users/baiyixin/Documents/Survey - design knowledge/expanded_pdf_corpus_459_20260811/e105857da02d.pdf,c5de4c856d09c306e8f9a50df267dc6704b3622dbb77e62af18d41a0ec7b25da,/Users/baiyixin/Documents/Survey - design knowledge/expanded_pdf_corpus_459_20260811/e105857da02d.pdf,c5de4c856d09c306e8f9a50df267dc6704b3622dbb77e62af18d41a0ec7b25da,10,pypdf,/Users/baiyixin/Documents/Survey - design knowledge/expanded_pipeline_459_20260811/canonical_text/e105857da02d.txt,11a9f06b9d9a0d63361a12af9edece8efef1647dbc9e41203bb9f404cd5960d4,66786,336,True,True,analysis_ready,
e47202a23273,Toward a design theory of strategic enterprise management business intelligence (SEMBI) capability maturity model,Toward a design theory of strategic enterprise management business intelligence (SEMBI) capability maturity model,Design theory,,paper,/Users/baiyixin/Documents/Survey - design knowledge/expanded_pdf_corpus_459_20260811/e47202a23273.pdf,d26502d2df97055de4f8dd93f6f317c2b8816ceaaef0c82d9116bc78ad0c62e1,/Users/baiyixin/Documents/Survey - design knowledge/expanded_pdf_corpus_459_20260811/e47202a23273.pdf,d26502d2df97055de4f8dd93f6f317c2b8816ceaaef0c82d9116bc78ad0c62e1,32,pypdf,/Users/baiyixin/Documents/Survey - design knowledge/expanded_pipeline_459_20260811/canonical_text/e47202a23273.txt,b8d0f6014d12cbd67ade553618c1bf38b86c865914a49cb79a41696a8b35204b,114184,458,True,True,analysis_ready,
e4c9f86a6933,Design patterns for exploring and prototyping human-robot interactions,Design patterns for exploring and prototyping human-robot interactions,Design Patterns,,paper,/Users/baiyixin/Documents/Survey - design knowledge/expanded_pdf_corpus_459_20260811/e4c9f86a6933.pdf,ec01200b98bc5f0e33ecf5d3df650d0dd70fd428b367b1d368741f86d897b5d2,/Users/baiyixin/Documents/Survey - design knowledge/expanded_pdf_corpus_459_20260811/e4c9f86a6933.pdf,ec01200b98bc5f0e33ecf5d3df650d0dd70fd428b367b1d368741f86d897b5d2,10,pypdf,/Users/baiyixin/Documents/Survey - design knowledge/expanded_pipeline_459_20260811/canonical_text/e4c9f86a6933.txt,2794fe4d8e51c3298b5697f0e1627d6347f94fb1aec3d8292076a1044995b4a5,57288,267,True,True,analysis_ready,
e59a343ad585,The kaleidoscope of effective gamification: deconstructing gamification in business applications,The kaleidoscope of effective gamification: deconstructing gamification in business applications,Design Guidelines,,paper,/Users/baiyixin/Documents/Survey - design knowledge/expanded_pdf_corpus_459_20260811/e59a343ad585.pdf,24d66721d81ca37b31354b38c9abd90399799b9080eee472c82d3f2460aa078a,/Users/baiyixin/Documents/Survey - design knowledge/expanded_pdf_corpus_459_20260811/e59a343ad585.pdf,24d66721d81ca37b31354b38c9abd90399799b9080eee472c82d3f2460aa078a,4,pypdf,/Users/baiyixin/Documents/Survey - design knowledge/expanded_pipeline_459_20260811/canonical_text/e59a343ad585.txt,a40c9e61d338df5bea2aad3514576b488914b2fc5fe997cc5755f2b4d762e02a,21585,113,True,True,analysis_ready,
e7091fbecdfa,"Utilizing, Producing, and Contributing Design Knowledge in DSR Projects","Utilizing, Producing, and Contributing Design Knowledge in DSR Projects",Design knowledge,,paper,/Users/baiyixin/Documents/Survey - design knowledge/expanded_pdf_corpus_459_20260811/e7091fbecdfa.pdf,cc7b7085ded37bfb5058ed3ce724c96ec99abb643488c1561de1842e2d2ef978,/Users/baiyixin/Documents/Survey - design knowledge/expanded_pdf_corpus_459_20260811/e7091fbecdfa.pdf,cc7b7085ded37bfb5058ed3ce724c96ec99abb643488c1561de1842e2d2ef978,15,pypdf,/Users/baiyixin/Documents/Survey - design knowledge/expanded_pipeline_459_20260811/canonical_text/e7091fbecdfa.txt,8f9a7e65f049f0f614d2d03ad6b287dde8b1d6a619fd4c9ea17cb8cb05a858f7,48770,211,True,True,analysis_ready,
e763873f823a,Formalising design patterns,Formalising design patterns,Design Patterns,,paper,/Users/baiyixin/Documents/Survey - design knowledge/expanded_pdf_corpus_459_20260811/e763873f823a.pdf,a39d565698f511ce0b6a3830a966dbe07591bd2c2467cd2c5b1241161d181092,/Users/baiyixin/Documents/Survey - design knowledge/expanded_pdf_corpus_459_20260811/e763873f823a.pdf,a39d565698f511ce0b6a3830a966dbe07591bd2c2467cd2c5b1241161d181092,20,pypdf,/Users/baiyixin/Documents/Survey - design knowledge/expanded_pipeline_459_20260811/canonical_text/e763873f823a.txt,abcb31e0a1bd4a752cd789eb140c6ef27600291c46347e28aae53a9213cb15b2,53995,178,True,True,analysis_ready,
e8a17b6120e4,Designing as reflective conversation with the materials of a design situation,Designing as reflective conversation with the materials of a design situation,Design knowledge,,paper,/Users/baiyixin/Documents/Survey - design knowledge/expanded_pdf_corpus_459_20260811/e8a17b6120e4.pdf,059c9aa9c81f365abbc7050dbbd6a5a521292206d3c8ecd31e7806f34f55447b,/Users/baiyixin/Documents/Survey - design knowledge/expanded_pdf_corpus_459_20260811/e8a17b6120e4.pdf,059c9aa9c81f365abbc7050dbbd6a5a521292206d3c8ecd31e7806f34f55447b,12,pypdf,/Users/baiyixin/Documents/Survey - design knowledge/expanded_pipeline_459_20260811/canonical_text/e8a17b6120e4.txt,0a636b7d1dcd77061aca55ed3403d3a9888781658c72d6c3312ed60559a19354,56700,268,True,True,analysis_ready,
e8f4a7417bf7,Toward a Method for Design Science Research Meta-Studies to Improve the Reusability of Design Principles,Toward a Method for Design Science Research Meta-Studies to Improve the Reusability of Design Principles,Design knowledge,,paper,/Users/baiyixin/Documents/Survey - design knowledge/expanded_pdf_corpus_459_20260811/e8f4a7417bf7.pdf,f85e1006d2187b3e9ba272b2051897e52ab4e5b41570866b1c6118b43df92f6f,/Users/baiyixin/Documents/Survey - design knowledge/expanded_pdf_corpus_459_20260811/e8f4a7417bf7.pdf,f85e1006d2187b3e9ba272b2051897e52ab4e5b41570866b1c6118b43df92f6f,15,pypdf,/Users/baiyixin/Documents/Survey - design knowledge/expanded_pipeline_459_20260811/canonical_text/e8f4a7417bf7.txt,2b01f12bdaf2393331259990351918e8ae551062f803068a4c9b964d238cf1d7,52984,252,True,True,analysis_ready,
e936b4f274a1,The four components of a procedure,The four components of a procedure,Design Guidelines,,paper,/Users/baiyixin/Documents/Survey - design knowledge/expanded_pdf_corpus_459_20260811/e936b4f274a1.pdf,4648c0cf65e61d7358f25ae26ea36b4471f7691260ddfd3bf3c8c0a4cbca5b87,/Users/baiyixin/Documents/Survey - design knowledge/expanded_pdf_corpus_459_20260811/e936b4f274a1.pdf,4648c0cf65e61d7358f25ae26ea36b4471f7691260ddfd3bf3c8c0a4cbca5b87,10,pypdf,/Users/baiyixin/Documents/Survey - design knowledge/expanded_pipeline_459_20260811/canonical_text/e936b4f274a1.txt,400e042a8b12becce120a4609a2042a4ab0482049de4bf512ee513028d144123,45954,263,True,True,analysis_ready,
e958310acab5,"Prescriptive knowledge in IS research: Conceptualizing design principles in terms of materiality, action, and boundary conditions","Prescriptive knowledge in IS research: Conceptualizing design principles in terms of materiality, action, and boundary conditions",Design knowledge,,paper,/Users/baiyixin/Documents/Survey - design knowledge/expanded_pdf_corpus_459_20260811/e958310acab5.pdf,1b8142d4d5e8038b641d7c68fec2bf2339ad0bbaa0712b5338fe5e9ea3372a25,/Users/baiyixin/Documents/Survey - design knowledge/expanded_pdf_corpus_459_20260811/e958310acab5.pdf,1b8142d4d5e8038b641d7c68fec2bf2339ad0bbaa0712b5338fe5e9ea3372a25,10,pypdf,/Users/baiyixin/Documents/Survey - design knowledge/expanded_pipeline_459_20260811/canonical_text/e958310acab5.txt,e5c51b8d02fbc42817c9ba376cdec93401bdddfb61faaf83728efac284bcf643,52841,236,True,True,analysis_ready,
e9618999ee23,"Layers, decisions, patterns, styles, and architectures","Layers, decisions, patterns, styles, and architectures",Design Patterns,,paper,/Users/baiyixin/Documents/Survey - design knowledge/expanded_pdf_corpus_459_20260811/e9618999ee23.pdf,9e678fc386dd0144a0f159124ee8e6f973f9880e5d88cdbd5d28a736d9441371,/Users/baiyixin/Documents/Survey - design knowledge/expanded_pdf_corpus_459_20260811/e9618999ee23.pdf,9e678fc386dd0144a0f159124ee8e6f973f9880e5d88cdbd5d28a736d9441371,11,pypdf,/Users/baiyixin/Documents/Survey - design knowledge/expanded_pipeline_459_20260811/canonical_text/e9618999ee23.txt,c83ec076ce73b1e8275339856e563a77e7b9a5a768e1b18df93d19fdafc6dad9,49142,253,True,True,analysis_ready,
e9826a1c57b0,In Search of Living Law: How Should We Design for (Digital) Legal Interaction?,In Search of Living Law: How Should We Design for (Digital) Legal Interaction?,Design Patterns,,paper,/Users/baiyixin/Documents/Survey - design knowledge/expanded_pdf_corpus_459_20260811/e9826a1c57b0.pdf,0894d2e562570358b090e8a969b94083a80a0c314267552026682970ec7a5744,/Users/baiyixin/Documents/Survey - design knowledge/expanded_pdf_corpus_459_20260811/e9826a1c57b0.pdf,0894d2e562570358b090e8a969b94083a80a0c314267552026682970ec7a5744,20,pypdf,/Users/baiyixin/Documents/Survey - design knowledge/expanded_pipeline_459_20260811/canonical_text/e9826a1c57b0.txt,35b47d02c36ec63a72a23a164b5fe2a3555bed0e9f6139517c0717a3dbb6ea78,68318,357,True,True,analysis_ready,
ec380d04cf61,GENERAL DESIGN THEORY.,GENERAL DESIGN THEORY.,Design theory,,paper,/Users/baiyixin/Documents/Survey - design knowledge/expanded_pdf_corpus_459_20260811/ec380d04cf61.pdf,0d620c538175dc7a918194391895a57ccd21885565fde0d13d8b98baaa78895e,/Users/baiyixin/Documents/Survey - design knowledge/expanded_pdf_corpus_459_20260811/ec380d04cf61.pdf,0d620c538175dc7a918194391895a57ccd21885565fde0d13d8b98baaa78895e,36,pypdf,/Users/baiyixin/Documents/Survey - design knowledge/expanded_pipeline_459_20260811/canonical_text/ec380d04cf61.txt,9be79cd1b5d01143f2e7898ca9e937115d88bcb7c4a9bf9dadcbe3c0af1f7d08,99298,464,True,True,analysis_ready,
edde6dc75b19,The language of design: Theory and computation,The language of design: Theory and computation,Design rationale,approved_document,book,/Users/baiyixin/Documents/Survey - design knowledge/expanded_pdf_corpus_459_20260811/edde6dc75b19.pdf,f7d5e41a26c6f4344aee583c7a85561a20012c8f33e96dbe4394f392ce9d7b70,/Users/baiyixin/Documents/Survey - design knowledge/expanded_pdf_corpus_459_20260811/edde6dc75b19.pdf,f7d5e41a26c6f4344aee583c7a85561a20012c8f33e96dbe4394f392ce9d7b70,206,pypdf,/Users/baiyixin/Documents/Survey - design knowledge/expanded_pipeline_459_20260811/canonical_text/edde6dc75b19.txt,52b8898ee4923d7b507211042d9495b3378e811fd6512fbffa94f8d58b3dcb73,587745,2887,True,True,analysis_ready,The record and PDF represent the complete book 'The Language of Design: Theory and Computation'. Included by corpus decision as one book-level document. Use title-and-abstract input for cross-model embedding comparisons; cap or sample full-text context so its 206-page length does not dominate document similarity.
ede2a92151d5,HCI Design Knowledge as Models and Methods,HCI Design Knowledge as Models and Methods,Design knowledge,,paper,/Users/baiyixin/Documents/Survey - design knowledge/expanded_pdf_corpus_459_20260811/ede2a92151d5.pdf,4fd1fca647e83ee86ba8beda46c8d6480b5dc684fd74b3c638441f44524d8b48,/Users/baiyixin/Documents/Survey - design knowledge/expanded_pdf_corpus_459_20260811/ede2a92151d5.pdf,4fd1fca647e83ee86ba8beda46c8d6480b5dc684fd74b3c638441f44524d8b48,144,pypdf,/Users/baiyixin/Documents/Survey - design knowledge/expanded_pipeline_459_20260811/canonical_text/ede2a92151d5.txt,f23f5691497b6a6b6d79b753d133dea3340114be941135b82edf12a42d8c58e8,290058,1331,True,True,analysis_ready,
ee0a5b26f6dc,Formalizing Visualization Design Knowledge as Constraints: Actionable and Extensible Models in Draco,Formalizing Visualization Design Knowledge as Constraints: Actionable and Extensible Models in Draco,Design Guidelines,,paper,/Users/baiyixin/Documents/Survey - design knowledge/expanded_pdf_corpus_459_20260811/ee0a5b26f6dc.pdf,d71203d9033464a591a17b27a51e7e49205bad477acb7cc895624cc620ae388c,/Users/baiyixin/Documents/Survey - design knowledge/expanded_pdf_corpus_459_20260811/ee0a5b26f6dc.pdf,d71203d9033464a591a17b27a51e7e49205bad477acb7cc895624cc620ae388c,11,pypdf,/Users/baiyixin/Documents/Survey - design knowledge/expanded_pipeline_459_20260811/canonical_text/ee0a5b26f6dc.txt,82684f44b2ac3b98b0b720d3057888571900b8c07ef0c10136fab4f567038871,166975,830,True,True,analysis_ready,
ef3a9300a2f3,Developing a competency taxonomy for teacher design knowledge in technology-enhanced learning environments: a literature review,Developing a competency taxonomy for teacher design knowledge in technology-enhanced learning environments: a literature review,Design knowledge,,paper,/Users/baiyixin/Documents/Survey - design knowledge/expanded_pdf_corpus_459_20260811/ef3a9300a2f3.pdf,f76ad97155de19227f86b627a7eb1275039749b49541aa85b2d0dcdb2cf6b311,/Users/baiyixin/Documents/Survey - design knowledge/expanded_pdf_corpus_459_20260811/ef3a9300a2f3.pdf,f76ad97155de19227f86b627a7eb1275039749b49541aa85b2d0dcdb2cf6b311,24,pypdf,/Users/baiyixin/Documents/Survey - design knowledge/expanded_pipeline_459_20260811/canonical_text/ef3a9300a2f3.txt,096fce7c6dbcc8c26f9dfb7ae64d65d9c9ce95d023d9604a32e2baaa94bea363,96782,392,True,True,analysis_ready,
f02904f836be,Universal Participatory Design: Achievements and Challenges,Universal Participatory Design: Achievements and Challenges,Design methods,,paper,/Users/baiyixin/Documents/Survey - design knowledge/expanded_pdf_corpus_459_20260811/f02904f836be.pdf,990407939d9e23acfa7b68fea636567db1bfa574561abfe4dc55e1405dc6c0d7,/Users/baiyixin/Documents/Survey - design knowledge/expanded_pdf_corpus_459_20260811/f02904f836be.pdf,990407939d9e23acfa7b68fea636567db1bfa574561abfe4dc55e1405dc6c0d7,15,pypdf,/Users/baiyixin/Documents/Survey - design knowledge/expanded_pipeline_459_20260811/canonical_text/f02904f836be.txt,577ed480f044f3227cc9374889ac12ae2cd5a6e7a45860c31b6c942839d08aab,90093,505,True,True,analysis_ready,
f053c79dde3d,Integrating theory development with design evaluation,Integrating theory development with design evaluation,Design rationale,,paper,/Users/baiyixin/Documents/Survey - design knowledge/expanded_pdf_corpus_459_20260811/f053c79dde3d.pdf,1343edff7171c1c55f29700f3fff46995e8f9f2d8ab9a69c0a0dfae272891f5a,/Users/baiyixin/Documents/Survey - design knowledge/expanded_pdf_corpus_459_20260811/f053c79dde3d.pdf,1343edff7171c1c55f29700f3fff46995e8f9f2d8ab9a69c0a0dfae272891f5a,13,pypdf,/Users/baiyixin/Documents/Survey - design knowledge/expanded_pipeline_459_20260811/canonical_text/f053c79dde3d.txt,302cffa17a9b92ba4c7d19618b8b3e95be7e262047501ddf0ac387c2a9bcac51,40692,152,True,True,analysis_ready,
f0b2517a04a4,Don't Do That! Hunting Down Visual Design Smells in Complex UIs against Design Guidelines,Don't Do That! Hunting Down Visual Design Smells in Complex UIs against Design Guidelines,Design Guidelines,,paper,/Users/baiyixin/Documents/Survey - design knowledge/expanded_pdf_corpus_459_20260811/f0b2517a04a4.pdf,39121d1e8ce680672e5bb2e8bb154d95a765d1f0fcbc1d08eed51d9d3619a453,/Users/baiyixin/Documents/Survey - design knowledge/expanded_pdf_corpus_459_20260811/f0b2517a04a4.pdf,39121d1e8ce680672e5bb2e8bb154d95a765d1f0fcbc1d08eed51d9d3619a453,12,pypdf,/Users/baiyixin/Documents/Survey - design knowledge/expanded_pipeline_459_20260811/canonical_text/f0b2517a04a4.txt,51b1592bb0c418e0b37f80ea01942347b62d141547831c17f2f1e10792fe08f2,72998,367,True,True,analysis_ready,
f13149d3303f,Information Exchange Design Patterns for Robot Swarm Foraging and Their Application in Robot Control Algorithms,Information Exchange Design Patterns for Robot Swarm Foraging and Their Application in Robot Control Algorithms,Design Patterns,,paper,/Users/baiyixin/Documents/Survey - design knowledge/expanded_pdf_corpus_459_20260811/f13149d3303f.pdf,094d2be37a1b4e5ed180a263cec92f9d06494b2ce7b24743581b7b60f0fdf491,/Users/baiyixin/Documents/Survey - design knowledge/expanded_pdf_corpus_459_20260811/f13149d3303f.pdf,094d2be37a1b4e5ed180a263cec92f9d06494b2ce7b24743581b7b60f0fdf491,23,pypdf,/Users/baiyixin/Documents/Survey - design knowledge/expanded_pipeline_459_20260811/canonical_text/f13149d3303f.txt,72d3c2eccc5e654ff6fce2d489b888d9e996cdadbcbf398cfe36bc75456f2b10,111462,477,True,True,analysis_ready,
f16832406221,A Framework for Systemic Design,A Framework for Systemic Design,Design methods,,paper,/Users/baiyixin/Documents/Survey - design knowledge/expanded_pdf_corpus_459_20260811/f16832406221.pdf,f18278beac882021e019d64ca89e4615541b0d77fde10bbccdc560ee3bf49641,/Users/baiyixin/Documents/Survey - design knowledge/expanded_pdf_corpus_459_20260811/f16832406221.pdf,f18278beac882021e019d64ca89e4615541b0d77fde10bbccdc560ee3bf49641,14,pypdf,/Users/baiyixin/Documents/Survey - design knowledge/expanded_pipeline_459_20260811/canonical_text/f16832406221.txt,8122065e6e56e9adfc9cacdb0c8c8d061d31cff9ba709dfd9d0be7926203bcc3,45634,213,True,True,analysis_ready,
f1a4dde3d156,Catalogue of general-purpose software design patterns,Catalogue of general-purpose software design patterns,Design Patterns,,paper,/Users/baiyixin/Documents/Survey - design knowledge/expanded_pdf_corpus_459_20260811/f1a4dde3d156.pdf,79b060465e7eab6ad4d76986120a1b722c55f87e9e1d62440dcf856872123fdb,/Users/baiyixin/Documents/Survey - design knowledge/expanded_pdf_corpus_459_20260811/f1a4dde3d156.pdf,79b060465e7eab6ad4d76986120a1b722c55f87e9e1d62440dcf856872123fdb,11,pypdf,/Users/baiyixin/Documents/Survey - design knowledge/expanded_pipeline_459_20260811/canonical_text/f1a4dde3d156.txt,173a9acc84503a9abc04f19c14d8a9370e481a9df63a1b828e24e9c19705a6cf,34486,177,True,True,analysis_ready,
f47226c43979,The Human-Centredness Metric: Early Assessment of the Quality of Human-Centred Design Activities,The Human-Centredness Metric: Early Assessment of the Quality of Human-Centred Design Activities,Design methods,,paper,/Users/baiyixin/Documents/Survey - design knowledge/expanded_pdf_corpus_459_20260811/f47226c43979.pdf,af82cd8e663e5ed4799548963796fd852324e147a6427ab506dc07780c1bb9b9,/Users/baiyixin/Documents/Survey - design knowledge/expanded_pdf_corpus_459_20260811/f47226c43979.pdf,af82cd8e663e5ed4799548963796fd852324e147a6427ab506dc07780c1bb9b9,25,pypdf,/Users/baiyixin/Documents/Survey - design knowledge/expanded_pipeline_459_20260811/canonical_text/f47226c43979.txt,741268ff9ccb387d1e9cdca1a03c60d342b8c6a5e60f98d21d8a12f14abfd0ad,121965,613,True,True,analysis_ready,
f50a79b2d7e1,Towards scaling expertise with generative AI: design principles for governing AI-Mediated knowledge capture and transfer,Towards scaling expertise with generative AI: design principles for governing AI-Mediated knowledge capture and transfer,Design knowledge,,paper,/Users/baiyixin/Documents/Survey - design knowledge/expanded_pdf_corpus_459_20260811/f50a79b2d7e1.pdf,30fa521398e47ba9fa989dadbfba38c4aeb543592fcec12f5548b83e1e5ed692,/Users/baiyixin/Documents/Survey - design knowledge/expanded_pdf_corpus_459_20260811/f50a79b2d7e1.pdf,30fa521398e47ba9fa989dadbfba38c4aeb543592fcec12f5548b83e1e5ed692,15,pypdf,/Users/baiyixin/Documents/Survey - design knowledge/expanded_pipeline_459_20260811/canonical_text/f50a79b2d7e1.txt,2523fff2a98dc0621c993080f8ecff1b2bca3ba0a4715eec12154f9d7da91a6d,67127,315,True,True,analysis_ready,
f56243f52335,"Theory construction in design research Criteria: Approaches, and methods","Theory construction in design research Criteria: Approaches, and methods",Design theory,,paper,/Users/baiyixin/Documents/Survey - design knowledge/expanded_pdf_corpus_459_20260811/f56243f52335.pdf,501c74d814c8204d00a2a6d97e32d6f8d6260e01e03b21a62b0488f6b448f56e,/Users/baiyixin/Documents/Survey - design knowledge/expanded_pdf_corpus_459_20260811/f56243f52335.pdf,501c74d814c8204d00a2a6d97e32d6f8d6260e01e03b21a62b0488f6b448f56e,28,pypdf,/Users/baiyixin/Documents/Survey - design knowledge/expanded_pipeline_459_20260811/canonical_text/f56243f52335.txt,4d5767a47334106670c864403e2421d8bc7311dc069c3c0c0b1f8bc7782f6535,90676,410,True,True,analysis_ready,
f59da9db088b,Value sensitive design as a formative framework,Value sensitive design as a formative framework,Design knowledge,,paper,/Users/baiyixin/Documents/Survey - design knowledge/expanded_pdf_corpus_459_20260811/f59da9db088b.pdf,8036135666c4de57f9917624e69d5f5575f9be60b97e6c4060069f1036c1a777,/Users/baiyixin/Documents/Survey - design knowledge/expanded_pdf_corpus_459_20260811/f59da9db088b.pdf,8036135666c4de57f9917624e69d5f5575f9be60b97e6c4060069f1036c1a777,7,pypdf,/Users/baiyixin/Documents/Survey - design knowledge/expanded_pipeline_459_20260811/canonical_text/f59da9db088b.txt,a0b38ae9a9ebdb5450074e1f306ac7268143ef685501be93731251dc0d4b7e71,27542,119,True,True,analysis_ready,
f6588fca84f9,The Design Activity Framework: Investigating the Data Visualization Design Process,The Design Activity Framework: Investigating the Data Visualization Design Process,Design methods,,paper,/Users/baiyixin/Documents/Survey - design knowledge/expanded_pdf_corpus_459_20260811/f6588fca84f9.pdf,9b2860b7de63ee02596eacedb77b7cd4172081ac294464c9feb753a301a3a15a,/Users/baiyixin/Documents/Survey - design knowledge/expanded_pdf_corpus_459_20260811/f6588fca84f9.pdf,9b2860b7de63ee02596eacedb77b7cd4172081ac294464c9feb753a301a3a15a,162,pypdf,/Users/baiyixin/Documents/Survey - design knowledge/expanded_pipeline_459_20260811/canonical_text/f6588fca84f9.txt,3076a6f95cbb02d26c1c78bca918d3f1d709c2f0edcfcd7a64ef335ccb1f4f07,435320,1926,True,True,analysis_ready,
f6ba28a6efeb,ON the HIERARCHICAL LEVELS of DESIGN KNOWLEDGE,ON the HIERARCHICAL LEVELS of DESIGN KNOWLEDGE,Design knowledge,,paper,/Users/baiyixin/Documents/Survey - design knowledge/expanded_pdf_corpus_459_20260811/f6ba28a6efeb.pdf,e4fc3183baed85b89fa282eb16cc2c3700e650b454a29aa59265b853540b0460,/Users/baiyixin/Documents/Survey - design knowledge/expanded_pdf_corpus_459_20260811/f6ba28a6efeb.pdf,e4fc3183baed85b89fa282eb16cc2c3700e650b454a29aa59265b853540b0460,10,pypdf,/Users/baiyixin/Documents/Survey - design knowledge/expanded_pipeline_459_20260811/canonical_text/f6ba28a6efeb.txt,9b6c53ddd04dea4aeab3de61f9d28d3ae4cc84337b4578574c7c7c151b85129d,40738,164,True,True,analysis_ready,
f7668dd5c63f,Construction of Intermediate Knowledge in Design: A Case Study of Cultural and Creative Product Design,Construction of Intermediate Knowledge in Design: A Case Study of Cultural and Creative Product Design,Design knowledge,,paper,/Users/baiyixin/Documents/Survey - design knowledge/expanded_pdf_corpus_459_20260811/f7668dd5c63f.pdf,8943f9c2e5c62969371f1ce3f8d062bac580e1c53804007a2df9044a5d77101e,/Users/baiyixin/Documents/Survey - design knowledge/expanded_pdf_corpus_459_20260811/f7668dd5c63f.pdf,8943f9c2e5c62969371f1ce3f8d062bac580e1c53804007a2df9044a5d77101e,11,pypdf,/Users/baiyixin/Documents/Survey - design knowledge/expanded_pipeline_459_20260811/canonical_text/f7668dd5c63f.txt,61bd83bc0ce0be535cfa7d0a0bb55e13a316e14a389e8e0178963974a3121782,28937,156,True,True,analysis_ready,
f7a213ef52da,Dark patterns in the design of games,Dark patterns in the design of games,Design Patterns,,paper,/Users/baiyixin/Documents/Survey - design knowledge/expanded_pdf_corpus_459_20260811/f7a213ef52da.pdf,fe0f6087b5621da891130ab7356450a712ddb57acb9aedf6f3e4c0c10b247b09,/Users/baiyixin/Documents/Survey - design knowledge/expanded_pdf_corpus_459_20260811/f7a213ef52da.pdf,fe0f6087b5621da891130ab7356450a712ddb57acb9aedf6f3e4c0c10b247b09,8,pypdf,/Users/baiyixin/Documents/Survey - design knowledge/expanded_pipeline_459_20260811/canonical_text/f7a213ef52da.txt,b192af3b9ab927243a3ad6818b98fdb6b227a398027a1b3f5412f530f99b6a00,53364,264,True,True,analysis_ready,
f8c905d3c779,Structures to effectively share architectural knowledge,Structures to effectively share architectural knowledge,Design Patterns,,paper,/Users/baiyixin/Documents/Survey - design knowledge/expanded_pdf_corpus_459_20260811/f8c905d3c779.pdf,8804c8171abdfb1d9780a01d3cd685f7c648f22e9e1ca9e9ba1696e164280e64,/Users/baiyixin/Documents/Survey - design knowledge/expanded_pdf_corpus_459_20260811/f8c905d3c779.pdf,8804c8171abdfb1d9780a01d3cd685f7c648f22e9e1ca9e9ba1696e164280e64,9,pypdf,/Users/baiyixin/Documents/Survey - design knowledge/expanded_pipeline_459_20260811/canonical_text/f8c905d3c779.txt,afb78a04e755de3d17d51b3aee27ff57b4ee597df34e3517327b34017d20b2a5,40051,196,True,True,analysis_ready,
f941f0424e1a,"Design Rules, Volume 2: Chapter 6—The Value Structure of Technologies, Part 1: Mapping Functional Components","Design Rules, Volume 2: Chapter 6—The Value Structure of Technologies, Part 1: Mapping Functional Components",Design Rules,,paper,/Users/baiyixin/Documents/Survey - design knowledge/expanded_pdf_corpus_459_20260811/f941f0424e1a.pdf,07f7c2bf9cf2eddcbbc1c73f4c8f09956b41333d3c212d76437bdb0674ba642e,/Users/baiyixin/Documents/Survey - design knowledge/expanded_pdf_corpus_459_20260811/f941f0424e1a.pdf,07f7c2bf9cf2eddcbbc1c73f4c8f09956b41333d3c212d76437bdb0674ba642e,23,pypdf,/Users/baiyixin/Documents/Survey - design knowledge/expanded_pipeline_459_20260811/canonical_text/f941f0424e1a.txt,2381a704a815c7e1686b2d44778688967f69b452e70d0b5145bdb26169af2e53,62094,295,True,True,analysis_ready,
f9a132245837,HCI Knowledge,HCI Knowledge,Design knowledge,,paper,/Users/baiyixin/Documents/Survey - design knowledge/expanded_pdf_corpus_459_20260811/f9a132245837.pdf,a6fac46fe3e01f08b5a95b9113aab14d42d992bffd26b3c16cd1f152b91f68ed,/Users/baiyixin/Documents/Survey - design knowledge/expanded_pdf_corpus_459_20260811/f9a132245837.pdf,a6fac46fe3e01f08b5a95b9113aab14d42d992bffd26b3c16cd1f152b91f68ed,144,pypdf,/Users/baiyixin/Documents/Survey - design knowledge/expanded_pipeline_459_20260811/canonical_text/f9a132245837.txt,f23f5691497b6a6b6d79b753d133dea3340114be941135b82edf12a42d8c58e8,290058,1331,True,True,analysis_ready,
fbf6d34a07e9,Conceptualizing Design Knowledge in IS Research - A Review and Taxonomy of Design Knowledge Properties,Conceptualizing Design Knowledge in IS Research - A Review and Taxonomy of Design Knowledge Properties,Design knowledge,,paper,/Users/baiyixin/Documents/Survey - design knowledge/expanded_pdf_corpus_459_20260811/fbf6d34a07e9.pdf,23341650213f4f1b90088f62185e9458ca07fdeaa8244ad7f7d7bcdc3aca1174,/Users/baiyixin/Documents/Survey - design knowledge/expanded_pdf_corpus_459_20260811/fbf6d34a07e9.pdf,23341650213f4f1b90088f62185e9458ca07fdeaa8244ad7f7d7bcdc3aca1174,10,pypdf,/Users/baiyixin/Documents/Survey - design knowledge/expanded_pipeline_459_20260811/canonical_text/fbf6d34a07e9.txt,43ccdc11dd39eabe8973926fba3bd1d71c42fdb40daf93667c23992d858b47dd,48568,277,True,True,analysis_ready,
fc4c2b9d38d7,A framework for supporting architecture knowledge and rationale management,A framework for supporting architecture knowledge and rationale management,Design knowledge,,paper,/Users/baiyixin/Documents/Survey - design knowledge/expanded_pdf_corpus_459_20260811/fc4c2b9d38d7.pdf,a615612e5526f7c4daf689ac36d7bdb629bb52c92e943565ed5e5bc62430ddff,/Users/baiyixin/Documents/Survey - design knowledge/expanded_pdf_corpus_459_20260811/fc4c2b9d38d7.pdf,a615612e5526f7c4daf689ac36d7bdb629bb52c92e943565ed5e5bc62430ddff,19,pypdf,/Users/baiyixin/Documents/Survey - design knowledge/expanded_pipeline_459_20260811/canonical_text/fc4c2b9d38d7.txt,79bb10093b4f9afd325a649dcb0f47fd0148827f97a15a050f8359f3020bcb9b,50135,247,True,True,analysis_ready,
fd05a25a5e94,Four Criteria for Design Theories,Four Criteria for Design Theories,Design theory,,paper,/Users/baiyixin/Documents/Survey - design knowledge/expanded_pdf_corpus_459_20260811/fd05a25a5e94.pdf,17ca774d440e6f3dc4345ed22ac1561b53d12fc92fccf8f0b077349a48951331,/Users/baiyixin/Documents/Survey - design knowledge/expanded_pdf_corpus_459_20260811/fd05a25a5e94.pdf,17ca774d440e6f3dc4345ed22ac1561b53d12fc92fccf8f0b077349a48951331,10,pypdf,/Users/baiyixin/Documents/Survey - design knowledge/expanded_pipeline_459_20260811/canonical_text/fd05a25a5e94.txt,49c225110dceb6e91c54b9982336d1da1b9f2bea316f148803921b1fe6e9f2e0,42291,179,True,True,analysis_ready,
fd2392ff2aff,Surveying a Landscape of Ethics-Focused Design Methods,Surveying a Landscape of Ethics-Focused Design Methods,Design knowledge,,paper,/Users/baiyixin/Documents/Survey - design knowledge/expanded_pdf_corpus_459_20260811/fd2392ff2aff.pdf,38e9385ed502c1a946627a6aa5b694f7b3b5263e1b3bf21671943cde1d97f290,/Users/baiyixin/Documents/Survey - design knowledge/expanded_pdf_corpus_459_20260811/fd2392ff2aff.pdf,38e9385ed502c1a946627a6aa5b694f7b3b5263e1b3bf21671943cde1d97f290,32,pypdf,/Users/baiyixin/Documents/Survey - design knowledge/expanded_pipeline_459_20260811/canonical_text/fd2392ff2aff.txt,80736b79fb37b0fec283616f272dd45ecaf0d6f972520d07b2e57e122eba62dd,141502,585,True,True,analysis_ready,
fd29fa6c3eca,The Conceptual Relationship Model: Understanding Patterns and Mechanics in Game Design,The Conceptual Relationship Model: Understanding Patterns and Mechanics in Game Design,Design Patterns,,paper,/Users/baiyixin/Documents/Survey - design knowledge/expanded_pdf_corpus_459_20260811/fd29fa6c3eca.pdf,1fc92f6b60812b9e6fdbd290731bd6ca267eddd86345d8883197c30e8c899a00,/Users/baiyixin/Documents/Survey - design knowledge/expanded_pdf_corpus_459_20260811/fd29fa6c3eca.pdf,1fc92f6b60812b9e6fdbd290731bd6ca267eddd86345d8883197c30e8c899a00,16,pypdf,/Users/baiyixin/Documents/Survey - design knowledge/expanded_pipeline_459_20260811/canonical_text/fd29fa6c3eca.txt,8924c2b2dfb6ab34fc187251f4ac43aa4e263e63b8937ad01be208b9e02298ae,56864,277,True,True,analysis_ready,
fda0636dbea5,Design Research: Aesthetic Epistemology and Explanatory Knowledge,Design Research: Aesthetic Epistemology and Explanatory Knowledge,Design knowledge,,paper,/Users/baiyixin/Documents/Survey - design knowledge/expanded_pdf_corpus_459_20260811/fda0636dbea5.pdf,5c9695a80a3243583e9512bbd58c638aa2a54139ccceb6ec736c4f3d55732608,/Users/baiyixin/Documents/Survey - design knowledge/expanded_pdf_corpus_459_20260811/fda0636dbea5.pdf,5c9695a80a3243583e9512bbd58c638aa2a54139ccceb6ec736c4f3d55732608,16,pypdf,/Users/baiyixin/Documents/Survey - design knowledge/expanded_pipeline_459_20260811/canonical_text/fda0636dbea5.txt,26dd9bbefec60d3e1dbc02e012c8f7f31b4803435ec2c5670886afd81a5d3932,72780,355,True,True,analysis_ready,
fee96194a322,Personalising learning: towards a coherent learning design framework,Personalising learning: towards a coherent learning design framework,Design principles,,paper,/Users/baiyixin/Documents/Survey - design knowledge/expanded_pdf_corpus_459_20260811/fee96194a322.pdf,358c1c9c56146f55759669b25e4c601c3fea90641cc58c78b7fb8356eca78ff3,/Users/baiyixin/Documents/Survey - design knowledge/expanded_pdf_corpus_459_20260811/fee96194a322.pdf,358c1c9c56146f55759669b25e4c601c3fea90641cc58c78b7fb8356eca78ff3,3,pypdf,/Users/baiyixin/Documents/Survey - design knowledge/expanded_pipeline_459_20260811/canonical_text/fee96194a322.txt,919577fe76c6df8fbfa8007869f859cfa0207ee820951c10a6eb51f9053d9855,18672,78,True,True,analysis_ready,
fffe50e033fa,Activity as the ultimate particular of interaction design,Activity as the ultimate particular of interaction design,Design knowledge,,paper,/Users/baiyixin/Documents/Survey - design knowledge/expanded_pdf_corpus_459_20260811/fffe50e033fa.pdf,88695cab1d514694865dd46487c7b63fbe5b9e92c73cefa6c83b29e022c52d89,/Users/baiyixin/Documents/Survey - design knowledge/expanded_pdf_corpus_459_20260811/fffe50e033fa.pdf,88695cab1d514694865dd46487c7b63fbe5b9e92c73cefa6c83b29e022c52d89,13,pypdf,/Users/baiyixin/Documents/Survey - design knowledge/expanded_pipeline_459_20260811/canonical_text/fffe50e033fa.txt,c834f1f19cc98ed44b9ca533948fa043652336c590a01cbc9467ab55797f962c,69105,357,True,True,analysis_ready,
