paper_id,source_pdf_path,corpus_pdf_path,canonical_text_path,pdf_sha256,page_count,review_decision,analysis_eligible,corpus_role
0050f73e4373,/Users/baiyixin/Downloads/pdf_386_by_paper_id/0050f73e4373.pdf,/Users/baiyixin/Documents/Survey - design knowledge/expanded_pdf_corpus_464_20260811/0050f73e4373.pdf,/Users/baiyixin/Documents/Survey - design knowledge/expanded_pipeline_464_20260811/canonical_text/0050f73e4373.txt,051de5a9e3e41f61aa81595558f1c64a9cf08f2419c4dfe83ceb45e017c34d4d,24,included_prior_review,True,prior_459
00781ed0e844,/Users/baiyixin/Downloads/pdf_386_by_paper_id/00781ed0e844.pdf,/Users/baiyixin/Documents/Survey - design knowledge/expanded_pdf_corpus_464_20260811/00781ed0e844.pdf,/Users/baiyixin/Documents/Survey - design knowledge/expanded_pipeline_464_20260811/canonical_text/00781ed0e844.txt,27128036a4a890266e5bdadeca7660bebc93b1ffae34232427e4441de2cee68a,16,included_prior_review,True,prior_459
00d7fbafe65f,/Users/baiyixin/Downloads/pdf_386_by_paper_id/00d7fbafe65f.pdf,/Users/baiyixin/Documents/Survey - design knowledge/expanded_pdf_corpus_464_20260811/00d7fbafe65f.pdf,/Users/baiyixin/Documents/Survey - design knowledge/expanded_pipeline_464_20260811/canonical_text/00d7fbafe65f.txt,3d5c06263c3a2142ee679b4e6dcd29a6600f32620b33802989cc2b7eea28359b,18,included_prior_review,True,prior_459
00e42ae113b8,/Users/baiyixin/Downloads/pdf_386_by_paper_id/00e42ae113b8.pdf,/Users/baiyixin/Documents/Survey - design knowledge/expanded_pdf_corpus_464_20260811/00e42ae113b8.pdf,/Users/baiyixin/Documents/Survey - design knowledge/expanded_pipeline_464_20260811/canonical_text/00e42ae113b8.txt,bcd28e3c298b2ec5a1d84f304f31cf1ec54319d8d670a500bddd85353eda3ea3,21,included_prior_review,True,prior_459
013a50a2a9b4,/Users/baiyixin/Downloads/013a50a2a9b4.pdf,/Users/baiyixin/Documents/Survey - design knowledge/expanded_pdf_corpus_464_20260811/013a50a2a9b4.pdf,/Users/baiyixin/Documents/Survey - design knowledge/expanded_pipeline_464_20260811/canonical_text/013a50a2a9b4.txt,675fefc875546f83057b0e8a74cca33fd296c8d1c587a83eea3df8a581dac7b7,10,included_prior_review,True,prior_459
01467836cecf,/Users/baiyixin/Downloads/pdf_386_by_paper_id/01467836cecf.pdf,/Users/baiyixin/Documents/Survey - design knowledge/expanded_pdf_corpus_464_20260811/01467836cecf.pdf,/Users/baiyixin/Documents/Survey - design knowledge/expanded_pipeline_464_20260811/canonical_text/01467836cecf.txt,1d835186cb8f43baf7ee84fb0d997811a49a607b3e7337de75abc0874bfaa196,10,included_prior_review,True,prior_459
0176348439b8,/Users/baiyixin/Downloads/pdf_386_by_paper_id/0176348439b8.pdf,/Users/baiyixin/Documents/Survey - design knowledge/expanded_pdf_corpus_464_20260811/0176348439b8.pdf,/Users/baiyixin/Documents/Survey - design knowledge/expanded_pipeline_464_20260811/canonical_text/0176348439b8.txt,828770d963a3b05534dfa89b2e4ddb7ecddd889dcfbeb45ec71d86e56fb5a72f,8,included_prior_review,True,prior_459
021b68e369b1,/Users/baiyixin/Downloads/021b68e369b1.pdf,/Users/baiyixin/Documents/Survey - design knowledge/expanded_pdf_corpus_464_20260811/021b68e369b1.pdf,/Users/baiyixin/Documents/Survey - design knowledge/expanded_pipeline_464_20260811/canonical_text/021b68e369b1.txt,0be19d083538915cc36cae418d0e72a2929f3b55f77fd172cd6cb26aa3c5a964,12,included_prior_review,True,prior_459
022ee7cf2e4e,/Users/baiyixin/Downloads/pdf_386_by_paper_id/022ee7cf2e4e.pdf,/Users/baiyixin/Documents/Survey - design knowledge/expanded_pdf_corpus_464_20260811/022ee7cf2e4e.pdf,/Users/baiyixin/Documents/Survey - design knowledge/expanded_pipeline_464_20260811/canonical_text/022ee7cf2e4e.txt,fed072b082fc74a193d11e2defa07b2c7bd9e5bafc093dd4fa1f00dd8793b152,10,included_prior_review,True,prior_459
02381ea80183,/Users/baiyixin/Downloads/pdf_386_by_paper_id/02381ea80183.pdf,/Users/baiyixin/Documents/Survey - design knowledge/expanded_pdf_corpus_464_20260811/02381ea80183.pdf,/Users/baiyixin/Documents/Survey - design knowledge/expanded_pipeline_464_20260811/canonical_text/02381ea80183.txt,d6e209162406f0ffef700b3ca02aa348ce3dbf284da63c867f4870a848f473ed,22,included_prior_review,True,prior_459
02c538fcc8a0,/Users/baiyixin/Downloads/02c538fcc8a0.pdf,/Users/baiyixin/Documents/Survey - design knowledge/expanded_pdf_corpus_464_20260811/02c538fcc8a0.pdf,/Users/baiyixin/Documents/Survey - design knowledge/expanded_pipeline_464_20260811/canonical_text/02c538fcc8a0.txt,89b38a6a0a0971030d763546108fdb40b4d6c12f8aa6a89f37d31ecc757b4033,25,included_prior_review,True,prior_459
02f3ae017acb,/Users/baiyixin/Downloads/pdf_386_by_paper_id/02f3ae017acb.pdf,/Users/baiyixin/Documents/Survey - design knowledge/expanded_pdf_corpus_464_20260811/02f3ae017acb.pdf,/Users/baiyixin/Documents/Survey - design knowledge/expanded_pipeline_464_20260811/canonical_text/02f3ae017acb.txt,5f3d0383bcd66af73eccd20c5573c08255cc36b7023e0199ed7e0fece7e039e6,16,included_prior_review,True,prior_459
0334252e4adb,/Users/baiyixin/Downloads/0334252e4adb.pdf,/Users/baiyixin/Documents/Survey - design knowledge/expanded_pdf_corpus_464_20260811/0334252e4adb.pdf,/Users/baiyixin/Documents/Survey - design knowledge/expanded_pipeline_464_20260811/canonical_text/0334252e4adb.txt,fe77ec001964bed3d0228da40b57c8b9d591d109afc3153c4064cca06289982b,12,included_prior_review,True,prior_459
03adadfa0ad4,/Users/baiyixin/Downloads/03adadfa0ad4.pdf,/Users/baiyixin/Documents/Survey - design knowledge/expanded_pdf_corpus_464_20260811/03adadfa0ad4.pdf,/Users/baiyixin/Documents/Survey - design knowledge/expanded_pipeline_464_20260811/canonical_text/03adadfa0ad4.txt,fd9d03f244d3c0cbb6e9b41f4c68704ffe8f36dd104f77950c40d5542b3f1daa,13,included_prior_review,True,prior_459
03fd54829f02,/Users/baiyixin/Downloads/pdf_386_by_paper_id/03fd54829f02.pdf,/Users/baiyixin/Documents/Survey - design knowledge/expanded_pdf_corpus_464_20260811/03fd54829f02.pdf,/Users/baiyixin/Documents/Survey - design knowledge/expanded_pipeline_464_20260811/canonical_text/03fd54829f02.txt,c392f95fd264fbf5eefe8e11b5d0cfffbf415681d3f3ccbaf646659fb0f0faaa,37,included_prior_review,True,prior_459
0512599e76df,/Users/baiyixin/Downloads/pdf_386_by_paper_id/0512599e76df.pdf,/Users/baiyixin/Documents/Survey - design knowledge/expanded_pdf_corpus_464_20260811/0512599e76df.pdf,/Users/baiyixin/Documents/Survey - design knowledge/expanded_pipeline_464_20260811/canonical_text/0512599e76df.txt,2b06ad58f150ff3367ccf55ee881843d7908d5c3bad0eb18630d8c0d4d62e17c,7,included_prior_review,True,prior_459
056ae4e01610,/Users/baiyixin/Downloads/pdf_386_by_paper_id/056ae4e01610.pdf,/Users/baiyixin/Documents/Survey - design knowledge/expanded_pdf_corpus_464_20260811/056ae4e01610.pdf,/Users/baiyixin/Documents/Survey - design knowledge/expanded_pipeline_464_20260811/canonical_text/056ae4e01610.txt,a51e94f294857c474c92b46c20946af6dda6aa00fea2cadf32d74af8700bba9a,20,approved_single,True,prior_459
06e8b19b5894,/Users/baiyixin/Downloads/06e8b19b5894.pdf,/Users/baiyixin/Documents/Survey - design knowledge/expanded_pdf_corpus_464_20260811/06e8b19b5894.pdf,/Users/baiyixin/Documents/Survey - design knowledge/expanded_pipeline_464_20260811/canonical_text/06e8b19b5894.txt,c7a8d1e3d41a044a4352ec7876187f1bc7353614880f48ffa4f9dfc93e9e7600,8,included_prior_review,True,prior_459
07395d6487e7,/Users/baiyixin/Downloads/07395d6487e7.pdf,/Users/baiyixin/Documents/Survey - design knowledge/expanded_pdf_corpus_464_20260811/07395d6487e7.pdf,/Users/baiyixin/Documents/Survey - design knowledge/expanded_pipeline_464_20260811/canonical_text/07395d6487e7.txt,bb8781ff572f1dd7a56c0fa562aad12e607dd6f98d90a7b7716eb90f07bdde30,7,included_prior_review,True,prior_459
0783409933b4,/Users/baiyixin/Downloads/pdf_386_by_paper_id/0783409933b4.pdf,/Users/baiyixin/Documents/Survey - design knowledge/expanded_pdf_corpus_464_20260811/0783409933b4.pdf,/Users/baiyixin/Documents/Survey - design knowledge/expanded_pipeline_464_20260811/canonical_text/0783409933b4.txt,7f2443c230de1d79d4b9f0a1d472bf77bf60f358b8966f7cead55dad790b4a5b,12,included_prior_review,True,prior_459
07eb3166d706,/Users/baiyixin/Downloads/pdf_386_by_paper_id/07eb3166d706.pdf,/Users/baiyixin/Documents/Survey - design knowledge/expanded_pdf_corpus_464_20260811/07eb3166d706.pdf,/Users/baiyixin/Documents/Survey - design knowledge/expanded_pipeline_464_20260811/canonical_text/07eb3166d706.txt,66153a980b0b8a9e208c3ebe7609a6cb6658256a5f9b1589615b0f74da7133d8,15,included_prior_review,True,prior_459
07efc8033023,/Users/baiyixin/Downloads/07efc8033023.pdf,/Users/baiyixin/Documents/Survey - design knowledge/expanded_pdf_corpus_464_20260811/07efc8033023.pdf,/Users/baiyixin/Documents/Survey - design knowledge/expanded_pipeline_464_20260811/canonical_text/07efc8033023.txt,e776d0e6eb0b48f7a1705dcbcf07a8fdb07afa9c90b0b1b01f36275544f3128d,32,included_prior_review,True,prior_459
080c04a1507a,/Users/baiyixin/Downloads/080c04a1507a.pdf,/Users/baiyixin/Documents/Survey - design knowledge/expanded_pdf_corpus_464_20260811/080c04a1507a.pdf,/Users/baiyixin/Documents/Survey - design knowledge/expanded_pipeline_464_20260811/canonical_text/080c04a1507a.txt,100ff453c5fb0afad4d4153f32dc46a08b0e17d38c29882cf505f8d915b82ecd,13,included_prior_review,True,prior_459
0842498049c7,/Users/baiyixin/Downloads/pdf_386_by_paper_id/0842498049c7.pdf,/Users/baiyixin/Documents/Survey - design knowledge/expanded_pdf_corpus_464_20260811/0842498049c7.pdf,/Users/baiyixin/Documents/Survey - design knowledge/expanded_pipeline_464_20260811/canonical_text/0842498049c7.txt,18d382035fcceee585a6acb31bab4df576d7dea1c0c9cbf91d3876c470f7297d,11,included_prior_review,True,prior_459
09055cc69e8c,/Users/baiyixin/Downloads/pdf_386_by_paper_id/09055cc69e8c.pdf,/Users/baiyixin/Documents/Survey - design knowledge/expanded_pdf_corpus_464_20260811/09055cc69e8c.pdf,/Users/baiyixin/Documents/Survey - design knowledge/expanded_pipeline_464_20260811/canonical_text/09055cc69e8c.txt,406bf531fc63da4e590c641433a206750ecfb6721b17546269e2572ebfbbe3a6,7,included_prior_review,True,prior_459
098637c0f9ae,/Users/baiyixin/Downloads/pdf_386_by_paper_id/098637c0f9ae.pdf,/Users/baiyixin/Documents/Survey - design knowledge/expanded_pdf_corpus_464_20260811/098637c0f9ae.pdf,/Users/baiyixin/Documents/Survey - design knowledge/expanded_pipeline_464_20260811/canonical_text/098637c0f9ae.txt,bf3631b16c8ce55a64b50af44408df4476739deeab788f809feadfa12ac9b670,7,included_prior_review,True,prior_459
098c9db1090d,/Users/baiyixin/Downloads/pdf_386_by_paper_id/098c9db1090d.pdf,/Users/baiyixin/Documents/Survey - design knowledge/expanded_pdf_corpus_464_20260811/098c9db1090d.pdf,/Users/baiyixin/Documents/Survey - design knowledge/expanded_pipeline_464_20260811/canonical_text/098c9db1090d.txt,747b6ba5ad8e6334b08d0a4fc61659d9893b806d6d5f8b6b239a03bc74b7875a,12,included_prior_review,True,prior_459
09e4195a775c,/Users/baiyixin/Downloads/pdf_386_by_paper_id/09e4195a775c.pdf,/Users/baiyixin/Documents/Survey - design knowledge/expanded_pdf_corpus_464_20260811/09e4195a775c.pdf,/Users/baiyixin/Documents/Survey - design knowledge/expanded_pipeline_464_20260811/canonical_text/09e4195a775c.txt,67f6c35f661de30452b0aa1271101639213291a5f31bcc9a9a5e13d1c89591eb,15,included_prior_review,True,prior_459
0a373ca87142,/Users/baiyixin/Downloads/pdf_386_by_paper_id/0a373ca87142.pdf,/Users/baiyixin/Documents/Survey - design knowledge/expanded_pdf_corpus_464_20260811/0a373ca87142.pdf,/Users/baiyixin/Documents/Survey - design knowledge/expanded_pipeline_464_20260811/canonical_text/0a373ca87142.txt,60dd6a03e18af8d938c619d802b2f2c405e64120b080b6df8e64439d75dfe6a4,32,included_prior_review,True,prior_459
0b002633de00,/Users/baiyixin/Downloads/0b002633de00.pdf,/Users/baiyixin/Documents/Survey - design knowledge/expanded_pdf_corpus_464_20260811/0b002633de00.pdf,/Users/baiyixin/Documents/Survey - design knowledge/expanded_pipeline_464_20260811/canonical_text/0b002633de00.txt,c9421685d160f4a802535b030d61e31a4891aa9e3811215cfdd27aa922b7853b,8,included_prior_review,True,prior_459
0b35e34543e2,/Users/baiyixin/Downloads/pdf_386_by_paper_id/0b35e34543e2.pdf,/Users/baiyixin/Documents/Survey - design knowledge/expanded_pdf_corpus_464_20260811/0b35e34543e2.pdf,/Users/baiyixin/Documents/Survey - design knowledge/expanded_pipeline_464_20260811/canonical_text/0b35e34543e2.txt,30f03f8d7536bac33752d0f5920ac7eba744a3e376c27299c53c2eb5b8bfb893,18,included_prior_review,True,prior_459
0b7e6111aa14,/Users/baiyixin/Downloads/pdf_386_by_paper_id/0b7e6111aa14.pdf,/Users/baiyixin/Documents/Survey - design knowledge/expanded_pdf_corpus_464_20260811/0b7e6111aa14.pdf,/Users/baiyixin/Documents/Survey - design knowledge/expanded_pipeline_464_20260811/canonical_text/0b7e6111aa14.txt,4c2b9427345bb6d20eee3bccde081bdaabc31c6ab37a71f927db8723a8f16620,37,included_prior_review,True,prior_459
0bca44c18d6c,/Users/baiyixin/Downloads/pdf_386_by_paper_id/0bca44c18d6c.pdf,/Users/baiyixin/Documents/Survey - design knowledge/expanded_pdf_corpus_464_20260811/0bca44c18d6c.pdf,/Users/baiyixin/Documents/Survey - design knowledge/expanded_pipeline_464_20260811/canonical_text/0bca44c18d6c.txt,d8fb3bd25c598d5a3274fbd7b015110d1977d0c8309cf09d0471a2321349d704,9,included_prior_review,True,prior_459
0c3ae5c60e89,/Users/baiyixin/Downloads/0c3ae5c60e89.pdf,/Users/baiyixin/Documents/Survey - design knowledge/expanded_pdf_corpus_464_20260811/0c3ae5c60e89.pdf,/Users/baiyixin/Documents/Survey - design knowledge/expanded_pipeline_464_20260811/canonical_text/0c3ae5c60e89.txt,6f162840f134b1edf8a0b0da391721927349f9c52634cb5c2ffe0cbf39157e48,10,included_prior_review,True,prior_459
0c63b5d36c1b,/Users/baiyixin/Downloads/0c63b5d36c1b.pdf,/Users/baiyixin/Documents/Survey - design knowledge/expanded_pdf_corpus_464_20260811/0c63b5d36c1b.pdf,/Users/baiyixin/Documents/Survey - design knowledge/expanded_pipeline_464_20260811/canonical_text/0c63b5d36c1b.txt,8125f8eaddf63807938eec37af26d58f70ed4ac833a5d18ebf22635ae7db922a,10,included_prior_review,True,prior_459
0cbc36913472,/Users/baiyixin/Downloads/pdf_386_by_paper_id/0cbc36913472.pdf,/Users/baiyixin/Documents/Survey - design knowledge/expanded_pdf_corpus_464_20260811/0cbc36913472.pdf,/Users/baiyixin/Documents/Survey - design knowledge/expanded_pipeline_464_20260811/canonical_text/0cbc36913472.txt,1cccc0c59c6d6a19dc977a603fa711d3811820ca3148d18c8557cd1915629e8b,15,included_prior_review,True,prior_459
0e02199ea150,/Users/baiyixin/Downloads/pdf_386_by_paper_id/0e02199ea150.pdf,/Users/baiyixin/Documents/Survey - design knowledge/expanded_pdf_corpus_464_20260811/0e02199ea150.pdf,/Users/baiyixin/Documents/Survey - design knowledge/expanded_pipeline_464_20260811/canonical_text/0e02199ea150.txt,6495fa1be3f4d05fe74d24818188cc0fb78f9e91c0a05c5c2312ff1013089941,8,included_prior_review,True,prior_459
0ecb6c9b7eeb,/Users/baiyixin/Downloads/pdf_386_by_paper_id/0ecb6c9b7eeb.pdf,/Users/baiyixin/Documents/Survey - design knowledge/expanded_pdf_corpus_464_20260811/0ecb6c9b7eeb.pdf,/Users/baiyixin/Documents/Survey - design knowledge/expanded_pipeline_464_20260811/canonical_text/0ecb6c9b7eeb.txt,c4706d934577e7a8e438e3de4a94ec941544e89ada6021f3780cc15dd48645e9,10,included_prior_review,True,prior_459
0ef759265f23,/Users/baiyixin/Downloads/pdf_386_by_paper_id/0ef759265f23.pdf,/Users/baiyixin/Documents/Survey - design knowledge/expanded_pdf_corpus_464_20260811/0ef759265f23.pdf,/Users/baiyixin/Documents/Survey - design knowledge/expanded_pipeline_464_20260811/canonical_text/0ef759265f23.txt,aa3b7d69967a8b4bf35eb9a3956e9f2d82cac6370896036c0f9e253a26a98a33,10,included_prior_review,True,prior_459
102689fab8b6,/Users/baiyixin/Downloads/102689fab8b6.pdf,/Users/baiyixin/Documents/Survey - design knowledge/expanded_pdf_corpus_464_20260811/102689fab8b6.pdf,/Users/baiyixin/Documents/Survey - design knowledge/expanded_pipeline_464_20260811/canonical_text/102689fab8b6.txt,fafb046a89634b222d0193b4e1a266a2c9cc043e9f60b7cc62240ab5042ca621,46,included_prior_review,True,prior_459
103eb1a8586b,/Users/baiyixin/Downloads/pdf_386_by_paper_id/103eb1a8586b.pdf,/Users/baiyixin/Documents/Survey - design knowledge/expanded_pdf_corpus_464_20260811/103eb1a8586b.pdf,/Users/baiyixin/Documents/Survey - design knowledge/expanded_pipeline_464_20260811/canonical_text/103eb1a8586b.txt,0ac74a787415455b2b5123099c0ea9fafe1e46c0d5609ab81eeb54cac6c84ce2,25,included_prior_review,True,prior_459
114973fd100e,/Users/baiyixin/Downloads/pdf_386_by_paper_id/114973fd100e.pdf,/Users/baiyixin/Documents/Survey - design knowledge/expanded_pdf_corpus_464_20260811/114973fd100e.pdf,/Users/baiyixin/Documents/Survey - design knowledge/expanded_pipeline_464_20260811/canonical_text/114973fd100e.txt,11750fb7e10b56be11ea013e91467548ce7a6f649fb353779b03e7f8ecebdc26,8,included_prior_review,True,prior_459
1151f6830f77,/Users/baiyixin/Downloads/pdf_386_by_paper_id/1151f6830f77.pdf,/Users/baiyixin/Documents/Survey - design knowledge/expanded_pdf_corpus_464_20260811/1151f6830f77.pdf,/Users/baiyixin/Documents/Survey - design knowledge/expanded_pipeline_464_20260811/canonical_text/1151f6830f77.txt,0f3a6e3e3687154d9eb4acc3c8aea23cdaf43e7a61b761958e7945e069bb9143,8,included_prior_review,True,prior_459
12029fe2805e,/Users/baiyixin/Downloads/drive-download-20260726T225239Z-1-001/12029fe2805e.pdf,/Users/baiyixin/Documents/Survey - design knowledge/expanded_pdf_corpus_464_20260811/12029fe2805e.pdf,/Users/baiyixin/Documents/Survey - design knowledge/expanded_pipeline_464_20260811/canonical_text/12029fe2805e.txt,7f9b545521f24da7a45d3b8d3743ac71800d81ce2268e9a51740c59bb6720ec5,16,excluded_non_english,False,prior_459
12568f76ff90,/Users/baiyixin/Downloads/pdf_386_by_paper_id/12568f76ff90.pdf,/Users/baiyixin/Documents/Survey - design knowledge/expanded_pdf_corpus_464_20260811/12568f76ff90.pdf,/Users/baiyixin/Documents/Survey - design knowledge/expanded_pipeline_464_20260811/canonical_text/12568f76ff90.txt,3d85190943eb2f0b49b32c799058885a0e995bc8a9e18da59573641c985f6869,8,included_prior_review,True,prior_459
12a0faff1d0d,/Users/baiyixin/Downloads/12a0faff1d0d.pdf,/Users/baiyixin/Documents/Survey - design knowledge/expanded_pdf_corpus_464_20260811/12a0faff1d0d.pdf,/Users/baiyixin/Documents/Survey - design knowledge/expanded_pipeline_464_20260811/canonical_text/12a0faff1d0d.txt,d7ce63f51defa7e6bac575cfa4613204b0b443bbb8a5d29042f4c215b87d0dd2,15,included_prior_review,True,prior_459
12cb05e5e8ec,/Users/baiyixin/Downloads/12cb05e5e8ec.pdf,/Users/baiyixin/Documents/Survey - design knowledge/expanded_pdf_corpus_464_20260811/12cb05e5e8ec.pdf,/Users/baiyixin/Documents/Survey - design knowledge/expanded_pipeline_464_20260811/canonical_text/12cb05e5e8ec.txt,452c541903043e2c701bdb0e91725a4ba4d2121ac01ad77b3e737d32e83ae661,2,included_prior_review,True,prior_459
139a1e71d8dc,/Users/baiyixin/Downloads/pdf_386_by_paper_id/139a1e71d8dc.pdf,/Users/baiyixin/Documents/Survey - design knowledge/expanded_pdf_corpus_464_20260811/139a1e71d8dc.pdf,/Users/baiyixin/Documents/Survey - design knowledge/expanded_pipeline_464_20260811/canonical_text/139a1e71d8dc.txt,b00a48c114281159c2d76e5c0d05d117dd5e347cd0a4c52e8115a6af7f8b93ab,10,included_prior_review,True,prior_459
1416cd2b88de,/Users/baiyixin/Downloads/pdf_386_by_paper_id/1416cd2b88de.pdf,/Users/baiyixin/Documents/Survey - design knowledge/expanded_pdf_corpus_464_20260811/1416cd2b88de.pdf,/Users/baiyixin/Documents/Survey - design knowledge/expanded_pipeline_464_20260811/canonical_text/1416cd2b88de.txt,7c036902a892969252d460b855d9a24c5fb2059ae8e91be1e59ae48048a9a83e,20,included_prior_review,True,prior_459
141f85abba0a,/Users/baiyixin/Downloads/pdf_386_by_paper_id/141f85abba0a.pdf,/Users/baiyixin/Documents/Survey - design knowledge/expanded_pdf_corpus_464_20260811/141f85abba0a.pdf,/Users/baiyixin/Documents/Survey - design knowledge/expanded_pipeline_464_20260811/canonical_text/141f85abba0a.txt,1d3352fa5e24036d52ad5a90b92937dc5fa33732a482742ff5771ae1dff2c853,8,included_prior_review,True,prior_459
1445730be68b,/Users/baiyixin/Downloads/pdf_386_by_paper_id/1445730be68b.pdf,/Users/baiyixin/Documents/Survey - design knowledge/expanded_pdf_corpus_464_20260811/1445730be68b.pdf,/Users/baiyixin/Documents/Survey - design knowledge/expanded_pipeline_464_20260811/canonical_text/1445730be68b.txt,75f382b18fdc51462260b2fdb654180a3d60d87e5028bf651cd8451aee4e6fbb,24,included_prior_review,True,prior_459
1499477f6cda,/Users/baiyixin/Downloads/1499477f6cda.pdf,/Users/baiyixin/Documents/Survey - design knowledge/expanded_pdf_corpus_464_20260811/1499477f6cda.pdf,/Users/baiyixin/Documents/Survey - design knowledge/expanded_pipeline_464_20260811/canonical_text/1499477f6cda.txt,cae45c0b2023538058a1151660fa3882d9e880e8f323c7843775364537686503,10,included_prior_review,True,prior_459
14dcaf15aa66,/Users/baiyixin/Downloads/pdf_386_by_paper_id/14dcaf15aa66.pdf,/Users/baiyixin/Documents/Survey - design knowledge/expanded_pdf_corpus_464_20260811/14dcaf15aa66.pdf,/Users/baiyixin/Documents/Survey - design knowledge/expanded_pipeline_464_20260811/canonical_text/14dcaf15aa66.txt,eeaa0dcd421c9c58f8fc1212d94e4ca35ffb89f9336b6bda3f7e0a603171917f,12,included_prior_review,True,prior_459
15f17a542ff6,/Users/baiyixin/Downloads/15f17a542ff6.pdf,/Users/baiyixin/Documents/Survey - design knowledge/expanded_pdf_corpus_464_20260811/15f17a542ff6.pdf,/Users/baiyixin/Documents/Survey - design knowledge/expanded_pipeline_464_20260811/canonical_text/15f17a542ff6.txt,4c973366928b36c0c6e4e86c626fe363f393163bdf313b5b80ff8531013ffd7a,12,included_prior_review,True,prior_459
166efc8ac468,/Users/baiyixin/Downloads/166efc8ac468.pdf,/Users/baiyixin/Documents/Survey - design knowledge/expanded_pdf_corpus_464_20260811/166efc8ac468.pdf,/Users/baiyixin/Documents/Survey - design knowledge/expanded_pipeline_464_20260811/canonical_text/166efc8ac468.txt,77c4a0aef12a9fa9f7240a41df00fd6447894020ad5936448f732cbadd6724a4,144,included_prior_review,True,prior_459
16b7f7939f93,/Users/baiyixin/Downloads/16b7f7939f93.pdf,/Users/baiyixin/Documents/Survey - design knowledge/expanded_pdf_corpus_464_20260811/16b7f7939f93.pdf,/Users/baiyixin/Documents/Survey - design knowledge/expanded_pipeline_464_20260811/canonical_text/16b7f7939f93.txt,4cc9a60f40437b9696bcacb4c8e45c2a01ced8ce51fe4c459a4788a12922fe87,12,included_prior_review,True,prior_459
1728dd2afe4b,/Users/baiyixin/Downloads/1728dd2afe4b.pdf,/Users/baiyixin/Documents/Survey - design knowledge/expanded_pdf_corpus_464_20260811/1728dd2afe4b.pdf,/Users/baiyixin/Documents/Survey - design knowledge/expanded_pipeline_464_20260811/canonical_text/1728dd2afe4b.txt,79844cd56d6b8978e2cb8e109b69891696e23ceca8322be35873d0f8a9637725,15,included_prior_review,True,prior_459
17ad371dac5e,/Users/baiyixin/Documents/Survey - design knowledge/pdfs_ready_for_drive_upload/17ad371dac5e.pdf,/Users/baiyixin/Documents/Survey - design knowledge/expanded_pdf_corpus_464_20260811/17ad371dac5e.pdf,/Users/baiyixin/Documents/Survey - design knowledge/expanded_pipeline_464_20260811/canonical_text/17ad371dac5e.txt,5af144cf168b158fcedce0891f4458f3f44434076b631c3f8dcdfe0e60fb0828,10,included_prior_review,True,prior_459
1826e718712a,/Users/baiyixin/Downloads/1826e718712a.pdf,/Users/baiyixin/Documents/Survey - design knowledge/expanded_pdf_corpus_464_20260811/1826e718712a.pdf,/Users/baiyixin/Documents/Survey - design knowledge/expanded_pipeline_464_20260811/canonical_text/1826e718712a.txt,a733befe765077b2db55fd0f8462bbac480ef372420f442bdc76cbcc67b92b94,13,included_prior_review,True,prior_459
18d57211cb40,/Users/baiyixin/Downloads/pdf_386_by_paper_id/18d57211cb40.pdf,/Users/baiyixin/Documents/Survey - design knowledge/expanded_pdf_corpus_464_20260811/18d57211cb40.pdf,/Users/baiyixin/Documents/Survey - design knowledge/expanded_pipeline_464_20260811/canonical_text/18d57211cb40.txt,d9af067e58c4444a43d2037f89a33b92cc6d207cd9e78a627c6a01cb13a85729,7,included_prior_review,True,prior_459
19dd6ec0253e,/Users/baiyixin/Downloads/pdf_386_by_paper_id/19dd6ec0253e.pdf,/Users/baiyixin/Documents/Survey - design knowledge/expanded_pdf_corpus_464_20260811/19dd6ec0253e.pdf,/Users/baiyixin/Documents/Survey - design knowledge/expanded_pipeline_464_20260811/canonical_text/19dd6ec0253e.txt,4a879badf643191e1d62c2249b2eb56e550dbfc0e3d136d61c3bc956a212630f,18,included_prior_review,True,prior_459
1a3361a5f828,/Users/baiyixin/Downloads/1a3361a5f828.pdf,/Users/baiyixin/Documents/Survey - design knowledge/expanded_pdf_corpus_464_20260811/1a3361a5f828.pdf,/Users/baiyixin/Documents/Survey - design knowledge/expanded_pipeline_464_20260811/canonical_text/1a3361a5f828.txt,003cd3fa3f86d5470e6f5375a096af607f6afa1b28848500d9a77192f16e8db4,6,included_prior_review,True,prior_459
1c04ffa25528,/Users/baiyixin/Downloads/pdf_386_by_paper_id/1c04ffa25528.pdf,/Users/baiyixin/Documents/Survey - design knowledge/expanded_pdf_corpus_464_20260811/1c04ffa25528.pdf,/Users/baiyixin/Documents/Survey - design knowledge/expanded_pipeline_464_20260811/canonical_text/1c04ffa25528.txt,b3e2b69f1860c9439bc60bdb4cda7b7f38a1e763bcc2ebe39457176e83b483b8,10,included_prior_review,True,prior_459
1c7fa3f7d73a,/Users/baiyixin/Downloads/pdf_386_by_paper_id/1c7fa3f7d73a.pdf,/Users/baiyixin/Documents/Survey - design knowledge/expanded_pdf_corpus_464_20260811/1c7fa3f7d73a.pdf,/Users/baiyixin/Documents/Survey - design knowledge/expanded_pipeline_464_20260811/canonical_text/1c7fa3f7d73a.txt,ed9e603c6f4b874331f201c0404354a5855b0be8594c7c00e568f42b032aca8b,20,included_prior_review,True,prior_459
1d033f71eb02,/Users/baiyixin/Downloads/pdf_386_by_paper_id/1d033f71eb02.pdf,/Users/baiyixin/Documents/Survey - design knowledge/expanded_pdf_corpus_464_20260811/1d033f71eb02.pdf,/Users/baiyixin/Documents/Survey - design knowledge/expanded_pipeline_464_20260811/canonical_text/1d033f71eb02.txt,0752a6ec34532841acd7a85370a6a0bbd5a0b7d2b282dbf48207b1281ad20d43,30,included_prior_review,True,prior_459
1d3cca16fcd2,/Users/baiyixin/Downloads/1d3cca16fcd2.pdf,/Users/baiyixin/Documents/Survey - design knowledge/expanded_pdf_corpus_464_20260811/1d3cca16fcd2.pdf,/Users/baiyixin/Documents/Survey - design knowledge/expanded_pipeline_464_20260811/canonical_text/1d3cca16fcd2.txt,dc974204eb6f71a551438497d31db16155530caac939cf66bfd3b060047cdc50,20,included_prior_review,True,prior_459
1d529e097d58,/Users/baiyixin/Downloads/1d529e097d58.pdf,/Users/baiyixin/Documents/Survey - design knowledge/expanded_pdf_corpus_464_20260811/1d529e097d58.pdf,/Users/baiyixin/Documents/Survey - design knowledge/expanded_pipeline_464_20260811/canonical_text/1d529e097d58.txt,67c4bc57aff4cd17ddee31295621e263289e713ebcbf02f464b05b9ca7d08c22,63,included_prior_review,True,prior_459
1e7ab64c6cf9,/Users/baiyixin/Downloads/pdf_386_by_paper_id/1e7ab64c6cf9.pdf,/Users/baiyixin/Documents/Survey - design knowledge/expanded_pdf_corpus_464_20260811/1e7ab64c6cf9.pdf,/Users/baiyixin/Documents/Survey - design knowledge/expanded_pipeline_464_20260811/canonical_text/1e7ab64c6cf9.txt,e5a2c79ee501ee0e0e7a59e08301b9d7f535f076b7a25dc73e9cdc2f9953f876,8,included_prior_review,True,prior_459
1e8f1494fc78,/Users/baiyixin/Downloads/pdf_386_by_paper_id/1e8f1494fc78.pdf,/Users/baiyixin/Documents/Survey - design knowledge/expanded_pdf_corpus_464_20260811/1e8f1494fc78.pdf,/Users/baiyixin/Documents/Survey - design knowledge/expanded_pipeline_464_20260811/canonical_text/1e8f1494fc78.txt,4087a0584866bee971e2f0cc2702a9d84011166f56f2b3d01cc96ca7662a0da2,10,included_prior_review,True,prior_459
1fda49b32463,/Users/baiyixin/Downloads/pdf_386_by_paper_id/1fda49b32463.pdf,/Users/baiyixin/Documents/Survey - design knowledge/expanded_pdf_corpus_464_20260811/1fda49b32463.pdf,/Users/baiyixin/Documents/Survey - design knowledge/expanded_pipeline_464_20260811/canonical_text/1fda49b32463.txt,7791b0a42bae8247299aeb4941eb40dbe08f5f2366e48aef90f1c3075366bfeb,8,included_prior_review,True,prior_459
1fec06501110,/Users/baiyixin/Downloads/1fec06501110.pdf,/Users/baiyixin/Documents/Survey - design knowledge/expanded_pdf_corpus_464_20260811/1fec06501110.pdf,/Users/baiyixin/Documents/Survey - design knowledge/expanded_pipeline_464_20260811/canonical_text/1fec06501110.txt,61af77558f9465c0dc8f5b453c742f5998fde0db3259fd15cf466ef5d72c6492,10,included_prior_review,True,prior_459
2042efa7e455,/Users/baiyixin/Downloads/pdf_386_by_paper_id/2042efa7e455.pdf,/Users/baiyixin/Documents/Survey - design knowledge/expanded_pdf_corpus_464_20260811/2042efa7e455.pdf,/Users/baiyixin/Documents/Survey - design knowledge/expanded_pipeline_464_20260811/canonical_text/2042efa7e455.txt,586f9b064c5a2927b9f4a8766da1e15d95e0500fc1cdf47a972161625306b90b,7,included_prior_review,True,prior_459
2085391360fa,/Users/baiyixin/Downloads/2085391360fa.pdf,/Users/baiyixin/Documents/Survey - design knowledge/expanded_pdf_corpus_464_20260811/2085391360fa.pdf,/Users/baiyixin/Documents/Survey - design knowledge/expanded_pipeline_464_20260811/canonical_text/2085391360fa.txt,be8aa490a00c4cae9ffabaa57ac889bd8fcd25dc55910dfca59437f4fc855d00,15,included_prior_review,True,prior_459
20f56bbbd10c,/Users/baiyixin/Downloads/pdf_386_by_paper_id/20f56bbbd10c.pdf,/Users/baiyixin/Documents/Survey - design knowledge/expanded_pdf_corpus_464_20260811/20f56bbbd10c.pdf,/Users/baiyixin/Documents/Survey - design knowledge/expanded_pipeline_464_20260811/canonical_text/20f56bbbd10c.txt,c6db09752089a115106b7cbbd90ce9ceae3e47491cd99f7f77b8a37f134d7a38,15,included_prior_review,True,prior_459
215d4603e3c7,/Users/baiyixin/Downloads/pdf_386_by_paper_id/215d4603e3c7.pdf,/Users/baiyixin/Documents/Survey - design knowledge/expanded_pdf_corpus_464_20260811/215d4603e3c7.pdf,/Users/baiyixin/Documents/Survey - design knowledge/expanded_pipeline_464_20260811/canonical_text/215d4603e3c7.txt,a6d2b9aed3667e44afd4706c2106dac86e65d46f59a8ab8047182ef308d53ba5,27,included_prior_review,True,prior_459
2280b868ea5f,/Users/baiyixin/Downloads/pdf_386_by_paper_id/2280b868ea5f.pdf,/Users/baiyixin/Documents/Survey - design knowledge/expanded_pdf_corpus_464_20260811/2280b868ea5f.pdf,/Users/baiyixin/Documents/Survey - design knowledge/expanded_pipeline_464_20260811/canonical_text/2280b868ea5f.txt,97e5142a27ae039b8a468e6b10a7fd57c6b60e7d3933196a4733a68b1e2cfc8b,16,included_prior_review,True,prior_459
22988d4cc335,/Users/baiyixin/Downloads/22988d4cc335.pdf,/Users/baiyixin/Documents/Survey - design knowledge/expanded_pdf_corpus_464_20260811/22988d4cc335.pdf,/Users/baiyixin/Documents/Survey - design knowledge/expanded_pipeline_464_20260811/canonical_text/22988d4cc335.txt,6981f77ad354050c157c77a041c7d061db530a0bba947f0206e7eca4f8e6e184,18,included_prior_review,True,prior_459
232abf4e9e91,/Users/baiyixin/Downloads/pdf_386_by_paper_id/232abf4e9e91.pdf,/Users/baiyixin/Documents/Survey - design knowledge/expanded_pdf_corpus_464_20260811/232abf4e9e91.pdf,/Users/baiyixin/Documents/Survey - design knowledge/expanded_pipeline_464_20260811/canonical_text/232abf4e9e91.txt,a9059a7b6c3b94ad46864a3c3bee7e0a7d1a09763bee9fdf71b1e1a25e4d6fd6,5,included_prior_review,True,prior_459
234ec11212b7,/Users/baiyixin/Downloads/234ec11212b7.pdf,/Users/baiyixin/Documents/Survey - design knowledge/expanded_pdf_corpus_464_20260811/234ec11212b7.pdf,/Users/baiyixin/Documents/Survey - design knowledge/expanded_pipeline_464_20260811/canonical_text/234ec11212b7.txt,49022b059882cf6cf428b97951ea622357ece406052d9cbbddcdc00cc43d1715,29,included_prior_review,True,prior_459
242644458c6e,/Users/baiyixin/Downloads/pdf_386_by_paper_id/242644458c6e.pdf,/Users/baiyixin/Documents/Survey - design knowledge/expanded_pdf_corpus_464_20260811/242644458c6e.pdf,/Users/baiyixin/Documents/Survey - design knowledge/expanded_pipeline_464_20260811/canonical_text/242644458c6e.txt,39c3ee00bf804b77fc96ce037bf478e1cdd0ed92d325d2412c18fc39f6179f69,18,included_prior_review,True,prior_459
268903a30da5,/Users/baiyixin/Downloads/pdf_386_by_paper_id/268903a30da5.pdf,/Users/baiyixin/Documents/Survey - design knowledge/expanded_pdf_corpus_464_20260811/268903a30da5.pdf,/Users/baiyixin/Documents/Survey - design knowledge/expanded_pipeline_464_20260811/canonical_text/268903a30da5.txt,9c9238921fb76592e285f4a69f19711fc5ebf3a180fd4f899def1248786ee717,14,included_prior_review,True,prior_459
275ac93d8820,/Users/baiyixin/Downloads/275ac93d8820.pdf,/Users/baiyixin/Documents/Survey - design knowledge/expanded_pdf_corpus_464_20260811/275ac93d8820.pdf,/Users/baiyixin/Documents/Survey - design knowledge/expanded_pipeline_464_20260811/canonical_text/275ac93d8820.txt,5107c02321c5b78cfbd328d27980abe03e82c45485c5a8989e878bcfa0c8d2bc,12,included_prior_review,True,prior_459
27e1a41acfbb,/Users/baiyixin/Downloads/27e1a41acfbb.pdf,/Users/baiyixin/Documents/Survey - design knowledge/expanded_pdf_corpus_464_20260811/27e1a41acfbb.pdf,/Users/baiyixin/Documents/Survey - design knowledge/expanded_pipeline_464_20260811/canonical_text/27e1a41acfbb.txt,9f17e4851b381cf72199e4d42a5620767d9db6737cae462ab22f4d8760c60b31,2,included_prior_review,True,prior_459
287b2d823523,/Users/baiyixin/Downloads/pdf_386_by_paper_id/287b2d823523.pdf,/Users/baiyixin/Documents/Survey - design knowledge/expanded_pdf_corpus_464_20260811/287b2d823523.pdf,/Users/baiyixin/Documents/Survey - design knowledge/expanded_pipeline_464_20260811/canonical_text/287b2d823523.txt,f9580cd8f5bfca8216d02ae02f2b491a82e583c70e602ebbd25e548905c6810d,8,included_prior_review,True,prior_459
288676f720a1,/Users/baiyixin/Downloads/pdf_386_by_paper_id/288676f720a1.pdf,/Users/baiyixin/Documents/Survey - design knowledge/expanded_pdf_corpus_464_20260811/288676f720a1.pdf,/Users/baiyixin/Documents/Survey - design knowledge/expanded_pipeline_464_20260811/canonical_text/288676f720a1.txt,e780ccf10e78c25fcf6c05f81eac5b09400edde1bb383941ea6bd2332c83635d,17,included_prior_review,True,prior_459
28e9bfcf6713,/Users/baiyixin/Downloads/28e9bfcf6713.pdf,/Users/baiyixin/Documents/Survey - design knowledge/expanded_pdf_corpus_464_20260811/28e9bfcf6713.pdf,/Users/baiyixin/Documents/Survey - design knowledge/expanded_pipeline_464_20260811/canonical_text/28e9bfcf6713.txt,78347abd658a21bc9da97d5d654b03cf2b506332bee5be9bffdca33049725022,2,included_prior_review,True,prior_459
296e021afe91,/Users/baiyixin/Downloads/pdf_386_by_paper_id/296e021afe91.pdf,/Users/baiyixin/Documents/Survey - design knowledge/expanded_pdf_corpus_464_20260811/296e021afe91.pdf,/Users/baiyixin/Documents/Survey - design knowledge/expanded_pipeline_464_20260811/canonical_text/296e021afe91.txt,87252d334d86ad9cd207ff41d32368406ec1270c1e0872579ab50719337d8b83,39,included_prior_review,True,prior_459
29a8891f4c02,/Users/baiyixin/Downloads/pdf_386_by_paper_id/29a8891f4c02.pdf,/Users/baiyixin/Documents/Survey - design knowledge/expanded_pdf_corpus_464_20260811/29a8891f4c02.pdf,/Users/baiyixin/Documents/Survey - design knowledge/expanded_pipeline_464_20260811/canonical_text/29a8891f4c02.txt,f5fe9b309d81f0482aee7d45145cdece5fad6a24afb0df3a7ef4a518cb2c3cdc,8,included_prior_review,True,prior_459
2a22a314dcfb,/Users/baiyixin/Downloads/pdf_386_by_paper_id/2a22a314dcfb.pdf,/Users/baiyixin/Documents/Survey - design knowledge/expanded_pdf_corpus_464_20260811/2a22a314dcfb.pdf,/Users/baiyixin/Documents/Survey - design knowledge/expanded_pipeline_464_20260811/canonical_text/2a22a314dcfb.txt,3e1e579205278941c68cc25372c57670f70ca83c355a6cb73a577f9954390d6a,38,included_prior_review,True,prior_459
2a3139d14895,/Users/baiyixin/Downloads/pdf_386_by_paper_id/2a3139d14895.pdf,/Users/baiyixin/Documents/Survey - design knowledge/expanded_pdf_corpus_464_20260811/2a3139d14895.pdf,/Users/baiyixin/Documents/Survey - design knowledge/expanded_pipeline_464_20260811/canonical_text/2a3139d14895.txt,b8a58ebf4d76f9db19b434bc4a0dd97a1931c6f8a838ede1d77859e0ede6a318,8,included_prior_review,True,prior_459
2a64adab5143,/Users/baiyixin/Downloads/2a64adab5143.pdf,/Users/baiyixin/Documents/Survey - design knowledge/expanded_pdf_corpus_464_20260811/2a64adab5143.pdf,/Users/baiyixin/Documents/Survey - design knowledge/expanded_pipeline_464_20260811/canonical_text/2a64adab5143.txt,a975299c3896a3f708e7c66941f97f8225adeed28aba1d65da7fa72cb5889271,8,included_prior_review,True,prior_459
2b32e2beaead,/Users/baiyixin/Downloads/2b32e2beaead.pdf,/Users/baiyixin/Documents/Survey - design knowledge/expanded_pdf_corpus_464_20260811/2b32e2beaead.pdf,/Users/baiyixin/Documents/Survey - design knowledge/expanded_pipeline_464_20260811/canonical_text/2b32e2beaead.txt,d31ca0d4cabe34e6b722e9b945e474d8a12a28b669788601fa1870091d4a29ba,15,included_prior_review,True,prior_459
2ba0daf07e8e,/Users/baiyixin/Downloads/pdf_386_by_paper_id/2ba0daf07e8e.pdf,/Users/baiyixin/Documents/Survey - design knowledge/expanded_pdf_corpus_464_20260811/2ba0daf07e8e.pdf,/Users/baiyixin/Documents/Survey - design knowledge/expanded_pipeline_464_20260811/canonical_text/2ba0daf07e8e.txt,14dde20d57bc795d99a7f7549200e08bfd1812d34dea0c37f33f64264228a18e,18,included_prior_review,True,prior_459
2c1d03d1ba75,/Users/baiyixin/Downloads/2c1d03d1ba75.pdf,/Users/baiyixin/Documents/Survey - design knowledge/expanded_pdf_corpus_464_20260811/2c1d03d1ba75.pdf,/Users/baiyixin/Documents/Survey - design knowledge/expanded_pipeline_464_20260811/canonical_text/2c1d03d1ba75.txt,c9212ae96aaf1c6055d2d3eda77497b40388632f2bbd5be26702d55434776483,13,included_prior_review,True,prior_459
2c8a6e74557f,/Users/baiyixin/Downloads/pdf_386_by_paper_id/2c8a6e74557f.pdf,/Users/baiyixin/Documents/Survey - design knowledge/expanded_pdf_corpus_464_20260811/2c8a6e74557f.pdf,/Users/baiyixin/Documents/Survey - design knowledge/expanded_pipeline_464_20260811/canonical_text/2c8a6e74557f.txt,38c7c7da567532bfda14dfbeb4b2a9eab3b6a0ff084d1839ab105036256eac17,8,included_prior_review,True,prior_459
2cceb8eaa8c9,/Users/baiyixin/Documents/Survey - design knowledge/pdfs_ready_for_drive_upload/2cceb8eaa8c9.pdf,/Users/baiyixin/Documents/Survey - design knowledge/expanded_pdf_corpus_464_20260811/2cceb8eaa8c9.pdf,/Users/baiyixin/Documents/Survey - design knowledge/expanded_pipeline_464_20260811/canonical_text/2cceb8eaa8c9.txt,e5fa33f82cd86dd1dfb0033d9a6f8bd47bda272437319a0cbf21120f6417bcc4,11,included_prior_review,True,prior_459
2efb92894924,/Users/baiyixin/Downloads/pdf_386_by_paper_id/2efb92894924.pdf,/Users/baiyixin/Documents/Survey - design knowledge/expanded_pdf_corpus_464_20260811/2efb92894924.pdf,/Users/baiyixin/Documents/Survey - design knowledge/expanded_pipeline_464_20260811/canonical_text/2efb92894924.txt,d1da55ecb7f9672b0d8077ba34cec6b536161dd17c1076d6b6b803a7418dc17c,4,included_prior_review,True,prior_459
2f7b1528d74d,/Users/baiyixin/Downloads/2f7b1528d74d.pdf,/Users/baiyixin/Documents/Survey - design knowledge/expanded_pdf_corpus_464_20260811/2f7b1528d74d.pdf,/Users/baiyixin/Documents/Survey - design knowledge/expanded_pipeline_464_20260811/canonical_text/2f7b1528d74d.txt,a8c37f66a8aed30d60d2d13bccd60bfe96a5a6008654227074cf789a019a4471,144,included_prior_review,True,prior_459
2faef10b819d,/Users/baiyixin/Downloads/pdf_386_by_paper_id/2faef10b819d.pdf,/Users/baiyixin/Documents/Survey - design knowledge/expanded_pdf_corpus_464_20260811/2faef10b819d.pdf,/Users/baiyixin/Documents/Survey - design knowledge/expanded_pipeline_464_20260811/canonical_text/2faef10b819d.txt,04da4acc638562f76edc43c53dedb8ce299cfdc5574193a82462f22846bba883,30,included_prior_review,True,prior_459
3058799f63c1,/Users/baiyixin/Downloads/pdf_386_by_paper_id/3058799f63c1.pdf,/Users/baiyixin/Documents/Survey - design knowledge/expanded_pdf_corpus_464_20260811/3058799f63c1.pdf,/Users/baiyixin/Documents/Survey - design knowledge/expanded_pipeline_464_20260811/canonical_text/3058799f63c1.txt,ff768f525816c2cb1dc826d0aa6156bd2138307d7b2e8c167031914f90af5d02,11,included_prior_review,True,prior_459
306d52b89600,/Users/baiyixin/Downloads/306d52b89600.pdf,/Users/baiyixin/Documents/Survey - design knowledge/expanded_pdf_corpus_464_20260811/306d52b89600.pdf,/Users/baiyixin/Documents/Survey - design knowledge/expanded_pipeline_464_20260811/canonical_text/306d52b89600.txt,f337399e309ccf959c629e7ae977bdaf8e55100671f44eb6959c530efa67bd7c,18,included_prior_review,True,prior_459
31bdafb1fc73,/Users/baiyixin/Downloads/pdf_386_by_paper_id/31bdafb1fc73.pdf,/Users/baiyixin/Documents/Survey - design knowledge/expanded_pdf_corpus_464_20260811/31bdafb1fc73.pdf,/Users/baiyixin/Documents/Survey - design knowledge/expanded_pipeline_464_20260811/canonical_text/31bdafb1fc73.txt,dcdc9ba3a371e98226a83f3b716a53e2a23c740b59a7e6d4c84861ecccc19a29,27,included_prior_review,True,prior_459
3269f651fd9c,/Users/baiyixin/Downloads/pdf_386_by_paper_id/3269f651fd9c.pdf,/Users/baiyixin/Documents/Survey - design knowledge/expanded_pdf_corpus_464_20260811/3269f651fd9c.pdf,/Users/baiyixin/Documents/Survey - design knowledge/expanded_pipeline_464_20260811/canonical_text/3269f651fd9c.txt,b754648a374136aec3dbef021692a338023d0978892a928d46e6fc480bd063b9,10,included_prior_review,True,prior_459
33444d31c6dc,/Users/baiyixin/Downloads/pdf_386_by_paper_id/33444d31c6dc.pdf,/Users/baiyixin/Documents/Survey - design knowledge/expanded_pdf_corpus_464_20260811/33444d31c6dc.pdf,/Users/baiyixin/Documents/Survey - design knowledge/expanded_pipeline_464_20260811/canonical_text/33444d31c6dc.txt,83cc861426ef5c291f42bd2f1159f3650c4202144c0c58555a1424e3cb79cf32,40,included_prior_review,True,prior_459
3382d6461f40,/Users/baiyixin/Downloads/3382d6461f40.pdf,/Users/baiyixin/Documents/Survey - design knowledge/expanded_pdf_corpus_464_20260811/3382d6461f40.pdf,/Users/baiyixin/Documents/Survey - design knowledge/expanded_pipeline_464_20260811/canonical_text/3382d6461f40.txt,7357101d1c452e47f359e0362c793416180d92be5ea35722245c554c6ac3652e,16,included_prior_review,True,prior_459
3401d577c79c,/Users/baiyixin/Downloads/3401d577c79c.pdf,/Users/baiyixin/Documents/Survey - design knowledge/expanded_pdf_corpus_464_20260811/3401d577c79c.pdf,/Users/baiyixin/Documents/Survey - design knowledge/expanded_pipeline_464_20260811/canonical_text/3401d577c79c.txt,85dbd7c20a4633aa3b582d09ed1b8f1a54afc53ae813c815a143ad8faf735293,18,included_prior_review,True,prior_459
3524dd73bb30,/Users/baiyixin/Downloads/pdf_386_by_paper_id/3524dd73bb30.pdf,/Users/baiyixin/Documents/Survey - design knowledge/expanded_pdf_corpus_464_20260811/3524dd73bb30.pdf,/Users/baiyixin/Documents/Survey - design knowledge/expanded_pipeline_464_20260811/canonical_text/3524dd73bb30.txt,f7c02e2af2c04b20ab5b77b75734cb6bbdc480db472bd0f81e40311c3a7eb90b,39,included_prior_review,True,prior_459
35874d939f8d,/Users/baiyixin/Downloads/pdf_386_by_paper_id/35874d939f8d.pdf,/Users/baiyixin/Documents/Survey - design knowledge/expanded_pdf_corpus_464_20260811/35874d939f8d.pdf,/Users/baiyixin/Documents/Survey - design knowledge/expanded_pipeline_464_20260811/canonical_text/35874d939f8d.txt,39b8ce8b9e8feb5c6a380b12bd38eb6f8aea11d3c695f1972c466f16a8bd7ee7,29,included_prior_review,True,prior_459
363ca9685308,/Users/baiyixin/Downloads/pdf_386_by_paper_id/363ca9685308.pdf,/Users/baiyixin/Documents/Survey - design knowledge/expanded_pdf_corpus_464_20260811/363ca9685308.pdf,/Users/baiyixin/Documents/Survey - design knowledge/expanded_pipeline_464_20260811/canonical_text/363ca9685308.txt,4fb40d23ef0430a8a427a4ccf102cfb24775c63e084615058f3d39d86aa60bc3,32,included_prior_review,True,prior_459
364b7d9127ec,/Users/baiyixin/Downloads/364b7d9127ec.pdf,/Users/baiyixin/Documents/Survey - design knowledge/expanded_pdf_corpus_464_20260811/364b7d9127ec.pdf,/Users/baiyixin/Documents/Survey - design knowledge/expanded_pipeline_464_20260811/canonical_text/364b7d9127ec.txt,17dd48e81fcb72eebe77a134591d74124e71253cdb318b5e519951d8ef7587b7,19,included_prior_review,True,prior_459
368e4036648e,/Users/baiyixin/Downloads/pdf_386_by_paper_id/368e4036648e.pdf,/Users/baiyixin/Documents/Survey - design knowledge/expanded_pdf_corpus_464_20260811/368e4036648e.pdf,/Users/baiyixin/Documents/Survey - design knowledge/expanded_pipeline_464_20260811/canonical_text/368e4036648e.txt,2f98bb7522d123a6e0a31fefe2d8b3e4983b2ab219df7c9b9df1f540cebcf275,37,included_prior_review,True,prior_459
36ba740d002b,/Users/baiyixin/Downloads/36ba740d002b.pdf,/Users/baiyixin/Documents/Survey - design knowledge/expanded_pdf_corpus_464_20260811/36ba740d002b.pdf,/Users/baiyixin/Documents/Survey - design knowledge/expanded_pipeline_464_20260811/canonical_text/36ba740d002b.txt,e8bde52aa3bf641ccb62dd453fb9936afdbdcb8841389b5bef144378d9aabcdf,28,included_prior_review,True,prior_459
388e4cf73d9e,/Users/baiyixin/Downloads/388e4cf73d9e.pdf,/Users/baiyixin/Documents/Survey - design knowledge/expanded_pdf_corpus_464_20260811/388e4cf73d9e.pdf,/Users/baiyixin/Documents/Survey - design knowledge/expanded_pipeline_464_20260811/canonical_text/388e4cf73d9e.txt,f82d707d0e6be219ee700b6dc692c00a9837bd18d6cea5c4e246e25604b65a39,9,included_prior_review,True,prior_459
38f057747444,/Users/baiyixin/Downloads/pdf_386_by_paper_id/38f057747444.pdf,/Users/baiyixin/Documents/Survey - design knowledge/expanded_pdf_corpus_464_20260811/38f057747444.pdf,/Users/baiyixin/Documents/Survey - design knowledge/expanded_pipeline_464_20260811/canonical_text/38f057747444.txt,6783efb36dd0357e7b08e427dca38ed9703e2be723dcf80907246ba981fa7120,8,included_prior_review,True,prior_459
39fee30eb03c,/Users/baiyixin/Downloads/pdf_386_by_paper_id/39fee30eb03c.pdf,/Users/baiyixin/Documents/Survey - design knowledge/expanded_pdf_corpus_464_20260811/39fee30eb03c.pdf,/Users/baiyixin/Documents/Survey - design knowledge/expanded_pipeline_464_20260811/canonical_text/39fee30eb03c.txt,8a57cca015be11784a8c56c373f5b95e8745a1097c7213f1ee5e003b1a5ea62d,28,included_prior_review,True,prior_459
3a87795ac48c,/Users/baiyixin/Downloads/pdf_386_by_paper_id/3a87795ac48c.pdf,/Users/baiyixin/Documents/Survey - design knowledge/expanded_pdf_corpus_464_20260811/3a87795ac48c.pdf,/Users/baiyixin/Documents/Survey - design knowledge/expanded_pipeline_464_20260811/canonical_text/3a87795ac48c.txt,0571e063af1e3d33ce34d7adb0cfbdc12a967d34282f09f8d15de927e39abda9,20,included_prior_review,True,prior_459
3c0bd4608ae9,/Users/baiyixin/Downloads/3c0bd4608ae9.pdf,/Users/baiyixin/Documents/Survey - design knowledge/expanded_pdf_corpus_464_20260811/3c0bd4608ae9.pdf,/Users/baiyixin/Documents/Survey - design knowledge/expanded_pipeline_464_20260811/canonical_text/3c0bd4608ae9.txt,994e97fe2d36dd7c8dfb50cfd642913ec455ddcdd53a0b26f12e4e5020984919,13,included_prior_review,True,prior_459
3c8744e515fd,/Users/baiyixin/Downloads/3c8744e515fd.pdf,/Users/baiyixin/Documents/Survey - design knowledge/expanded_pdf_corpus_464_20260811/3c8744e515fd.pdf,/Users/baiyixin/Documents/Survey - design knowledge/expanded_pipeline_464_20260811/canonical_text/3c8744e515fd.txt,e91d2ae38c195494a60a6957af260d3b96f76b9c848f30e32932446b0b0def6b,32,included_prior_review,True,prior_459
3dbca777664c,/Users/baiyixin/Documents/Survey - design knowledge/pdfs_ready_for_drive_upload/3dbca777664c.pdf,/Users/baiyixin/Documents/Survey - design knowledge/expanded_pdf_corpus_464_20260811/3dbca777664c.pdf,/Users/baiyixin/Documents/Survey - design knowledge/expanded_pipeline_464_20260811/canonical_text/3dbca777664c.txt,78c6921701e1ee7ae09f9d0298935a91724f6f49707bbd009ad2f0d55d6f6493,12,included_prior_review,True,prior_459
3e4851eff856,/Users/baiyixin/Downloads/3e4851eff856.pdf,/Users/baiyixin/Documents/Survey - design knowledge/expanded_pdf_corpus_464_20260811/3e4851eff856.pdf,/Users/baiyixin/Documents/Survey - design knowledge/expanded_pipeline_464_20260811/canonical_text/3e4851eff856.txt,cc0253a6a68d54f58d525a2cfa875f346a7373e71af7515e1995cbde820a4b99,6,included_prior_review,True,prior_459
3f7b5dc9fc40,/Users/baiyixin/Downloads/pdf_386_by_paper_id/3f7b5dc9fc40.pdf,/Users/baiyixin/Documents/Survey - design knowledge/expanded_pdf_corpus_464_20260811/3f7b5dc9fc40.pdf,/Users/baiyixin/Documents/Survey - design knowledge/expanded_pipeline_464_20260811/canonical_text/3f7b5dc9fc40.txt,d99dcd39d3b5fb77baf6bb27733cef85cb45fc09cae46bcc293c3044a1a9cab1,18,included_prior_review,True,prior_459
4000c6073b5d,/Users/baiyixin/Downloads/pdf_386_by_paper_id/4000c6073b5d.pdf,/Users/baiyixin/Documents/Survey - design knowledge/expanded_pdf_corpus_464_20260811/4000c6073b5d.pdf,/Users/baiyixin/Documents/Survey - design knowledge/expanded_pipeline_464_20260811/canonical_text/4000c6073b5d.txt,33f49526c2f99d816290d24196add25fc237addcca062453efdb498fc4054e54,35,approved_single,True,prior_459
40034332988c,/Users/baiyixin/Downloads/pdf_386_by_paper_id/40034332988c.pdf,/Users/baiyixin/Documents/Survey - design knowledge/expanded_pdf_corpus_464_20260811/40034332988c.pdf,/Users/baiyixin/Documents/Survey - design knowledge/expanded_pipeline_464_20260811/canonical_text/40034332988c.txt,c50027aab11a19cdb330e7fa5c339250f57490c9a2094f2d0b41b660b41e6ba3,9,approved_chapter,True,prior_459
4025e28730c1,/Users/baiyixin/Downloads/pdf_386_by_paper_id/4025e28730c1.pdf,/Users/baiyixin/Documents/Survey - design knowledge/expanded_pdf_corpus_464_20260811/4025e28730c1.pdf,/Users/baiyixin/Documents/Survey - design knowledge/expanded_pipeline_464_20260811/canonical_text/4025e28730c1.txt,29831016afb6ea700b5b5b660246aead63ef7e111fe942d859469b1ac85438c6,11,included_prior_review,True,prior_459
40668e23fbab,/Users/baiyixin/Downloads/pdf_386_by_paper_id/40668e23fbab.pdf,/Users/baiyixin/Documents/Survey - design knowledge/expanded_pdf_corpus_464_20260811/40668e23fbab.pdf,/Users/baiyixin/Documents/Survey - design knowledge/expanded_pipeline_464_20260811/canonical_text/40668e23fbab.txt,8db530edc9af0b2b4363f7710f14079a5f4e5ddabbe4722a43872bea5c56f63c,10,included_prior_review,True,prior_459
40a2d86cd488,/Users/baiyixin/Downloads/pdf_386_by_paper_id/40a2d86cd488.pdf,/Users/baiyixin/Documents/Survey - design knowledge/expanded_pdf_corpus_464_20260811/40a2d86cd488.pdf,/Users/baiyixin/Documents/Survey - design knowledge/expanded_pipeline_464_20260811/canonical_text/40a2d86cd488.txt,4023f83b0a0e3a4c2b06f19d526c8b7246dda6f623b8e01016cddbb3bb2289a6,28,included_prior_review,True,prior_459
41443180c5b4,/Users/baiyixin/Downloads/pdf_386_by_paper_id/41443180c5b4.pdf,/Users/baiyixin/Documents/Survey - design knowledge/expanded_pdf_corpus_464_20260811/41443180c5b4.pdf,/Users/baiyixin/Documents/Survey - design knowledge/expanded_pipeline_464_20260811/canonical_text/41443180c5b4.txt,2d8f494df17c85c6693b778cae4fe2262b90d949dc078424026134fee5e81186,19,included_prior_review,True,prior_459
421030e9786e,/Users/baiyixin/Downloads/421030e9786e.pdf,/Users/baiyixin/Documents/Survey - design knowledge/expanded_pdf_corpus_464_20260811/421030e9786e.pdf,/Users/baiyixin/Documents/Survey - design knowledge/expanded_pipeline_464_20260811/canonical_text/421030e9786e.txt,72f015606fa11ebad6601a71e115d2c99600129dafe78ee0f9f880056625bfe3,51,included_prior_review,True,prior_459
42c66c187222,/Users/baiyixin/Downloads/pdf_386_by_paper_id/42c66c187222.pdf,/Users/baiyixin/Documents/Survey - design knowledge/expanded_pdf_corpus_464_20260811/42c66c187222.pdf,/Users/baiyixin/Documents/Survey - design knowledge/expanded_pipeline_464_20260811/canonical_text/42c66c187222.txt,baf3423a36a43ccf4f4086cfcdc22133179ad296771b78d4be90fb651c9c6511,4,included_prior_review,True,prior_459
42ca56313883,/Users/baiyixin/Downloads/42ca56313883.pdf,/Users/baiyixin/Documents/Survey - design knowledge/expanded_pdf_corpus_464_20260811/42ca56313883.pdf,/Users/baiyixin/Documents/Survey - design knowledge/expanded_pipeline_464_20260811/canonical_text/42ca56313883.txt,e623bf87bc7dfcb6b067bf2f0677fae468585fb4e2509a77259e913a0f08d7ae,11,included_prior_review,True,prior_459
43856ed76df1,/Users/baiyixin/Downloads/pdf_386_by_paper_id/43856ed76df1.pdf,/Users/baiyixin/Documents/Survey - design knowledge/expanded_pdf_corpus_464_20260811/43856ed76df1.pdf,/Users/baiyixin/Documents/Survey - design knowledge/expanded_pipeline_464_20260811/canonical_text/43856ed76df1.txt,62d7cc4ae13d9dd03735fdde8b09808f4e8046bdff695699decc8688ea0cf01c,10,included_prior_review,True,prior_459
43b79273fd70,/Users/baiyixin/Downloads/43b79273fd70.pdf,/Users/baiyixin/Documents/Survey - design knowledge/expanded_pdf_corpus_464_20260811/43b79273fd70.pdf,/Users/baiyixin/Documents/Survey - design knowledge/expanded_pipeline_464_20260811/canonical_text/43b79273fd70.txt,233d6e5f090b6a8397e422cae3a895a6a8fe09b3c423b2737d0da7e90bcd9c2b,24,included_prior_review,True,prior_459
43fee329f83e,/Users/baiyixin/Downloads/pdf_386_by_paper_id/43fee329f83e.pdf,/Users/baiyixin/Documents/Survey - design knowledge/expanded_pdf_corpus_464_20260811/43fee329f83e.pdf,/Users/baiyixin/Documents/Survey - design knowledge/expanded_pipeline_464_20260811/canonical_text/43fee329f83e.txt,6ad8be38ffb4349854d5544b55e8b740d3dbb29d6302ebb0d4f5cac3b4f0fd16,14,included_prior_review,True,prior_459
44848ca19e31,/Users/baiyixin/Downloads/pdf_386_by_paper_id/44848ca19e31.pdf,/Users/baiyixin/Documents/Survey - design knowledge/expanded_pdf_corpus_464_20260811/44848ca19e31.pdf,/Users/baiyixin/Documents/Survey - design knowledge/expanded_pipeline_464_20260811/canonical_text/44848ca19e31.txt,b6ae588c221db3c1bfa8acb158009e4f2eae185485f1d7f0673af5250d7f5b1f,4,included_prior_review,True,prior_459
4567075d70b4,/Users/baiyixin/Downloads/pdf_386_by_paper_id/4567075d70b4.pdf,/Users/baiyixin/Documents/Survey - design knowledge/expanded_pdf_corpus_464_20260811/4567075d70b4.pdf,/Users/baiyixin/Documents/Survey - design knowledge/expanded_pipeline_464_20260811/canonical_text/4567075d70b4.txt,c9ebfcd2abe3294adbcbd93e576fc7b09a3bbda5e88113539a92905892102b57,27,included_prior_review,True,prior_459
462782b1c89b,/Users/baiyixin/Downloads/462782b1c89b.pdf,/Users/baiyixin/Documents/Survey - design knowledge/expanded_pdf_corpus_464_20260811/462782b1c89b.pdf,/Users/baiyixin/Documents/Survey - design knowledge/expanded_pipeline_464_20260811/canonical_text/462782b1c89b.txt,06e55639b5b6441b88ae3b64071deb8f0271761a81c9cda970f83d82a4c520d8,8,included_prior_review,True,prior_459
465d28bc8d09,/Users/baiyixin/Downloads/465d28bc8d09.pdf,/Users/baiyixin/Documents/Survey - design knowledge/expanded_pdf_corpus_464_20260811/465d28bc8d09.pdf,/Users/baiyixin/Documents/Survey - design knowledge/expanded_pipeline_464_20260811/canonical_text/465d28bc8d09.txt,5e6e8f2365cbf84b73db99732e8e7857ecb4e053f41c44e843acb959dc488a33,16,included_prior_review,True,prior_459
4691ac0735c4,/Users/baiyixin/Downloads/4691ac0735c4.pdf,/Users/baiyixin/Documents/Survey - design knowledge/expanded_pdf_corpus_464_20260811/4691ac0735c4.pdf,/Users/baiyixin/Documents/Survey - design knowledge/expanded_pipeline_464_20260811/canonical_text/4691ac0735c4.txt,20a3c8523fbd3e8585f6ea0d35ee880f339bfe33a74a523a966cec8a469a7757,15,included_prior_review,True,prior_459
470d09e18259,/Users/baiyixin/Downloads/470d09e18259.pdf,/Users/baiyixin/Documents/Survey - design knowledge/expanded_pdf_corpus_464_20260811/470d09e18259.pdf,/Users/baiyixin/Documents/Survey - design knowledge/expanded_pipeline_464_20260811/canonical_text/470d09e18259.txt,bfd9dc1c97effcdda6abdc4098dcc4e0b9a389f3c5154f88c8a48a2971ccdbb3,20,included_prior_review,True,prior_459
48af90d5dfe7,/Users/baiyixin/Downloads/pdf_386_by_paper_id/48af90d5dfe7.pdf,/Users/baiyixin/Documents/Survey - design knowledge/expanded_pdf_corpus_464_20260811/48af90d5dfe7.pdf,/Users/baiyixin/Documents/Survey - design knowledge/expanded_pipeline_464_20260811/canonical_text/48af90d5dfe7.txt,f251eac1ede004d114c19d44fd66ac7434d0dd38783549aecf3d1fa1b0a550af,7,included_prior_review,True,prior_459
4988843b7543,/Users/baiyixin/Downloads/4988843b7543.pdf,/Users/baiyixin/Documents/Survey - design knowledge/expanded_pdf_corpus_464_20260811/4988843b7543.pdf,/Users/baiyixin/Documents/Survey - design knowledge/expanded_pipeline_464_20260811/canonical_text/4988843b7543.txt,656b7f9421010561559619fe8c6640331f6bbbc567003ea1eaae1e5fd971fac3,17,included_prior_review,True,prior_459
498a6aa649eb,/Users/baiyixin/Downloads/pdf_386_by_paper_id/498a6aa649eb.pdf,/Users/baiyixin/Documents/Survey - design knowledge/expanded_pdf_corpus_464_20260811/498a6aa649eb.pdf,/Users/baiyixin/Documents/Survey - design knowledge/expanded_pipeline_464_20260811/canonical_text/498a6aa649eb.txt,647c12ee412f8f86c737d503c2f0208e160b012ceed4245cd8f1d8714901c422,8,included_prior_review,True,prior_459
49d75437fd07,/Users/baiyixin/Downloads/pdf_386_by_paper_id/49d75437fd07.pdf,/Users/baiyixin/Documents/Survey - design knowledge/expanded_pdf_corpus_464_20260811/49d75437fd07.pdf,/Users/baiyixin/Documents/Survey - design knowledge/expanded_pipeline_464_20260811/canonical_text/49d75437fd07.txt,6d445eb42a0636ab69ed4dd7d799cf9c145a761ba00a19877f75dbbbaa22d212,15,included_prior_review,True,prior_459
49da21b385d7,/Users/baiyixin/Downloads/49da21b385d7.pdf,/Users/baiyixin/Documents/Survey - design knowledge/expanded_pdf_corpus_464_20260811/49da21b385d7.pdf,/Users/baiyixin/Documents/Survey - design knowledge/expanded_pipeline_464_20260811/canonical_text/49da21b385d7.txt,582306463f6e60baa1fb22b8bc4fc42614b7d8522ba3f11d7b903879fdc6646f,8,included_prior_review,True,prior_459
4a32a22b0b9c,/Users/baiyixin/Downloads/4a32a22b0b9c.pdf,/Users/baiyixin/Documents/Survey - design knowledge/expanded_pdf_corpus_464_20260811/4a32a22b0b9c.pdf,/Users/baiyixin/Documents/Survey - design knowledge/expanded_pipeline_464_20260811/canonical_text/4a32a22b0b9c.txt,ec415cd25550499432ccfb957876ecbc58a61c4ed3ef52127840f7643455f2dd,10,included_prior_review,True,prior_459
4a7432e5a317,/Users/baiyixin/Downloads/4a7432e5a317.pdf,/Users/baiyixin/Documents/Survey - design knowledge/expanded_pdf_corpus_464_20260811/4a7432e5a317.pdf,/Users/baiyixin/Documents/Survey - design knowledge/expanded_pipeline_464_20260811/canonical_text/4a7432e5a317.txt,80ad7eee33890ceb78874639b8f9e1cef417697d49c02243ba1e85a2ff25dc43,21,included_prior_review,True,prior_459
4a9c96b6c482,/Users/baiyixin/Downloads/pdf_386_by_paper_id/4a9c96b6c482.pdf,/Users/baiyixin/Documents/Survey - design knowledge/expanded_pdf_corpus_464_20260811/4a9c96b6c482.pdf,/Users/baiyixin/Documents/Survey - design knowledge/expanded_pipeline_464_20260811/canonical_text/4a9c96b6c482.txt,64bfbcef1e6fd3834c98220392d5a4791e2aa8390f600cc37864f2330abf9258,13,included_prior_review,True,prior_459
4ac74ce3f335,/Users/baiyixin/Downloads/pdf_386_by_paper_id/4ac74ce3f335.pdf,/Users/baiyixin/Documents/Survey - design knowledge/expanded_pdf_corpus_464_20260811/4ac74ce3f335.pdf,/Users/baiyixin/Documents/Survey - design knowledge/expanded_pipeline_464_20260811/canonical_text/4ac74ce3f335.txt,176f780665df6373c109ec53a017b56cf61ff4aa26e937b4e3f202a748e40ac0,6,included_prior_review,True,prior_459
4b599d3e2eb0,/Users/baiyixin/Downloads/pdf_386_by_paper_id/4b599d3e2eb0.pdf,/Users/baiyixin/Documents/Survey - design knowledge/expanded_pdf_corpus_464_20260811/4b599d3e2eb0.pdf,/Users/baiyixin/Documents/Survey - design knowledge/expanded_pipeline_464_20260811/canonical_text/4b599d3e2eb0.txt,0c8e0d86b1830f8dac2594195d5631ffb98465128d6e04c78c239504465588eb,10,included_prior_review,True,prior_459
4c8bdfbd1309,/Users/baiyixin/Downloads/4c8bdfbd1309.pdf,/Users/baiyixin/Documents/Survey - design knowledge/expanded_pdf_corpus_464_20260811/4c8bdfbd1309.pdf,/Users/baiyixin/Documents/Survey - design knowledge/expanded_pipeline_464_20260811/canonical_text/4c8bdfbd1309.txt,7ac43ab01ba3df1a5b2977cc9f76a98a1d5e5551c010cc37a59189f26eba5122,24,included_prior_review,True,prior_459
4d05e05aa876,/Users/baiyixin/Downloads/4d05e05aa876.pdf,/Users/baiyixin/Documents/Survey - design knowledge/expanded_pdf_corpus_464_20260811/4d05e05aa876.pdf,/Users/baiyixin/Documents/Survey - design knowledge/expanded_pipeline_464_20260811/canonical_text/4d05e05aa876.txt,4db6e1d0a6fd187dab7028b8fc3ca61027ff86bdcbc256c65f8ce1720588cda2,4,included_prior_review,True,prior_459
4d5285913fd8,/Users/baiyixin/Downloads/4d5285913fd8.pdf,/Users/baiyixin/Documents/Survey - design knowledge/expanded_pdf_corpus_464_20260811/4d5285913fd8.pdf,/Users/baiyixin/Documents/Survey - design knowledge/expanded_pipeline_464_20260811/canonical_text/4d5285913fd8.txt,3351bfbcb4b789027962b52d3eb65e6c135a5c8ee678f0c55dffc217d463ffef,19,included_prior_review,True,prior_459
4db508a9681a,/Users/baiyixin/Downloads/4db508a9681a.pdf,/Users/baiyixin/Documents/Survey - design knowledge/expanded_pdf_corpus_464_20260811/4db508a9681a.pdf,/Users/baiyixin/Documents/Survey - design knowledge/expanded_pipeline_464_20260811/canonical_text/4db508a9681a.txt,f68387087587abbfa88d160420f5e8e301ec3b5b44e07a5f8ea794fdbe2f4a81,19,included_prior_review,True,prior_459
4e4a50e133cc,/Users/baiyixin/Downloads/4e4a50e133cc.pdf,/Users/baiyixin/Documents/Survey - design knowledge/expanded_pdf_corpus_464_20260811/4e4a50e133cc.pdf,/Users/baiyixin/Documents/Survey - design knowledge/expanded_pipeline_464_20260811/canonical_text/4e4a50e133cc.txt,e105ead2251eb9dfaa0692979074fa566128e46c619fc160758fd990021e2b2b,7,included_prior_review,True,prior_459
4e727e38805c,/Users/baiyixin/Downloads/pdf_386_by_paper_id/4e727e38805c.pdf,/Users/baiyixin/Documents/Survey - design knowledge/expanded_pdf_corpus_464_20260811/4e727e38805c.pdf,/Users/baiyixin/Documents/Survey - design knowledge/expanded_pipeline_464_20260811/canonical_text/4e727e38805c.txt,9a561f80b2beb95c3a5af9026d80af0fcb5e407edb7fa3745654c9b52e10a78c,11,included_prior_review,True,prior_459
4effa8e553a8,/Users/baiyixin/Downloads/4effa8e553a8.pdf,/Users/baiyixin/Documents/Survey - design knowledge/expanded_pdf_corpus_464_20260811/4effa8e553a8.pdf,/Users/baiyixin/Documents/Survey - design knowledge/expanded_pipeline_464_20260811/canonical_text/4effa8e553a8.txt,6e8d255dccb6bb1be2b7ee0fe79ddde950e46b7a17ed73fc2799c31d6bbbaaa2,28,included_prior_review,True,prior_459
4fb2c242dfee,/Users/baiyixin/Downloads/pdf_386_by_paper_id/4fb2c242dfee.pdf,/Users/baiyixin/Documents/Survey - design knowledge/expanded_pdf_corpus_464_20260811/4fb2c242dfee.pdf,/Users/baiyixin/Documents/Survey - design knowledge/expanded_pipeline_464_20260811/canonical_text/4fb2c242dfee.txt,e23aa646bdcc7210cc1c3e06db0336e57f36221079e2ff48744df796ae4b0227,6,included_prior_review,True,prior_459
5000c5049cbd,/Users/baiyixin/Downloads/5000c5049cbd.pdf,/Users/baiyixin/Documents/Survey - design knowledge/expanded_pdf_corpus_464_20260811/5000c5049cbd.pdf,/Users/baiyixin/Documents/Survey - design knowledge/expanded_pipeline_464_20260811/canonical_text/5000c5049cbd.txt,c4a34b4537d2ebcad439e38b8c82276103a970f7a489d347ee6315f8f64347f2,28,included_prior_review,True,prior_459
506a676cb17b,/Users/baiyixin/Downloads/506a676cb17b.pdf,/Users/baiyixin/Documents/Survey - design knowledge/expanded_pdf_corpus_464_20260811/506a676cb17b.pdf,/Users/baiyixin/Documents/Survey - design knowledge/expanded_pipeline_464_20260811/canonical_text/506a676cb17b.txt,9546ace2c17de53260ceb47a3b7c72e2686fa131acf8de83b63888534591bf7f,14,included_prior_review,True,prior_459
50c94f5857d8,/Users/baiyixin/Downloads/pdf_386_by_paper_id/50c94f5857d8.pdf,/Users/baiyixin/Documents/Survey - design knowledge/expanded_pdf_corpus_464_20260811/50c94f5857d8.pdf,/Users/baiyixin/Documents/Survey - design knowledge/expanded_pipeline_464_20260811/canonical_text/50c94f5857d8.txt,7b10ea82503a039df60767f190f98c05833ecfd14be96d1059202603f7721a9a,8,included_prior_review,True,prior_459
51099fe3fdce,/Users/baiyixin/Downloads/51099fe3fdce.pdf,/Users/baiyixin/Documents/Survey - design knowledge/expanded_pdf_corpus_464_20260811/51099fe3fdce.pdf,/Users/baiyixin/Documents/Survey - design knowledge/expanded_pipeline_464_20260811/canonical_text/51099fe3fdce.txt,4048f33933ebe1c2d12da9b7e2754455423202abf676c7e4784b1fedb22049b2,10,included_prior_review,True,prior_459
5389fb1cc38b,/Users/baiyixin/Downloads/5389fb1cc38b.pdf,/Users/baiyixin/Documents/Survey - design knowledge/expanded_pdf_corpus_464_20260811/5389fb1cc38b.pdf,/Users/baiyixin/Documents/Survey - design knowledge/expanded_pipeline_464_20260811/canonical_text/5389fb1cc38b.txt,0d965eae550ec2230fbb5382f6b3bfadbbbadceece7ff7e4b049d3587836394a,28,included_prior_review,True,prior_459
53adec5acee6,/Users/baiyixin/Downloads/pdf_386_by_paper_id/53adec5acee6.pdf,/Users/baiyixin/Documents/Survey - design knowledge/expanded_pdf_corpus_464_20260811/53adec5acee6.pdf,/Users/baiyixin/Documents/Survey - design knowledge/expanded_pipeline_464_20260811/canonical_text/53adec5acee6.txt,4cea8c8d0c2e9e28e2b7f23a716f791d2bb532a612352711c6dc7f162a501a8c,17,included_prior_review,True,prior_459
560be0c20de7,/Users/baiyixin/Downloads/pdf_386_by_paper_id/560be0c20de7.pdf,/Users/baiyixin/Documents/Survey - design knowledge/expanded_pdf_corpus_464_20260811/560be0c20de7.pdf,/Users/baiyixin/Documents/Survey - design knowledge/expanded_pipeline_464_20260811/canonical_text/560be0c20de7.txt,e49c8fe5e8455e35b0259db119dfca3fd5e3c9f5fb9729c7c9ead64b9729dbb5,21,included_prior_review,True,prior_459
5611cdb5c33a,/Users/baiyixin/Downloads/pdf_386_by_paper_id/5611cdb5c33a.pdf,/Users/baiyixin/Documents/Survey - design knowledge/expanded_pdf_corpus_464_20260811/5611cdb5c33a.pdf,/Users/baiyixin/Documents/Survey - design knowledge/expanded_pipeline_464_20260811/canonical_text/5611cdb5c33a.txt,1704cd82fd9cd46895dc913e2502bdc4a7af8b2fc6debdb1a1362130e4a9fb95,10,included_prior_review,True,prior_459
561f08f67362,/Users/baiyixin/Downloads/561f08f67362.pdf,/Users/baiyixin/Documents/Survey - design knowledge/expanded_pdf_corpus_464_20260811/561f08f67362.pdf,/Users/baiyixin/Documents/Survey - design knowledge/expanded_pipeline_464_20260811/canonical_text/561f08f67362.txt,8e05eca82657abb2db0cc56b703a7bef72c28aa13a18c9a62d3aa424cf6ef88d,31,included_prior_review,True,prior_459
5661de15ea0f,/Users/baiyixin/Downloads/5661de15ea0f.pdf,/Users/baiyixin/Documents/Survey - design knowledge/expanded_pdf_corpus_464_20260811/5661de15ea0f.pdf,/Users/baiyixin/Documents/Survey - design knowledge/expanded_pipeline_464_20260811/canonical_text/5661de15ea0f.txt,26be011774ab2466dabf56e6dc55a8ded9320d580b956c915f4fd44afc7d4cad,14,included_prior_review,True,prior_459
5a05967135ba,/Users/baiyixin/Downloads/5a05967135ba.pdf,/Users/baiyixin/Documents/Survey - design knowledge/expanded_pdf_corpus_464_20260811/5a05967135ba.pdf,/Users/baiyixin/Documents/Survey - design knowledge/expanded_pipeline_464_20260811/canonical_text/5a05967135ba.txt,95aba4af6cd8bf5afb4e41ca84b94337cf9ccaf39b2b4697e03c17fd5a8f1333,16,included_prior_review,True,prior_459
5a25cbf385d6,/Users/baiyixin/Downloads/5a25cbf385d6.pdf,/Users/baiyixin/Documents/Survey - design knowledge/expanded_pdf_corpus_464_20260811/5a25cbf385d6.pdf,/Users/baiyixin/Documents/Survey - design knowledge/expanded_pipeline_464_20260811/canonical_text/5a25cbf385d6.txt,85f05ac513d0f288b2b8039c496f88ceb03ccbe9d6635a014ac07422b2a89326,13,included_prior_review,True,prior_459
5a57c73154f6,/Users/baiyixin/Downloads/5a57c73154f6.pdf,/Users/baiyixin/Documents/Survey - design knowledge/expanded_pdf_corpus_464_20260811/5a57c73154f6.pdf,/Users/baiyixin/Documents/Survey - design knowledge/expanded_pipeline_464_20260811/canonical_text/5a57c73154f6.txt,6980635d7b074ab43d93f2bdb794d2b75a8fc397e816f830dba7b02c0cc4aa16,8,included_prior_review,True,prior_459
5a716d80ac6b,/Users/baiyixin/Downloads/pdf_386_by_paper_id/5a716d80ac6b.pdf,/Users/baiyixin/Documents/Survey - design knowledge/expanded_pdf_corpus_464_20260811/5a716d80ac6b.pdf,/Users/baiyixin/Documents/Survey - design knowledge/expanded_pipeline_464_20260811/canonical_text/5a716d80ac6b.txt,1b5e92e35b7d0e6c9ca35942d5432c1a981bce0fd7d40bba3ed7da56aad2fe2b,12,included_prior_review,True,prior_459
5a8306f435ea,/Users/baiyixin/Downloads/5a8306f435ea.pdf,/Users/baiyixin/Documents/Survey - design knowledge/expanded_pdf_corpus_464_20260811/5a8306f435ea.pdf,/Users/baiyixin/Documents/Survey - design knowledge/expanded_pipeline_464_20260811/canonical_text/5a8306f435ea.txt,2659038e769e2e384ae24cc44f0eb6b32560f4d0481e78e56f21dcec156e2c0f,10,included_prior_review,True,prior_459
5a973fb8ae6f,/Users/baiyixin/Downloads/pdf_386_by_paper_id/5a973fb8ae6f.pdf,/Users/baiyixin/Documents/Survey - design knowledge/expanded_pdf_corpus_464_20260811/5a973fb8ae6f.pdf,/Users/baiyixin/Documents/Survey - design knowledge/expanded_pipeline_464_20260811/canonical_text/5a973fb8ae6f.txt,da070a06ac207791f9dd1dd9948dc16c6a79ef21b0d505630bbe988ffffad392,10,included_prior_review,True,prior_459
5b3b013c191d,/Users/baiyixin/Downloads/pdf_386_by_paper_id/5b3b013c191d.pdf,/Users/baiyixin/Documents/Survey - design knowledge/expanded_pdf_corpus_464_20260811/5b3b013c191d.pdf,/Users/baiyixin/Documents/Survey - design knowledge/expanded_pipeline_464_20260811/canonical_text/5b3b013c191d.txt,5babbe55cf54a315129c1ae297b15021b9137b7c7f5623fd26852f6ae2ea6647,15,included_prior_review,True,prior_459
5b52ec143fa6,/Users/baiyixin/Downloads/pdf_386_by_paper_id/5b52ec143fa6.pdf,/Users/baiyixin/Documents/Survey - design knowledge/expanded_pdf_corpus_464_20260811/5b52ec143fa6.pdf,/Users/baiyixin/Documents/Survey - design knowledge/expanded_pipeline_464_20260811/canonical_text/5b52ec143fa6.txt,ad298f45657ea45453adcdce8a03d1c66c5f094441138af0216b24b74474abdc,8,included_prior_review,True,prior_459
5ba50396ff25,/Users/baiyixin/Downloads/pdf_386_by_paper_id/5ba50396ff25.pdf,/Users/baiyixin/Documents/Survey - design knowledge/expanded_pdf_corpus_464_20260811/5ba50396ff25.pdf,/Users/baiyixin/Documents/Survey - design knowledge/expanded_pipeline_464_20260811/canonical_text/5ba50396ff25.txt,bb798ef48a68ba9a7886eefd1c9225d99ef9e6dcb3cd03523ac2fb81de66e1e4,4,included_prior_review,True,prior_459
5c096c480387,/Users/baiyixin/Downloads/pdf_386_by_paper_id/5c096c480387.pdf,/Users/baiyixin/Documents/Survey - design knowledge/expanded_pdf_corpus_464_20260811/5c096c480387.pdf,/Users/baiyixin/Documents/Survey - design knowledge/expanded_pipeline_464_20260811/canonical_text/5c096c480387.txt,ae080220c221820222555a06c9906b5fa9da4c26e8fe886fcf8f1c7cae5db814,21,included_prior_review,True,prior_459
5e43d7253569,/Users/baiyixin/Downloads/5e43d7253569.pdf,/Users/baiyixin/Documents/Survey - design knowledge/expanded_pdf_corpus_464_20260811/5e43d7253569.pdf,/Users/baiyixin/Documents/Survey - design knowledge/expanded_pipeline_464_20260811/canonical_text/5e43d7253569.txt,5ccfee8b301e5a58db1823567084234bbf2f796b0c68b7ba0b0aa5bed8e79832,10,included_prior_review,True,prior_459
5f6661254e39,/Users/baiyixin/Downloads/pdf_386_by_paper_id/5f6661254e39.pdf,/Users/baiyixin/Documents/Survey - design knowledge/expanded_pdf_corpus_464_20260811/5f6661254e39.pdf,/Users/baiyixin/Documents/Survey - design knowledge/expanded_pipeline_464_20260811/canonical_text/5f6661254e39.txt,075c4f6eb8df123109b6fc8b6d72fc0790bce69cd3b500b9c6b20294d8f7a429,16,included_prior_review,True,prior_459
5f810f61b926,/Users/baiyixin/Downloads/5f810f61b926.pdf,/Users/baiyixin/Documents/Survey - design knowledge/expanded_pdf_corpus_464_20260811/5f810f61b926.pdf,/Users/baiyixin/Documents/Survey - design knowledge/expanded_pipeline_464_20260811/canonical_text/5f810f61b926.txt,af8f4c6c45581975e12e9b9c6ef3a95b66809e8df931bba38a005ce87ce5764b,11,included_prior_review,True,prior_459
5ffd963397c9,/Users/baiyixin/Downloads/pdf_386_by_paper_id/5ffd963397c9.pdf,/Users/baiyixin/Documents/Survey - design knowledge/expanded_pdf_corpus_464_20260811/5ffd963397c9.pdf,/Users/baiyixin/Documents/Survey - design knowledge/expanded_pipeline_464_20260811/canonical_text/5ffd963397c9.txt,cc63e61e8ad0fbc23bde9f556b4c1db73aa2e3593a0192ca2c74db2183a60dcb,10,included_prior_review,True,prior_459
60c69d24c5a3,/Users/baiyixin/Downloads/pdf_386_by_paper_id/60c69d24c5a3.pdf,/Users/baiyixin/Documents/Survey - design knowledge/expanded_pdf_corpus_464_20260811/60c69d24c5a3.pdf,/Users/baiyixin/Documents/Survey - design knowledge/expanded_pipeline_464_20260811/canonical_text/60c69d24c5a3.txt,835bb9172c2fa010b0324c075fe930c34eee16229fa10c14b22da9db1ae7dfc6,31,included_prior_review,True,prior_459
615169de6f0e,/Users/baiyixin/Downloads/pdf_386_by_paper_id/615169de6f0e.pdf,/Users/baiyixin/Documents/Survey - design knowledge/expanded_pdf_corpus_464_20260811/615169de6f0e.pdf,/Users/baiyixin/Documents/Survey - design knowledge/expanded_pipeline_464_20260811/canonical_text/615169de6f0e.txt,1612f3a0783bdbdb66626ee4ca25f0755ad354e6a762b2e6e04ffcd9b41921c8,10,included_prior_review,True,prior_459
6194ef223969,/Users/baiyixin/Downloads/pdf_386_by_paper_id/6194ef223969.pdf,/Users/baiyixin/Documents/Survey - design knowledge/expanded_pdf_corpus_464_20260811/6194ef223969.pdf,/Users/baiyixin/Documents/Survey - design knowledge/expanded_pipeline_464_20260811/canonical_text/6194ef223969.txt,189d8402037d89d1f3b395a00b7526b827a81c8e9a4d507608fecfd502e1f8ba,14,included_prior_review,True,prior_459
6264e280f9b8,/Users/baiyixin/Downloads/6264e280f9b8.pdf,/Users/baiyixin/Documents/Survey - design knowledge/expanded_pdf_corpus_464_20260811/6264e280f9b8.pdf,/Users/baiyixin/Documents/Survey - design knowledge/expanded_pipeline_464_20260811/canonical_text/6264e280f9b8.txt,d81244803e671b10bddd588b6fe4c3f785b4a15b859b98d05f89b94cc6f0ca79,16,included_prior_review,True,prior_459
631c79d1cbc5,/Users/baiyixin/Downloads/631c79d1cbc5.pdf,/Users/baiyixin/Documents/Survey - design knowledge/expanded_pdf_corpus_464_20260811/631c79d1cbc5.pdf,/Users/baiyixin/Documents/Survey - design knowledge/expanded_pipeline_464_20260811/canonical_text/631c79d1cbc5.txt,2d1193bc7618738609da1398c34c1b6c043dcbf18fd0323b934c62a1d834e64b,53,included_prior_review,True,prior_459
63e3bdac7fab,/Users/baiyixin/Downloads/63e3bdac7fab.pdf,/Users/baiyixin/Documents/Survey - design knowledge/expanded_pdf_corpus_464_20260811/63e3bdac7fab.pdf,/Users/baiyixin/Documents/Survey - design knowledge/expanded_pipeline_464_20260811/canonical_text/63e3bdac7fab.txt,06a7a50fc89a88e655373f787c5fd10cca669f796f72235bf76880f0df6b3991,19,included_prior_review,True,prior_459
64230bcb1202,/Users/baiyixin/Downloads/64230bcb1202.pdf,/Users/baiyixin/Documents/Survey - design knowledge/expanded_pdf_corpus_464_20260811/64230bcb1202.pdf,/Users/baiyixin/Documents/Survey - design knowledge/expanded_pipeline_464_20260811/canonical_text/64230bcb1202.txt,ba90f47519ac479af8acf286a72c70d6d03a33cfd4af2eb2208f32e4c24bb4f4,14,included_prior_review,True,prior_459
65c31c577170,/Users/baiyixin/Downloads/pdf_386_by_paper_id/65c31c577170.pdf,/Users/baiyixin/Documents/Survey - design knowledge/expanded_pdf_corpus_464_20260811/65c31c577170.pdf,/Users/baiyixin/Documents/Survey - design knowledge/expanded_pipeline_464_20260811/canonical_text/65c31c577170.txt,2300391bffd6b17e47e4ed77989ed3c70b454aeb8967e3aa2579970dafd4fd26,12,included_prior_review,True,prior_459
660ca24145b2,/Users/baiyixin/Downloads/pdf_386_by_paper_id/660ca24145b2.pdf,/Users/baiyixin/Documents/Survey - design knowledge/expanded_pdf_corpus_464_20260811/660ca24145b2.pdf,/Users/baiyixin/Documents/Survey - design knowledge/expanded_pipeline_464_20260811/canonical_text/660ca24145b2.txt,c56baccca77207913f7ba18f895278d1c366b304ef2fa8dcbc28e62ff9efef8c,14,included_prior_review,True,prior_459
662ae9cea17d,/Users/baiyixin/Downloads/662ae9cea17d.pdf,/Users/baiyixin/Documents/Survey - design knowledge/expanded_pdf_corpus_464_20260811/662ae9cea17d.pdf,/Users/baiyixin/Documents/Survey - design knowledge/expanded_pipeline_464_20260811/canonical_text/662ae9cea17d.txt,f6c2c32899eb1aafce95ad241b2404374ab55101ef08ef686d6725439598a2c4,4,included_prior_review,True,prior_459
66a74be75bef,/Users/baiyixin/Downloads/66a74be75bef.pdf,/Users/baiyixin/Documents/Survey - design knowledge/expanded_pdf_corpus_464_20260811/66a74be75bef.pdf,/Users/baiyixin/Documents/Survey - design knowledge/expanded_pipeline_464_20260811/canonical_text/66a74be75bef.txt,330da236569eefbfab428d6385ee2ea594182b908bd71233c2a9f578e934e629,10,included_prior_review,True,prior_459
66d4b9b36f31,/Users/baiyixin/Downloads/pdf_386_by_paper_id/66d4b9b36f31.pdf,/Users/baiyixin/Documents/Survey - design knowledge/expanded_pdf_corpus_464_20260811/66d4b9b36f31.pdf,/Users/baiyixin/Documents/Survey - design knowledge/expanded_pipeline_464_20260811/canonical_text/66d4b9b36f31.txt,5875859c00d30983a4b7e24cdec677dc4cf60a7370545c0e1e1786cfd4438016,10,included_prior_review,True,prior_459
66f985f8b386,/Users/baiyixin/Downloads/66f985f8b386.pdf,/Users/baiyixin/Documents/Survey - design knowledge/expanded_pdf_corpus_464_20260811/66f985f8b386.pdf,/Users/baiyixin/Documents/Survey - design knowledge/expanded_pipeline_464_20260811/canonical_text/66f985f8b386.txt,2383e5a7fc45fdc28af4151db61ad1c79f4711315a31cadb96c77e674f9aa0c7,14,included_prior_review,True,prior_459
677c4dc89d1d,/Users/baiyixin/Downloads/pdf_386_by_paper_id/677c4dc89d1d.pdf,/Users/baiyixin/Documents/Survey - design knowledge/expanded_pdf_corpus_464_20260811/677c4dc89d1d.pdf,/Users/baiyixin/Documents/Survey - design knowledge/expanded_pipeline_464_20260811/canonical_text/677c4dc89d1d.txt,52fe4c0f86a2796c6fc156b6ab3044a3419b72fbe3dbd4bbab8718aefe86359e,8,included_prior_review,True,prior_459
67d72b35ce6b,/Users/baiyixin/Downloads/pdf_386_by_paper_id/67d72b35ce6b.pdf,/Users/baiyixin/Documents/Survey - design knowledge/expanded_pdf_corpus_464_20260811/67d72b35ce6b.pdf,/Users/baiyixin/Documents/Survey - design knowledge/expanded_pipeline_464_20260811/canonical_text/67d72b35ce6b.txt,ecd13ce9f1328b4fd763916405f54d9000058cd4b3fe74dabdd32288aef002de,22,included_prior_review,True,prior_459
68bf6cd63875,/Users/baiyixin/Downloads/68bf6cd63875.pdf,/Users/baiyixin/Documents/Survey - design knowledge/expanded_pdf_corpus_464_20260811/68bf6cd63875.pdf,/Users/baiyixin/Documents/Survey - design knowledge/expanded_pipeline_464_20260811/canonical_text/68bf6cd63875.txt,75e6d20031a0f72c3227adab99ef4cc49b688622cef16a70bf3471ccf02cc7c3,3,included_prior_review,True,prior_459
69bb5b15bdd3,/Users/baiyixin/Downloads/69bb5b15bdd3.pdf,/Users/baiyixin/Documents/Survey - design knowledge/expanded_pdf_corpus_464_20260811/69bb5b15bdd3.pdf,/Users/baiyixin/Documents/Survey - design knowledge/expanded_pipeline_464_20260811/canonical_text/69bb5b15bdd3.txt,3242208361d766eb5009e5fdf5b712c87bd3095c0d00a92416b549cd12cabe78,11,included_prior_review,True,prior_459
6aeae7ccf85b,/Users/baiyixin/Downloads/6aeae7ccf85b.pdf,/Users/baiyixin/Documents/Survey - design knowledge/expanded_pdf_corpus_464_20260811/6aeae7ccf85b.pdf,/Users/baiyixin/Documents/Survey - design knowledge/expanded_pipeline_464_20260811/canonical_text/6aeae7ccf85b.txt,3b6a6444f63f5106bb04e9be632a52b14acf6c0814b5da4b60f82956712cbe56,21,included_prior_review,True,prior_459
6b9f020cd024,/Users/baiyixin/Downloads/6b9f020cd024.pdf,/Users/baiyixin/Documents/Survey - design knowledge/expanded_pdf_corpus_464_20260811/6b9f020cd024.pdf,/Users/baiyixin/Documents/Survey - design knowledge/expanded_pipeline_464_20260811/canonical_text/6b9f020cd024.txt,3aea25e6c11d9dd61e60dad41f75d1ea9bf2880f769665d50773e4394dd7054c,870,included_prior_review,True,prior_459
6c928237afcf,/Users/baiyixin/Downloads/6c928237afcf.pdf,/Users/baiyixin/Documents/Survey - design knowledge/expanded_pdf_corpus_464_20260811/6c928237afcf.pdf,/Users/baiyixin/Documents/Survey - design knowledge/expanded_pipeline_464_20260811/canonical_text/6c928237afcf.txt,13f3fe9f276fc1992c679498a0c26dee93a7dc704d2fa744b4e031e4ad421de8,20,included_prior_review,True,prior_459
6d926f3c4a97,/Users/baiyixin/Downloads/pdf_386_by_paper_id/6d926f3c4a97.pdf,/Users/baiyixin/Documents/Survey - design knowledge/expanded_pdf_corpus_464_20260811/6d926f3c4a97.pdf,/Users/baiyixin/Documents/Survey - design knowledge/expanded_pipeline_464_20260811/canonical_text/6d926f3c4a97.txt,c23666fa3c1f05fefa27ea56666fb9d1a50c2106f50915de2dda7f1a8a85466e,17,included_prior_review,True,prior_459
6d9eecf54c53,/Users/baiyixin/Downloads/6d9eecf54c53.pdf,/Users/baiyixin/Documents/Survey - design knowledge/expanded_pdf_corpus_464_20260811/6d9eecf54c53.pdf,/Users/baiyixin/Documents/Survey - design knowledge/expanded_pipeline_464_20260811/canonical_text/6d9eecf54c53.txt,2606974ee4414e48ed0c745502147fcbd1eeb2a53c3925bfb6e2a6f1b8194679,33,included_prior_review,True,prior_459
6e06768bb26b,/Users/baiyixin/Downloads/pdf_386_by_paper_id/6e06768bb26b.pdf,/Users/baiyixin/Documents/Survey - design knowledge/expanded_pdf_corpus_464_20260811/6e06768bb26b.pdf,/Users/baiyixin/Documents/Survey - design knowledge/expanded_pipeline_464_20260811/canonical_text/6e06768bb26b.txt,1e282f74af6b621b7074c0f693d0927a3a4d534588076567d71fd970da9a98fa,17,included_prior_review,True,prior_459
6e7959c82d5f,/Users/baiyixin/Downloads/pdf_386_by_paper_id/6e7959c82d5f.pdf,/Users/baiyixin/Documents/Survey - design knowledge/expanded_pdf_corpus_464_20260811/6e7959c82d5f.pdf,/Users/baiyixin/Documents/Survey - design knowledge/expanded_pipeline_464_20260811/canonical_text/6e7959c82d5f.txt,812ab3ea71fc63112954ef1f42fd566adf6a37c6f004270e22baba0baada3d6a,6,included_prior_review,True,prior_459
6ea89aad84f6,/Users/baiyixin/Downloads/pdf_386_by_paper_id/6ea89aad84f6.pdf,/Users/baiyixin/Documents/Survey - design knowledge/expanded_pdf_corpus_464_20260811/6ea89aad84f6.pdf,/Users/baiyixin/Documents/Survey - design knowledge/expanded_pipeline_464_20260811/canonical_text/6ea89aad84f6.txt,291e4005c2a152363a20813ef912d5f030ea6f4d3d438c027a8c6db425a185a3,24,included_prior_review,True,prior_459
6f114a6d29d1,/Users/baiyixin/Downloads/6f114a6d29d1.pdf,/Users/baiyixin/Documents/Survey - design knowledge/expanded_pdf_corpus_464_20260811/6f114a6d29d1.pdf,/Users/baiyixin/Documents/Survey - design knowledge/expanded_pipeline_464_20260811/canonical_text/6f114a6d29d1.txt,3cd5a4a8fe70101e31612a9452a370b6f1bda6bdb46c6c036b1ec011dc2beb51,25,included_prior_review,True,prior_459
6f73a944b8d6,/Users/baiyixin/Downloads/pdf_386_by_paper_id/6f73a944b8d6.pdf,/Users/baiyixin/Documents/Survey - design knowledge/expanded_pdf_corpus_464_20260811/6f73a944b8d6.pdf,/Users/baiyixin/Documents/Survey - design knowledge/expanded_pipeline_464_20260811/canonical_text/6f73a944b8d6.txt,83a030852fa722fd542c449a93285d5eee32f2f38ea07656d9db5ba72e8d4f41,13,included_prior_review,True,prior_459
6fdd15b8daea,/Users/baiyixin/Downloads/6fdd15b8daea.pdf,/Users/baiyixin/Documents/Survey - design knowledge/expanded_pdf_corpus_464_20260811/6fdd15b8daea.pdf,/Users/baiyixin/Documents/Survey - design knowledge/expanded_pipeline_464_20260811/canonical_text/6fdd15b8daea.txt,0be895cc1b2b9e6e183da0806e0c7179505e93c1e1649b43d0100dd2da530e0e,17,included_prior_review,True,prior_459
705b504131f6,/Users/baiyixin/Downloads/705b504131f6.pdf,/Users/baiyixin/Documents/Survey - design knowledge/expanded_pdf_corpus_464_20260811/705b504131f6.pdf,/Users/baiyixin/Documents/Survey - design knowledge/expanded_pipeline_464_20260811/canonical_text/705b504131f6.txt,c808ccd80f339d83967f559a37e45dc5956840f8d02e6a006ce0fdffb1672feb,8,included_prior_review,True,prior_459
714b3f6f8ac7,/Users/baiyixin/Downloads/pdf_386_by_paper_id/714b3f6f8ac7.pdf,/Users/baiyixin/Documents/Survey - design knowledge/expanded_pdf_corpus_464_20260811/714b3f6f8ac7.pdf,/Users/baiyixin/Documents/Survey - design knowledge/expanded_pipeline_464_20260811/canonical_text/714b3f6f8ac7.txt,982278bf89af5b6a250b48be9469b3a8f1021488059c3a74d9ab72aa67e01c1a,8,included_prior_review,True,prior_459
71f9925563a6,/Users/baiyixin/Downloads/71f9925563a6.pdf,/Users/baiyixin/Documents/Survey - design knowledge/expanded_pdf_corpus_464_20260811/71f9925563a6.pdf,/Users/baiyixin/Documents/Survey - design knowledge/expanded_pipeline_464_20260811/canonical_text/71f9925563a6.txt,f3f72e6863e185bdd2208c996b945d6cb567b0ddf3a89dbbbe490ad945c61ffe,51,included_prior_review,True,prior_459
73537bfbe719,/Users/baiyixin/Downloads/pdf_386_by_paper_id/73537bfbe719.pdf,/Users/baiyixin/Documents/Survey - design knowledge/expanded_pdf_corpus_464_20260811/73537bfbe719.pdf,/Users/baiyixin/Documents/Survey - design knowledge/expanded_pipeline_464_20260811/canonical_text/73537bfbe719.txt,d25336fdd4b1e8269112baa0c8b998309992bbcf74ec04dcccb5194866bc1174,56,included_prior_review,True,prior_459
75731fe2e6d1,/Users/baiyixin/Downloads/pdf_386_by_paper_id/75731fe2e6d1.pdf,/Users/baiyixin/Documents/Survey - design knowledge/expanded_pdf_corpus_464_20260811/75731fe2e6d1.pdf,/Users/baiyixin/Documents/Survey - design knowledge/expanded_pipeline_464_20260811/canonical_text/75731fe2e6d1.txt,9e0f6d368f025eb9aff64b2b07a4a9d2c8d43d3d35c3a6d87a820cfcae00aec5,30,included_prior_review,True,prior_459
75f43821c56f,/Users/baiyixin/Downloads/pdf_386_by_paper_id/75f43821c56f.pdf,/Users/baiyixin/Documents/Survey - design knowledge/expanded_pdf_corpus_464_20260811/75f43821c56f.pdf,/Users/baiyixin/Documents/Survey - design knowledge/expanded_pipeline_464_20260811/canonical_text/75f43821c56f.txt,4b83f6f81aaf16b9a6f9c085e33b5c731026b01e239cc3334b80385edc233098,6,included_prior_review,True,prior_459
7624ada60ef5,/Users/baiyixin/Downloads/7624ada60ef5.pdf,/Users/baiyixin/Documents/Survey - design knowledge/expanded_pdf_corpus_464_20260811/7624ada60ef5.pdf,/Users/baiyixin/Documents/Survey - design knowledge/expanded_pipeline_464_20260811/canonical_text/7624ada60ef5.txt,bbeb87f535977ea4fdd7c78b3432af093cdbdbbfc8ac90cba5acc4ba398c7c9b,13,included_prior_review,True,prior_459
76669ffc8981,/Users/baiyixin/Downloads/pdf_386_by_paper_id/76669ffc8981.pdf,/Users/baiyixin/Documents/Survey - design knowledge/expanded_pdf_corpus_464_20260811/76669ffc8981.pdf,/Users/baiyixin/Documents/Survey - design knowledge/expanded_pipeline_464_20260811/canonical_text/76669ffc8981.txt,ec6c4a84e4d60b1866197957d43653ec71063fe0e226840755018bbd3d60582e,17,included_prior_review,True,prior_459
76d309f713b9,/Users/baiyixin/Downloads/pdf_386_by_paper_id/76d309f713b9.pdf,/Users/baiyixin/Documents/Survey - design knowledge/expanded_pdf_corpus_464_20260811/76d309f713b9.pdf,/Users/baiyixin/Documents/Survey - design knowledge/expanded_pipeline_464_20260811/canonical_text/76d309f713b9.txt,fc77d87c783dd1d79d9fbfa0bdb57197af7881ab9cb8fe11ff933876026db247,6,included_prior_review,True,prior_459
774e05395765,/Users/baiyixin/Downloads/pdf_386_by_paper_id/774e05395765.pdf,/Users/baiyixin/Documents/Survey - design knowledge/expanded_pdf_corpus_464_20260811/774e05395765.pdf,/Users/baiyixin/Documents/Survey - design knowledge/expanded_pipeline_464_20260811/canonical_text/774e05395765.txt,7fd9eac08d6b8351e495a5926d559762815e6dc96ea01bbe8d6cdb9e798d9aab,14,included_prior_review,True,prior_459
77b350f029e7,/Users/baiyixin/Downloads/77b350f029e7.pdf,/Users/baiyixin/Documents/Survey - design knowledge/expanded_pdf_corpus_464_20260811/77b350f029e7.pdf,/Users/baiyixin/Documents/Survey - design knowledge/expanded_pipeline_464_20260811/canonical_text/77b350f029e7.txt,fc28d1287bd73efbb238fdd611bebb6cf19e5030f78738b3d4b9f33d7fe5da7a,20,included_prior_review,True,prior_459
77ba97562fe7,/Users/baiyixin/Downloads/pdf_386_by_paper_id/77ba97562fe7.pdf,/Users/baiyixin/Documents/Survey - design knowledge/expanded_pdf_corpus_464_20260811/77ba97562fe7.pdf,/Users/baiyixin/Documents/Survey - design knowledge/expanded_pipeline_464_20260811/canonical_text/77ba97562fe7.txt,270678aa72c2ecaca7b055aae888c2a8287c67b5632f5adf2c8ef9512c4a9c36,17,included_prior_review,True,prior_459
799b06403189,/Users/baiyixin/Downloads/pdf_386_by_paper_id/799b06403189.pdf,/Users/baiyixin/Documents/Survey - design knowledge/expanded_pdf_corpus_464_20260811/799b06403189.pdf,/Users/baiyixin/Documents/Survey - design knowledge/expanded_pipeline_464_20260811/canonical_text/799b06403189.txt,928de805f0a25e2ae771ac78cbe573fdfaccb88e3bb6bce90ee152f03f9bf4bb,6,included_prior_review,True,prior_459
79abc1449981,/Users/baiyixin/Downloads/pdf_386_by_paper_id/79abc1449981.pdf,/Users/baiyixin/Documents/Survey - design knowledge/expanded_pdf_corpus_464_20260811/79abc1449981.pdf,/Users/baiyixin/Documents/Survey - design knowledge/expanded_pipeline_464_20260811/canonical_text/79abc1449981.txt,77ebf0ec395ab74f526385b23abb48c5748dfa7249cd31c158fc479fa6cf1dae,10,included_prior_review,True,prior_459
79d31b954d2a,/Users/baiyixin/Downloads/pdf_386_by_paper_id/79d31b954d2a.pdf,/Users/baiyixin/Documents/Survey - design knowledge/expanded_pdf_corpus_464_20260811/79d31b954d2a.pdf,/Users/baiyixin/Documents/Survey - design knowledge/expanded_pipeline_464_20260811/canonical_text/79d31b954d2a.txt,bba70e29f5d42d02e5e4c462897f22cf4d611f2079534be58d6ba022ccca391d,10,included_prior_review,True,prior_459
7a42dd52852e,/Users/baiyixin/Downloads/pdf_386_by_paper_id/7a42dd52852e.pdf,/Users/baiyixin/Documents/Survey - design knowledge/expanded_pdf_corpus_464_20260811/7a42dd52852e.pdf,/Users/baiyixin/Documents/Survey - design knowledge/expanded_pipeline_464_20260811/canonical_text/7a42dd52852e.txt,1d681f5ed912f30dcf3ea80ec267fdb30871ea1e074e1f91566ac3c59d556e08,31,approved_single,True,prior_459
7afa6519f6fc,/Users/baiyixin/Downloads/pdf_386_by_paper_id/7afa6519f6fc.pdf,/Users/baiyixin/Documents/Survey - design knowledge/expanded_pdf_corpus_464_20260811/7afa6519f6fc.pdf,/Users/baiyixin/Documents/Survey - design knowledge/expanded_pipeline_464_20260811/canonical_text/7afa6519f6fc.txt,f13e53b0e679405c4bfe0589115f26cac882b1119e72bdf95a6dcfe489579e48,8,included_prior_review,True,prior_459
7afe82160b59,/Users/baiyixin/Downloads/7afe82160b59.pdf,/Users/baiyixin/Documents/Survey - design knowledge/expanded_pdf_corpus_464_20260811/7afe82160b59.pdf,/Users/baiyixin/Documents/Survey - design knowledge/expanded_pipeline_464_20260811/canonical_text/7afe82160b59.txt,b8ab12f8dea26ce3c934d5b5af9ecea70a7865595e607aa328e329fda57197ac,5,included_prior_review,True,prior_459
7b15d81000db,/Users/baiyixin/Downloads/pdf_386_by_paper_id/7b15d81000db.pdf,/Users/baiyixin/Documents/Survey - design knowledge/expanded_pdf_corpus_464_20260811/7b15d81000db.pdf,/Users/baiyixin/Documents/Survey - design knowledge/expanded_pipeline_464_20260811/canonical_text/7b15d81000db.txt,7612bc2a16080ddead4d86b7d52973b46175a4ecbb27b5985a776775c6db60c8,26,included_prior_review,True,prior_459
7baa1d9ec242,/Users/baiyixin/Downloads/7baa1d9ec242.pdf,/Users/baiyixin/Documents/Survey - design knowledge/expanded_pdf_corpus_464_20260811/7baa1d9ec242.pdf,/Users/baiyixin/Documents/Survey - design knowledge/expanded_pipeline_464_20260811/canonical_text/7baa1d9ec242.txt,99f8eff9eb40a7af860da81c98a91bda2c097df83abcbf98c0dc7466daa95144,14,included_prior_review,True,prior_459
7c4d2eb91f51,/Users/baiyixin/Downloads/pdf_386_by_paper_id/7c4d2eb91f51.pdf,/Users/baiyixin/Documents/Survey - design knowledge/expanded_pdf_corpus_464_20260811/7c4d2eb91f51.pdf,/Users/baiyixin/Documents/Survey - design knowledge/expanded_pipeline_464_20260811/canonical_text/7c4d2eb91f51.txt,281bd5723490311d136cc905ee8e64a0a348889b2e5bce9352e467cbeaa6b046,6,included_prior_review,True,prior_459
7cb073ebacac,/Users/baiyixin/Downloads/pdf_386_by_paper_id/7cb073ebacac.pdf,/Users/baiyixin/Documents/Survey - design knowledge/expanded_pdf_corpus_464_20260811/7cb073ebacac.pdf,/Users/baiyixin/Documents/Survey - design knowledge/expanded_pipeline_464_20260811/canonical_text/7cb073ebacac.txt,93d1da1240b4cf10532c91e226f868658bf1cf63199f30134101207cad997a12,12,included_prior_review,True,prior_459
7d5d566e7d9b,/Users/baiyixin/Documents/Survey - design knowledge/pdfs_ready_for_drive_upload/7d5d566e7d9b.pdf,/Users/baiyixin/Documents/Survey - design knowledge/expanded_pdf_corpus_464_20260811/7d5d566e7d9b.pdf,/Users/baiyixin/Documents/Survey - design knowledge/expanded_pipeline_464_20260811/canonical_text/7d5d566e7d9b.txt,17ca774d440e6f3dc4345ed22ac1561b53d12fc92fccf8f0b077349a48951331,10,included_prior_review,True,prior_459
7d6de5f94a84,/Users/baiyixin/Downloads/7d6de5f94a84.pdf,/Users/baiyixin/Documents/Survey - design knowledge/expanded_pdf_corpus_464_20260811/7d6de5f94a84.pdf,/Users/baiyixin/Documents/Survey - design knowledge/expanded_pipeline_464_20260811/canonical_text/7d6de5f94a84.txt,aa91186c5c0cc1089964574d9c7f4af72feb760ed8a097d095f10db1850c52b6,29,included_prior_review,True,prior_459
7d99b05f405e,/Users/baiyixin/Downloads/pdf_386_by_paper_id/7d99b05f405e.pdf,/Users/baiyixin/Documents/Survey - design knowledge/expanded_pdf_corpus_464_20260811/7d99b05f405e.pdf,/Users/baiyixin/Documents/Survey - design knowledge/expanded_pipeline_464_20260811/canonical_text/7d99b05f405e.txt,ad1dfcbfcdf022bb75a2d10861c9c4c40e3749d006def25f3a25de3e0cfcfddb,13,included_prior_review,True,prior_459
7e095752d24c,/Users/baiyixin/Downloads/pdf_386_by_paper_id/7e095752d24c.pdf,/Users/baiyixin/Documents/Survey - design knowledge/expanded_pdf_corpus_464_20260811/7e095752d24c.pdf,/Users/baiyixin/Documents/Survey - design knowledge/expanded_pipeline_464_20260811/canonical_text/7e095752d24c.txt,d2e7abe8811ef0152a7ffb6037e18d60e3c0c0371e844976eec61677b459081e,14,included_prior_review,True,prior_459
7ebbe03ea0d8,/Users/baiyixin/Downloads/pdf_386_by_paper_id/7ebbe03ea0d8.pdf,/Users/baiyixin/Documents/Survey - design knowledge/expanded_pdf_corpus_464_20260811/7ebbe03ea0d8.pdf,/Users/baiyixin/Documents/Survey - design knowledge/expanded_pipeline_464_20260811/canonical_text/7ebbe03ea0d8.txt,3e85cc5ccddf45f0aa58732a11e5cd601089e3491f817af8d7f3fe99ea77fbe4,10,included_prior_review,True,prior_459
7f7baeb83bac,/Users/baiyixin/Downloads/pdf_386_by_paper_id/7f7baeb83bac.pdf,/Users/baiyixin/Documents/Survey - design knowledge/expanded_pdf_corpus_464_20260811/7f7baeb83bac.pdf,/Users/baiyixin/Documents/Survey - design knowledge/expanded_pipeline_464_20260811/canonical_text/7f7baeb83bac.txt,11f9ce074c2b14ab34b9b46878606210cd283efdca824df27ff72452d1e0e9d9,11,included_prior_review,True,prior_459
804431d6f285,/Users/baiyixin/Downloads/pdf_386_by_paper_id/804431d6f285.pdf,/Users/baiyixin/Documents/Survey - design knowledge/expanded_pdf_corpus_464_20260811/804431d6f285.pdf,/Users/baiyixin/Documents/Survey - design knowledge/expanded_pipeline_464_20260811/canonical_text/804431d6f285.txt,3dd8617558ba4daf5b6f287e42786e9e4e137ed94a45ba11cae431efdadb0609,9,included_prior_review,True,prior_459
8107b8d7a099,/Users/baiyixin/Downloads/pdf_386_by_paper_id/8107b8d7a099.pdf,/Users/baiyixin/Documents/Survey - design knowledge/expanded_pdf_corpus_464_20260811/8107b8d7a099.pdf,/Users/baiyixin/Documents/Survey - design knowledge/expanded_pipeline_464_20260811/canonical_text/8107b8d7a099.txt,ebaea4666eb5a26d0aa0033623e75b10c038d552a0b9cb112b6aac7150048c9a,5,approved_single,True,prior_459
81c74e1bcf00,/Users/baiyixin/Downloads/81c74e1bcf00.pdf,/Users/baiyixin/Documents/Survey - design knowledge/expanded_pdf_corpus_464_20260811/81c74e1bcf00.pdf,/Users/baiyixin/Documents/Survey - design knowledge/expanded_pipeline_464_20260811/canonical_text/81c74e1bcf00.txt,2b69e008fb375c4253ac353259b0d1d2820d1a7fa2bc3db986d2ec007d4010d0,29,included_prior_review,True,prior_459
82f49b5a1905,/Users/baiyixin/Downloads/pdf_386_by_paper_id/82f49b5a1905.pdf,/Users/baiyixin/Documents/Survey - design knowledge/expanded_pdf_corpus_464_20260811/82f49b5a1905.pdf,/Users/baiyixin/Documents/Survey - design knowledge/expanded_pipeline_464_20260811/canonical_text/82f49b5a1905.txt,cfa76000c71b2c7f62b897ace6448fc35f61629695704b0cb17065aa21300168,6,included_prior_review,True,prior_459
8391308bc194,/Users/baiyixin/Downloads/8391308bc194.pdf,/Users/baiyixin/Documents/Survey - design knowledge/expanded_pdf_corpus_464_20260811/8391308bc194.pdf,/Users/baiyixin/Documents/Survey - design knowledge/expanded_pipeline_464_20260811/canonical_text/8391308bc194.txt,91d5a6ba675ff400c82bd564de3c2e13f3325aad4723debe91548ec21bd8a3ad,31,included_prior_review,True,prior_459
8393d36cff90,/Users/baiyixin/Downloads/pdf_386_by_paper_id/8393d36cff90.pdf,/Users/baiyixin/Documents/Survey - design knowledge/expanded_pdf_corpus_464_20260811/8393d36cff90.pdf,/Users/baiyixin/Documents/Survey - design knowledge/expanded_pipeline_464_20260811/canonical_text/8393d36cff90.txt,ce8239296490becc9b986417e85ab75b90b0340269cb20722e9d9c7754b8fb80,6,included_prior_review,True,prior_459
83d1ebe7d6c0,/Users/baiyixin/Downloads/pdf_386_by_paper_id/83d1ebe7d6c0.pdf,/Users/baiyixin/Documents/Survey - design knowledge/expanded_pdf_corpus_464_20260811/83d1ebe7d6c0.pdf,/Users/baiyixin/Documents/Survey - design knowledge/expanded_pipeline_464_20260811/canonical_text/83d1ebe7d6c0.txt,cb5ea4af6d8cf61b720f0e2fd4bab0eff8092910b2fc7d6add9e7c3ecf43847d,9,approved_single,True,prior_459
84cf9697f69d,/Users/baiyixin/Downloads/84cf9697f69d.pdf,/Users/baiyixin/Documents/Survey - design knowledge/expanded_pdf_corpus_464_20260811/84cf9697f69d.pdf,/Users/baiyixin/Documents/Survey - design knowledge/expanded_pipeline_464_20260811/canonical_text/84cf9697f69d.txt,d0cc7fea322d58354085aaecd174a041a12cc46c9809f52e2e2086ad4921dc02,24,included_prior_review,True,prior_459
858cd2d5608b,/Users/baiyixin/Downloads/858cd2d5608b.pdf,/Users/baiyixin/Documents/Survey - design knowledge/expanded_pdf_corpus_464_20260811/858cd2d5608b.pdf,/Users/baiyixin/Documents/Survey - design knowledge/expanded_pipeline_464_20260811/canonical_text/858cd2d5608b.txt,35f39074fa64d85426bc17d90de8d63e613b007a6c7ec2f4f071f4d480451a3a,10,included_prior_review,True,prior_459
85ba95ab4fa0,/Users/baiyixin/Downloads/pdf_386_by_paper_id/85ba95ab4fa0.pdf,/Users/baiyixin/Documents/Survey - design knowledge/expanded_pdf_corpus_464_20260811/85ba95ab4fa0.pdf,/Users/baiyixin/Documents/Survey - design knowledge/expanded_pipeline_464_20260811/canonical_text/85ba95ab4fa0.txt,62786c2d7d80fb33aea96dec6bab81cd8a48eaf3f581c246d421a27caf424cd0,22,included_prior_review,True,prior_459
85c3a6761bcc,/Users/baiyixin/Downloads/pdf_386_by_paper_id/85c3a6761bcc.pdf,/Users/baiyixin/Documents/Survey - design knowledge/expanded_pdf_corpus_464_20260811/85c3a6761bcc.pdf,/Users/baiyixin/Documents/Survey - design knowledge/expanded_pipeline_464_20260811/canonical_text/85c3a6761bcc.txt,1d177398e93eedc786943265fae8fb87b96c544c152c72bdc46730ccc5e95957,61,included_prior_review,True,prior_459
86405f99f015,/Users/baiyixin/Downloads/86405f99f015.pdf,/Users/baiyixin/Documents/Survey - design knowledge/expanded_pdf_corpus_464_20260811/86405f99f015.pdf,/Users/baiyixin/Documents/Survey - design knowledge/expanded_pipeline_464_20260811/canonical_text/86405f99f015.txt,91cab15414f5534174c89c839c025c5831cc8d0796698a798ef2f1bf864ae393,26,included_prior_review,True,prior_459
866322a64dc5,/Users/baiyixin/Downloads/pdf_386_by_paper_id/866322a64dc5.pdf,/Users/baiyixin/Documents/Survey - design knowledge/expanded_pdf_corpus_464_20260811/866322a64dc5.pdf,/Users/baiyixin/Documents/Survey - design knowledge/expanded_pipeline_464_20260811/canonical_text/866322a64dc5.txt,3b909ec220ad2293feb270b037852bdd36770f361a92b224e2e36ec05de285e1,12,approved_single,True,prior_459
866d8935b9e0,/Users/baiyixin/Downloads/pdf_386_by_paper_id/866d8935b9e0.pdf,/Users/baiyixin/Documents/Survey - design knowledge/expanded_pdf_corpus_464_20260811/866d8935b9e0.pdf,/Users/baiyixin/Documents/Survey - design knowledge/expanded_pipeline_464_20260811/canonical_text/866d8935b9e0.txt,a81b935bf7d09ba275c7f3a36b8c9380697c1932ae6e764dfd2e79f68c7b107d,11,included_prior_review,True,prior_459
86f2cddcc51d,/Users/baiyixin/Downloads/86f2cddcc51d.pdf,/Users/baiyixin/Documents/Survey - design knowledge/expanded_pdf_corpus_464_20260811/86f2cddcc51d.pdf,/Users/baiyixin/Documents/Survey - design knowledge/expanded_pipeline_464_20260811/canonical_text/86f2cddcc51d.txt,84e4461a917e212e2b10dba74533de60de90a5a71160c838e40de186fe9a659d,12,included_prior_review,True,prior_459
87713959435f,/Users/baiyixin/Downloads/87713959435f.pdf,/Users/baiyixin/Documents/Survey - design knowledge/expanded_pdf_corpus_464_20260811/87713959435f.pdf,/Users/baiyixin/Documents/Survey - design knowledge/expanded_pipeline_464_20260811/canonical_text/87713959435f.txt,022e95f79f4f9e9b7f5ed62fcc2fc3fe6f1c8e412c284d18fa49d520efed3e49,140,included_prior_review,True,prior_459
877ae1e561a7,/Users/baiyixin/Downloads/877ae1e561a7.pdf,/Users/baiyixin/Documents/Survey - design knowledge/expanded_pdf_corpus_464_20260811/877ae1e561a7.pdf,/Users/baiyixin/Documents/Survey - design knowledge/expanded_pipeline_464_20260811/canonical_text/877ae1e561a7.txt,cb786adbdf3abdf7bd22066c1984b47de3ef787d732dd6594e51d74a3d8db9b5,20,included_prior_review,True,prior_459
878cf959ac53,/Users/baiyixin/Downloads/pdf_386_by_paper_id/878cf959ac53.pdf,/Users/baiyixin/Documents/Survey - design knowledge/expanded_pdf_corpus_464_20260811/878cf959ac53.pdf,/Users/baiyixin/Documents/Survey - design knowledge/expanded_pipeline_464_20260811/canonical_text/878cf959ac53.txt,2a9ffa537571355a9128a1ba54b7be606bfe393e6b072136dbe49f4603f144c1,17,approved_single,True,prior_459
87b61e77d082,/Users/baiyixin/Downloads/87b61e77d082.pdf,/Users/baiyixin/Documents/Survey - design knowledge/expanded_pdf_corpus_464_20260811/87b61e77d082.pdf,/Users/baiyixin/Documents/Survey - design knowledge/expanded_pipeline_464_20260811/canonical_text/87b61e77d082.txt,7afd410b522dc54e5db4a0951546ddf6cbf9dec7e5e3e1eb3dcf176747c6e1da,470,included_prior_review,True,prior_459
87c5da85b30a,/Users/baiyixin/Downloads/87c5da85b30a.pdf,/Users/baiyixin/Documents/Survey - design knowledge/expanded_pdf_corpus_464_20260811/87c5da85b30a.pdf,/Users/baiyixin/Documents/Survey - design knowledge/expanded_pipeline_464_20260811/canonical_text/87c5da85b30a.txt,ae1513688296cf153196fdbb55d94a8f1531c767c08a01b352327e68d34d7aa1,5,included_prior_review,True,prior_459
885a1eee70e3,/Users/baiyixin/Downloads/885a1eee70e3.pdf,/Users/baiyixin/Documents/Survey - design knowledge/expanded_pdf_corpus_464_20260811/885a1eee70e3.pdf,/Users/baiyixin/Documents/Survey - design knowledge/expanded_pipeline_464_20260811/canonical_text/885a1eee70e3.txt,d50572328ff3fd1cce27841843e38effef76a9aaa04bb9dbe463d8ba67e4511d,18,included_prior_review,True,prior_459
892ad7622adf,/Users/baiyixin/Downloads/pdf_386_by_paper_id/892ad7622adf.pdf,/Users/baiyixin/Documents/Survey - design knowledge/expanded_pdf_corpus_464_20260811/892ad7622adf.pdf,/Users/baiyixin/Documents/Survey - design knowledge/expanded_pipeline_464_20260811/canonical_text/892ad7622adf.txt,8d4cfb24adc99a5fc8740088a7a0f3eac959eaae65ab6143b8b89c3817a2beaf,22,included_prior_review,True,prior_459
8969406d81c9,/Users/baiyixin/Documents/Survey - design knowledge/pdfs_ready_for_drive_upload/8969406d81c9.pdf,/Users/baiyixin/Documents/Survey - design knowledge/expanded_pdf_corpus_464_20260811/8969406d81c9.pdf,/Users/baiyixin/Documents/Survey - design knowledge/expanded_pipeline_464_20260811/canonical_text/8969406d81c9.txt,5babbe55cf54a315129c1ae297b15021b9137b7c7f5623fd26852f6ae2ea6647,15,included_prior_review,True,prior_459
8a4fa21e354d,/Users/baiyixin/Downloads/8a4fa21e354d.pdf,/Users/baiyixin/Documents/Survey - design knowledge/expanded_pdf_corpus_464_20260811/8a4fa21e354d.pdf,/Users/baiyixin/Documents/Survey - design knowledge/expanded_pipeline_464_20260811/canonical_text/8a4fa21e354d.txt,a16bbefb331ab88dfdd3c0995ed6107c37d8dfbc9dae0354192a9040b371a847,11,included_prior_review,True,prior_459
8aeb26c1e21d,/Users/baiyixin/Downloads/pdf_386_by_paper_id/8aeb26c1e21d.pdf,/Users/baiyixin/Documents/Survey - design knowledge/expanded_pdf_corpus_464_20260811/8aeb26c1e21d.pdf,/Users/baiyixin/Documents/Survey - design knowledge/expanded_pipeline_464_20260811/canonical_text/8aeb26c1e21d.txt,7b33672fd2423815acb1635837ea87c96c66ec7ac50c613dec7f0729a102e0cd,5,included_prior_review,True,prior_459
8bb42e8202f8,/Users/baiyixin/Downloads/8bb42e8202f8.pdf,/Users/baiyixin/Documents/Survey - design knowledge/expanded_pdf_corpus_464_20260811/8bb42e8202f8.pdf,/Users/baiyixin/Documents/Survey - design knowledge/expanded_pipeline_464_20260811/canonical_text/8bb42e8202f8.txt,48ae053d002a84cd0f8368303b8011089a6551fcca0681bb30d67fbca1a684cd,30,included_prior_review,True,prior_459
8e0dfec2492d,/Users/baiyixin/Downloads/8e0dfec2492d.pdf,/Users/baiyixin/Documents/Survey - design knowledge/expanded_pdf_corpus_464_20260811/8e0dfec2492d.pdf,/Users/baiyixin/Documents/Survey - design knowledge/expanded_pipeline_464_20260811/canonical_text/8e0dfec2492d.txt,926814ea2cdc0496c5717ecbc312fe8fce22c7bf4daf3195cd2e089c38b30124,5,included_prior_review,True,prior_459
8eb8539b9712,/Users/baiyixin/Downloads/pdf_386_by_paper_id/8eb8539b9712.pdf,/Users/baiyixin/Documents/Survey - design knowledge/expanded_pdf_corpus_464_20260811/8eb8539b9712.pdf,/Users/baiyixin/Documents/Survey - design knowledge/expanded_pipeline_464_20260811/canonical_text/8eb8539b9712.txt,93bd77110d65f74db3f8bceaf9ab8d09f2bba3474550d150320bbe3f75b65b38,5,included_prior_review,True,prior_459
8f065cfd18a4,/Users/baiyixin/Downloads/pdf_386_by_paper_id/8f065cfd18a4.pdf,/Users/baiyixin/Documents/Survey - design knowledge/expanded_pdf_corpus_464_20260811/8f065cfd18a4.pdf,/Users/baiyixin/Documents/Survey - design knowledge/expanded_pipeline_464_20260811/canonical_text/8f065cfd18a4.txt,d28612d25d82b1980c9e8ae2710323e46bac9c4e80fe2b2ddcb5d62e4bd47db0,9,included_prior_review,True,prior_459
9020aa145571,/Users/baiyixin/Downloads/pdf_386_by_paper_id/9020aa145571.pdf,/Users/baiyixin/Documents/Survey - design knowledge/expanded_pdf_corpus_464_20260811/9020aa145571.pdf,/Users/baiyixin/Documents/Survey - design knowledge/expanded_pipeline_464_20260811/canonical_text/9020aa145571.txt,c541f9c116bd45d9936d58b7abfb27a5d0003734b3fd2dd5dfa1e2223ec987ad,16,included_prior_review,True,prior_459
9049c4d2bbec,/Users/baiyixin/Downloads/pdf_386_by_paper_id/9049c4d2bbec.pdf,/Users/baiyixin/Documents/Survey - design knowledge/expanded_pdf_corpus_464_20260811/9049c4d2bbec.pdf,/Users/baiyixin/Documents/Survey - design knowledge/expanded_pipeline_464_20260811/canonical_text/9049c4d2bbec.txt,9ae732311ef33b3eaeb2618e74eb78eca22df5ba6fc372cf65a3020e98331961,13,approved_chapter,True,prior_459
90b3e6bb765d,/Users/baiyixin/Downloads/90b3e6bb765d.pdf,/Users/baiyixin/Documents/Survey - design knowledge/expanded_pdf_corpus_464_20260811/90b3e6bb765d.pdf,/Users/baiyixin/Documents/Survey - design knowledge/expanded_pipeline_464_20260811/canonical_text/90b3e6bb765d.txt,3c9179df95fd17009a7c43b59f96991fdba560ea5400aaea35c9d4041b97e14c,12,included_prior_review,True,prior_459
91ac41f73380,/Users/baiyixin/Downloads/91ac41f73380.pdf,/Users/baiyixin/Documents/Survey - design knowledge/expanded_pdf_corpus_464_20260811/91ac41f73380.pdf,/Users/baiyixin/Documents/Survey - design knowledge/expanded_pipeline_464_20260811/canonical_text/91ac41f73380.txt,a1f534ec4c1da8627525ebd633f8542488cfd8f9b9c16647bd1974e969f0b8be,6,included_prior_review,True,prior_459
92fd41483399,/Users/baiyixin/Downloads/pdf_386_by_paper_id/92fd41483399.pdf,/Users/baiyixin/Documents/Survey - design knowledge/expanded_pdf_corpus_464_20260811/92fd41483399.pdf,/Users/baiyixin/Documents/Survey - design knowledge/expanded_pipeline_464_20260811/canonical_text/92fd41483399.txt,e8885ffbc3fd56b53fc6e61d1ea0dbfe0e19a6c81435c295765f7bb1531e5b0f,41,included_prior_review,True,prior_459
9308054f3e8a,/Users/baiyixin/Downloads/9308054f3e8a.pdf,/Users/baiyixin/Documents/Survey - design knowledge/expanded_pdf_corpus_464_20260811/9308054f3e8a.pdf,/Users/baiyixin/Documents/Survey - design knowledge/expanded_pipeline_464_20260811/canonical_text/9308054f3e8a.txt,fb79093afa7a24009f958f91f064290dabe44ee3cdb7f8195862773fb4d33567,10,included_prior_review,True,prior_459
9378a46b93c6,/Users/baiyixin/Downloads/9378a46b93c6.pdf,/Users/baiyixin/Documents/Survey - design knowledge/expanded_pdf_corpus_464_20260811/9378a46b93c6.pdf,/Users/baiyixin/Documents/Survey - design knowledge/expanded_pipeline_464_20260811/canonical_text/9378a46b93c6.txt,df2d07ebf40bfa40454b4890c36b5d6210543e3dd7b9ff020abeb2a26f9d9b91,21,included_prior_review,True,prior_459
9381fc58f61b,/Users/baiyixin/Downloads/9381fc58f61b.pdf,/Users/baiyixin/Documents/Survey - design knowledge/expanded_pdf_corpus_464_20260811/9381fc58f61b.pdf,/Users/baiyixin/Documents/Survey - design knowledge/expanded_pipeline_464_20260811/canonical_text/9381fc58f61b.txt,e08f4d4d62fc7338152057ceb0777d485b8ec121999932ab3c83753c96ff53b7,19,included_prior_review,True,prior_459
93bb03ac03b6,/Users/baiyixin/Downloads/pdf_386_by_paper_id/93bb03ac03b6.pdf,/Users/baiyixin/Documents/Survey - design knowledge/expanded_pdf_corpus_464_20260811/93bb03ac03b6.pdf,/Users/baiyixin/Documents/Survey - design knowledge/expanded_pipeline_464_20260811/canonical_text/93bb03ac03b6.txt,aced171090d61952e791f6cf235fe697861c8250f986e2091a232cacbeb0459a,25,included_prior_review,True,prior_459
93c5c97a0a92,/Users/baiyixin/Downloads/93c5c97a0a92.pdf,/Users/baiyixin/Documents/Survey - design knowledge/expanded_pdf_corpus_464_20260811/93c5c97a0a92.pdf,/Users/baiyixin/Documents/Survey - design knowledge/expanded_pipeline_464_20260811/canonical_text/93c5c97a0a92.txt,2b3d2c473d86bd7f3d91bb21050bf167432c4d84b19b24b2aac0dcf35cbdfaa1,20,included_prior_review,True,prior_459
94347a49c12b,/Users/baiyixin/Downloads/94347a49c12b.pdf,/Users/baiyixin/Documents/Survey - design knowledge/expanded_pdf_corpus_464_20260811/94347a49c12b.pdf,/Users/baiyixin/Documents/Survey - design knowledge/expanded_pipeline_464_20260811/canonical_text/94347a49c12b.txt,5b499ad85dae21016471e1726b3e0ef76ee8f13e4e68be5d39fdeb1833c02c3c,16,included_prior_review,True,prior_459
94bc88b88ae6,/Users/baiyixin/Downloads/pdf_386_by_paper_id/94bc88b88ae6.pdf,/Users/baiyixin/Documents/Survey - design knowledge/expanded_pdf_corpus_464_20260811/94bc88b88ae6.pdf,/Users/baiyixin/Documents/Survey - design knowledge/expanded_pipeline_464_20260811/canonical_text/94bc88b88ae6.txt,0e6f39b8e89a4627f7dd0559da1de7176494b52e7ca742931a97343b7cd7208d,5,included_prior_review,True,prior_459
95c2b3d44aff,/Users/baiyixin/Downloads/pdf_386_by_paper_id/95c2b3d44aff.pdf,/Users/baiyixin/Documents/Survey - design knowledge/expanded_pdf_corpus_464_20260811/95c2b3d44aff.pdf,/Users/baiyixin/Documents/Survey - design knowledge/expanded_pipeline_464_20260811/canonical_text/95c2b3d44aff.txt,ac96bc387dccd9c5a0b5aa84984cb33d36345e35b05c953020d76d8942096d02,23,included_prior_review,True,prior_459
95eee570b8f1,/Users/baiyixin/Downloads/pdf_386_by_paper_id/95eee570b8f1.pdf,/Users/baiyixin/Documents/Survey - design knowledge/expanded_pdf_corpus_464_20260811/95eee570b8f1.pdf,/Users/baiyixin/Documents/Survey - design knowledge/expanded_pipeline_464_20260811/canonical_text/95eee570b8f1.txt,9a8f232b8aecd47dac0935165f1390359241526c4a0bbde1b70917399d5af60b,41,included_prior_review,True,prior_459
96dd29c8f345,/Users/baiyixin/Downloads/pdf_386_by_paper_id/96dd29c8f345.pdf,/Users/baiyixin/Documents/Survey - design knowledge/expanded_pdf_corpus_464_20260811/96dd29c8f345.pdf,/Users/baiyixin/Documents/Survey - design knowledge/expanded_pipeline_464_20260811/canonical_text/96dd29c8f345.txt,644f468a29a39a434a6afe5796b341b87fca7d2198b3ba57e7cf353d8b827452,36,included_prior_review,True,prior_459
96ed07ad56c0,/Users/baiyixin/Downloads/96ed07ad56c0.pdf,/Users/baiyixin/Documents/Survey - design knowledge/expanded_pdf_corpus_464_20260811/96ed07ad56c0.pdf,/Users/baiyixin/Documents/Survey - design knowledge/expanded_pipeline_464_20260811/canonical_text/96ed07ad56c0.txt,ce317205ac19ad023265574777243e224d828e900b74280fe1e350dfeccc3978,14,included_prior_review,True,prior_459
96f09212f1ba,/Users/baiyixin/Downloads/96f09212f1ba.pdf,/Users/baiyixin/Documents/Survey - design knowledge/expanded_pdf_corpus_464_20260811/96f09212f1ba.pdf,/Users/baiyixin/Documents/Survey - design knowledge/expanded_pipeline_464_20260811/canonical_text/96f09212f1ba.txt,bd78ee21d43f5c508ff8b48e1802595743f447519b3fe7b2676e4c9437269728,8,included_prior_review,True,prior_459
97b253588409,/Users/baiyixin/Downloads/97b253588409.pdf,/Users/baiyixin/Documents/Survey - design knowledge/expanded_pdf_corpus_464_20260811/97b253588409.pdf,/Users/baiyixin/Documents/Survey - design knowledge/expanded_pipeline_464_20260811/canonical_text/97b253588409.txt,2a7ad1c643de17771806072711bef3b8cb641b1bf9a0a3384fbb021ea1d72943,7,included_prior_review,True,prior_459
97b32465f821,/Users/baiyixin/Documents/Survey - design knowledge/pdfs_ready_for_drive_upload/97b32465f821.pdf,/Users/baiyixin/Documents/Survey - design knowledge/expanded_pdf_corpus_464_20260811/97b32465f821.pdf,/Users/baiyixin/Documents/Survey - design knowledge/expanded_pipeline_464_20260811/canonical_text/97b32465f821.txt,01fe6c3bb5f28bd94df8afd595d8117d60aa259fc9336738ff0078dba1864e6f,5,included_prior_review,True,prior_459
994d28d55eb8,/Users/baiyixin/Downloads/pdf_386_by_paper_id/994d28d55eb8.pdf,/Users/baiyixin/Documents/Survey - design knowledge/expanded_pdf_corpus_464_20260811/994d28d55eb8.pdf,/Users/baiyixin/Documents/Survey - design knowledge/expanded_pipeline_464_20260811/canonical_text/994d28d55eb8.txt,a89ccb537fba476190019e174a0ea75bfd5fcc92c17a3cd9eed38950494e3db1,8,included_prior_review,True,prior_459
9d158233f041,/Users/baiyixin/Downloads/pdf_386_by_paper_id/9d158233f041.pdf,/Users/baiyixin/Documents/Survey - design knowledge/expanded_pdf_corpus_464_20260811/9d158233f041.pdf,/Users/baiyixin/Documents/Survey - design knowledge/expanded_pipeline_464_20260811/canonical_text/9d158233f041.txt,3db43989c31aba0942d0e5d9851bc77ba5e8f5c5bcc120774c0a74a17c6a953f,11,included_prior_review,True,prior_459
9ddabd46988b,/Users/baiyixin/Downloads/pdf_386_by_paper_id/9ddabd46988b.pdf,/Users/baiyixin/Documents/Survey - design knowledge/expanded_pdf_corpus_464_20260811/9ddabd46988b.pdf,/Users/baiyixin/Documents/Survey - design knowledge/expanded_pipeline_464_20260811/canonical_text/9ddabd46988b.txt,c5f54df3d63a401b7c55ce20daf2e053c64fb3beedc4887fbd66408e3d3297de,10,included_prior_review,True,prior_459
9e71c6e0b826,/Users/baiyixin/Downloads/9e71c6e0b826.pdf,/Users/baiyixin/Documents/Survey - design knowledge/expanded_pdf_corpus_464_20260811/9e71c6e0b826.pdf,/Users/baiyixin/Documents/Survey - design knowledge/expanded_pipeline_464_20260811/canonical_text/9e71c6e0b826.txt,bbd91bf553dbc970e389dbb7aaf6156d10fa54f54e49de7d0602e15413075bdb,11,included_prior_review,True,prior_459
9eda131748eb,/Users/baiyixin/Downloads/pdf_386_by_paper_id/9eda131748eb.pdf,/Users/baiyixin/Documents/Survey - design knowledge/expanded_pdf_corpus_464_20260811/9eda131748eb.pdf,/Users/baiyixin/Documents/Survey - design knowledge/expanded_pipeline_464_20260811/canonical_text/9eda131748eb.txt,79f81bb25d1c1633baea6254cd1b6d2f6eccdfa22fac151e8e11208bb965a1fa,36,approved_chapter,True,prior_459
9eecf23c4ce7,/Users/baiyixin/Downloads/pdf_386_by_paper_id/9eecf23c4ce7.pdf,/Users/baiyixin/Documents/Survey - design knowledge/expanded_pdf_corpus_464_20260811/9eecf23c4ce7.pdf,/Users/baiyixin/Documents/Survey - design knowledge/expanded_pipeline_464_20260811/canonical_text/9eecf23c4ce7.txt,93901b60903b2d5e7ee6897a10d44d167706fcbb5d42c310c915fb34bae12b72,13,included_prior_review,True,prior_459
9f4dbd790fe7,/Users/baiyixin/Downloads/pdf_386_by_paper_id/9f4dbd790fe7.pdf,/Users/baiyixin/Documents/Survey - design knowledge/expanded_pdf_corpus_464_20260811/9f4dbd790fe7.pdf,/Users/baiyixin/Documents/Survey - design knowledge/expanded_pipeline_464_20260811/canonical_text/9f4dbd790fe7.txt,022ff5b779365991c40560a54eae2cdd7572366a99579ec679ff4d93aa2df6ed,12,included_prior_review,True,prior_459
9f9f7295ec8c,/Users/baiyixin/Downloads/pdf_386_by_paper_id/9f9f7295ec8c.pdf,/Users/baiyixin/Documents/Survey - design knowledge/expanded_pdf_corpus_464_20260811/9f9f7295ec8c.pdf,/Users/baiyixin/Documents/Survey - design knowledge/expanded_pipeline_464_20260811/canonical_text/9f9f7295ec8c.txt,59bde06c9e15006d0da95578d8dc18c4025c04253c0c33d5d8a184d8e25286d7,15,included_prior_review,True,prior_459
a0d1057f0acb,/Users/baiyixin/Downloads/pdf_386_by_paper_id/a0d1057f0acb.pdf,/Users/baiyixin/Documents/Survey - design knowledge/expanded_pdf_corpus_464_20260811/a0d1057f0acb.pdf,/Users/baiyixin/Documents/Survey - design knowledge/expanded_pipeline_464_20260811/canonical_text/a0d1057f0acb.txt,69770e9419dcab853a104e7ccb6834260ef5e028fc194b7394a00b5347f1c287,10,included_prior_review,True,prior_459
a14565cde772,/Users/baiyixin/Documents/Survey - design knowledge/pdfs_ready_for_drive_upload/a14565cde772.pdf,/Users/baiyixin/Documents/Survey - design knowledge/expanded_pdf_corpus_464_20260811/a14565cde772.pdf,/Users/baiyixin/Documents/Survey - design knowledge/expanded_pipeline_464_20260811/canonical_text/a14565cde772.txt,79f81bb25d1c1633baea6254cd1b6d2f6eccdfa22fac151e8e11208bb965a1fa,36,included_prior_review,True,prior_459
a1a2a51ae22e,/Users/baiyixin/Downloads/pdf_386_by_paper_id/a1a2a51ae22e.pdf,/Users/baiyixin/Documents/Survey - design knowledge/expanded_pdf_corpus_464_20260811/a1a2a51ae22e.pdf,/Users/baiyixin/Documents/Survey - design knowledge/expanded_pipeline_464_20260811/canonical_text/a1a2a51ae22e.txt,6e32419e6094b8790bf24b3216b760a8a07f3fe098f489d2854a6a92ff999df9,16,included_prior_review,True,prior_459
a1ccc16dab98,/Users/baiyixin/Documents/Survey - design knowledge/pdfs_ready_for_drive_upload/a1ccc16dab98.pdf,/Users/baiyixin/Documents/Survey - design knowledge/expanded_pdf_corpus_464_20260811/a1ccc16dab98.pdf,/Users/baiyixin/Documents/Survey - design knowledge/expanded_pipeline_464_20260811/canonical_text/a1ccc16dab98.txt,063ab7479fedd39a6b2ae57ae81ed47832f8b3a458a2003df7d7ef46581f920c,14,included_prior_review,True,prior_459
a200b553056c,/Users/baiyixin/Downloads/a200b553056c.pdf,/Users/baiyixin/Documents/Survey - design knowledge/expanded_pdf_corpus_464_20260811/a200b553056c.pdf,/Users/baiyixin/Documents/Survey - design knowledge/expanded_pipeline_464_20260811/canonical_text/a200b553056c.txt,43d8f358b7d5e1d05cb3460812f9b486823aa70be6cf075c3109586cdc76c79b,16,included_prior_review,True,prior_459
a21900f84443,/Users/baiyixin/Downloads/pdf_386_by_paper_id/a21900f84443.pdf,/Users/baiyixin/Documents/Survey - design knowledge/expanded_pdf_corpus_464_20260811/a21900f84443.pdf,/Users/baiyixin/Documents/Survey - design knowledge/expanded_pipeline_464_20260811/canonical_text/a21900f84443.txt,f1d9f88982e8c31fc64d5595efd2126e1b36421d044fb8ea0f849fc61725fa3b,10,included_prior_review,True,prior_459
a223dfc7b9a8,/Users/baiyixin/Downloads/a223dfc7b9a8.pdf,/Users/baiyixin/Documents/Survey - design knowledge/expanded_pdf_corpus_464_20260811/a223dfc7b9a8.pdf,/Users/baiyixin/Documents/Survey - design knowledge/expanded_pipeline_464_20260811/canonical_text/a223dfc7b9a8.txt,800e85c672c7841d7637bd94befdc6f37d6ae399ee0f3b434b8c587b0421d542,25,included_prior_review,True,prior_459
a3bc8ece9d73,/Users/baiyixin/Downloads/a3bc8ece9d73.pdf,/Users/baiyixin/Documents/Survey - design knowledge/expanded_pdf_corpus_464_20260811/a3bc8ece9d73.pdf,/Users/baiyixin/Documents/Survey - design knowledge/expanded_pipeline_464_20260811/canonical_text/a3bc8ece9d73.txt,e2c3ea41a0271e732715d02e8e7b33ca13bf511829e11c4602dc931400d8e37e,10,included_prior_review,True,prior_459
a47956c54fb0,/Users/baiyixin/Downloads/a47956c54fb0.pdf,/Users/baiyixin/Documents/Survey - design knowledge/expanded_pdf_corpus_464_20260811/a47956c54fb0.pdf,/Users/baiyixin/Documents/Survey - design knowledge/expanded_pipeline_464_20260811/canonical_text/a47956c54fb0.txt,4e068c3a8e263056ed5875e6bdca484e4227d5dc652f3405314565ce20a1f869,14,included_prior_review,True,prior_459
a4ef5e43da80,/Users/baiyixin/Downloads/a4ef5e43da80.pdf,/Users/baiyixin/Documents/Survey - design knowledge/expanded_pdf_corpus_464_20260811/a4ef5e43da80.pdf,/Users/baiyixin/Documents/Survey - design knowledge/expanded_pipeline_464_20260811/canonical_text/a4ef5e43da80.txt,325c8fd0e4440ab1c1b3981c6ac54cab1c2cf3a525fe7b00b50b7a7cecfc8aec,11,included_prior_review,True,prior_459
a707fd62833a,/Users/baiyixin/Downloads/pdf_386_by_paper_id/a707fd62833a.pdf,/Users/baiyixin/Documents/Survey - design knowledge/expanded_pdf_corpus_464_20260811/a707fd62833a.pdf,/Users/baiyixin/Documents/Survey - design knowledge/expanded_pipeline_464_20260811/canonical_text/a707fd62833a.txt,445ba8fb2879b590c1ecda1f16a211822c15b51cbd20562eb34cd29ba8e6ab63,17,included_prior_review,True,prior_459
a74bec243b7f,/Users/baiyixin/Downloads/pdf_386_by_paper_id/a74bec243b7f.pdf,/Users/baiyixin/Documents/Survey - design knowledge/expanded_pdf_corpus_464_20260811/a74bec243b7f.pdf,/Users/baiyixin/Documents/Survey - design knowledge/expanded_pipeline_464_20260811/canonical_text/a74bec243b7f.txt,af7de07766397a2a64ef532e0220f6767e8ecbf9cd150cd8c598f7a2de3e43d2,8,included_prior_review,True,prior_459
a779c321ee06,/Users/baiyixin/Downloads/a779c321ee06.pdf,/Users/baiyixin/Documents/Survey - design knowledge/expanded_pdf_corpus_464_20260811/a779c321ee06.pdf,/Users/baiyixin/Documents/Survey - design knowledge/expanded_pipeline_464_20260811/canonical_text/a779c321ee06.txt,0412f9cc3751da10b336de809d22409a0b142ecddfd8570548ab08407322b5b2,8,included_prior_review,True,prior_459
a7e06450729f,/Users/baiyixin/Downloads/pdf_386_by_paper_id/a7e06450729f.pdf,/Users/baiyixin/Documents/Survey - design knowledge/expanded_pdf_corpus_464_20260811/a7e06450729f.pdf,/Users/baiyixin/Documents/Survey - design knowledge/expanded_pipeline_464_20260811/canonical_text/a7e06450729f.txt,ed7c3eb47960c847e814be76fc35b806d1a0d5a204fc5aea2637b44d835bb935,21,included_prior_review,True,prior_459
a883ec94b37a,/Users/baiyixin/Downloads/pdf_386_by_paper_id/a883ec94b37a.pdf,/Users/baiyixin/Documents/Survey - design knowledge/expanded_pdf_corpus_464_20260811/a883ec94b37a.pdf,/Users/baiyixin/Documents/Survey - design knowledge/expanded_pipeline_464_20260811/canonical_text/a883ec94b37a.txt,203e730ad9ac5c044029dd447bb87228d335b8d8b0aeb224336829f7fdf67807,17,included_prior_review,True,prior_459
a8b318749f73,/Users/baiyixin/Downloads/a8b318749f73.pdf,/Users/baiyixin/Documents/Survey - design knowledge/expanded_pdf_corpus_464_20260811/a8b318749f73.pdf,/Users/baiyixin/Documents/Survey - design knowledge/expanded_pipeline_464_20260811/canonical_text/a8b318749f73.txt,cfdc33fd011c70a579c90840729c997ad229ec86d27736bbf59cba117342ff0a,365,included_prior_review,True,prior_459
a9303960f19a,/Users/baiyixin/Downloads/pdf_386_by_paper_id/a9303960f19a.pdf,/Users/baiyixin/Documents/Survey - design knowledge/expanded_pdf_corpus_464_20260811/a9303960f19a.pdf,/Users/baiyixin/Documents/Survey - design knowledge/expanded_pipeline_464_20260811/canonical_text/a9303960f19a.txt,75a781f0cfc0364c66390b9015c1fc475268d177effd1adef64ccc6fc6a38e0b,16,included_prior_review,True,prior_459
ab97fa9e6ec7,/Users/baiyixin/Downloads/pdf_386_by_paper_id/ab97fa9e6ec7.pdf,/Users/baiyixin/Documents/Survey - design knowledge/expanded_pdf_corpus_464_20260811/ab97fa9e6ec7.pdf,/Users/baiyixin/Documents/Survey - design knowledge/expanded_pipeline_464_20260811/canonical_text/ab97fa9e6ec7.txt,1e1ffb53a5821281a1005e12bc93c6be6f0defbf099f5db30f52a1becffd594e,11,included_prior_review,True,prior_459
ac2f5510db32,/Users/baiyixin/Downloads/pdf_386_by_paper_id/ac2f5510db32.pdf,/Users/baiyixin/Documents/Survey - design knowledge/expanded_pdf_corpus_464_20260811/ac2f5510db32.pdf,/Users/baiyixin/Documents/Survey - design knowledge/expanded_pipeline_464_20260811/canonical_text/ac2f5510db32.txt,98276157877f334c8ccf522942928cfd7b7d50e8889c04b6871d32ae63de77c0,19,included_prior_review,True,prior_459
ade4419d3095,/Users/baiyixin/Downloads/pdf_386_by_paper_id/ade4419d3095.pdf,/Users/baiyixin/Documents/Survey - design knowledge/expanded_pdf_corpus_464_20260811/ade4419d3095.pdf,/Users/baiyixin/Documents/Survey - design knowledge/expanded_pipeline_464_20260811/canonical_text/ade4419d3095.txt,81720e0aabe364b1cefe68325a074da91b49cd78dffd5a418433516f0b4581b0,37,included_prior_review,True,prior_459
ade78c466271,/Users/baiyixin/Downloads/pdf_386_by_paper_id/ade78c466271.pdf,/Users/baiyixin/Documents/Survey - design knowledge/expanded_pdf_corpus_464_20260811/ade78c466271.pdf,/Users/baiyixin/Documents/Survey - design knowledge/expanded_pipeline_464_20260811/canonical_text/ade78c466271.txt,9f3e83c4ea9147939125a9a3c3e307cb5d91b0cc6347b33760e2fd47c9cc4e48,8,included_prior_review,True,prior_459
aea175ec1e11,/Users/baiyixin/Downloads/aea175ec1e11.pdf,/Users/baiyixin/Documents/Survey - design knowledge/expanded_pdf_corpus_464_20260811/aea175ec1e11.pdf,/Users/baiyixin/Documents/Survey - design knowledge/expanded_pipeline_464_20260811/canonical_text/aea175ec1e11.txt,7de2a20da92917a4ea5c1727512b25f56026033aef5ad2dae8e2988a6bbb80f7,9,included_prior_review,True,prior_459
af4a4237d98a,/Users/baiyixin/Downloads/pdf_386_by_paper_id/af4a4237d98a.pdf,/Users/baiyixin/Documents/Survey - design knowledge/expanded_pdf_corpus_464_20260811/af4a4237d98a.pdf,/Users/baiyixin/Documents/Survey - design knowledge/expanded_pipeline_464_20260811/canonical_text/af4a4237d98a.txt,bcd28e3c298b2ec5a1d84f304f31cf1ec54319d8d670a500bddd85353eda3ea3,21,included_prior_review,True,prior_459
af66a447ca7c,/Users/baiyixin/Downloads/pdf_386_by_paper_id/af66a447ca7c.pdf,/Users/baiyixin/Documents/Survey - design knowledge/expanded_pdf_corpus_464_20260811/af66a447ca7c.pdf,/Users/baiyixin/Documents/Survey - design knowledge/expanded_pipeline_464_20260811/canonical_text/af66a447ca7c.txt,19c8bd17efe1d5c38bd7e2cc0b434a6d5577cb28c7c7f5241ef1c1757f426259,22,included_prior_review,True,prior_459
b077c606da41,/Users/baiyixin/Downloads/pdf_386_by_paper_id/b077c606da41.pdf,/Users/baiyixin/Documents/Survey - design knowledge/expanded_pdf_corpus_464_20260811/b077c606da41.pdf,/Users/baiyixin/Documents/Survey - design knowledge/expanded_pipeline_464_20260811/canonical_text/b077c606da41.txt,90443e5a917263b0e2dcd033f910784fbaeb4d37ca4612f7b5e76a7b33bd1da7,6,included_prior_review,True,prior_459
b0fe7e080516,/Users/baiyixin/Downloads/pdf_386_by_paper_id/b0fe7e080516.pdf,/Users/baiyixin/Documents/Survey - design knowledge/expanded_pdf_corpus_464_20260811/b0fe7e080516.pdf,/Users/baiyixin/Documents/Survey - design knowledge/expanded_pipeline_464_20260811/canonical_text/b0fe7e080516.txt,fd0bf35b28836a6617534b463c3200647ef066aefae5dd18504f88ff8e44013b,14,included_prior_review,True,prior_459
b14f85b19a87,/Users/baiyixin/Downloads/pdf_386_by_paper_id/b14f85b19a87.pdf,/Users/baiyixin/Documents/Survey - design knowledge/expanded_pdf_corpus_464_20260811/b14f85b19a87.pdf,/Users/baiyixin/Documents/Survey - design knowledge/expanded_pipeline_464_20260811/canonical_text/b14f85b19a87.txt,584e3f2ac4620dcaf3d9a826f7877f2c2929a96b27d31fd255ff089d6b2e8fe3,10,included_prior_review,True,prior_459
b21a9b4cc5ef,/Users/baiyixin/Downloads/pdf_386_by_paper_id/b21a9b4cc5ef.pdf,/Users/baiyixin/Documents/Survey - design knowledge/expanded_pdf_corpus_464_20260811/b21a9b4cc5ef.pdf,/Users/baiyixin/Documents/Survey - design knowledge/expanded_pipeline_464_20260811/canonical_text/b21a9b4cc5ef.txt,3c8d07bb6bfef6b34a2c3377bd7cf63e56db684a1d24102802c39ec17a9a60e0,12,included_prior_review,True,prior_459
b2234ef79a5a,/Users/baiyixin/Downloads/pdf_386_by_paper_id/b2234ef79a5a.pdf,/Users/baiyixin/Documents/Survey - design knowledge/expanded_pdf_corpus_464_20260811/b2234ef79a5a.pdf,/Users/baiyixin/Documents/Survey - design knowledge/expanded_pipeline_464_20260811/canonical_text/b2234ef79a5a.txt,8c9f05c1d028ac78d0276713eb05b5b4638e2262e7fc3a68bffd822fece614ec,11,included_prior_review,True,prior_459
b227e604cd40,/Users/baiyixin/Downloads/pdf_386_by_paper_id/b227e604cd40.pdf,/Users/baiyixin/Documents/Survey - design knowledge/expanded_pdf_corpus_464_20260811/b227e604cd40.pdf,/Users/baiyixin/Documents/Survey - design knowledge/expanded_pipeline_464_20260811/canonical_text/b227e604cd40.txt,57cbfd7b9f0c05d40fb3769f6c1b77769bb15d6eb1b5bfdb63b5643c81a133a1,11,included_prior_review,True,prior_459
b256aafa902e,/Users/baiyixin/Downloads/pdf_386_by_paper_id/b256aafa902e.pdf,/Users/baiyixin/Documents/Survey - design knowledge/expanded_pdf_corpus_464_20260811/b256aafa902e.pdf,/Users/baiyixin/Documents/Survey - design knowledge/expanded_pipeline_464_20260811/canonical_text/b256aafa902e.txt,ec2c68c3969405d3bf947b04fa39fd6812b862b7c88d1e46fa1288f03a63cd2d,16,included_prior_review,True,prior_459
b357bc5a3d3b,/Users/baiyixin/Downloads/pdf_386_by_paper_id/b357bc5a3d3b.pdf,/Users/baiyixin/Documents/Survey - design knowledge/expanded_pdf_corpus_464_20260811/b357bc5a3d3b.pdf,/Users/baiyixin/Documents/Survey - design knowledge/expanded_pipeline_464_20260811/canonical_text/b357bc5a3d3b.txt,b8b7bacb14a98170f7d923b09c30cbbff1f96e193ae3120e05ba484a5b7420ad,8,included_prior_review,True,prior_459
b3d7c30694e8,/Users/baiyixin/Downloads/b3d7c30694e8.pdf,/Users/baiyixin/Documents/Survey - design knowledge/expanded_pdf_corpus_464_20260811/b3d7c30694e8.pdf,/Users/baiyixin/Documents/Survey - design knowledge/expanded_pipeline_464_20260811/canonical_text/b3d7c30694e8.txt,0b56849f9a706271148920e070150b916f889d25ea2ef02f4523e24054f550e7,4,included_prior_review,True,prior_459
b42559e0a5d5,/Users/baiyixin/Downloads/pdf_386_by_paper_id/b42559e0a5d5.pdf,/Users/baiyixin/Documents/Survey - design knowledge/expanded_pdf_corpus_464_20260811/b42559e0a5d5.pdf,/Users/baiyixin/Documents/Survey - design knowledge/expanded_pipeline_464_20260811/canonical_text/b42559e0a5d5.txt,6b5fa1d430a9f4a829458c12355a44381343526734e9f830d651f097e5ef3077,13,included_prior_review,True,prior_459
b5d968168f35,/Users/baiyixin/Downloads/pdf_386_by_paper_id/b5d968168f35.pdf,/Users/baiyixin/Documents/Survey - design knowledge/expanded_pdf_corpus_464_20260811/b5d968168f35.pdf,/Users/baiyixin/Documents/Survey - design knowledge/expanded_pipeline_464_20260811/canonical_text/b5d968168f35.txt,7f64a0d17b2a9c483e0c77f6376acaaa347bd69409fadb2db60882e7f619c8f3,10,included_prior_review,True,prior_459
b5e00197bf29,/Users/baiyixin/Downloads/b5e00197bf29.pdf,/Users/baiyixin/Documents/Survey - design knowledge/expanded_pdf_corpus_464_20260811/b5e00197bf29.pdf,/Users/baiyixin/Documents/Survey - design knowledge/expanded_pipeline_464_20260811/canonical_text/b5e00197bf29.txt,e31723b3f618f707f2d5d3dc269f7e3e3cdbfb361662d7c0b6b5dae27c2f6226,12,included_prior_review,True,prior_459
b6f644351152,/Users/baiyixin/Downloads/b6f644351152.pdf,/Users/baiyixin/Documents/Survey - design knowledge/expanded_pdf_corpus_464_20260811/b6f644351152.pdf,/Users/baiyixin/Documents/Survey - design knowledge/expanded_pipeline_464_20260811/canonical_text/b6f644351152.txt,3cd9e58bf4d1b305429c9dcf000b4d2f89b28d96452cfe77736fde9ed834f298,144,included_prior_review,True,prior_459
b73f2343e274,/Users/baiyixin/Downloads/pdf_386_by_paper_id/b73f2343e274.pdf,/Users/baiyixin/Documents/Survey - design knowledge/expanded_pdf_corpus_464_20260811/b73f2343e274.pdf,/Users/baiyixin/Documents/Survey - design knowledge/expanded_pipeline_464_20260811/canonical_text/b73f2343e274.txt,2fd0d36a1d0f22bfdf641059928914f5e9a064236620c019f0d7521d800d71ec,4,included_prior_review,True,prior_459
b77e7d67555e,/Users/baiyixin/Downloads/pdf_386_by_paper_id/b77e7d67555e.pdf,/Users/baiyixin/Documents/Survey - design knowledge/expanded_pdf_corpus_464_20260811/b77e7d67555e.pdf,/Users/baiyixin/Documents/Survey - design knowledge/expanded_pipeline_464_20260811/canonical_text/b77e7d67555e.txt,20818084e406f1966c20b9333907217ea97791802c0073a84c8f57146e72f1dd,7,included_prior_review,True,prior_459
b7ba414dae37,/Users/baiyixin/Downloads/b7ba414dae37.pdf,/Users/baiyixin/Documents/Survey - design knowledge/expanded_pdf_corpus_464_20260811/b7ba414dae37.pdf,/Users/baiyixin/Documents/Survey - design knowledge/expanded_pipeline_464_20260811/canonical_text/b7ba414dae37.txt,18cd3175efebf5d674abab183699f67b2ccd45542d40567b2b007b566ac8b19f,15,included_prior_review,True,prior_459
b8c02b0994bd,/Users/baiyixin/Downloads/b8c02b0994bd.pdf,/Users/baiyixin/Documents/Survey - design knowledge/expanded_pdf_corpus_464_20260811/b8c02b0994bd.pdf,/Users/baiyixin/Documents/Survey - design knowledge/expanded_pipeline_464_20260811/canonical_text/b8c02b0994bd.txt,60fdb6979a9db60568083a7b6d7acc1e535547ec13236329ee97a9553bba0ca3,13,included_prior_review,True,prior_459
b967c3a334ff,/Users/baiyixin/Downloads/pdf_386_by_paper_id/b967c3a334ff.pdf,/Users/baiyixin/Documents/Survey - design knowledge/expanded_pdf_corpus_464_20260811/b967c3a334ff.pdf,/Users/baiyixin/Documents/Survey - design knowledge/expanded_pipeline_464_20260811/canonical_text/b967c3a334ff.txt,f209d286d5204c1011ae3209c73526b64bb129115b26689dd4a6f861ed35088d,12,included_prior_review,True,prior_459
b97dadb53877,/Users/baiyixin/Downloads/b97dadb53877.pdf,/Users/baiyixin/Documents/Survey - design knowledge/expanded_pdf_corpus_464_20260811/b97dadb53877.pdf,/Users/baiyixin/Documents/Survey - design knowledge/expanded_pipeline_464_20260811/canonical_text/b97dadb53877.txt,b0f1bb629dde6d88fd2e7c2fc56f934c5f34706e301a22c9eadd6e26be6d6ccc,20,included_prior_review,True,prior_459
b9f64070ed9a,/Users/baiyixin/Downloads/b9f64070ed9a.pdf,/Users/baiyixin/Documents/Survey - design knowledge/expanded_pdf_corpus_464_20260811/b9f64070ed9a.pdf,/Users/baiyixin/Documents/Survey - design knowledge/expanded_pipeline_464_20260811/canonical_text/b9f64070ed9a.txt,671431eaf454699feb7c37fbed9c7a77d68180187b3b7bc67b03c40e2e98093f,14,included_prior_review,True,prior_459
ba03a17bc120,/Users/baiyixin/Downloads/pdf_386_by_paper_id/ba03a17bc120.pdf,/Users/baiyixin/Documents/Survey - design knowledge/expanded_pdf_corpus_464_20260811/ba03a17bc120.pdf,/Users/baiyixin/Documents/Survey - design knowledge/expanded_pipeline_464_20260811/canonical_text/ba03a17bc120.txt,b7ac89836125fedfabf96ef091002b5b6c8895ae4e7ddb9344febee8bb4cce56,11,included_prior_review,True,prior_459
bacdc4f76eea,/Users/baiyixin/Downloads/pdf_386_by_paper_id/bacdc4f76eea.pdf,/Users/baiyixin/Documents/Survey - design knowledge/expanded_pdf_corpus_464_20260811/bacdc4f76eea.pdf,/Users/baiyixin/Documents/Survey - design knowledge/expanded_pipeline_464_20260811/canonical_text/bacdc4f76eea.txt,fe0a77f04b2c56fbb76980bc028f76e74f09b720188b5adebd334863166ce9b3,8,included_prior_review,True,prior_459
bb08fe1a5d09,/Users/baiyixin/Downloads/bb08fe1a5d09.pdf,/Users/baiyixin/Documents/Survey - design knowledge/expanded_pdf_corpus_464_20260811/bb08fe1a5d09.pdf,/Users/baiyixin/Documents/Survey - design knowledge/expanded_pipeline_464_20260811/canonical_text/bb08fe1a5d09.txt,15495252bc67c4d3b32ed711ee41417231555cffdc0785957e921f9daae74b10,10,included_prior_review,True,prior_459
bc6d0afdec8f,/Users/baiyixin/Downloads/pdf_386_by_paper_id/bc6d0afdec8f.pdf,/Users/baiyixin/Documents/Survey - design knowledge/expanded_pdf_corpus_464_20260811/bc6d0afdec8f.pdf,/Users/baiyixin/Documents/Survey - design knowledge/expanded_pipeline_464_20260811/canonical_text/bc6d0afdec8f.txt,61ca8996250ff13417c7941009f67815eabb98d0e7e78d7c935139495b5e6f03,9,included_prior_review,True,prior_459
bd23ac0241ec,/Users/baiyixin/Downloads/bd23ac0241ec.pdf,/Users/baiyixin/Documents/Survey - design knowledge/expanded_pdf_corpus_464_20260811/bd23ac0241ec.pdf,/Users/baiyixin/Documents/Survey - design knowledge/expanded_pipeline_464_20260811/canonical_text/bd23ac0241ec.txt,f8d235deb0916f562c89c1906eeb3a3ac7fe7f41420075896e905f7d098d9182,10,included_prior_review,True,prior_459
bdf1addf5a10,/Users/baiyixin/Downloads/pdf_386_by_paper_id/bdf1addf5a10.pdf,/Users/baiyixin/Documents/Survey - design knowledge/expanded_pdf_corpus_464_20260811/bdf1addf5a10.pdf,/Users/baiyixin/Documents/Survey - design knowledge/expanded_pipeline_464_20260811/canonical_text/bdf1addf5a10.txt,2d9f5424f022b095e303d0ad116cd13800b321d8995112cd0872f2fb4ba6f326,27,included_prior_review,True,prior_459
be4112c3c6af,/Users/baiyixin/Downloads/be4112c3c6af.pdf,/Users/baiyixin/Documents/Survey - design knowledge/expanded_pdf_corpus_464_20260811/be4112c3c6af.pdf,/Users/baiyixin/Documents/Survey - design knowledge/expanded_pipeline_464_20260811/canonical_text/be4112c3c6af.txt,bbfac536b2fc7f2eb30a3cafa4b2269ea74b7889aabd91aa61c0e4ed21554b43,10,included_prior_review,True,prior_459
be45dd819505,/Users/baiyixin/Downloads/be45dd819505.pdf,/Users/baiyixin/Documents/Survey - design knowledge/expanded_pdf_corpus_464_20260811/be45dd819505.pdf,/Users/baiyixin/Documents/Survey - design knowledge/expanded_pipeline_464_20260811/canonical_text/be45dd819505.txt,3c7a6446a4a98010e011376610065b4d01582b431bd88d1d401aa79885d13b00,71,included_prior_review,True,prior_459
be51adc4b7cc,/Users/baiyixin/Downloads/be51adc4b7cc.pdf,/Users/baiyixin/Documents/Survey - design knowledge/expanded_pdf_corpus_464_20260811/be51adc4b7cc.pdf,/Users/baiyixin/Documents/Survey - design knowledge/expanded_pipeline_464_20260811/canonical_text/be51adc4b7cc.txt,a34073b6b381b1d25ab444c91db35fc6dfb034d6c599892e9fe53918801c722e,10,included_prior_review,True,prior_459
beaf258777e6,/Users/baiyixin/Downloads/pdf_386_by_paper_id/beaf258777e6.pdf,/Users/baiyixin/Documents/Survey - design knowledge/expanded_pdf_corpus_464_20260811/beaf258777e6.pdf,/Users/baiyixin/Documents/Survey - design knowledge/expanded_pipeline_464_20260811/canonical_text/beaf258777e6.txt,57df952d266cfc03ca911c8526c1494b2f734b30fa6ff52609975df7a95d09d8,10,included_prior_review,True,prior_459
bee7b59885fa,/Users/baiyixin/Downloads/pdf_386_by_paper_id/bee7b59885fa.pdf,/Users/baiyixin/Documents/Survey - design knowledge/expanded_pdf_corpus_464_20260811/bee7b59885fa.pdf,/Users/baiyixin/Documents/Survey - design knowledge/expanded_pipeline_464_20260811/canonical_text/bee7b59885fa.txt,f7719773fcaaab90c664455a554d4c52557afbb6823ba0cd068447d16f0e213d,10,included_prior_review,True,prior_459
bf1ef2949b3c,/Users/baiyixin/Downloads/bf1ef2949b3c.pdf,/Users/baiyixin/Documents/Survey - design knowledge/expanded_pdf_corpus_464_20260811/bf1ef2949b3c.pdf,/Users/baiyixin/Documents/Survey - design knowledge/expanded_pipeline_464_20260811/canonical_text/bf1ef2949b3c.txt,6d452b2a4ff78f30712c0b102e9f9df57077658b85ba1f468462cfa1d1b825c9,21,included_prior_review,True,prior_459
bf31dda38b9e,/Users/baiyixin/Downloads/bf31dda38b9e.pdf,/Users/baiyixin/Documents/Survey - design knowledge/expanded_pdf_corpus_464_20260811/bf31dda38b9e.pdf,/Users/baiyixin/Documents/Survey - design knowledge/expanded_pipeline_464_20260811/canonical_text/bf31dda38b9e.txt,10dbae8e2c1e1215834af16ca303b37065083e36094e1c02350f47133ca968e0,30,included_prior_review,True,prior_459
bfff60a9512a,/Users/baiyixin/Downloads/bfff60a9512a.pdf,/Users/baiyixin/Documents/Survey - design knowledge/expanded_pdf_corpus_464_20260811/bfff60a9512a.pdf,/Users/baiyixin/Documents/Survey - design knowledge/expanded_pipeline_464_20260811/canonical_text/bfff60a9512a.txt,22c722d11c981942e3b4e71e54df5870717d0d4ea030025d06a5373d917faf96,12,included_prior_review,True,prior_459
c0372ed4d123,/Users/baiyixin/Downloads/pdf_386_by_paper_id/c0372ed4d123.pdf,/Users/baiyixin/Documents/Survey - design knowledge/expanded_pdf_corpus_464_20260811/c0372ed4d123.pdf,/Users/baiyixin/Documents/Survey - design knowledge/expanded_pipeline_464_20260811/canonical_text/c0372ed4d123.txt,b6ec7ac753dae9ef0a22d3129174069f81322ddedae4f20524a0532bb19933bf,6,included_prior_review,True,prior_459
c0efa7750b45,/Users/baiyixin/Downloads/pdf_386_by_paper_id/c0efa7750b45.pdf,/Users/baiyixin/Documents/Survey - design knowledge/expanded_pdf_corpus_464_20260811/c0efa7750b45.pdf,/Users/baiyixin/Documents/Survey - design knowledge/expanded_pipeline_464_20260811/canonical_text/c0efa7750b45.txt,cc99b74e20bafc6c0c1129ddb0c47457da342477085de5e880003fae9369aedf,15,included_prior_review,True,prior_459
c1149e306456,/Users/baiyixin/Downloads/c1149e306456.pdf,/Users/baiyixin/Documents/Survey - design knowledge/expanded_pdf_corpus_464_20260811/c1149e306456.pdf,/Users/baiyixin/Documents/Survey - design knowledge/expanded_pipeline_464_20260811/canonical_text/c1149e306456.txt,dafe5742fa2b1f496fd1e6555af645fbc071403d77ec68ee0275686f15e6ab2b,13,included_prior_review,True,prior_459
c12e86da6f5e,/Users/baiyixin/Downloads/c12e86da6f5e.pdf,/Users/baiyixin/Documents/Survey - design knowledge/expanded_pdf_corpus_464_20260811/c12e86da6f5e.pdf,/Users/baiyixin/Documents/Survey - design knowledge/expanded_pipeline_464_20260811/canonical_text/c12e86da6f5e.txt,71653e15ef01bba6ed13d51250ccfb8ad3dae48376678f5018410c440c7be7d5,14,included_prior_review,True,prior_459
c1b4dc1ba8ba,/Users/baiyixin/Downloads/c1b4dc1ba8ba.pdf,/Users/baiyixin/Documents/Survey - design knowledge/expanded_pdf_corpus_464_20260811/c1b4dc1ba8ba.pdf,/Users/baiyixin/Documents/Survey - design knowledge/expanded_pipeline_464_20260811/canonical_text/c1b4dc1ba8ba.txt,80baf468295c218690292fce468ccd2e2118f26674fd7eb80cb58738f1b93b7e,45,included_prior_review,True,prior_459
c1db52f69aae,/Users/baiyixin/Downloads/pdf_386_by_paper_id/c1db52f69aae.pdf,/Users/baiyixin/Documents/Survey - design knowledge/expanded_pdf_corpus_464_20260811/c1db52f69aae.pdf,/Users/baiyixin/Documents/Survey - design knowledge/expanded_pipeline_464_20260811/canonical_text/c1db52f69aae.txt,33e15daa62f0fec95d66ad92ddf44f65b3402bed2be214197d21f5ecf9f231d4,18,excluded_scope_editorial,False,prior_459
c216cc01fe23,/Users/baiyixin/Downloads/pdf_386_by_paper_id/c216cc01fe23.pdf,/Users/baiyixin/Documents/Survey - design knowledge/expanded_pdf_corpus_464_20260811/c216cc01fe23.pdf,/Users/baiyixin/Documents/Survey - design knowledge/expanded_pipeline_464_20260811/canonical_text/c216cc01fe23.txt,9973a992a49ca88ead2e30e6462ea26f8ab7a8379fe53125764d58cfc60da407,10,included_prior_review,True,prior_459
c2c57ac5453e,/Users/baiyixin/Downloads/pdf_386_by_paper_id/c2c57ac5453e.pdf,/Users/baiyixin/Documents/Survey - design knowledge/expanded_pdf_corpus_464_20260811/c2c57ac5453e.pdf,/Users/baiyixin/Documents/Survey - design knowledge/expanded_pipeline_464_20260811/canonical_text/c2c57ac5453e.txt,c9b872af67bbbda1b2cf9ebf03af996704b687fbcc03ba35a87f33c4c4d07831,16,included_prior_review,True,prior_459
c3005cf4cf75,/Users/baiyixin/Downloads/pdf_386_by_paper_id/c3005cf4cf75.pdf,/Users/baiyixin/Documents/Survey - design knowledge/expanded_pdf_corpus_464_20260811/c3005cf4cf75.pdf,/Users/baiyixin/Documents/Survey - design knowledge/expanded_pipeline_464_20260811/canonical_text/c3005cf4cf75.txt,c2de5393d1543cc48becdadca591702157f35c3ed9d23414d08b0f7aa06520fb,5,included_prior_review,True,prior_459
c3b41755b43d,/Users/baiyixin/Downloads/c3b41755b43d.pdf,/Users/baiyixin/Documents/Survey - design knowledge/expanded_pdf_corpus_464_20260811/c3b41755b43d.pdf,/Users/baiyixin/Documents/Survey - design knowledge/expanded_pipeline_464_20260811/canonical_text/c3b41755b43d.txt,976002a4237b1a2df03cb11be641a6152fecd0ecd4b0382c09d70ad413416807,6,excluded_non_english,False,prior_459
c403cb52fbf7,/Users/baiyixin/Downloads/c403cb52fbf7.pdf,/Users/baiyixin/Documents/Survey - design knowledge/expanded_pdf_corpus_464_20260811/c403cb52fbf7.pdf,/Users/baiyixin/Documents/Survey - design knowledge/expanded_pipeline_464_20260811/canonical_text/c403cb52fbf7.txt,47046d9b84d12930417fcfa70e2b51558e0911bf33c183d32cd0ebd8f23b2cf0,24,included_prior_review,True,prior_459
c5d4c66275a8,/Users/baiyixin/Downloads/pdf_386_by_paper_id/c5d4c66275a8.pdf,/Users/baiyixin/Documents/Survey - design knowledge/expanded_pdf_corpus_464_20260811/c5d4c66275a8.pdf,/Users/baiyixin/Documents/Survey - design knowledge/expanded_pipeline_464_20260811/canonical_text/c5d4c66275a8.txt,48a104e8bbbc09cc16d77e96fec64674e321a23fd7c10101d1296f9fab30eafd,13,included_prior_review,True,prior_459
c6955d14d66c,/Users/baiyixin/Downloads/pdf_386_by_paper_id/c6955d14d66c.pdf,/Users/baiyixin/Documents/Survey - design knowledge/expanded_pdf_corpus_464_20260811/c6955d14d66c.pdf,/Users/baiyixin/Documents/Survey - design knowledge/expanded_pipeline_464_20260811/canonical_text/c6955d14d66c.txt,bd94e38b8672f4719dff9458a5adc34be248fa2e6eb704a5fb7c2b8b576733c1,15,included_prior_review,True,prior_459
c6c22fc10c10,/Users/baiyixin/Downloads/c6c22fc10c10.pdf,/Users/baiyixin/Documents/Survey - design knowledge/expanded_pdf_corpus_464_20260811/c6c22fc10c10.pdf,/Users/baiyixin/Documents/Survey - design knowledge/expanded_pipeline_464_20260811/canonical_text/c6c22fc10c10.txt,c07eac79eb6a748badd1075de914a0343c4b75268616b58d242e662d12a0a5dd,44,included_prior_review,True,prior_459
c6dce869a98c,/Users/baiyixin/Downloads/c6dce869a98c.pdf,/Users/baiyixin/Documents/Survey - design knowledge/expanded_pdf_corpus_464_20260811/c6dce869a98c.pdf,/Users/baiyixin/Documents/Survey - design knowledge/expanded_pipeline_464_20260811/canonical_text/c6dce869a98c.txt,47393c87d610b038d209f51ce0e4985c785b0d68fc8c82cd414bcd02e56191fc,452,included_prior_review,True,prior_459
c6e7060b0fa0,/Users/baiyixin/Downloads/pdf_386_by_paper_id/c6e7060b0fa0.pdf,/Users/baiyixin/Documents/Survey - design knowledge/expanded_pdf_corpus_464_20260811/c6e7060b0fa0.pdf,/Users/baiyixin/Documents/Survey - design knowledge/expanded_pipeline_464_20260811/canonical_text/c6e7060b0fa0.txt,4f4af839d9f3a3561f14c4adadede563e36533ed3027d1781e16cf53e4f877b0,9,included_prior_review,True,prior_459
c7afdd089fdd,/Users/baiyixin/Downloads/pdf_386_by_paper_id/c7afdd089fdd.pdf,/Users/baiyixin/Documents/Survey - design knowledge/expanded_pdf_corpus_464_20260811/c7afdd089fdd.pdf,/Users/baiyixin/Documents/Survey - design knowledge/expanded_pipeline_464_20260811/canonical_text/c7afdd089fdd.txt,44e31e6ebcd6aff697e42eb576f221dfc4422f018f35d0a44ee9cd0b8ae0c156,6,included_prior_review,True,prior_459
c7ed46400a28,/Users/baiyixin/Downloads/pdf_386_by_paper_id/c7ed46400a28.pdf,/Users/baiyixin/Documents/Survey - design knowledge/expanded_pdf_corpus_464_20260811/c7ed46400a28.pdf,/Users/baiyixin/Documents/Survey - design knowledge/expanded_pipeline_464_20260811/canonical_text/c7ed46400a28.txt,4835f398af291e207ca54935b427a8bcdd03ef59bd582f7638002d4c18f4a18c,8,included_prior_review,True,prior_459
c90163fa7f57,/Users/baiyixin/Downloads/pdf_386_by_paper_id/c90163fa7f57.pdf,/Users/baiyixin/Documents/Survey - design knowledge/expanded_pdf_corpus_464_20260811/c90163fa7f57.pdf,/Users/baiyixin/Documents/Survey - design knowledge/expanded_pipeline_464_20260811/canonical_text/c90163fa7f57.txt,32481ce646d6c6ef8cbdf86c0243d79af032df00c961bda3dd70df5738c39894,5,included_prior_review,True,prior_459
c9175ef9ebfe,/Users/baiyixin/Downloads/pdf_386_by_paper_id/c9175ef9ebfe.pdf,/Users/baiyixin/Documents/Survey - design knowledge/expanded_pdf_corpus_464_20260811/c9175ef9ebfe.pdf,/Users/baiyixin/Documents/Survey - design knowledge/expanded_pipeline_464_20260811/canonical_text/c9175ef9ebfe.txt,324771a86c9c08f71e2e0c7a462b3154c036928a265e9e4f98694d8d9e5fbf3f,19,included_prior_review,True,prior_459
ca1427a57062,/Users/baiyixin/Downloads/ca1427a57062.pdf,/Users/baiyixin/Documents/Survey - design knowledge/expanded_pdf_corpus_464_20260811/ca1427a57062.pdf,/Users/baiyixin/Documents/Survey - design knowledge/expanded_pipeline_464_20260811/canonical_text/ca1427a57062.txt,2b6b427ec5e72a0aab0a7edc5e066b85c93dfcbc960798a8af8d5ec510399313,10,included_prior_review,True,prior_459
ca185d91b684,/Users/baiyixin/Downloads/pdf_386_by_paper_id/ca185d91b684.pdf,/Users/baiyixin/Documents/Survey - design knowledge/expanded_pdf_corpus_464_20260811/ca185d91b684.pdf,/Users/baiyixin/Documents/Survey - design knowledge/expanded_pipeline_464_20260811/canonical_text/ca185d91b684.txt,ab56ab251204b0673fd0b64549c2feac100fe0e3c694f36e2809f78f2569b2e7,1,included_prior_review,True,prior_459
ca409db2dd49,/Users/baiyixin/Downloads/ca409db2dd49.pdf,/Users/baiyixin/Documents/Survey - design knowledge/expanded_pdf_corpus_464_20260811/ca409db2dd49.pdf,/Users/baiyixin/Documents/Survey - design knowledge/expanded_pipeline_464_20260811/canonical_text/ca409db2dd49.txt,cf96636714420d37d69b3fd29a93e7f36634ca37a748ce144d458bf500377af7,2,included_prior_review,True,prior_459
ca4fa896aabc,/Users/baiyixin/Downloads/ca4fa896aabc.pdf,/Users/baiyixin/Documents/Survey - design knowledge/expanded_pdf_corpus_464_20260811/ca4fa896aabc.pdf,/Users/baiyixin/Documents/Survey - design knowledge/expanded_pipeline_464_20260811/canonical_text/ca4fa896aabc.txt,9d6dd0be7a2e10751e7704ea91f039f696fbad1d2a9a9003be19a20041fd35ae,4,included_prior_review,True,prior_459
cb7daae2b94f,/Users/baiyixin/Downloads/pdf_386_by_paper_id/cb7daae2b94f.pdf,/Users/baiyixin/Documents/Survey - design knowledge/expanded_pdf_corpus_464_20260811/cb7daae2b94f.pdf,/Users/baiyixin/Documents/Survey - design knowledge/expanded_pipeline_464_20260811/canonical_text/cb7daae2b94f.txt,f04fdae74814774a81e55c03d28be5ff13b8dfc4005a004e81c9c65a472f46d6,23,included_prior_review,True,prior_459
cc5e9fe45cc6,/Users/baiyixin/Downloads/pdf_386_by_paper_id/cc5e9fe45cc6.pdf,/Users/baiyixin/Documents/Survey - design knowledge/expanded_pdf_corpus_464_20260811/cc5e9fe45cc6.pdf,/Users/baiyixin/Documents/Survey - design knowledge/expanded_pipeline_464_20260811/canonical_text/cc5e9fe45cc6.txt,abf8f4fe09c1bca2080252e429c225bd9cd02dba943baf514eadaf75c0917058,12,included_prior_review,True,prior_459
ccc616a68c38,/Users/baiyixin/Downloads/pdf_386_by_paper_id/ccc616a68c38.pdf,/Users/baiyixin/Documents/Survey - design knowledge/expanded_pdf_corpus_464_20260811/ccc616a68c38.pdf,/Users/baiyixin/Documents/Survey - design knowledge/expanded_pipeline_464_20260811/canonical_text/ccc616a68c38.txt,58ac858696817219a56a197221d151d4d53cd12df12de93ccac4b0f50f5f0751,6,included_prior_review,True,prior_459
cd211147691a,/Users/baiyixin/Downloads/pdf_386_by_paper_id/cd211147691a.pdf,/Users/baiyixin/Documents/Survey - design knowledge/expanded_pdf_corpus_464_20260811/cd211147691a.pdf,/Users/baiyixin/Documents/Survey - design knowledge/expanded_pipeline_464_20260811/canonical_text/cd211147691a.txt,5fbed9c46d8ede880a9bdad7474248ba3f2dc1dd930a858ea1823a4c377b1324,38,included_prior_review,True,prior_459
cd42a6611470,/Users/baiyixin/Downloads/pdf_386_by_paper_id/cd42a6611470.pdf,/Users/baiyixin/Documents/Survey - design knowledge/expanded_pdf_corpus_464_20260811/cd42a6611470.pdf,/Users/baiyixin/Documents/Survey - design knowledge/expanded_pipeline_464_20260811/canonical_text/cd42a6611470.txt,bde6b3ce6f9e481ad5f19ad7a47dcebdd6c93abfa9954cc6b80480b308b60b3c,3,included_prior_review,True,prior_459
cda6c6785f0a,/Users/baiyixin/Downloads/pdf_386_by_paper_id/cda6c6785f0a.pdf,/Users/baiyixin/Documents/Survey - design knowledge/expanded_pdf_corpus_464_20260811/cda6c6785f0a.pdf,/Users/baiyixin/Documents/Survey - design knowledge/expanded_pipeline_464_20260811/canonical_text/cda6c6785f0a.txt,5c18413f91a479cb60fe67226b16f8fe30e77cd5c0423e9e8ea6c05b750f6b93,13,included_prior_review,True,prior_459
cdd6de21b74b,/Users/baiyixin/Downloads/pdf_386_by_paper_id/cdd6de21b74b.pdf,/Users/baiyixin/Documents/Survey - design knowledge/expanded_pdf_corpus_464_20260811/cdd6de21b74b.pdf,/Users/baiyixin/Documents/Survey - design knowledge/expanded_pipeline_464_20260811/canonical_text/cdd6de21b74b.txt,f60aca6a410103ade47a5b43fbd7513ff377f1de5ea86bbd98cda47504b0e77f,30,included_prior_review,True,prior_459
ce5d2c17f94f,/Users/baiyixin/Downloads/ce5d2c17f94f.pdf,/Users/baiyixin/Documents/Survey - design knowledge/expanded_pdf_corpus_464_20260811/ce5d2c17f94f.pdf,/Users/baiyixin/Documents/Survey - design knowledge/expanded_pipeline_464_20260811/canonical_text/ce5d2c17f94f.txt,12c4efa982b9780d589f5fb47a6eb3047f3659198ae7e3e2f85f81fae403ab79,15,included_prior_review,True,prior_459
ce6761927633,/Users/baiyixin/Downloads/ce6761927633.pdf,/Users/baiyixin/Documents/Survey - design knowledge/expanded_pdf_corpus_464_20260811/ce6761927633.pdf,/Users/baiyixin/Documents/Survey - design knowledge/expanded_pipeline_464_20260811/canonical_text/ce6761927633.txt,2c60870d3adfb2fa8a08efb1d8c7742d98cd2cfcbe8c411520cd5828d810bd5d,7,included_prior_review,True,prior_459
ceac90427122,/Users/baiyixin/Downloads/pdf_386_by_paper_id/ceac90427122.pdf,/Users/baiyixin/Documents/Survey - design knowledge/expanded_pdf_corpus_464_20260811/ceac90427122.pdf,/Users/baiyixin/Documents/Survey - design knowledge/expanded_pipeline_464_20260811/canonical_text/ceac90427122.txt,418e929f2987ca73d3136aa2ca0ef8a79d3dc38e8c1a09e4c56d5a8dd123d31d,8,included_prior_review,True,prior_459
cf2ee8097a06,/Users/baiyixin/Downloads/pdf_386_by_paper_id/cf2ee8097a06.pdf,/Users/baiyixin/Documents/Survey - design knowledge/expanded_pdf_corpus_464_20260811/cf2ee8097a06.pdf,/Users/baiyixin/Documents/Survey - design knowledge/expanded_pipeline_464_20260811/canonical_text/cf2ee8097a06.txt,6d4d1d4ae50cd040910cf89fbb5e11f80586f2353d97fccf921eba0f0bb7b1d2,26,included_prior_review,True,prior_459
d012dd1ac1d7,/Users/baiyixin/Downloads/d012dd1ac1d7.pdf,/Users/baiyixin/Documents/Survey - design knowledge/expanded_pdf_corpus_464_20260811/d012dd1ac1d7.pdf,/Users/baiyixin/Documents/Survey - design knowledge/expanded_pipeline_464_20260811/canonical_text/d012dd1ac1d7.txt,7488953dc3b8d7349265d5699cb7680d041d7fdd1a23b9d86c16ab32b9de4c4b,13,included_prior_review,True,prior_459
d0a17557440f,/Users/baiyixin/Downloads/pdf_386_by_paper_id/d0a17557440f.pdf,/Users/baiyixin/Documents/Survey - design knowledge/expanded_pdf_corpus_464_20260811/d0a17557440f.pdf,/Users/baiyixin/Documents/Survey - design knowledge/expanded_pipeline_464_20260811/canonical_text/d0a17557440f.txt,0d5987a9df763321b1165eadc55d6e73761b53c4836182d4843652b6cf91a2b7,22,included_prior_review,True,prior_459
d0a936b480d4,/Users/baiyixin/Downloads/pdf_386_by_paper_id/d0a936b480d4.pdf,/Users/baiyixin/Documents/Survey - design knowledge/expanded_pdf_corpus_464_20260811/d0a936b480d4.pdf,/Users/baiyixin/Documents/Survey - design knowledge/expanded_pipeline_464_20260811/canonical_text/d0a936b480d4.txt,44dadc50f6557d0bbf742c52dd71d3ac13b48edd1ae2a070a83cbc73615ef7b8,4,included_prior_review,True,prior_459
d14d96f15e60,/Users/baiyixin/Downloads/d14d96f15e60.pdf,/Users/baiyixin/Documents/Survey - design knowledge/expanded_pdf_corpus_464_20260811/d14d96f15e60.pdf,/Users/baiyixin/Documents/Survey - design knowledge/expanded_pipeline_464_20260811/canonical_text/d14d96f15e60.txt,71024559b7a2097b0b4f1d4b8a5a169245396a802f6c19cd8b6a46bc8036639f,16,included_prior_review,True,prior_459
d19f5f66d2ba,/Users/baiyixin/Downloads/pdf_386_by_paper_id/d19f5f66d2ba.pdf,/Users/baiyixin/Documents/Survey - design knowledge/expanded_pdf_corpus_464_20260811/d19f5f66d2ba.pdf,/Users/baiyixin/Documents/Survey - design knowledge/expanded_pipeline_464_20260811/canonical_text/d19f5f66d2ba.txt,de3238c9d41287f142e2e8e76362706b1f84f11ebca9c42c2ca2d47b663a59ce,13,approved_single,True,prior_459
d1e78ef0032e,/Users/baiyixin/Downloads/d1e78ef0032e.pdf,/Users/baiyixin/Documents/Survey - design knowledge/expanded_pdf_corpus_464_20260811/d1e78ef0032e.pdf,/Users/baiyixin/Documents/Survey - design knowledge/expanded_pipeline_464_20260811/canonical_text/d1e78ef0032e.txt,ea0d840aeddc38197b55b0f6a578c99a408610f74e7a5f8db2516050b44f8e45,7,included_prior_review,True,prior_459
d24e6cf8ae6a,/Users/baiyixin/Downloads/d24e6cf8ae6a.pdf,/Users/baiyixin/Documents/Survey - design knowledge/expanded_pdf_corpus_464_20260811/d24e6cf8ae6a.pdf,/Users/baiyixin/Documents/Survey - design knowledge/expanded_pipeline_464_20260811/canonical_text/d24e6cf8ae6a.txt,8646a00904eab6638bcc66ae6d7a3332e8086c53f26ca9999fa0da86786dd081,5,included_prior_review,True,prior_459
d250dc6eb9d9,/Users/baiyixin/Downloads/pdf_386_by_paper_id/d250dc6eb9d9.pdf,/Users/baiyixin/Documents/Survey - design knowledge/expanded_pdf_corpus_464_20260811/d250dc6eb9d9.pdf,/Users/baiyixin/Documents/Survey - design knowledge/expanded_pipeline_464_20260811/canonical_text/d250dc6eb9d9.txt,de517a165d84e61a915f7707b94db7596d1a636982e6ce7c72117fb3a03f7677,20,included_prior_review,True,prior_459
d2fba2826d90,/Users/baiyixin/Downloads/d2fba2826d90.pdf,/Users/baiyixin/Documents/Survey - design knowledge/expanded_pdf_corpus_464_20260811/d2fba2826d90.pdf,/Users/baiyixin/Documents/Survey - design knowledge/expanded_pipeline_464_20260811/canonical_text/d2fba2826d90.txt,b3e30555a28d5107ed4930295ad278ddf3f1711aaf167f2dc5521c2e6316182d,27,included_prior_review,True,prior_459
d30aca57f472,/Users/baiyixin/Downloads/d30aca57f472.pdf,/Users/baiyixin/Documents/Survey - design knowledge/expanded_pdf_corpus_464_20260811/d30aca57f472.pdf,/Users/baiyixin/Documents/Survey - design knowledge/expanded_pipeline_464_20260811/canonical_text/d30aca57f472.txt,85111b0764ad6f3ac59fcceeb9154536d0b95d560cbceade7e5833d4dcb64959,37,included_prior_review,True,prior_459
d330bde18c87,/Users/baiyixin/Downloads/d330bde18c87.pdf,/Users/baiyixin/Documents/Survey - design knowledge/expanded_pdf_corpus_464_20260811/d330bde18c87.pdf,/Users/baiyixin/Documents/Survey - design knowledge/expanded_pipeline_464_20260811/canonical_text/d330bde18c87.txt,b5ab4c624f25e0777ff368b12213b7439eac94f7d67da748b952ec853d8749a0,24,included_prior_review,True,prior_459
d41009f91ba1,/Users/baiyixin/Downloads/d41009f91ba1.pdf,/Users/baiyixin/Documents/Survey - design knowledge/expanded_pdf_corpus_464_20260811/d41009f91ba1.pdf,/Users/baiyixin/Documents/Survey - design knowledge/expanded_pipeline_464_20260811/canonical_text/d41009f91ba1.txt,ae8db7c94b6dfe80f56f164b63a6a1386bdb18e157b8432e9fca2230a2571fb8,32,included_prior_review,True,prior_459
d4ef8c48ded5,/Users/baiyixin/Downloads/pdf_386_by_paper_id/d4ef8c48ded5.pdf,/Users/baiyixin/Documents/Survey - design knowledge/expanded_pdf_corpus_464_20260811/d4ef8c48ded5.pdf,/Users/baiyixin/Documents/Survey - design knowledge/expanded_pipeline_464_20260811/canonical_text/d4ef8c48ded5.txt,24b07b51cbfc1fd1b404e71abce6db19135516d93b9c32b9fd4d3a79c1702e41,1,included_prior_review,True,prior_459
d54cc84186ed,/Users/baiyixin/Downloads/d54cc84186ed.pdf,/Users/baiyixin/Documents/Survey - design knowledge/expanded_pdf_corpus_464_20260811/d54cc84186ed.pdf,/Users/baiyixin/Documents/Survey - design knowledge/expanded_pipeline_464_20260811/canonical_text/d54cc84186ed.txt,98af9e3220a371cf20e7d8f3233a1c50fc108a8c5727b17dc8f2efdd743d2142,21,included_prior_review,True,prior_459
d590c1f63670,/Users/baiyixin/Downloads/d590c1f63670.pdf,/Users/baiyixin/Documents/Survey - design knowledge/expanded_pdf_corpus_464_20260811/d590c1f63670.pdf,/Users/baiyixin/Documents/Survey - design knowledge/expanded_pipeline_464_20260811/canonical_text/d590c1f63670.txt,bdf8846fa54a676d1ccf34c80adc01ea3464907a3bb83f282d8cff39ed8cf567,10,included_prior_review,True,prior_459
d5d39efbe945,/Users/baiyixin/Downloads/pdf_386_by_paper_id/d5d39efbe945.pdf,/Users/baiyixin/Documents/Survey - design knowledge/expanded_pdf_corpus_464_20260811/d5d39efbe945.pdf,/Users/baiyixin/Documents/Survey - design knowledge/expanded_pipeline_464_20260811/canonical_text/d5d39efbe945.txt,72a7147a64bb026fc0d57d9c741a950b472974b8a7d6d38378db2b58be0f812c,10,included_prior_review,True,prior_459
d6b2bf339ae4,/Users/baiyixin/Downloads/d6b2bf339ae4.pdf,/Users/baiyixin/Documents/Survey - design knowledge/expanded_pdf_corpus_464_20260811/d6b2bf339ae4.pdf,/Users/baiyixin/Documents/Survey - design knowledge/expanded_pipeline_464_20260811/canonical_text/d6b2bf339ae4.txt,1b215ae700cf978d9bd9f1116bc7a4002f6b19b4affb45bb7440e7216fadab07,19,included_prior_review,True,prior_459
d785c8a9964a,/Users/baiyixin/Downloads/d785c8a9964a.pdf,/Users/baiyixin/Documents/Survey - design knowledge/expanded_pdf_corpus_464_20260811/d785c8a9964a.pdf,/Users/baiyixin/Documents/Survey - design knowledge/expanded_pipeline_464_20260811/canonical_text/d785c8a9964a.txt,4af0b85a36a4ae0041b54e28e4dc14a5738e261f476a9c4c918ce7fe6f32f00d,14,included_prior_review,True,prior_459
d7afefaf53ef,/Users/baiyixin/Downloads/d7afefaf53ef.pdf,/Users/baiyixin/Documents/Survey - design knowledge/expanded_pdf_corpus_464_20260811/d7afefaf53ef.pdf,/Users/baiyixin/Documents/Survey - design knowledge/expanded_pipeline_464_20260811/canonical_text/d7afefaf53ef.txt,d34fbfb8c562d141d4f050ef5b00c832463126479e950bdfa94af1dfeffd725f,6,included_prior_review,True,prior_459
d893185b7873,/Users/baiyixin/Downloads/pdf_386_by_paper_id/d893185b7873.pdf,/Users/baiyixin/Documents/Survey - design knowledge/expanded_pdf_corpus_464_20260811/d893185b7873.pdf,/Users/baiyixin/Documents/Survey - design knowledge/expanded_pipeline_464_20260811/canonical_text/d893185b7873.txt,9653b5fafd95ae1da48e2c648fb269c9d23be6e5542d8da5c4938fcb50a99df8,20,included_prior_review,True,prior_459
da5dd15cd345,/Users/baiyixin/Downloads/pdf_386_by_paper_id/da5dd15cd345.pdf,/Users/baiyixin/Documents/Survey - design knowledge/expanded_pdf_corpus_464_20260811/da5dd15cd345.pdf,/Users/baiyixin/Documents/Survey - design knowledge/expanded_pipeline_464_20260811/canonical_text/da5dd15cd345.txt,0e62d8a1cfae8ea44b7e85618f4702019fd7e766619256781fe9568650e38fc5,7,included_prior_review,True,prior_459
dbc171dde63a,/Users/baiyixin/Downloads/pdf_386_by_paper_id/dbc171dde63a.pdf,/Users/baiyixin/Documents/Survey - design knowledge/expanded_pdf_corpus_464_20260811/dbc171dde63a.pdf,/Users/baiyixin/Documents/Survey - design knowledge/expanded_pipeline_464_20260811/canonical_text/dbc171dde63a.txt,762964fe2b2e9fecda28745503b7bd6731bc876a729aa5abe14bc4c6d4b403e4,6,included_prior_review,True,prior_459
dbc7c9876d1a,/Users/baiyixin/Downloads/dbc7c9876d1a.pdf,/Users/baiyixin/Documents/Survey - design knowledge/expanded_pdf_corpus_464_20260811/dbc7c9876d1a.pdf,/Users/baiyixin/Documents/Survey - design knowledge/expanded_pipeline_464_20260811/canonical_text/dbc7c9876d1a.txt,aaa44298578ccb40d3e80ee3fc39d6069e8b232f3f6559a0662b2c2d3d1316d1,9,included_prior_review,True,prior_459
dbf31702e533,/Users/baiyixin/Downloads/pdf_386_by_paper_id/dbf31702e533.pdf,/Users/baiyixin/Documents/Survey - design knowledge/expanded_pdf_corpus_464_20260811/dbf31702e533.pdf,/Users/baiyixin/Documents/Survey - design knowledge/expanded_pipeline_464_20260811/canonical_text/dbf31702e533.txt,3da1f183cd40788f75cd8fc783ff1baa561ce281f56f3236ea9e0d1c1ed7192d,10,included_prior_review,True,prior_459
dc61c8a1dcd6,/Users/baiyixin/Downloads/pdf_386_by_paper_id/dc61c8a1dcd6.pdf,/Users/baiyixin/Documents/Survey - design knowledge/expanded_pdf_corpus_464_20260811/dc61c8a1dcd6.pdf,/Users/baiyixin/Documents/Survey - design knowledge/expanded_pipeline_464_20260811/canonical_text/dc61c8a1dcd6.txt,a65ac7f726224d53409da6c719bf440125735be88750278135cb94500d336999,13,included_prior_review,True,prior_459
ddcb3ba05227,/Users/baiyixin/Downloads/pdf_386_by_paper_id/ddcb3ba05227.pdf,/Users/baiyixin/Documents/Survey - design knowledge/expanded_pdf_corpus_464_20260811/ddcb3ba05227.pdf,/Users/baiyixin/Documents/Survey - design knowledge/expanded_pipeline_464_20260811/canonical_text/ddcb3ba05227.txt,5d05aab9789f3eeee82c435060b981fc2015830748d5af5df556b9bd92de2518,8,included_prior_review,True,prior_459
ddf4ea43a777,/Users/baiyixin/Downloads/pdf_386_by_paper_id/ddf4ea43a777.pdf,/Users/baiyixin/Documents/Survey - design knowledge/expanded_pdf_corpus_464_20260811/ddf4ea43a777.pdf,/Users/baiyixin/Documents/Survey - design knowledge/expanded_pipeline_464_20260811/canonical_text/ddf4ea43a777.txt,d5f9128a218083ba1052737caa4852053471c5fd09f2bf99675784bc3e224fd1,11,included_prior_review,True,prior_459
ded38f6c2ce8,/Users/baiyixin/Downloads/ded38f6c2ce8.pdf,/Users/baiyixin/Documents/Survey - design knowledge/expanded_pdf_corpus_464_20260811/ded38f6c2ce8.pdf,/Users/baiyixin/Documents/Survey - design knowledge/expanded_pipeline_464_20260811/canonical_text/ded38f6c2ce8.txt,834c4b8703ac48e954d6485f6c95a38648b89e5f7ea47216afbdf812393bda4d,26,included_prior_review,True,prior_459
df4ffdba87ae,/Users/baiyixin/Downloads/df4ffdba87ae.pdf,/Users/baiyixin/Documents/Survey - design knowledge/expanded_pdf_corpus_464_20260811/df4ffdba87ae.pdf,/Users/baiyixin/Documents/Survey - design knowledge/expanded_pipeline_464_20260811/canonical_text/df4ffdba87ae.txt,b68119d54069e4048bcc2ae32a55dbf4213b332b969b3a1277628d7a3d9fbc38,16,included_prior_review,True,prior_459
e09769771b82,/Users/baiyixin/Downloads/pdf_386_by_paper_id/e09769771b82.pdf,/Users/baiyixin/Documents/Survey - design knowledge/expanded_pdf_corpus_464_20260811/e09769771b82.pdf,/Users/baiyixin/Documents/Survey - design knowledge/expanded_pipeline_464_20260811/canonical_text/e09769771b82.txt,f13e53b0e679405c4bfe0589115f26cac882b1119e72bdf95a6dcfe489579e48,8,included_prior_review,True,prior_459
e0e99d72e1b0,/Users/baiyixin/Downloads/e0e99d72e1b0.pdf,/Users/baiyixin/Documents/Survey - design knowledge/expanded_pdf_corpus_464_20260811/e0e99d72e1b0.pdf,/Users/baiyixin/Documents/Survey - design knowledge/expanded_pipeline_464_20260811/canonical_text/e0e99d72e1b0.txt,6973609dc74372cd05a143ff227f1286361ce139bd98e2ed9976a724593fa6aa,21,included_prior_review,True,prior_459
e105857da02d,/Users/baiyixin/Downloads/pdf_386_by_paper_id/e105857da02d.pdf,/Users/baiyixin/Documents/Survey - design knowledge/expanded_pdf_corpus_464_20260811/e105857da02d.pdf,/Users/baiyixin/Documents/Survey - design knowledge/expanded_pipeline_464_20260811/canonical_text/e105857da02d.txt,c5de4c856d09c306e8f9a50df267dc6704b3622dbb77e62af18d41a0ec7b25da,10,included_prior_review,True,prior_459
e47202a23273,/Users/baiyixin/Downloads/pdf_386_by_paper_id/e47202a23273.pdf,/Users/baiyixin/Documents/Survey - design knowledge/expanded_pdf_corpus_464_20260811/e47202a23273.pdf,/Users/baiyixin/Documents/Survey - design knowledge/expanded_pipeline_464_20260811/canonical_text/e47202a23273.txt,d26502d2df97055de4f8dd93f6f317c2b8816ceaaef0c82d9116bc78ad0c62e1,32,included_prior_review,True,prior_459
e4c9f86a6933,/Users/baiyixin/Downloads/pdf_386_by_paper_id/e4c9f86a6933.pdf,/Users/baiyixin/Documents/Survey - design knowledge/expanded_pdf_corpus_464_20260811/e4c9f86a6933.pdf,/Users/baiyixin/Documents/Survey - design knowledge/expanded_pipeline_464_20260811/canonical_text/e4c9f86a6933.txt,ec01200b98bc5f0e33ecf5d3df650d0dd70fd428b367b1d368741f86d897b5d2,10,included_prior_review,True,prior_459
e59a343ad585,/Users/baiyixin/Downloads/e59a343ad585.pdf,/Users/baiyixin/Documents/Survey - design knowledge/expanded_pdf_corpus_464_20260811/e59a343ad585.pdf,/Users/baiyixin/Documents/Survey - design knowledge/expanded_pipeline_464_20260811/canonical_text/e59a343ad585.txt,24d66721d81ca37b31354b38c9abd90399799b9080eee472c82d3f2460aa078a,4,included_prior_review,True,prior_459
e7091fbecdfa,/Users/baiyixin/Downloads/pdf_386_by_paper_id/e7091fbecdfa.pdf,/Users/baiyixin/Documents/Survey - design knowledge/expanded_pdf_corpus_464_20260811/e7091fbecdfa.pdf,/Users/baiyixin/Documents/Survey - design knowledge/expanded_pipeline_464_20260811/canonical_text/e7091fbecdfa.txt,cc7b7085ded37bfb5058ed3ce724c96ec99abb643488c1561de1842e2d2ef978,15,included_prior_review,True,prior_459
e763873f823a,/Users/baiyixin/Downloads/pdf_386_by_paper_id/e763873f823a.pdf,/Users/baiyixin/Documents/Survey - design knowledge/expanded_pdf_corpus_464_20260811/e763873f823a.pdf,/Users/baiyixin/Documents/Survey - design knowledge/expanded_pipeline_464_20260811/canonical_text/e763873f823a.txt,a39d565698f511ce0b6a3830a966dbe07591bd2c2467cd2c5b1241161d181092,20,included_prior_review,True,prior_459
e8a17b6120e4,/Users/baiyixin/Downloads/pdf_386_by_paper_id/e8a17b6120e4.pdf,/Users/baiyixin/Documents/Survey - design knowledge/expanded_pdf_corpus_464_20260811/e8a17b6120e4.pdf,/Users/baiyixin/Documents/Survey - design knowledge/expanded_pipeline_464_20260811/canonical_text/e8a17b6120e4.txt,059c9aa9c81f365abbc7050dbbd6a5a521292206d3c8ecd31e7806f34f55447b,12,included_prior_review,True,prior_459
e8f4a7417bf7,/Users/baiyixin/Downloads/e8f4a7417bf7.pdf,/Users/baiyixin/Documents/Survey - design knowledge/expanded_pdf_corpus_464_20260811/e8f4a7417bf7.pdf,/Users/baiyixin/Documents/Survey - design knowledge/expanded_pipeline_464_20260811/canonical_text/e8f4a7417bf7.txt,f85e1006d2187b3e9ba272b2051897e52ab4e5b41570866b1c6118b43df92f6f,15,included_prior_review,True,prior_459
e936b4f274a1,/Users/baiyixin/Downloads/e936b4f274a1.pdf,/Users/baiyixin/Documents/Survey - design knowledge/expanded_pdf_corpus_464_20260811/e936b4f274a1.pdf,/Users/baiyixin/Documents/Survey - design knowledge/expanded_pipeline_464_20260811/canonical_text/e936b4f274a1.txt,4648c0cf65e61d7358f25ae26ea36b4471f7691260ddfd3bf3c8c0a4cbca5b87,10,included_prior_review,True,prior_459
e958310acab5,/Users/baiyixin/Downloads/pdf_386_by_paper_id/e958310acab5.pdf,/Users/baiyixin/Documents/Survey - design knowledge/expanded_pdf_corpus_464_20260811/e958310acab5.pdf,/Users/baiyixin/Documents/Survey - design knowledge/expanded_pipeline_464_20260811/canonical_text/e958310acab5.txt,1b8142d4d5e8038b641d7c68fec2bf2339ad0bbaa0712b5338fe5e9ea3372a25,10,included_prior_review,True,prior_459
e9618999ee23,/Users/baiyixin/Downloads/e9618999ee23.pdf,/Users/baiyixin/Documents/Survey - design knowledge/expanded_pdf_corpus_464_20260811/e9618999ee23.pdf,/Users/baiyixin/Documents/Survey - design knowledge/expanded_pipeline_464_20260811/canonical_text/e9618999ee23.txt,9e678fc386dd0144a0f159124ee8e6f973f9880e5d88cdbd5d28a736d9441371,11,included_prior_review,True,prior_459
e9826a1c57b0,/Users/baiyixin/Downloads/pdf_386_by_paper_id/e9826a1c57b0.pdf,/Users/baiyixin/Documents/Survey - design knowledge/expanded_pdf_corpus_464_20260811/e9826a1c57b0.pdf,/Users/baiyixin/Documents/Survey - design knowledge/expanded_pipeline_464_20260811/canonical_text/e9826a1c57b0.txt,0894d2e562570358b090e8a969b94083a80a0c314267552026682970ec7a5744,20,included_prior_review,True,prior_459
ec380d04cf61,/Users/baiyixin/Downloads/pdf_386_by_paper_id/ec380d04cf61.pdf,/Users/baiyixin/Documents/Survey - design knowledge/expanded_pdf_corpus_464_20260811/ec380d04cf61.pdf,/Users/baiyixin/Documents/Survey - design knowledge/expanded_pipeline_464_20260811/canonical_text/ec380d04cf61.txt,0d620c538175dc7a918194391895a57ccd21885565fde0d13d8b98baaa78895e,36,included_prior_review,True,prior_459
edde6dc75b19,/Users/baiyixin/Downloads/pdf_386_by_paper_id/edde6dc75b19.pdf,/Users/baiyixin/Documents/Survey - design knowledge/expanded_pdf_corpus_464_20260811/edde6dc75b19.pdf,/Users/baiyixin/Documents/Survey - design knowledge/expanded_pipeline_464_20260811/canonical_text/edde6dc75b19.txt,f7d5e41a26c6f4344aee583c7a85561a20012c8f33e96dbe4394f392ce9d7b70,206,approved_document,True,prior_459
ede2a92151d5,/Users/baiyixin/Downloads/ede2a92151d5.pdf,/Users/baiyixin/Documents/Survey - design knowledge/expanded_pdf_corpus_464_20260811/ede2a92151d5.pdf,/Users/baiyixin/Documents/Survey - design knowledge/expanded_pipeline_464_20260811/canonical_text/ede2a92151d5.txt,4fd1fca647e83ee86ba8beda46c8d6480b5dc684fd74b3c638441f44524d8b48,144,included_prior_review,True,prior_459
ee0a5b26f6dc,/Users/baiyixin/Downloads/pdf_386_by_paper_id/ee0a5b26f6dc.pdf,/Users/baiyixin/Documents/Survey - design knowledge/expanded_pdf_corpus_464_20260811/ee0a5b26f6dc.pdf,/Users/baiyixin/Documents/Survey - design knowledge/expanded_pipeline_464_20260811/canonical_text/ee0a5b26f6dc.txt,d71203d9033464a591a17b27a51e7e49205bad477acb7cc895624cc620ae388c,11,included_prior_review,True,prior_459
ef3a9300a2f3,/Users/baiyixin/Downloads/pdf_386_by_paper_id/ef3a9300a2f3.pdf,/Users/baiyixin/Documents/Survey - design knowledge/expanded_pdf_corpus_464_20260811/ef3a9300a2f3.pdf,/Users/baiyixin/Documents/Survey - design knowledge/expanded_pipeline_464_20260811/canonical_text/ef3a9300a2f3.txt,f76ad97155de19227f86b627a7eb1275039749b49541aa85b2d0dcdb2cf6b311,24,included_prior_review,True,prior_459
f02904f836be,/Users/baiyixin/Downloads/pdf_386_by_paper_id/f02904f836be.pdf,/Users/baiyixin/Documents/Survey - design knowledge/expanded_pdf_corpus_464_20260811/f02904f836be.pdf,/Users/baiyixin/Documents/Survey - design knowledge/expanded_pipeline_464_20260811/canonical_text/f02904f836be.txt,990407939d9e23acfa7b68fea636567db1bfa574561abfe4dc55e1405dc6c0d7,15,included_prior_review,True,prior_459
f053c79dde3d,/Users/baiyixin/Downloads/f053c79dde3d.pdf,/Users/baiyixin/Documents/Survey - design knowledge/expanded_pdf_corpus_464_20260811/f053c79dde3d.pdf,/Users/baiyixin/Documents/Survey - design knowledge/expanded_pipeline_464_20260811/canonical_text/f053c79dde3d.txt,1343edff7171c1c55f29700f3fff46995e8f9f2d8ab9a69c0a0dfae272891f5a,13,included_prior_review,True,prior_459
f0b2517a04a4,/Users/baiyixin/Downloads/pdf_386_by_paper_id/f0b2517a04a4.pdf,/Users/baiyixin/Documents/Survey - design knowledge/expanded_pdf_corpus_464_20260811/f0b2517a04a4.pdf,/Users/baiyixin/Documents/Survey - design knowledge/expanded_pipeline_464_20260811/canonical_text/f0b2517a04a4.txt,39121d1e8ce680672e5bb2e8bb154d95a765d1f0fcbc1d08eed51d9d3619a453,12,included_prior_review,True,prior_459
f13149d3303f,/Users/baiyixin/Downloads/f13149d3303f.pdf,/Users/baiyixin/Documents/Survey - design knowledge/expanded_pdf_corpus_464_20260811/f13149d3303f.pdf,/Users/baiyixin/Documents/Survey - design knowledge/expanded_pipeline_464_20260811/canonical_text/f13149d3303f.txt,094d2be37a1b4e5ed180a263cec92f9d06494b2ce7b24743581b7b60f0fdf491,23,included_prior_review,True,prior_459
f16832406221,/Users/baiyixin/Downloads/pdf_386_by_paper_id/f16832406221.pdf,/Users/baiyixin/Documents/Survey - design knowledge/expanded_pdf_corpus_464_20260811/f16832406221.pdf,/Users/baiyixin/Documents/Survey - design knowledge/expanded_pipeline_464_20260811/canonical_text/f16832406221.txt,f18278beac882021e019d64ca89e4615541b0d77fde10bbccdc560ee3bf49641,14,included_prior_review,True,prior_459
f1a4dde3d156,/Users/baiyixin/Downloads/pdf_386_by_paper_id/f1a4dde3d156.pdf,/Users/baiyixin/Documents/Survey - design knowledge/expanded_pdf_corpus_464_20260811/f1a4dde3d156.pdf,/Users/baiyixin/Documents/Survey - design knowledge/expanded_pipeline_464_20260811/canonical_text/f1a4dde3d156.txt,79b060465e7eab6ad4d76986120a1b722c55f87e9e1d62440dcf856872123fdb,11,included_prior_review,True,prior_459
f47226c43979,/Users/baiyixin/Downloads/pdf_386_by_paper_id/f47226c43979.pdf,/Users/baiyixin/Documents/Survey - design knowledge/expanded_pdf_corpus_464_20260811/f47226c43979.pdf,/Users/baiyixin/Documents/Survey - design knowledge/expanded_pipeline_464_20260811/canonical_text/f47226c43979.txt,af82cd8e663e5ed4799548963796fd852324e147a6427ab506dc07780c1bb9b9,25,included_prior_review,True,prior_459
f50a79b2d7e1,/Users/baiyixin/Downloads/pdf_386_by_paper_id/f50a79b2d7e1.pdf,/Users/baiyixin/Documents/Survey - design knowledge/expanded_pdf_corpus_464_20260811/f50a79b2d7e1.pdf,/Users/baiyixin/Documents/Survey - design knowledge/expanded_pipeline_464_20260811/canonical_text/f50a79b2d7e1.txt,30fa521398e47ba9fa989dadbfba38c4aeb543592fcec12f5548b83e1e5ed692,15,included_prior_review,True,prior_459
f56243f52335,/Users/baiyixin/Downloads/pdf_386_by_paper_id/f56243f52335.pdf,/Users/baiyixin/Documents/Survey - design knowledge/expanded_pdf_corpus_464_20260811/f56243f52335.pdf,/Users/baiyixin/Documents/Survey - design knowledge/expanded_pipeline_464_20260811/canonical_text/f56243f52335.txt,501c74d814c8204d00a2a6d97e32d6f8d6260e01e03b21a62b0488f6b448f56e,28,included_prior_review,True,prior_459
f59da9db088b,/Users/baiyixin/Downloads/f59da9db088b.pdf,/Users/baiyixin/Documents/Survey - design knowledge/expanded_pdf_corpus_464_20260811/f59da9db088b.pdf,/Users/baiyixin/Documents/Survey - design knowledge/expanded_pipeline_464_20260811/canonical_text/f59da9db088b.txt,8036135666c4de57f9917624e69d5f5575f9be60b97e6c4060069f1036c1a777,7,included_prior_review,True,prior_459
f6588fca84f9,/Users/baiyixin/Downloads/f6588fca84f9.pdf,/Users/baiyixin/Documents/Survey - design knowledge/expanded_pdf_corpus_464_20260811/f6588fca84f9.pdf,/Users/baiyixin/Documents/Survey - design knowledge/expanded_pipeline_464_20260811/canonical_text/f6588fca84f9.txt,9b2860b7de63ee02596eacedb77b7cd4172081ac294464c9feb753a301a3a15a,162,included_prior_review,True,prior_459
f6ba28a6efeb,/Users/baiyixin/Downloads/pdf_386_by_paper_id/f6ba28a6efeb.pdf,/Users/baiyixin/Documents/Survey - design knowledge/expanded_pdf_corpus_464_20260811/f6ba28a6efeb.pdf,/Users/baiyixin/Documents/Survey - design knowledge/expanded_pipeline_464_20260811/canonical_text/f6ba28a6efeb.txt,e4fc3183baed85b89fa282eb16cc2c3700e650b454a29aa59265b853540b0460,10,included_prior_review,True,prior_459
f7668dd5c63f,/Users/baiyixin/Downloads/f7668dd5c63f.pdf,/Users/baiyixin/Documents/Survey - design knowledge/expanded_pdf_corpus_464_20260811/f7668dd5c63f.pdf,/Users/baiyixin/Documents/Survey - design knowledge/expanded_pipeline_464_20260811/canonical_text/f7668dd5c63f.txt,8943f9c2e5c62969371f1ce3f8d062bac580e1c53804007a2df9044a5d77101e,11,included_prior_review,True,prior_459
f7a213ef52da,/Users/baiyixin/Downloads/f7a213ef52da.pdf,/Users/baiyixin/Documents/Survey - design knowledge/expanded_pdf_corpus_464_20260811/f7a213ef52da.pdf,/Users/baiyixin/Documents/Survey - design knowledge/expanded_pipeline_464_20260811/canonical_text/f7a213ef52da.txt,fe0f6087b5621da891130ab7356450a712ddb57acb9aedf6f3e4c0c10b247b09,8,included_prior_review,True,prior_459
f8c905d3c779,/Users/baiyixin/Downloads/f8c905d3c779.pdf,/Users/baiyixin/Documents/Survey - design knowledge/expanded_pdf_corpus_464_20260811/f8c905d3c779.pdf,/Users/baiyixin/Documents/Survey - design knowledge/expanded_pipeline_464_20260811/canonical_text/f8c905d3c779.txt,8804c8171abdfb1d9780a01d3cd685f7c648f22e9e1ca9e9ba1696e164280e64,9,included_prior_review,True,prior_459
f941f0424e1a,/Users/baiyixin/Downloads/pdf_386_by_paper_id/f941f0424e1a.pdf,/Users/baiyixin/Documents/Survey - design knowledge/expanded_pdf_corpus_464_20260811/f941f0424e1a.pdf,/Users/baiyixin/Documents/Survey - design knowledge/expanded_pipeline_464_20260811/canonical_text/f941f0424e1a.txt,07f7c2bf9cf2eddcbbc1c73f4c8f09956b41333d3c212d76437bdb0674ba642e,23,included_prior_review,True,prior_459
f9a132245837,/Users/baiyixin/Downloads/f9a132245837.pdf,/Users/baiyixin/Documents/Survey - design knowledge/expanded_pdf_corpus_464_20260811/f9a132245837.pdf,/Users/baiyixin/Documents/Survey - design knowledge/expanded_pipeline_464_20260811/canonical_text/f9a132245837.txt,a6fac46fe3e01f08b5a95b9113aab14d42d992bffd26b3c16cd1f152b91f68ed,144,included_prior_review,True,prior_459
fbf6d34a07e9,/Users/baiyixin/Downloads/fbf6d34a07e9.pdf,/Users/baiyixin/Documents/Survey - design knowledge/expanded_pdf_corpus_464_20260811/fbf6d34a07e9.pdf,/Users/baiyixin/Documents/Survey - design knowledge/expanded_pipeline_464_20260811/canonical_text/fbf6d34a07e9.txt,23341650213f4f1b90088f62185e9458ca07fdeaa8244ad7f7d7bcdc3aca1174,10,included_prior_review,True,prior_459
fc4c2b9d38d7,/Users/baiyixin/Downloads/pdf_386_by_paper_id/fc4c2b9d38d7.pdf,/Users/baiyixin/Documents/Survey - design knowledge/expanded_pdf_corpus_464_20260811/fc4c2b9d38d7.pdf,/Users/baiyixin/Documents/Survey - design knowledge/expanded_pipeline_464_20260811/canonical_text/fc4c2b9d38d7.txt,a615612e5526f7c4daf689ac36d7bdb629bb52c92e943565ed5e5bc62430ddff,19,included_prior_review,True,prior_459
fd05a25a5e94,/Users/baiyixin/Downloads/pdf_386_by_paper_id/fd05a25a5e94.pdf,/Users/baiyixin/Documents/Survey - design knowledge/expanded_pdf_corpus_464_20260811/fd05a25a5e94.pdf,/Users/baiyixin/Documents/Survey - design knowledge/expanded_pipeline_464_20260811/canonical_text/fd05a25a5e94.txt,17ca774d440e6f3dc4345ed22ac1561b53d12fc92fccf8f0b077349a48951331,10,included_prior_review,True,prior_459
fd2392ff2aff,/Users/baiyixin/Downloads/pdf_386_by_paper_id/fd2392ff2aff.pdf,/Users/baiyixin/Documents/Survey - design knowledge/expanded_pdf_corpus_464_20260811/fd2392ff2aff.pdf,/Users/baiyixin/Documents/Survey - design knowledge/expanded_pipeline_464_20260811/canonical_text/fd2392ff2aff.txt,38e9385ed502c1a946627a6aa5b694f7b3b5263e1b3bf21671943cde1d97f290,32,included_prior_review,True,prior_459
fd29fa6c3eca,/Users/baiyixin/Downloads/fd29fa6c3eca.pdf,/Users/baiyixin/Documents/Survey - design knowledge/expanded_pdf_corpus_464_20260811/fd29fa6c3eca.pdf,/Users/baiyixin/Documents/Survey - design knowledge/expanded_pipeline_464_20260811/canonical_text/fd29fa6c3eca.txt,1fc92f6b60812b9e6fdbd290731bd6ca267eddd86345d8883197c30e8c899a00,16,included_prior_review,True,prior_459
fda0636dbea5,/Users/baiyixin/Downloads/pdf_386_by_paper_id/fda0636dbea5.pdf,/Users/baiyixin/Documents/Survey - design knowledge/expanded_pdf_corpus_464_20260811/fda0636dbea5.pdf,/Users/baiyixin/Documents/Survey - design knowledge/expanded_pipeline_464_20260811/canonical_text/fda0636dbea5.txt,5c9695a80a3243583e9512bbd58c638aa2a54139ccceb6ec736c4f3d55732608,16,included_prior_review,True,prior_459
fee96194a322,/Users/baiyixin/Downloads/pdf_386_by_paper_id/fee96194a322.pdf,/Users/baiyixin/Documents/Survey - design knowledge/expanded_pdf_corpus_464_20260811/fee96194a322.pdf,/Users/baiyixin/Documents/Survey - design knowledge/expanded_pipeline_464_20260811/canonical_text/fee96194a322.txt,358c1c9c56146f55759669b25e4c601c3fea90641cc58c78b7fb8356eca78ff3,3,included_prior_review,True,prior_459
fffe50e033fa,/Users/baiyixin/Downloads/pdf_386_by_paper_id/fffe50e033fa.pdf,/Users/baiyixin/Documents/Survey - design knowledge/expanded_pdf_corpus_464_20260811/fffe50e033fa.pdf,/Users/baiyixin/Documents/Survey - design knowledge/expanded_pipeline_464_20260811/canonical_text/fffe50e033fa.txt,88695cab1d514694865dd46487c7b63fbe5b9e92c73cefa6c83b29e022c52d89,13,included_prior_review,True,prior_459
1aecb7940a63,/Users/baiyixin/Downloads/brazier1997.pdf,/Users/baiyixin/Documents/Survey - design knowledge/expanded_pdf_corpus_464_20260811/1aecb7940a63.pdf,/Users/baiyixin/Documents/Survey - design knowledge/expanded_pipeline_464_20260811/canonical_text/1aecb7940a63.txt,672c036f9a211b29a9400206380a7e5fd2768362287cce498affcbe790510639,16,approved_single,True,rescan_increment_20260811
38b608e72e2d,/Users/baiyixin/Downloads/A_BOUNDARY_OBJECT_FOR_MAPPING_COMPARING_AND_INTEGR.pdf,/Users/baiyixin/Documents/Survey - design knowledge/expanded_pdf_corpus_464_20260811/38b608e72e2d.pdf,/Users/baiyixin/Documents/Survey - design knowledge/expanded_pipeline_464_20260811/canonical_text/38b608e72e2d.txt,b78a082d44f2840cd1d148399cde8dcbe559f89e8b67d7dc98e2cd8bb161668c,10,approved_single,True,rescan_increment_20260811
781628bf9a48,/Users/baiyixin/Downloads/347642.347652.pdf,/Users/baiyixin/Documents/Survey - design knowledge/expanded_pdf_corpus_464_20260811/781628bf9a48.pdf,/Users/baiyixin/Documents/Survey - design knowledge/expanded_pipeline_464_20260811/canonical_text/781628bf9a48.txt,56b8c47377117eec72337d328145adf8e6f04afd7b21fc0064783308dbb2b84b,1,approved_single,True,rescan_increment_20260811
a285258b5545,/Users/baiyixin/Downloads/Extended_General_Design_Theory_1st_Report.pdf,/Users/baiyixin/Documents/Survey - design knowledge/expanded_pdf_corpus_464_20260811/a285258b5545.pdf,/Users/baiyixin/Documents/Survey - design knowledge/expanded_pipeline_464_20260811/canonical_text/a285258b5545.txt,64b9fdb4f53ff380177f31c057fe3b787304dc7f51beeda692237f9cc8ea19ec,7,excluded_non_english,False,rescan_increment_20260811
55dc4ef842a6,/Users/baiyixin/Downloads/IMPLEMENTATION_OF_THE_BASIC_PRINCIPLES_OF_FORMING_.pdf,/Users/baiyixin/Documents/Survey - design knowledge/expanded_pdf_corpus_464_20260811/55dc4ef842a6.pdf,/Users/baiyixin/Documents/Survey - design knowledge/expanded_pipeline_464_20260811/canonical_text/55dc4ef842a6.txt,4983353a807aee7babfe91c52db62863049c1bb177983481a0da6fd7e6e912c4,15,excluded_non_english,False,rescan_increment_20260811
