k,average_silhouette,min_cluster_size,max_cluster_size,cluster_sizes,negative_silhouette_count
2,0.031518585859737644,20,22,0:22; 1:20,5
3,0.03110566561738795,12,17,0:12; 1:13; 2:17,7
4,0.03717217124926252,7,13,0:7; 1:13; 2:11; 3:11,12
5,0.04809630520364564,5,13,0:9; 1:9; 2:13; 3:5; 4:6,8
6,0.056999326450239834,4,12,0:8; 1:12; 2:5; 3:5; 4:8; 5:4,8
7,0.0672812398348905,4,10,0:5; 1:5; 2:7; 3:10; 4:7; 5:4; 6:4,9
8,0.0924441509021884,2,8,0:8; 1:6; 2:4; 3:8; 4:3; 5:2; 6:4; 7:7,17
