k,average_silhouette,min_cluster_size,max_cluster_size,cluster_sizes,negative_silhouette_count
2,0.03115955626245161,20,22,0:22; 1:20,4
3,0.027934446012487152,8,19,0:19; 1:15; 2:8,12
4,0.036513912405458294,7,13,0:7; 1:13; 2:11; 3:11,12
5,0.04946298221834572,5,11,0:9; 1:11; 2:11; 3:6; 4:5,9
6,0.05640381914966749,4,12,0:8; 1:12; 2:5; 3:5; 4:8; 5:4,8
7,0.0767317598464768,2,10,0:9; 1:2; 2:5; 3:6; 4:10; 5:4; 6:6,14
8,0.09197150981821434,2,8,0:8; 1:6; 2:4; 3:8; 4:3; 5:2; 6:4; 7:7,17
