k,average_silhouette,min_cluster_size,max_cluster_size,cluster_sizes,negative_silhouette_count
2,0.03115955626245161,20,22,0:22; 1:20,4
3,0.027934446012487152,8,19,0:19; 1:15; 2:8,12
4,0.036513912405458294,7,13,0:7; 1:13; 2:11; 3:11,12
5,0.04946298221834572,5,11,0:9; 1:11; 2:11; 3:6; 4:5,9
