k,average_silhouette,min_cluster_size,max_cluster_size,cluster_sizes,negative_silhouette_count
2,0.02324344506755851,35,40,0:40; 1:35,21
3,0.029460770242573465,7,42,0:7; 1:42; 2:26,22
4,0.031490556784921415,8,29,0:29; 1:17; 2:21; 3:8,22
5,0.04431818488629923,2,25,0:9; 1:16; 2:25; 3:23; 4:2,26
6,0.03557559670047804,3,24,0:3; 1:15; 2:24; 3:18; 4:8; 5:7,37
7,0.037050040725851885,3,19,0:11; 1:12; 2:6; 3:9; 4:3; 5:19; 6:15,41
8,0.07227983782706318,2,17,0:17; 1:7; 2:2; 3:6; 4:16; 5:10; 6:15; 7:2,33
