k,average_silhouette,min_cluster_size,max_cluster_size,cluster_sizes,negative_silhouette_count
2,0.03424502589918638,21,46,0:46; 1:21,3
3,0.056044126248362865,3,44,0:44; 1:20; 2:3,21
4,0.08175398217234685,2,42,0:42; 1:20; 2:3; 3:2,27
5,0.061074504524040785,3,29,0:4; 1:20; 2:3; 3:29; 4:11,35
6,0.09510856802652382,2,37,0:37; 1:3; 2:2; 3:7; 4:4; 5:14,33
