k,average_silhouette,min_cluster_size,max_cluster_size,cluster_sizes,negative_silhouette_count
2,0.02324174024208137,15,52,0:15; 1:52,18
3,0.0528388511089119,3,35,0:35; 1:3; 2:29,23
4,0.06191618855271882,3,44,0:6; 1:44; 2:14; 3:3,32
5,0.06893233191809864,2,33,0:33; 1:2; 2:7; 3:12; 4:13,21
6,0.0847423726565755,2,38,0:4; 1:38; 2:3; 3:2; 4:4; 5:16,32
7,0.09033644868353476,2,22,0:22; 1:2; 2:9; 3:3; 4:7; 5:10; 6:14,28
8,0.1052072559116178,2,31,0:4; 1:31; 2:12; 3:2; 4:7; 5:3; 6:2; 7:6,38
