k,average_silhouette,min_cluster_size,max_cluster_size,cluster_sizes,negative_silhouette_count
2,0.029806768574236708,13,29,0:13; 1:29,5
3,0.03154995378533136,11,18,0:11; 1:13; 2:18,9
4,0.04131536778642139,6,15,0:9; 1:12; 2:15; 3:6,10
5,0.04747669752671141,6,11,0:11; 1:7; 2:9; 3:9; 4:6,9
6,0.04897600522500202,4,11,0:5; 1:11; 2:8; 3:8; 4:4; 5:6,11
7,0.05756905266378854,3,12,0:7; 1:12; 2:5; 3:3; 4:5; 5:6; 6:4,13
8,0.08929537920307366,2,8,0:8; 1:7; 2:4; 3:8; 4:5; 5:2; 6:4; 7:4,19
