k,average_silhouette,min_cluster_size,max_cluster_size,cluster_sizes,negative_silhouette_count
2,0.029498034851861015,13,29,0:13; 1:29,5
3,0.03198362474543789,11,18,0:11; 1:13; 2:18,8
4,0.033206293066539286,8,14,0:10; 1:8; 2:14; 3:10,12
5,0.04805466962593083,6,11,0:11; 1:7; 2:9; 3:9; 4:6,9
6,0.04945923946125553,4,11,0:5; 1:11; 2:8; 3:8; 4:4; 5:6,11
7,0.05831760561770382,3,9,0:4; 1:3; 2:4; 3:9; 4:6; 5:9; 6:7,13
8,0.09025188047939378,2,8,0:8; 1:7; 2:4; 3:8; 4:5; 5:2; 6:4; 7:4,19
