k,average_silhouette,min_cluster_size,max_cluster_size,cluster_sizes,negative_silhouette_count
2,0.029806768574236708,13,29,0:13; 1:29,5
3,0.03154995378533136,11,18,0:11; 1:13; 2:18,9
4,0.04131536778642139,6,15,0:9; 1:12; 2:15; 3:6,10
5,0.04747669752671141,6,11,0:11; 1:7; 2:9; 3:9; 4:6,9
