paper_id,keyword,title,abstract,budget,selected_count,passage_ids,subdocument,canonical_text_path,authors,year,venue,doi,url,cluster_id,cluster,cluster_theme_terms,cluster_label_candidate,distinguishing_evidence_terms,cluster_summary_candidate,design_knowledge_form,contribution_type,contribution_type_support,contribution_type_definition,primary_application_domain,application_domain_support,application_domain_definitions,facet_population_or_context,facet_stakeholder_or_population,facet_method_or_lens,facet_artifact_or_domain,facet_contribution_or_outcome,theory_move_key,lda_topic,lda_topic_probability,lda_topic_words,hdbscan_peripheral,discussion_found,discussion_paragraph_count,discussion_summary,discussion_excerpt,umap_x,umap_y,distance_to_centroid,representative_rank,medoid_rank,is_representative_top3,nearest_papers
00781ed0e844,Design theory,Cognitive Point of View in Recursive Design,"Abstract The concept of scale is shared between systems science and design and, as a foundational element for systemic design theory and practice, provides a way to connect and share units of analysis between disciplines. To better connect these disciplines and begin a more rigorous, shared investigation of scale and hierarchy, I will illuminate the need and potential of a more explicit use of scale in problem formulation, theory and methods discussion, and design education. By discussing one well-known case study of sustainable design, I demonstrate how the designers’ process can be deconstructed using scale as an organizing concept. I then apply this analytical technique to the mundane example of a cup of coffee, to demonstrate some of the important generalizable properties of multiscale thinking in design. The most notable of these is the notion of cognitive point of view, which is grounded in second-order cybernetics and operates as a construct useful for understanding the dynamics between designer, design process, and designed object. Finally, the article argues that the concepts and topics found here should be taught explicitly to design students in practical ways, and researched formally as a subfield within the systemic design community as a method for recursive design.",12,12,00781ed0e844_p0006;00781ed0e844_p0007;00781ed0e844_p0011;00781ed0e844_p0012;00781ed0e844_p0015;00781ed0e844_p0041;00781ed0e844_p0045;00781ed0e844_p0047;00781ed0e844_p0049;00781ed0e844_p0054;00781ed0e844_p0055;00781ed0e844_p0056,"Selling a solution for use at the level of a national government versus a small business is a difference along all these dimensions. When scale appears within design contexts, such as when an architect assesses the relationship of a building to a site or the constraints of a room upon its occupants, it is rarely presented as part of an organized and unified theory of hierarchy, but rather as a way to express the intuitively sensed or directly observable relations between objects. These can be productive distinctions for sure, but they are also beside the point of many arguments. I would encourage interested readers to look at Timothy Allen and Thomas Hoekstra 4 to see a nuanced description of way these similarities and differences have caused problems in the field of ecology, and point readers toward Geoffrey West’s 5 landmark treatment of the subject for a thorough introduction to the concept of scale as it appears in complexity science.

For our present discussion, these distinctions may get in the way of a larger point and, for this reason, I will use terms like scale, hierarchy, or levels (and their adjective forms) more or less interchangeably, as they have far more similarity than difference where the present discussion is concerned, but I am going to be almost always speaking of nested levels of organization and observation and not about the amounts, durations, or extents of entities. 1 For examples, see Howard Hunt Pattee, Hierarchy Theory: The Challenge of Complex Systems (New Y ork: George Braziller, 1973); Uri Wilensky and Mitchel Resnick, “Thinking in Levels: A Dynamic Systems Approach to Making Sense of the World,” Journal of Science Education and Technology 8, no. 1 (1999): 3–19, DOI: https://doi. org/10.1023/A:1009421303064; Stanley N. Salthe, “Summary of the Principles of Hierarchy Theory,” General Systems Bulletin 31 (2002): 13–17, available at http://www.nbi.dk/~natphil/ salthe/Summary_of_the_Principles_o.pdf.

Below, I discuss some anecdotal examples from the literature that specifically identify issues of scale and hierarchy as something designers grapple with in practice and need to develop an intuition about. Yet, by focusing on intuition these works do very little to develop any systematic focus or detailed elaboration that can help the more analytical learner advance practice and theory. This is not to say that intuition does not have its place, it is a necessary part of any practice, but formal methods and analysis that can inform this intuition and its development are equally valuable. Having explicitly defined constructs, relationships, and models—all the trappings of formal analytic methods—is an important step in learning to treat hierarchy as a source of solutions as well as problems. Otherwise, issues of scale and hierarchy may well remain in the background.

John Eberhard, in his 1968 reflection on the International Conference of the Design Methods Group, summed up the issue quite bluntly: “that is one of our anxieties, the hierarchical nature of complexity.” 7 It is my contention that we need better ways to manage this anxiety, and bringing it out into the open in a more structured way is a good place to start. The focus of this work is to help develop a deeper understanding and functional theory about how hierarchical organization is employed in the practice of design by naming a few important constructs and principles for future study, and suggesting ways they can be taught and learned. Hopefully, this will better help us relate the fields of systems and design, and eventually develop a more formal theory of hierarchy in design that satisfies the needs of both these disciplines. To jumpstart this process, I revisit the design of Herman Miller’s Mirra Chair as an initial case study that demonstrates the real world appearance of a multiscale or, as I have come to refer to it, recursive design process in the wild.

The Analytical Approach There is a history of scale in the design literature, although it is difficult to determine how much of it has made its way into practice or formal instruction outside of theory. It is likely no surprise that one of the earliest and more influential uses of scale comes from Christopher Alexander’s Notes on the Synthesis of Form. Alexander is largely credited with being the first to call attention to the notion of decomposing a design problem into sub-problems,10 and in the closing paragraphs of the book he makes the following observations “Every component has this twofold nature: it is first a unit, and second a pattern, both a pattern and a unit. Its nature as a unit makes it an entity distinct from its surroundings. Its nature as a pattern specifies the arrangement of its own component units. It is the culmination of the designer’s task to make every diagram both a pattern and a unit.

designers must occupy themselves with the problems of botany and agriculture. Although it is important to note that they can use the ultimate goal of brewing coffee to limit and focus their study of these topics, they are still not the typical skills of a coffee brewer. The same limits apply once the beans are cultivated and harvested. At the next higher scale, the important skills to master are in the domains of logistics and process management. Getting the beans ready for transport and moving them along to their final destination requires skills and knowledge of a totally different sort than those needed to grow or brew coffee. New problems arise, and new solutions are needed at this and every other scale. While maintaining a narrow focus on the desired outcome, the product (in design terms) or emergent result (in systems terms) can help narrow the scope of knowledge by creating a clear and well-defined problem.

John R, Hajdukiewicz, Ecological Interface Design (Boca Raton: CRC Press, 2017), DOI: https:// doi.org/10.1201/9781315272665; Rich C. McIlroy and Neville A. Stanton, “Ecological Interface Design T wo Decades On: Whatever Happened to the SRK T axonomy?,” IEEE Transactions on Human-Machine Systems 45, no. 2 (2015): 145–63, DOI: https://doi.org/10.1109/ THMS.2014.2369372; Kim J. Vicente and Jens Rasmussen, “Ecological Interface Design: Theoretical Foundations,”

In the recursive approach, the observer analyzes the subsystems at the component level, re-making them to create different configurations with new possibilities and more desirable effects. In this view, the barista would need to learn a bit of mechanical engineering, for example to create a machine that grinds differently. The complementary relationship between behavioral and recursive approaches is a model of how CPOV changes when working at multiple scales. In the extreme, this is completely impractical, and for a single cup of coffee it would be ridiculous. The less extreme version of shifting CPOV however, is not only more common, as I’ve noted above, it is often considered fundamental to expertise and good design. The barista does not need to redesign the grinding machine in order to get the grind they want, but what they do need to know is how the grind might affect the brew and how the machine achieves a grind so that they can hone their technique with intentional and reflective practice.

When baristas delve into the inner workings of the grinder, they are working at a different scale than when they are making coffee. But the higher scale goal of having a good cup of coffee is what drives the process and what determines which features of the grinder they find most salient. The ability to identify and isolate the features that most tightly connect elements between scales is yet another one of the core intuitions that recursive design aims to hone. A Word on Cognitive Coupling and Reflexivity One of the many things that contemporary notions of the design and systems disciplines share is the idea that the perspective of the designer or observer cannot truly be uncoupled from the observed. This idea is somewhat obscured in Goguen and Varela’s work, but it is a tacit assumption upon which they base their analysis. Creating a distinction between the system and the environment is, as they rightly state, “the most fundamental act of systems theory,” 30 and it is not a stretch to say that defining the design problem is the most fundamental act of design—we have already seen how problematic it can be. What Goguen and Varela’s framework attempts to do is enumerate the variety of ways one can situate oneself when making

159Cognitive Point of View in Recursive Design and CPOV as parameters. Softer approaches might involve developing research instruments that can isolate and measure the strength coupled bonds or the frequency of CPOV shifts, to correlate with design outcomes or protocol notes—I am thinking primarily of surveys or ethnographic code books here, but other methods are available. While these techniques will help us better advance knowledge and theory, practice requires more immediate intervention; complex problems will not wait for us to theorize them. I have argued that we must go beyond simply representing and framing problems hierarchically, we must attempt to solve them hierarchically as well. This last point is what separates simple hierarchical tools and methods, such as those found in Ecological Interface Design

Analysis,33 Activity Theory,34 and others from the more dynamic notion of recursive design. I contend that designers need to develop their ability to actively escalate and regress design problems consistently and continually. They must learn to recurse their cognitive point of view and to cognitively couple themselves to the salient problems at each level, just as Goguen and Varela describe the active framing and reframing of a system. This core idea can help us understand the Mirra Chair design process, the design of the perfect cup of coffee, and indeed most other design problems, if we choose to address them recursively. It also has implications for how we train designers at the practical level. I would love of outline a stepwise method for a recursive design process to aid in this education, and it is tempting to try and do so. However, I don’t believe we are quite there yet.

There are still details to work into general abstractions, and more cases are needed to test those abstractions. Even so, such a prescription may not be what the doctor ordered. I believe that each designer should work out their own recursive method, and while more research can certainly bootstrap that process, it may also constrain and limit it by biasing mental models of hierarchy and scale too heavily. For now, I am content to plant the seeds—we will see what kind of coffee we can make in the future. The recursive model I outline here requires that designers have both cognitive flexibility and reflectivity. Not only do they need to acquire knowledge of new problem domains at great depth, but they must also understand their relationship to the process. This is a tall order for anyone, and the path to such expertise and mastery is a long and unending one.",outputs/batch1/canonical_text_284/00781ed0e844.txt,Evan Barba,2019,"She Ji: The Journal of Design, Economics and Innovation",,https://www.semanticscholar.org/paper/cd9c2c3812ad8a7feccea4741cea6b98dd33a007,DT-C01,0,product | cognitive | impact | load | cognitive load | human | technology | science | understanding | designers | function | conceptual | engineering | methodology | theoretical,"Design theory — Product, cognitive & impact [DT-C01]",product | cognitive | impact | load | cognitive load | human | technology | science | understanding | designers | function | conceptual | engineering | methodology | theoretical,"Within the predefined Design theory group, DT-C01 is statistically distinguished by product, cognitive, impact. Additional contrastive terms include load, cognitive load, human, technology, science. Representative papers include Conceptual foundations of design problem solving; Design Theory and Method of Complex Products: A Review. This is an analysis-frozen statistical interpretation, not a final editorial topic label.",Design theory,Statistical bottom-up interpretation,Prior-pilot assignment retained,Contrastive cluster explanation using adapted class-based TF-IDF; not a predefined codebook classification.,Not assigned by Path 1,Not evaluated in this statistical interpretation,Not applicable,Predefined keyword group,Not assigned,BGE-M3 embedding + Spectral clustering,Not assigned,Adapted class-based TF-IDF interpretation,not_applicable,-1,0.0,product | cognitive | impact | load | cognitive load | human | technology | science | understanding | designers | function | conceptual | engineering | methodology | theoretical,False,False,0,,,9.064403,-5.0648136,0.09537363052368164,7,7,False,"[{'paper_id': '4025e28730c1', 'title': 'Conceptual foundations of design problem solving', 'cluster': 0, 'distance': 0.16045063734054565}, {'paper_id': 'd250dc6eb9d9', 'title': 'Systems Thinking and Design Thinking: The Search for Principles in the World We Are Making', 'cluster': 0, 'distance': 0.16066277027130127}, {'paper_id': 'ceac90427122', 'title': 'Design-oriented human-computer interaction', 'cluster': 0, 'distance': 0.1657778024673462}, {'paper_id': '4db508a9681a', 'title': 'Philosophy of design: A meta-theoretical structure for design theory', 'cluster': 1, 'distance': 0.18609660863876343}, {'paper_id': '02f3ae017acb', 'title': 'Design Theory and Method of Complex Products: A Review', 'cluster': 0, 'distance': 0.18793046474456787}]"
02f3ae017acb,Design theory,Design Theory and Method of Complex Products: A Review,"Design is a high-level and complex thinking activity of human beings, using existing knowledge and technology to solve problems and create new things. With the rise and development of intelligent manufacturing, design has increasingly reflected its importance in the product life cycle. Firstly, the concept and connotation of complex product design is expounded systematically, and the different types of design are discussed. The four schools of design theory are introduced, including universal design, axiomatic design, TRIZ and general design. Then the research status of complex product design is analyzed, such as innovative design, digital design, modular design, reliability optimization design, etc. Finally, three key scientific issues worthy of research in the future are indicated, and five research trends of “newer, better, smarter, faster, and greener” are summarized, aiming to provide references for the equipment design and manufacturing industry.",12,12,02f3ae017acb_p0005;02f3ae017acb_p0009;02f3ae017acb_p0010;02f3ae017acb_p0011;02f3ae017acb_p0012;02f3ae017acb_p0013;02f3ae017acb_p0014;02f3ae017acb_p0017;02f3ae017acb_p0041;02f3ae017acb_p0050;02f3ae017acb_p0054;02f3ae017acb_p0058,"Page 2 of 16Qiu et al. Chinese Journal of Mechanical Engineering (2022) 35:103 [4]. In the product life cycle, the design phase determines 70% of the cost of the entire product development, while the manufacturing phase and subsequent related phases only determine about 30% of the total cost [5]. The competition in modern manufacturing industry is often the competition of product design. The innovation ability of product design has become the core for manu - facturing enterprises to maintain competitiveness. Therefore, research on modern design theory, method and practice is of great significance for improving the core competitiveness of manufacturing enterprises.

and Method With the continuous development of productivity, sci - ence and technology, the design process has gone through the intuitive design phase, the empirical design phase, the semi-theoretical and semi-experience phase, and is now in the modern design phase [7]. In this long process of development, design and design science are constantly developing in depth and breadth, whose the - ories and methods are constantly updated. Four typi - cal schools of design theory and method are universal design, axiomatic design, TRIZ and general design. (1) Universal Design German scholars Pahl and Beitz [8] proposed a fairly representative, authoritative and systematic product design methodology in the 1970s. They summarized the experience of the excellent design process and developed the general design based on the system theory, which is known as the uni - versal design methodology.

The theory establishes work plans for the designer at each design stage, which include strategies, rules, and principles, so as to form a complete design process model. Emerg - ing from slightly earlier barrier-free concepts and broader accessibility movement, universal design now seeks to blend aesthetics into these core con - siderations, which begins to be applied to the design of technology, human-computer interaction, instruction, services, and other products and envi - ronments [9–11].

(2) Axiomatic Design (AD) Suh et al. from MIT [12] have systematically stud - ied design theory since 1990 and proposed the axi - omatic design. Two basic axioms are proposed in AD: one is the independence axiom involving the relationship between function and design param - eters, that is, all functions are implemented inde - pendently of each other, so the design parameters only affect its subsidiary functions. The other is the information axiom, which is mainly aimed at reducing the information content of design results and minimizing the design complexity. In AD, design problems are modeled as mappings between demand domain, functional domain, structural domain, and process domain, and many engineer - ing design issues are based on this model.

The extended method is now mainly used for the reli - ability design of complex systems, covering the whole product lifecycle including early factors that affect the entire cycle such as development testing, input constraints and system components [13, 14]. (3) TRIZ Theory The TRIZ method proposed by Altschuller from the former Soviet Union [15] is based on the sta - tistical analysis of the development and treatment principles of 2.5 million high-level invention pat - ents, which establishes a comprehensive theoretical system consisting of a series of methods and algo - rithms supporting the innovative design process, including technical system evolution rules, traitfield analysis, inventive problem solving methods, typical techniques for system opposition, and an application knowledge-base of physics, chemistry, and geometry. As a practical methodology for gen - erating innovative solutions for problem solving, TRIZ tends to be integrated with Quality Function Deployment (QFD), forming a strong support tool from product definition, concept design to detailed design [16–18]. (4) General Design Theory (GDT) Yoshikawa and Tomiyama, researchers at Uni - versity of Tokyo, Japan, proposed GDT through research on cognitive problems in design activities, and considered that design is essentially a process of decomposition, mapping, and synthesis [19].

GDT introduces a metamodel to represent this gradual process, which uses a limited set of attrib - utes to describe the state of the design object at a particular stage of the design process, the constitu - ent entities of the design object, and the relation - ship between the entities and their dependencies. The refinement process of the design is realized by the mapping mechanism between the metamod - els. In the recent years, with the model of coupled design process, which is the improvement of GDT, the complex changes and realistic design processes on the category of sets and topological spaces can be elucidated more clearly [20, 21]. The application of system science concepts and meth - ods has rapidly driven and influenced the study of design theories and methods, which shifted the design from an art category to a scientific category. Design theory and method, as a scientific approach to achieve design goals, have become an important pillar of design culture.

Engineering The focus of product design has shifted from traditional experience-based design to innovation design based on big data and knowledge engineering. Through the combination of new theories, new technologies and new ideas, the innovation design concept of product design requires a large amount of design knowledge, design principles and design methods. Design knowledge resources has become the most important intelligence and asset for enterprise innovation. The acquisition, processing, dis - covery and evolution of design knowledge using design big data, assisting and promoting the creative ideas of designers, is the key to realize innovative design. Based on big data for innovative design, aiming at the characteristics of large capacity, high generation rate, and heterogeneous data types, the state changes of prod - ucts during use and maintenance were analyzed, and the nature, law and internal relationship of problems was discovered.

Based on the knowledge framework, by reusing and synthesizing the original understandings in various disciplines, Chen et al. [27] established a corre - sponding knowledge base and developed a prototype sys - tem for the multidisciplinary intelligent creative concept design platform to assist designers in innovative design of multidisciplinary systems. Huang et al. [28] established an internal design knowledge base model integrating semantic search framework, and established a semanticbased internal knowledge search mechanism to support the accumulation and reuse of experience in product design, which improved product design efficiency, and promoted product innovation. Wu et al. [29] proposed a method that combines causal maps and qualitative analysis to integrate design knowledge in the form of causality through system modeling, thereby reducing the dimen - sion of multidisciplinary design problems and improv - ing product design effectiveness.

mechanical device, and determined the device structure model of the optimal disassembly sequence by fuzzy analytic hierarchy process. Cheng et al. [69] proposed a heavy-duty machine tool module division method for green remanufacturing. The modular clustering algo - rithm based on atomic theory was employed, which was associated with the correlation and similarity between the design parameters in the structure domain and the remanufacturing domain, for the ideal modules of heavyduty machine tools to be discovered. For the purpose of accurately extracting “Design for Remanufacturing” tar - gets and shortening design cycle, Ke et al. [70] proposed an intelligent design for remanufacturing method based on vector space model and case-based reasoning, which can accurately generate design scheme to satisfy the cus - tomer demands. Umeda et al. [71] proposed a computeraided design method for semi-destructive disassembly with split lines.

in the Future The development of science brings about the integration of technology. The intersection of natural sciences and social sciences, and the emergence of marginal disciplines such as cybernetics, systems theory, and information theory provide new theoretical support for modern design, while the development of computer technology, network technology, and artificial intelligence technology provides new design media and tools for modern design. In this paper, three key scientific issues worthy of research in the future are summarized, aiming to provide research ideas for the industry of equipment design and manufacturing. (1) Initial Concept Formation, Deduction and Evolu - tion in Product Forward Design Forward design aims to meet the needs of the market and users for various aspects of the prod - uct, through concept formation, functional design, whole machine design, layout design, structural design, precision design, performance design and process design, to realize the whole process of top-down design, from abstract to concrete, and from fuzzy to certain.

Theory and Method At present, design and manufacturing of complex prod - uct and equipment still face a series of new challenges and scientific difficulties, including the forward whole process of design and manufacturing, the integration of structural, material and function, the extreme of ser - vice environment and working conditions, rapid agility of market response, high quality of equipment quality and accuracy, autonomy of operation, decision and con - trol, greening of equipment manufacturing and service. These new challenges place higher demands on product design. Driven by the independent development of mod - ern equipment and the theoretical innovation of product design, the research hotspot of complex product design in recent years has focused on the five trends of “newer, better, smarter, faster and greener” . • Newer. It is embodied in the theoretical innovation design, conceptual design and forward design, and also reflects the integrated design of new function, new mechanism, new structure, new process and new material. • Better.

(1) Design is the foundation of manufacturing, and there will be no advanced manufacturing without advanced design. Under the current trend of digi - talization, informatization and intelligence of prod - uct manufacturing, the strong integration of dif - ferent disciplines has brought great challenges and opportunities to product design. (2) The concept and connotation of design have been expounded systematically in this paper, and the dif - ferent types of design are analyzed. The four schools of design theory such as universal design, axiomatic design, TRIZ and general design have been dis - cussed. The research status of key technologies for complex product design such as innovative design, digital design, modular design and reliability opti - mization design have been reviewed. (3) Three key scientific issues worthy of research are discussed, including initial concept formation, deduction and evolution in product forward design, implicit design knowledge acquisition in intelli - gent design with big data, and trans-scale materialconfiguration-functional coupling modeling in 4D printing design. Five research trends of “newer, better, smarter, faster and greener” are summarized, providing research ideas for the equipment design and manufacturing industry.",outputs/batch1/canonical_text_284/02f3ae017acb.txt,Chan Qiu; Jianrong Tan; Zhen-yu Liu; Haoyang Mao; Weifei Hu,2022,Chinese Journal of Mechanical Engineering,,https://www.semanticscholar.org/paper/11b673bc049bd6075777c1697de805d195198e5b,DT-C01,0,product | cognitive | impact | load | cognitive load | human | technology | science | understanding | designers | function | conceptual | engineering | methodology | theoretical,"Design theory — Product, cognitive & impact [DT-C01]",product | cognitive | impact | load | cognitive load | human | technology | science | understanding | designers | function | conceptual | engineering | methodology | theoretical,"Within the predefined Design theory group, DT-C01 is statistically distinguished by product, cognitive, impact. Additional contrastive terms include load, cognitive load, human, technology, science. Representative papers include Conceptual foundations of design problem solving; Design Theory and Method of Complex Products: A Review. This is an analysis-frozen statistical interpretation, not a final editorial topic label.",Design theory,Statistical bottom-up interpretation,Prior-pilot assignment retained,Contrastive cluster explanation using adapted class-based TF-IDF; not a predefined codebook classification.,Not assigned by Path 1,Not evaluated in this statistical interpretation,Not applicable,Predefined keyword group,Not assigned,BGE-M3 embedding + Spectral clustering,Not assigned,Adapted class-based TF-IDF interpretation,not_applicable,-1,0.0,product | cognitive | impact | load | cognitive load | human | technology | science | understanding | designers | function | conceptual | engineering | methodology | theoretical,False,False,0,,,8.830073,-5.671641,0.07210385799407959,2,2,True,"[{'paper_id': '232abf4e9e91', 'title': 'The Conceptual Design of Mechanical Products', 'cluster': 0, 'distance': 0.12341785430908203}, {'paper_id': '4025e28730c1', 'title': 'Conceptual foundations of design problem solving', 'cluster': 0, 'distance': 0.12584412097930908}, {'paper_id': 'c9175ef9ebfe', 'title': 'Management design theories', 'cluster': 2, 'distance': 0.13509678840637207}, {'paper_id': '141f85abba0a', 'title': 'How to Define Design in Industrial Control and Automation Software', 'cluster': 0, 'distance': 0.13587301969528198}, {'paper_id': '4db508a9681a', 'title': 'Philosophy of design: A meta-theoretical structure for design theory', 'cluster': 1, 'distance': 0.14691388607025146}]"
03fd54829f02,Design theory,Digisprudence: the design of legitimate code,"ABSTRACT This article introduces digisprudence, a theory about the legitimacy of software that both conceptualises regulative code’s potential illegitimacies and suggests concrete ways to ameliorate them. First, it develops the notion of computational legalism – code’s ruleishness, opacity, immediacy, immutability, pervasiveness, and private production – before sketching how it is that code regulates, according to design theory and the philosophy of technology. These ideas are synthesised into a framework of digisprudential affordances, which are translations of legitimacy requirements derived from legal philosophy into the conceptual language of design. The ex ante focus on code’s production is pivotal, in turn suggesting a guiding ‘constitutional’ role for design processes. The article includes a case study on blockchain applications and concludes by setting out some avenues for future work.",12,12,03fd54829f02_p0003;03fd54829f02_p0006;03fd54829f02_p0008;03fd54829f02_p0022;03fd54829f02_p0030;03fd54829f02_p0053;03fd54829f02_p0054;03fd54829f02_p0082;03fd54829f02_p0087;03fd54829f02_p0088;03fd54829f02_p0097;03fd54829f02_p0098,"Ļ e interplay between legal theory and design is a crucially important but under-theorised area. In this contribution I set out the idea of digisprudence, a descriptive and normative lens through which to consider the legitimacy of digital systems that govern behaviour. Why the name ‘digisprudence’? In short, it aims to be to the design of software-based rules as legisprudence is to the design of legal rules. Where the latter seeks to justify the imposition by the state of freedom-limiting rules through the inclusion of formal features that legitimate their design,1 digisprudence seeks to do the same for codebased normative orders, framing the legitimacy of a digital system in terms of the aﬀordances described in section 3.3 below. Ļ e legisprudential principles respect the autonomy of the citizen in the face of a potentially overbearing state; by analogy the digisprudential aﬀordances require that, in its structuring of our social and economic interactions, the material design of code also rełect that fundamental respect for autonomy, and indeed legal protection. Ļ e analysis thus aims to synthesise the practical issue of how the material design of code regulates with a legal-theoretical view of what constitutes legitimate regulation.

In this article I begin by discussing the need for digisprudence, and why reliance on positive law to achieve ‘compliance by design’ is, by itself, insuﬃcient. I then brieły sketch the elements of the theory’s dialectical structure, which runs along the following lines. First, I describe from the perspectives of both design and legal theory how code is an a-legal normative order: how its designed materiality regulates and constitutes behaviour, and thereby how it is apt to rełect legalism, leading a fortiori to computational legalism. By way of example, I discuss blockchain applications as a technology whose characteristics have the potential to embody particularly strongly the characteristics of computational legalism. Next, I move on to the normative element of the theory, considering how legal-theoretical frameworks intended to mitigate or oppose legalism in legal domain – particularly Fuller’s internal morality of law and Wintgens’ legisprudence – might be used to combat legalism in the computational domain. Ļ is analysis provides the scaﬀolding for a bridge between legal theory and design practice, namely the aﬀordance of legitimacy in code.

development environments (IDEs) where the text of code is actually written. Ļ ey are the point at which ‘constitutional’ protections can be built into the very fabric of the code. Digisprudence is thus a contribution to the nascent ‘design turn’ in legal scholarship, according to which the material design of digital artefacts can (and should) be critiqued from the perspective of legal philosophy.4 Ļ is might be achieved by translating notions of (legal) legitimacy into the language of design theory, while at the same time maintaining sensitivity to the unique technical and temporal aspects of the code development process. Although a full exposition of the theory will involve additional work, the article aims to set out its main contours and thereafter to identify avenues for that future research. 1.1 The need for ‘digisprudence’ Why is this kind of analysis necessary?

17 Hildebrandt, supra n. 9, p. 177; C. Reed, ‘How to Make Bad Law: Lessons from Cyberspace’ (2010) 73 The Modern Law Review 903, p. 904; T. Endicott, ‘Law Is Necessarily Vague’ (2001) 7 Legal Theory 379. 18 Golumbia contrasts human language and programming languages thus: ‘Programming languages, as Derrida knew, are codes: they have one and one only correct interpretation (or, at the absolute limit, a determinate number of discrete interpretations). Human language practice almost never has a single correct interpretation [… t]he use of the term [programming] language to describe them is a deliberate metaphor, one that is meant to help us interact with machines […]’. See D. Golumbia, The Cultural Logic of Computation (Cambridge, Mass: Harvard University Press, 2009) p. 19. 19 B. Latour, ‘Where Are the Missing Masses? The Sociology of a Few Mundane Artifacts’ in WE Bijker and J Law (eds.), Shaping Technology/Building Society: Studies in Sociotechnical Change (MIT Press, 1992) n.

27 R. Leenes, ‘Framing Techno-Regulation: An Exploration of State and Non-State Regulation by Technology’ (2011) 5 Legisprudence 143, p. 160 28 Leenes terms this ‘non-state techno-regulation’ (Ibid.). See also Asscher, supra n. 8, pp. 67, 69. 29 Goldoni, supra n. 5, p. 118. 30 See generally N. MacCormick, Institutions of Law: An Essay in Legal Theory (New York: Oxford University Press, 2007) chs. 1–2. 31 Hildebrandt, supra n. 25, p. 143 et seq.

66 Goldoni, supra n. 5, p. 128. For an early recognition of code’s legalism see J. Boyle, ‘Foucault in Cyberspace: Surveillance, Sovereignty, and Hardwired Censors’ (1997) 66 University of Cincinnati Law Review 177, p. 205. 67 Latour, supra n. 19, n. 1. 68 Bańkowski, supra n. 61; Bańkowski and Schafer, supra n. 38. Representationalism is a key element of the legalistic outlook – see L. Wintgens, ‘Legisprudence as a New Theory of Legislation’ (2006) 19 Ratio Juris 1, p. 5. Hildebrandt characterises this qualitative difference in her discussion contrasting architectural ‘constitutive rules’ (which define the scope of possible behaviour ex ante) and ‘regulative rules’ (which are akin to tradition laws that require to be interpreted to have any effect). See Hildebrandt, supra n. 9, p. 172 et seq. 69 Social networks, for example, are clearly much more than the benign facilitators of ‘openness’ they claim to be.

See Asscher, supra n. 8, p. 84. See also Gürses and van Hoboken, supra n. 4, p. 584 and Z. Yu et al., ‘Tracking Quebec, Canada: ACM Press, 2016) which discusses the prevalence of hidden third-party trackers on websites. 70 L. Wintgens, ‘Legislation as an Object of Study of Legal Theory: Legisprudence’, Legisprudence: A New Theoretical Approach to Legislation (Oxford: Hart, 2002) p. 158; Bańkowski, supra n. 61, p. 46.

103 Fuller, supra n. 14, ch. 2. 104 Ibid., pp. 46–81. 105 Ibid., pp. 43, 156. 106 Ibid., p. 96. 107 See Goldoni, supra n. 5, p. 127, citing J. Waldron, ‘The Core of the Case against Judicial Review’ (2006) 115 Yale Law Journal 1346. 108 Wintgens, ‘Legisprudence as a New Theory of Legislation’, supra n. 68. For an explanation and history of the term ‘legisprudence’, see Wintgens, Legisprudence, supra n. 1, pp. 231–235. 109 Wintgens, Legisprudence, supra n. 1, p. 220.

Undoubtedly these theories do not map directly onto the digital context, and so digisprudence translates their goals into a framework of normative aﬀordances that ought to be present for code to be deemed legitimate. Table 1 below distils Fuller’s and Wintgens’ principles into a ŀrst set of these digisprudential aﬀordances, mapping the characteristics of computational legalism ŀrst onto those principles and second onto the aﬀordances that can ameliorate them. If a code artefact with regulative eﬀect exhibits these aﬀordances – i.e. its design relates to its user in these ways – then it can be argued that it meets a certain minimal threshold of formal legitimacy.

Characteristic of computational legalism Fullerian principle Legisprudential principle Digisprudential aﬀordance(s) Ruleishness Contradictory (v) or impossible (vi) rules Alternativity; Normative density (provenance & purpose); Opacity Promulgation (ii); Intelligibility (iv) Alternativity; Normative density; Coherence (provenance & purpose); (operation) Immediacy Contradictory (v) or impossible (vi) rules; Frequency of change (vii) Normative density; Temporality Delay; Immutability [in]Frequency of change (vii) Temporality; Coherence Oversight; Pervasiveness - Normative density - All of the above - - Contestability Ļ e aﬀordances are simultaneously general and to an extent concrete: they provide a design goal that should be rełected in all user-facing code, regardless of the type of technology, its substantive functionality, or the underlying business model.

Fourth, any such legitimation of a code rule must, by deŀnition, take place at design time. Ļ is is because, unlike positive law, there is little or no scope for reinterpreting the code after-the-fact; code and (latent) reality are one from the point of distribution onward. Digisprudence thus adapts and imports the ex ante frameworks of legitimation from the legal world into the domain of code, using the language of design theory to remain sensitive to how code actually regulates and how designers produce it. Ļ e synthesis of these various theoretical strands is the framework of digisprudential aﬀordances, set out above. 5. Conclusion and future work Ļ is article is an initial, high-level articulation of digisprudence, a theory concerned with the legitimacy of the design of digital artefacts that have regulative eﬀect on human behaviour.

It builds on the philosophies of both law and design in a dialectical structure, the synthesis of which is the framework of digisprudential aﬀordances that it argues should be present in all citizen-facing code. Ļ ese aﬀordances must by deŀnition be consciously implemented at production time, which might be facilitated in part by the design environment to impose ‘constitutional’ constraints on what kind of code can ultimately be produced. Ļ e discussion above of blockchain applications and the digisprudential aﬀordances can only hint at the levels of analysis opened up when the domains of design and legal theory are brought together in this way. Other speciŀc technologies such as machine learning, the Internet of Ļ ings, and robotics will raise many questions when analysed through a ‘digisprudential lens’, both in terms of individual artefacts themselves and the particularities of their production processes.",outputs/batch1/canonical_text_284/03fd54829f02.txt,Laurence Diver,2020,"Law, Innovation and Technology",,https://www.semanticscholar.org/paper/b7a97635870c5a15c94ff83c2036a3f4466ac1b3,DT-C02,1,theoretical | practice | sonification | type | value | kernel | science | example | development | artifact | definition | understanding | constructs | space | structure,"Design theory — Theoretical, practice & sonification [DT-C02]",theoretical | practice | sonification | type | value | kernel | science | example | development | artifact | definition | understanding | constructs | space | structure,"Within the predefined Design theory group, DT-C02 is statistically distinguished by theoretical, practice, sonification. Additional contrastive terms include type, value, kernel, science, example. Representative papers include Theory construction in design research. Criteria, approaches, and methods.; Four Criteria for Design Theories. This is an analysis-frozen statistical interpretation, not a final editorial topic label.",Design theory,Statistical bottom-up interpretation,Prior-pilot assignment retained,Contrastive cluster explanation using adapted class-based TF-IDF; not a predefined codebook classification.,Not assigned by Path 1,Not evaluated in this statistical interpretation,Not applicable,Predefined keyword group,Not assigned,BGE-M3 embedding + Spectral clustering,Not assigned,Adapted class-based TF-IDF interpretation,not_applicable,-1,0.0,theoretical | practice | sonification | type | value | kernel | science | example | development | artifact | definition | understanding | constructs | space | structure,False,False,0,,,8.917098,-3.4678884,0.1919703483581543,23,23,False,"[{'paper_id': '288676f720a1', 'title': 'A design theory for digital platforms supporting online communities: a multiple case study', 'cluster': 2, 'distance': 0.23599869012832642}, {'paper_id': '1728dd2afe4b', 'title': 'Design theory in practice – Making design science research more transparent', 'cluster': 1, 'distance': 0.24736255407333374}, {'paper_id': '4025e28730c1', 'title': 'Conceptual foundations of design problem solving', 'cluster': 0, 'distance': 0.2500147223472595}, {'paper_id': 'd19f5f66d2ba', 'title': 'A Survey of Definition and its Role in Strengthening Design Theory', 'cluster': 1, 'distance': 0.25137925148010254}, {'paper_id': '83d1ebe7d6c0', 'title': 'Design Theory in Information Systems', 'cluster': 1, 'distance': 0.2536364793777466}]"
056ae4e01610,Design theory,Beyond the old game design: a new design paradigm in Game Studies through C-K Theory,"This paper presents C-K Theory (Hatchuel, et al., 2003) as the adequate theoretical formalism to understand, explain, and communicate what happens during the act of designing games and as the instrument to translate into practice existing game design contributions. To frame the need for such a theoretical approach, the paper offers an overview of game design, providing a general definition, outlining its main characteristics and scope, and pointing out some shortcomings and the lack of epistemological knowledge about design theory within Game Studies. In addition to introducing C-K Theory and contextualizing its ontological characteristics as a design theory, the paper presents an explanation of how C-K Theory operates and exemplifies it by visualizing the design of a published game. The paper concludes by addressing some potential issues surrounding C-K Theory that may arise within the Game Studies community due to previous widespread preconceptions and ideas about game design.",12,12,056ae4e01610_p0015;056ae4e01610_p0017;056ae4e01610_p0021;056ae4e01610_p0022;056ae4e01610_p0023;056ae4e01610_p0040;056ae4e01610_p0041;056ae4e01610_p0043;056ae4e01610_p0045;056ae4e01610_p0046;056ae4e01610_p0047;056ae4e01610_p0048,"C-K Theory (Hatchuel, et al., 2003) is a formalism to understand, explain, analyz e, undertake, visualize and communicate design, the act or mechanism of designing. To properly understand its highly abstract nature, it is necessary to provide an overview of how design is defined from a C-K Theory perspective, and what constitutive features C-K Theory has that make it a valid and complete design theory. After addressing these points, C-K Theory can be explained in terms of its operability. In terms of C -K Theory, design is more than producing an object. Design is the attainment of the who le definition of the properties and characteristics of a hitherto unknown but desired object 1 allowing the designer its creation, implementation and realization (Le Masson, et al., 2017). To reach this definition, the designer works with previously known knowledge and situations, such as design briefs, constraints, conventionalities, data, wishes, needs, etc.

Designs are expected to afford functions and properties formulated prior to the design process; otherwise, design would just consist of random idea emergence (Hatchuel, 2018). As design theory 2, C-K Theory represents the current predominant paradigm for design in the field of engineering design and among members of the Design subdiscipline design theory (Design Theory Special Interest Group 3). C-K Theory illustrates fully the ontological elements of most design theories: the affording of generativity, the splitting condition and the synergy of forces of the social spaces (Hatchuel, et al., 2017). The definition and implications of these elements are the following: • Generativity4 is the ability to produce new proposals from known blocks of knowledge, specifications, information or assumptions, but that differ from any previously known combination of these blocks (Hatchuel, et al., 2011; Hatchuel, et al., 2013).

These three elements define innovation in design. On the one hand, high innovative designs showcase high levels of generativity, a strong splitting condition (neither determinism nor modularity) and an unlocking synergy among the different forces within social spaces. While low levels of generativity, a restricted splitting condition caused by strong determinism and modularity, and serious roadblocks around the norms and rules established within social spaces inhibit innovation (Hatchuel, et al., 2017). Apart from its theoretical and abstract components, C -K Theory has a parti cular applicability property: it can be used both as a research method and as a design method to study rigorously specific design situations and for the development of design innovations, respectively. For instance, C -K Theory has been used to analyze the teaching style of arts and industrial design at the Bauhaus, the prestigious German design institution from the decades of the 1920s (Le Masson, et al., 2015), to analyze the generativity of architectural sketches (Brun, et al., 2015), to study the development of several (""smart"") technologies (Le Masson, et al., 2017), as well as for the analysis of the design of the so-called indie games (Pérez Domínguez, 2019).

In addition, a vast body of literature documents collaborations of researchers with institutions, organizations and companies exemplifying the applicability of C-K theory as a design method for the development of innovations in several fields, including development cooperation, mobility, aeronautics, automotive design, healthcare, software (Hatchuel, et al., 2017), bioengineering (Nagel, et al., 2016), public policy (Bertheta, Elsa T. , et al., 2016; Pluchinotta, Irene, et al., 2019) and artificial intelligence, among other kinds of industrial implementations (Hatchuel, et al., 2009; Hatchuel, 2018; Hatchuel, 2018; Le Masson, et al., 2017). When used as design method, designers visualize and document their knowledge, project specifications, as well as their potential ideas according to the structure and operability of C-K Theory.

-- 6 -- The documented academic and industry versatility of C-K theory resides in its generic approach: it applies to and works for any practice, field or discipline of design (Hatchuel, et al., 2018). It facilitates the dialogue between professionals by allowing them to trace and visualize their reasoning and the logic followed when designing. (Hatchuel, et al., 2017). As well, its structure and operability as design method 5 aims at inducing high levels of generativity, the disruption of determinism and modularity, and the augmented synergy of the different forces across the social spaces where design takes place, which in turn favor innovative design. Operability of C-K Theory C-K Theory (Hatchuel, et al., 2003) is formulated around the reasoning styles and perspectives of both the artist and the engineer or researcher: the former trying to devise new worlds and the latter trying to unfold new knowledge (Le Masson, et al., 2017).

The previous presentation about C -K Theory can lead to several discussions and interrogations within the Game Studies community. First: is it necessary to know and use C-K Theory, considering designers can design without the need of a theoretical standpoint explaining what they do? As an academic discipline, Game Studies has the purpose of providing theoretical standpoints explaining everything related to games and play. C -K theory represents a suitabl e theoretical approach to overcome the shortcomings pointed out regarding Game Studies and the act of designing. The simple understanding of design as the interplay between “what if´s” or possibilities and knowledge sheds clarity about what designers do while creating their games. In addition, C -K Theory as a design method is a useful tool for visualizing and communicating design decisions and for tracking what happens while designing.

However, game designers do not need to use C-K Theory as a design method for their games. Game designers and their stakeholders can always decide how to design. Where do game design contributions fit in the context of C -K theory? Game design contributions, as guidelines or precepts that game designers can consider as true assumptions, fall in the category of KNOWLEDGE. A game designer can employ this K to create and influence new Cs and add properties to them. Through different reasoning activities, this K may expand to new Ks . K can also help validate Cs . However, these resources alone do not guarantee quality or success for the designers;

However, this standpoint does not explain the act of designing nor relates to the aforementioned ontological elements of design theories. The concept of framing is also associated to Schön (1983). However, Horst Rittel (1972; 1987) and Herbert Simon (1972; 1996) introduced the idea of structuring or formulating the settings of a problem long before. The important thing to note is that the structuring of the design context is implicit in the activities of designers (Dorst, 2015). Moreover, according to Kees Dorst´s research and case and protocol studies (Dorst, et al., 2001; Dorst, 2015; Lawson, et al., 2009), experienced designers tend to rework and reinterpret the conditions of the design context whereas novice designers tend to observe and consider conditions and precepts as fixed. Can C-K theory be used for the design of board games, gamification, serious games, sound design, virtual reality, monetization systems or ot her topics of interest within Game Studies and in the game industry?

C-K Theory (Hatchuel, et al., 2003) as the current design theory paradigm with extensive academic validation in different disciplines and within different industries (Hatchuel, et al., 2017; Le Masson, et al., 2017) is the adequate theoreti cal formalism to understand, explain and undertake any type of design, including game design. In addition to providing epistemological knowledge about design so far unavailable in Game Studies, C -K Theory also represents a theoretical tool to overcome the shortcomings pointed out by academics and to understand how to work and integrate the different game design contributions in practice and in the classroom. The benefits of its application also extend to the execution of game design; for a more reasoned or conscious design practice, for enhanced communication on how design decisions are made, and for accountability among designers and stakeholders.

The inclusion of C -K Theory and design theory knowledge in Game Studies implies both a reordering of previously available knowledge as well as its extension and expansion (Hatchuel, et al., 2017; Le Masson, et al., 2017). This implies, on the one hand, identifying how C -K Theory benefits or complements the most popular game design contributions, such as the MDA (Hunicke, et al., 2004) or Fullerton´s formal

-- 14 -- and dramatic elements (2008) . And on the other hand, identifying what is the role of other contributions in light of the current paradigm of design theory and assessing to what extent they are still valid or not. C-K Theory also opens the door to a new area of study in Game Studies: the ontology of design; generativity, the splitting condition, and the synergy of social spaces, through the methods of design theory. This involves studying, explaining and visualizing, either with C -K theory or another formalism, how throughout the history of games or in concrete or contemporary contexts and situations, how new and different knowledge emerged from previous knowledge or how knowledge from other domains is or has been integrated and transformed for the design and development of games , how determinism and modularity have been maintained or disrupted throughout the history of games, and how institutions, organizations and even events and circumstances have influenced or continue to influence, accelerating or restricting the decisions made for the design and development of games.

Game design, as presented up to now by Game Studies, represents a series of constructs developed around the understanding, interconnecti on and mutual influence of the academic community and the game industry. Despite the long time that game design contributions have been available, the theoretical foundations about design have been missing. Turning to other disciplines, such as Design and design theory as this paper does, can help answer critical unresolved questions within G ame Studies, as well as validate the discipline, strengthen it, and make it more accessible to other disciplines and people.",outputs/batch1/canonical_text_284/056ae4e01610.txt,Enrique Perez,2023,Digra,,https://www.semanticscholar.org/paper/e2519811712840d36f7232cb309002293ed1ff8d,DT-C02,1,theoretical | practice | sonification | type | value | kernel | science | example | development | artifact | definition | understanding | constructs | space | structure,"Design theory — Theoretical, practice & sonification [DT-C02]",theoretical | practice | sonification | type | value | kernel | science | example | development | artifact | definition | understanding | constructs | space | structure,"Within the predefined Design theory group, DT-C02 is statistically distinguished by theoretical, practice, sonification. Additional contrastive terms include type, value, kernel, science, example. Representative papers include Theory construction in design research. Criteria, approaches, and methods.; Four Criteria for Design Theories. This is an analysis-frozen statistical interpretation, not a final editorial topic label.",Design theory,Statistical bottom-up interpretation,Prior-pilot assignment retained,Contrastive cluster explanation using adapted class-based TF-IDF; not a predefined codebook classification.,Not assigned by Path 1,Not evaluated in this statistical interpretation,Not applicable,Predefined keyword group,Not assigned,BGE-M3 embedding + Spectral clustering,Not assigned,Adapted class-based TF-IDF interpretation,not_applicable,-1,0.0,theoretical | practice | sonification | type | value | kernel | science | example | development | artifact | definition | understanding | constructs | space | structure,False,False,0,,,9.972841,-3.7278528,0.14859116077423096,19,19,False,"[{'paper_id': 'b21a9b4cc5ef', 'title': 'C-K design theory: an advanced formulation', 'cluster': 1, 'distance': 0.11908650398254395}, {'paper_id': 'fd05a25a5e94', 'title': 'Four Criteria for Design Theories', 'cluster': 1, 'distance': 0.20189529657363892}, {'paper_id': '4db508a9681a', 'title': 'Philosophy of design: A meta-theoretical structure for design theory', 'cluster': 1, 'distance': 0.20466554164886475}, {'paper_id': '83d1ebe7d6c0', 'title': 'Design Theory in Information Systems', 'cluster': 1, 'distance': 0.20579057931900024}, {'paper_id': 'c9175ef9ebfe', 'title': 'Management design theories', 'cluster': 2, 'distance': 0.2106553316116333}]"
0bca44c18d6c,Design theory,"Tinkering, tailoring, and bricolage: Implications for theories of Design","Current structural specifications for design theory and guidelines for Design Science fall short of creating theories that account for user tinkering, secondary design tailoring, and the interactions of supporting kernel theories. This paper offers an expansion of design theory conceptualization by incorporating aspects of design which occur in everyday technology use. Currently, design theory is focused solely on the artifact while obscuring the teleological information processes for which they are designed. We propose the addition of environments which can organize kernel theories and provide insight regarding interaction and influence of kernel theory in different use contexts. In addition, the modification of information artifacts and processes as users tinker with, and tailor systems is a necessary aspect of design theory specifications.",12,12,0bca44c18d6c_p0005;0bca44c18d6c_p0010;0bca44c18d6c_p0012;0bca44c18d6c_p0013;0bca44c18d6c_p0015;0bca44c18d6c_p0016;0bca44c18d6c_p0019;0bca44c18d6c_p0022;0bca44c18d6c_p0025;0bca44c18d6c_p0026;0bca44c18d6c_p0027;0bca44c18d6c_p0034,"This reflects the “perv asive view that design science is about ‘things’ an d the things or artifacts of interest in IS are technical systems” (McKay and Ma rshall 2005). The IS field has a number of prescrip tive ‘theories’ for the design of specific classes of information systems, including those to support knowledge processes (Mar kus et al. 2002), systems for vigilant EIS (Walls et al. 1992), and s ystems for e-learning (Jones and Gregor 2006). Othe r researchers have broadened the design research domain to include sof tware development theory, risk management, and orga nizational information services. Each of the design theories p rovides procedural knowledge of how to build inform ation systems but

In this paper, we examine the implications for desi gn theory as we shift from theorizing about an arti fact to theorizing about design as a holistic information process. We argue that design theory itself must account for the tink ering and secondary design that creates an evolutionary trajectory for contextually situated information processes. Additi onal questions are addressed regarding theorizing the roles and interactions of ‘kernel theories’ which comprise design t heories. We suggest that the frameworks of Gregor and Jones (2007) and Hevne r et al. (2004) have been applied by many researche rs as a checklist for qualifying research as design theory and not as models of theoretical development. As a result, re searchers are falling short in their development of strong design theory by not clearly addressing the fundamentals of theor y development.

Gregor (2006) lists design theory as a distinct the ory type that provides “principles of form and func tion, methods, and justificatory theoretical knowledge that are used i n the development of IS” (p 628). It should be note d that most conceptualizations regard design theory as a compos ite theory composed, in part, of other kernel theor ies (justificatory knowledge) drawn from reference disciplines. Many a uthors have simplified the role of design theory an d ascribe to it the role of prediction and explanation of known facts, and whose quality is measured via its usefulness. A s a counter to this approach, we refer to Kuhn’s (1977) characteristics of good theory as embodying “accuracy, consistency , scope, simplicity

and fruitfulness” (1977 p 322). Of particular impor tance in this discussion are the characteristics of : scope, “a theory's consequences should extend far beyond the particular observations, laws, or sub-theories it was initia lly designed to explain”; and fruitfulness, or capable of revealing “new rese arch findings: it should, that is, disclose new phe nomena or previously unnoted relationships among those already known” (K uhn 1977 p 322). Kuhn’s work suggests that design t heories that only prescribe building an artifact subjects these theor ies to a continuous state of trivial verification a nd are unable to “predict novel facts, facts which have been either undreamt of, or indeed have been contradicted by previous or rival programmes” (Lakatos 1973 p 24). As a result, we must consider the value of a design theory in its ability to pred ict novel facts and observations if design theories are not to degenerate to procedural, rather than theoretical, knowledge.

First, researchers must understand that, exce pt in trivial cases, design theories are not single , uniform theoretical structures that operate in a static, simple way. G abriel (2002) and Ciborra (2002) describe bricolage as a way of describing modes of use characterized by tinkering, improvisat ion, and the resulting serendipitous, unexpected ou tcomes. Strong design theory must be able to account for this type of mes sy and ideographic secondary design activity underl ying tailorable technologies. Second, instead of focusing on the patterns of unexpected and the emergent phenomena implicit in the evolutionary trajectory of systems, many researchers have proposed that des ign theories rely on theoretical knowledge from mul tiple references sources. Although kernel theories provide a starti ng point, little consideration has been given to ho w, when, and where kernel theories are applicable.

For example, does e ach kernel theory explain or predict a particular a spect of the design? How does one kernel theory interact with other kernel t heories? In what context, for what system participa nts, and for what tasks do specific kernel theories become relevant to the design? Minger’s (2001) exposition on the multidime nsional world points to the difficulty in simply listing kernel theories for a design without considering the broader impli cations of the context from which kernel theories arose and are being applied. As a result, the core concepts of design theory pre sented by Gregor and Jones (2007) and Hevner et al. (2004) are in need o f additional theoretical elements that can help sup port design theories in a more accurate, broadly scoped, consistent, and process-oriented way.

2006; Kuhn 1962). At the same time, they contend that design theories “must explain how arti facts are created and adapted to their changing env ironments and underlying technologies” (p 82). This would imply t he need for theoretical understanding of the everyd ay reflections and tailoring by system participants which produces the secondary designs and evolution of the information process. It is clear that the guidelines of Hevner et al. (2004) must be extended for a robust design theory to account for this phenomenon.

Design theories frequently specify kernel theories or justificatory knowledge which “provides an expla nation of why an artifact is constructed as it is and why it works” (Gregor and Jones 2007 p 328). Justificatory knowle dge may come from natural science, behavioral science, social science , other designs, or evidence-based justification. G regor and Jones (2007) argue that it is possible “to have a design theory with an incomplete understanding of the micro-theories on which it is based” (p 327). Here we suggest that there are two shortco mings. One is that the function of a theory is to increase explanation of the underlying mechanisms which produce a particular ph enomenon. Although we could construct an artifact w ithout understanding how it works, we contend that this would be atheroretic. It would be a practice or craft, not a theory.

We draw upon the Theory of Tailorable Technology De sign (Germonprez et al. 2007) to provide an example of these two extensions. We characterize this theory as a mid-ra nge theory with further development and testing req uired. However, the theory posits a dual phase design process, thus spe cifying the need understand the secondary phases of tailoring in localized contexts. Mapping the work of Germonprez et al. (20 07) to the design theory specifications (Gregor and Jones 2007) shows considerable overlap. However, Germonprez et al. (2007) extend the model as seen in Figure 1.

Anatomy of Design Theory (Gregor and Jones, 2007) Theory of Tailorable Technology Design (Germonprez et al., 2007) 1. Purpose and Scope Systems that are intended to b e modified in the context of use 2. Constructs Definition of construct of tailoring

6. Justificatory knowledge Overlapping concepts fro m prior literature 7. Principles of implementation None provided 8. Expository instantiation Web portal case Additional Theoretical Aspects Provided Kernel theory relationships: Active and reflective environments Tinkering, improvisation, design through use in practice

We, as design researchers, no longer prescribe the full class of technologies in the marketplace. Where we once designed the characteris tics behind such technologies as GSS, GDSS, or expe rt systems, we are now in a position of explaining, a posteriori , the world around us. Furthermore, where technolog ies were once stand-alone systems, they are now a constant morphing of new te chnologies and information. They are not stable, th ey are not predictable, and they are not solitary artifacts. O ur construction of design theory must account for t hese observations or lose credibility as theory. We propose that design researchers need to frame th e initial design activities of these interactionist cognitive-technical systems in different rhetorical terms and construct theories which account for participants’ interacti ons in a life world created with these emerging technologies.",outputs/batch1/canonical_text_284/0bca44c18d6c.txt,"Hovorka, Dirk S. (1); Germonprez, Matt (2)",2009,"15th Americas Conference on Information Systems 2009, AMCIS 2009",,,DT-C02,1,theoretical | practice | sonification | type | value | kernel | science | example | development | artifact | definition | understanding | constructs | space | structure,"Design theory — Theoretical, practice & sonification [DT-C02]",theoretical | practice | sonification | type | value | kernel | science | example | development | artifact | definition | understanding | constructs | space | structure,"Within the predefined Design theory group, DT-C02 is statistically distinguished by theoretical, practice, sonification. Additional contrastive terms include type, value, kernel, science, example. Representative papers include Theory construction in design research. Criteria, approaches, and methods.; Four Criteria for Design Theories. This is an analysis-frozen statistical interpretation, not a final editorial topic label.",Design theory,Statistical bottom-up interpretation,Prior-pilot assignment retained,Contrastive cluster explanation using adapted class-based TF-IDF; not a predefined codebook classification.,Not assigned by Path 1,Not evaluated in this statistical interpretation,Not applicable,Predefined keyword group,Not assigned,BGE-M3 embedding + Spectral clustering,Not assigned,Adapted class-based TF-IDF interpretation,not_applicable,-1,0.0,theoretical | practice | sonification | type | value | kernel | science | example | development | artifact | definition | understanding | constructs | space | structure,False,False,0,,,9.880059,-3.3591087,0.07686847448348999,6,6,False,"[{'paper_id': '83d1ebe7d6c0', 'title': 'Design Theory in Information Systems', 'cluster': 1, 'distance': 0.11637842655181885}, {'paper_id': 'c2c57ac5453e', 'title': 'Theory construction in design research. Criteria, approaches, and methods.', 'cluster': 1, 'distance': 0.12663447856903076}, {'paper_id': 'fd05a25a5e94', 'title': 'Four Criteria for Design Theories', 'cluster': 1, 'distance': 0.1286887526512146}, {'paper_id': 'f56243f52335', 'title': 'Theory construction in design research Criteria: Approaches, and methods', 'cluster': 1, 'distance': 0.13087338209152222}, {'paper_id': '4db508a9681a', 'title': 'Philosophy of design: A meta-theoretical structure for design theory', 'cluster': 1, 'distance': 0.14595574140548706}]"
0e02199ea150,Design theory,The Inspiration of Design Affairology to Hcd in Post Humanism Era,"The purpose of this paper is to establish a post humanistic context of evaluation of a variety of contemporary design trends, and then put forward a preliminary concept of post humanism design. the post humanism here is not only the sociological phenomenon brought about by the embodiment and separation emphasized in “instrumental humanism” ②, or the ""techno Enchantment"" of ""trans-humanism"". This paper tries to combine the post-humanism with structuralism, design rationalism and other theories that have far-reaching influence on contemporary design, and puts forward an idea of a solution combined with various dilemmas and problems in the field of design theory and design history.",12,12,0e02199ea150_p0008;0e02199ea150_p0009;0e02199ea150_p0010;0e02199ea150_p0016;0e02199ea150_p0017;0e02199ea150_p0018;0e02199ea150_p0019;0e02199ea150_p0030;0e02199ea150_p0031;0e02199ea150_p0036;0e02199ea150_p0038;0e02199ea150_p0040,"As an important part of the trend of postmodernism, post -modernist design always attributes many contradicti ons in modern society to the meta -narrative tendency contained in the spirit of modernism, emphasizing uncertainty and advocating self -pursuit. But this kind of reform impulse based on binary opposition can't break through the boundary of individualism. In a sense, this phenomenon also reflects the confusion and differentiation of postmodernism aesthetics in contemporary society. And literary analogy, it can be seen as ""theory of time"" after the pursuit of the inevitable result of the ""context"", namely ""of a particular ethnic/national literature and culture phenomenon is explained by the hard to avoid in the process of being questioned and were modified, even was built based on the practice of western literature and the phenomenon of [5]."" , on the other hand, we also can be as from the phenomenology of the emphasis of contemporary aesthetic imagery theory in a capitalist society of anthropocentrism caused by individual as the core of human resources system's emphasis on the contradiction between the value of art and art binding, namely art if as the essence of beauty and occurs in people the image of the world [6].

Then the aesthetic which has meaning in essence only takes place in the most direct life world of the appreciator, and the occurrence of beauty ha s no direct connection with the artist. However, in the resource system with human individual as the core under capitalism, because it interprets the operation mode of the resource system as ""ownership"", it can only maintain a capital -artist-art-aesthetic value system with ""artwork"" as the core by shaping ""artist"" as the medium. This is essentially in conflict with the image world emphasized by contemporary aesthetics, but under the humanistic values, capital can make up the gap between the image world and the commercial value of art by emphasizing the ""transcendental inestimable value"" of artists as human individuals. However, under the restriction of humanism's modern subjectivity -- ""the red line of man"", the contemporary aesthetic theory has always been unable to break through the shackles of ""artwork"" and ""artist"" to achieve the unification of aesthetics and methodology, that is, a methodology that can unify ""art"" in morality and practice.

the contradiction of modernism is not completely and is difficult to establish with sufficient constructive theory to set up the broad consensus in the reform of the division of power. In the broad sense, design is closer to the ""purposeful creative activity of human beings"" on which design science relies, which can be separated from the concept of vocational technology[4]1 7. However, if we combine the anthropological point of view, it is not difficult to find that the premise of ""human sociality"" is that ""human purposeful creation activity"" described in the outline of design philosophy. When Liu Guanzhong discusses the birt h of ""artificial objects"", he emphasizes that the artificial objects were born when the ""ancestors"" first consciously smashed the stones to get the sharp stone tools. This is the birth of artificial objects, because they hide the human purpose, is the proj ection of human purpose and concept.

pattern is being rapidly repl aced in a wide range of cultural areas "" [8]. Thing is a wide range of signifiers in the field of design, and it is the binding force of the random manifestation process of things in the study of the ""pattern"" created by the concept of ""design"", while the thing is the embodiment of things outside the study of the ""pattern"" created by the concept of ""design"". This shows that in the vision of the discipline conceived by design science, ""the study of the phenomena of the various things that happen around us and their common nature and general laws"" does not merely mean that science and physics go hand in hand. Here ""phenomenon"" is not defined by husserl's ""the present"" of things, it describes the inevitable is a ""spontaneous generation nature and law of"" the ""r elationship"" of model research, rather than in the traditional sense of ""anthropocentrism"" people -oriented design method of ""things"" transcendental pattern design of narrative as the object of study.

In the human-oriented design method, ""things"" will not l ead to ""phenomena"" with ""nature"" and ""laws"", and the driving force of causing phenomena must be human individuals. Therefore, only by generalizing life based on the phenomena caused by human individuals can the design practice value of ""how to make life serve people"" be achieved. Here, too, we can see the post -dualist tendency implied by design affairs, because in design affairs, ""phenomenon"" is not ""the appearance of things in human consciousness."" The ""thing"" becomes the new subject, the subject initiates the phenomenon and constructs the system, and the human individual is only one of the ""things"". The ""Essence"" becomes the ""Common Essence"", and the stable directed structure becomes a loose and changeable free relation. As ""there being"" as the object of d esign research been replaced by ""pattern"", this design research method based on information theory also implies the research method in the post -humanism era, showing the breakthrough of traditional design research method at the philosophical level.

On the other hand, it is not hard to see the color of dehumanization compared with the human -centered design method. Now that ""thing"" replaced the ""person"" or ""object"" and ""people and objects"", is ""people"" is no longer with exceptional status research object or prior research conditions, the design theory of ""user"" is no longer all design research purpose and meaning, furthermore, after the era of humanism design no longer serves any purpose or meaning in the research method, This is because the narrative of the s ubject of modernity, which constitutes purpose and meaning, is no longer a prerequisite for design in the post -humanism era. From the perspective of post -humanism, there is no doubt that the philosophy of design is an important inspiration to the design methodology derived from the traditional human -oriented cognition method in the post-humanism era.

The discipline vision conceived by the philosophy of design coincides with the post-humanism reflection on the hegemonic perspective in the field of design. Combined with the contents of the first part and this part, we can now give a relatively clear positioning of ""design in the post -humanism era"". Post -humanism design emphasizes the reinterpretation of the category of the concept of design by the definition o f design beyond practical methodology. After the era of humanism design emphasizes the humanist era because it originated in the era of humanism, not because this theory can only explain the methodology of the humanistic era, also does not mean that it has an emphasis on or a default the matching of ""and"" the tendency of ""humanistic design of the era of"". The reason why we emphasize design in the post -humanism era is that design is an unfinished theoretical framework, and because of its conflict with the ex isting disciplinary system, we need to try to avoid a series of ambiguities caused by this concept when quoting the theoretical achievements in the existing disciplinary system.

That is to say, after the era of humanism design as a kin d of science, is the change and shape development model ""things"", namely the study of patterns in real system, the importance of ""human"" is just a concrete practice situation under certain conditions, and is not born by this methodology, just as one aspect of the human body after, but not all. Only by clarifying this point can we correctly view the relationship between the traditional ""people -oriented"" design method and the design science in the post -humanism era. In other words, ""people -oriented"" design me thod is the mainstream method of post-human epistemology, which design science in the post -humanism era relies on, in the practical situation of human civilized society in the humanism era, and it has important reference significance for design methods in different situations.

And on the basis of this view we can understand, why after the era of humanism design should emphasize design needs to be beyond the connotation of the practice situation in response to the changing practice today, and also can accept different scenarios as a core subject in the past design produced by the different design methods, That is, a new, post -humanist view of the history of design. A decentralized view of the history of design, rather than starting from the modern West. And p opularize an epistemology of design in the post-humanism era, which transcends the practice situation methodology and conforms to the context of the current era. 4. The Relationship between Cross -Humanism and Post -Humanism in the Post -Humanist Era of Design Transhumanism, as a point of view highly related to literary romance, has been mentioned in more and more design theories and practices, but we need to emphasize the differences in the common context and vision between transhumanism and post -humanism, especially in the consideration of the relevance of design in the post -humanism era.

But on the other hand we should also note that across the humanism is still as one of the traditional sense of the aesthetic theory of ""imagery"" will be the reflection of modern subjectivity with the combination of art and design, its inherent humanism kernel is not only in practice, but also in humanism on discipline system design of the era of the reverse of the construction. On this point we can quote Francis Fukuyama in Our Post -Human Future, in which, despite Fukuyama's emphasis on the inevitability of the post-human subject, the future of the post -human subject in Fukuyama's view is revealed ""in the future of our ability to change 'human nature', as science gradually puts it"" [12]. This also reveals the fundamental contradiction between transhumanism and post-humanism towards the post-human subject. Post-humanism emphasizes that post -human subject is an epistemological post -humanist discourse paradigm, while trans -humanism pursues more of a technological openness, which includes but is not limited to artificial i ntelligence, transgenic engineering, etc.

They complement each other in practice, but diverge in theory. The emergence of transhumanism in the field of design in the 21st cen tury is not only a literary vision of a better future life under the human purpose of decentralization derived from technology fanaticism, but also a variety of ideas with human purpose as the starting point. But just as post-humanism opposes dualism, post -humanism design should also oppose the biparticiple post-humanism and trans -humanism. In fact, from the perspective of traditional humanism, post-humanism seems to have no interest in emphasizing the iteration or originality of its own theory, as opposed to clearly establishing a theoretical framework. Therefore, design science in the post-humanism era is opposed to any design research with a transcendental purpose, and is not committed to opposing the application of design methodology with the characteris tics of human centrality.

The development of all disciplines in the post -humanism era is based on the reflection of h umanism. Design, a concept born in the post -humanism era, naturally has the post -humanism characteristics contained in this era, and its development and application will inevitably follow the characteristics and development of the post -humanism theory. The development prospect of design in the post -humanism era is the development of epistemology beyond the practice situation methodology, which is also the development trend of the construction of design itself. Post -humanism is often misunderstood as trans-humanist technology fanaticism and technology embodied worship, but this is not what post-humanism emphasizes. Post -humanism emphasizes post -humanist epistemology and post -human subject, which is not a technological product, but a cognitive deconstruction o f the ""self"" subject.",outputs/batch1/canonical_text_284/0e02199ea150.txt,Bai Yu,2021,International Journal of Frontiers in Sociology,,https://www.semanticscholar.org/paper/f10d15a36e1a2d6f31eb975c6a8223f94685740f,DT-C01,0,product | cognitive | impact | load | cognitive load | human | technology | science | understanding | designers | function | conceptual | engineering | methodology | theoretical,"Design theory — Product, cognitive & impact [DT-C01]",product | cognitive | impact | load | cognitive load | human | technology | science | understanding | designers | function | conceptual | engineering | methodology | theoretical,"Within the predefined Design theory group, DT-C01 is statistically distinguished by product, cognitive, impact. Additional contrastive terms include load, cognitive load, human, technology, science. Representative papers include Conceptual foundations of design problem solving; Design Theory and Method of Complex Products: A Review. This is an analysis-frozen statistical interpretation, not a final editorial topic label.",Design theory,Statistical bottom-up interpretation,Prior-pilot assignment retained,Contrastive cluster explanation using adapted class-based TF-IDF; not a predefined codebook classification.,Not assigned by Path 1,Not evaluated in this statistical interpretation,Not applicable,Predefined keyword group,Not assigned,BGE-M3 embedding + Spectral clustering,Not assigned,Adapted class-based TF-IDF interpretation,not_applicable,-1,0.0,product | cognitive | impact | load | cognitive load | human | technology | science | understanding | designers | function | conceptual | engineering | methodology | theoretical,False,False,0,,,10.442145,-5.0209746,0.15200912952423096,14,14,False,"[{'paper_id': '4db508a9681a', 'title': 'Philosophy of design: A meta-theoretical structure for design theory', 'cluster': 1, 'distance': 0.19937187433242798}, {'paper_id': 'ceac90427122', 'title': 'Design-oriented human-computer interaction', 'cluster': 0, 'distance': 0.20482957363128662}, {'paper_id': '3f7b5dc9fc40', 'title': 'Concerning the Epistemology of Design: The Role of the Eco-Cognitive Model of Abduction in Pragmatism', 'cluster': 0, 'distance': 0.21075785160064697}, {'paper_id': '9f9f7295ec8c', 'title': 'Affordance based design: a relational theory for design', 'cluster': 0, 'distance': 0.21140789985656738}, {'paper_id': '4025e28730c1', 'title': 'Conceptual foundations of design problem solving', 'cluster': 0, 'distance': 0.22244012355804443}]"
0ecb6c9b7eeb,Design theory,Pluralism in Knowledge Management: a Review,"The purpose of this article is to review the role of simultaneous application of multiple perspectives, or pluralism, in knowledge management, and to describe theoretical frameworks that support pluralism. Pluralism is defined as support for all three of the systems perspectives - hard, soft, and critical - that are implicit in the popular Davenport and Prusak (1998) definition of knowledge. These perspectives are associated with research paradigms (positivist, interpretivist, pluralist) and knowledge perspectives (application, normalization, creation). A case study of coordinating work in a hospital is reviewed to illustrate the role played by pluralistic approaches in knowledge management. A literature search is conducted to find frameworks that support pluralism. The findings are as follow. In the hospital case study the introduction of a patient record system (hard system) was the occasion for changes to both coordination (soft systems) and power relations (critical systems). Facts, norms and feelings are intertwined. While the electronic tool by itself is neutral in the face of power relations, its use in organisations is not. In this case at least, a holistic and pluralistic approach to knowledge management is required. In the search for frameworks to support pluralism, more than 50 frameworks from the general knowledge management literature are identified. Of the eight selected for further study, three are found to be pluralistic. These three - critical systems, scientific discourses, and Habermasian inquiry - share common characteristics. All three recognise that conflict is the precondition to knowledge creation, and that power relations, value commitments, and ethics are central to knowledge management. It is concluded that the knowledge management literature as a whole favours a single systems perspective (hard systems); a single research paradigm (positivism, focusing on objective facts); and a single knowledge management domain (knowledge application). This singular (non-pluralistic) approach produces theories about knowledge that has already emerged. Yet the Davenport and Prusak (1998) definition of knowledge and the hospital case study include two other perspectives - soft systems and critical systems - that focus on the organizational and individual aspects of emergence, respectively. In practice, knowledge management must address the need to simultaneously solve technical problems, resolve interpersonal issues, and dissolve personal conflict. The contribution of the paper is the comparison of knowledge management frameworks on the basis of underlying system perspectives, and the identification, description, and application of some pluralistic frameworks. Each systems perspective constitutes a different discourse on the purposes served by knowledge management, and pluralisms are required to integrate them. Pluralisms constitute both a framework for inquiry in knowledge management and a design theory for collaborative technologies. The review is not exhaustive. It is beyond the scope of this paper to examine the link between the purposes served by knowledge management and the methodology required for development. The paper contributes to the literature that seeks to understand the complexity of knowledge management practice via 'awareness of the potential and the implications of the different discourses in the study of knowledge and knowledge management'.",12,12,0ecb6c9b7eeb_p0004;0ecb6c9b7eeb_p0005;0ecb6c9b7eeb_p0007;0ecb6c9b7eeb_p0010;0ecb6c9b7eeb_p0015;0ecb6c9b7eeb_p0018;0ecb6c9b7eeb_p0022;0ecb6c9b7eeb_p0023;0ecb6c9b7eeb_p0027;0ecb6c9b7eeb_p0033;0ecb6c9b7eeb_p0042;0ecb6c9b7eeb_p0044,"Pluralisms constitute both a framework for inquiry in knowledge management and a design theory for coll aborative technologies. The review is not exhaustive. It is beyond the scope of this paper to examine the link between the purposes served by knowledge management and the methodology required for development. The paper contribut es to the literature t hat seeks to understand the complexity of knowledge management practice via ‘awa reness of the potential and t he implications of the different discourses in the study of knowledge and knowledge management.’

“Our objective with this analysis is to ra ise IS (information systems) researchers’ awareness of the potential and the implications of the different discourses in the study of knowledge and knowledge management.” Schultze and Leidner (2002, p. 213). Knowledge management is a broad and relatively new field central to understanding the modern service-based, knowledge-intensive economy. Re searchers come to knowledge management from different disciplinary backgrounds, to work on a br oad range of topics, guided by a variety of images (Morgan, 2006), analogies, and research approaches. A mode of organizing knowledge, ideas, or experience (discourse) is required to reduce t he fragmentation and contradictions in knowledge management theory, and in knowledge management practi ce. In the remainder of this introductory section three perspectives on knowledge management are introduced, the need for their simultaneous application in theory and in practice briefly investigated, and research objectives stated.

social contexts. The hard system perspective typi cally employs a positivist research paradigm to study the efficient collection, stor age and dissemination of objective data ( knowledge application ). The soft systems perspective treats knowledge as ta cit, generated and consumed in social action. The assumption is that knowledge is innovation in a social context. The soft system perspective typically employs an interpretivist research paradigm to study participatory organizational practices and their relationships to mutual expectations or norms ( knowledge normalisation ). The critical system perspective treats knowledge as a personal creation that is aspira tional and contested. The assumption is that knowledge is directly connect ed to power, and power to knowledge. The critical systems perspective typically empl oys a pluralist research paradigm to study the coercive use of power (knowledge creation). (Guo and Sheffield, 2008) 1.2 Pluralistic perspectives in theory A popular working definition of the field is provided by Davenport and Prusak (1998): “Knowledge is a fluid mix of framed experienc e, values, contextual information, and expert insights that provides a framew ork for evaluating and incorporating new experiences and information.

The three clusters consti tute a typology of knowledge management theory and practice. These are seen as emphasizing the fa ctual, interpersonal, and personal aspects of knowledge phenomena, respectively. Figure 1 illustrate s how this cluster of aligned theoretical concepts may be used to deconstruct the Davenport and Prusak (1998) definition. www.ejkm.com 388 ©Academic Conferences Ltd

The literature favours a hard systems (positivist) approach that prioritizes observation and generalization over action to improve practice in a particular context (Guo and Sheffield, 2008). The current study aims to surface systems perspectives underly ing knowledge management theory, and to select frameworks that embrace pluralism for further study. Non-pluralistic and pluralistic frameworks located in a search of the general knowledge m anagement literature are presented in the next two sections. 2. Frameworks in knowledge management Because knowledge management is a heterogeneous fi eld researchers engaged in different topics and communities may observe different phenomenon and report different findings. Croasdell, et al. (2003) examines the 76 research papers presented at the Hawaii International Conference on System Sciences (HICSS) during the period 1998–2002.

The general knowledge management literature is sear ched for frameworks influential in developing a common vocabulary among members of different knowledge management research communities. Promising frameworks are those t hat score against three criteria: foundational theory (that is, frameworks that develop and/or re view concepts and relationships, taxonomies and perspectives of theoretical importance, and/or of broad applic ation to knowledge management researchers); impact (frameworks frequently cited by knowledge management authors); inquiry (frameworks that develop or review the philosophical assumptions underlying knowledge management research and/or research paradigms). The search process deliv ered more than 50 frameworks that scored well against a single criterion, including the following:

Exchange: the knowledge market. (Grover and Davenport, 2001). The exchange and flow frameworks are both oriented to promoting or ganisational success through efficient knowledge transfer. However, unlike the knowledge management value-chain, the exchange framework attempts to describe individuals’ rational motivations for sharing knowledge with each other. This framework assumes that the very act of sharing knowledge will lead to benefits and so the imperative for the organization is to find means of increasing the efficiency of the market. (Hard systems).

Transformation: knowledge conversion. (Nonaka, 1994). SEC I (socialization, externalization, combination, internalization) focuses on the social pr ocesses at work in the tr ansformation of explicit to implicit knowledge, and vice versa. Insomuch as the SECI model does not dwell on the technical systems required for the (non-transformative) storage and dissemination of explicit knowledge, nor on the preconditions required to address power relations, it does not fully investigate the role of objective facts and personal values. (Soft systems). www.ejkm.com 390 ©Academic Conferences Ltd

Jackson (2005) broadens the dialogue between k nowledge management and systems thinking to include a variety of theories and methods, and empl oys the latter to critique knowledge management frameworks. A particular focus is how know ledge management deals with the conditions enabling knowledge creation. (Tackeuchi and Nonaka, 2004). Knowledge creation is seen as a dialectical process in which the deeply held beliefs and (val ue) commitments of individuals “is dynamically created out of contradictions in a dialectical proc ess” whereby “individuals confront their own most cherished assumptions and a synthesis of different perspectives emerges” (Jackson 2005, p. 190). A social systems approach that champions human agency and employs an interpretivist approach to inquiry is considered a necessary but insufficient move away from more static and mechanistic approaches that focus on objective facts.

Guo and Sheffield (2007) develop a critical pragmatist system of inquiry (Forester, 1993). The system combines elements of pragmatism (Churchman, 1971; Menand, 2001) and Habermas’s Theory of Communicative Action (Habermas 1984, 1987). The focus is on practice, and the use of the system is intended to provide a ‘universally pragmatic fr amework useful in managing the complexity, and conceptualizing the richness, of knowledge phenomena’. The framework is organized as a three-level integrating structure based on Habermas’s three knowledge interests (technical, practical, and emancipatory) and the rationality associated with each. (Habermas, 1968). The other three design elements (Churchman’s roles, knowledge dynamics, and research paradigms) are positioned according to these three encompassing levels. The resulting framework ‘represents a complex learning system, where there are bidirectional loops between each pair of the three levels of rationality’. (Figure 3).

The literature search identified more than 50 knowledge management theoretical frameworks, but only three that are pluralistic. It is concluded that the knowledge management literature as a whole favours a single systems perspecti ve (hard systems); a single re search paradigm (positivism, focusing on objective facts); and a single knowledge management domain (knowledge application). (Table 1). This singular (non-pluralistic) appr oach produces theories about knowledge that has www.ejkm.com 394 ©Academic Conferences Ltd

In practice, knowledge management must addre ss the need to simultaneously solve technical problems, resolve interpersonal issues, and disso lve personal conflict. A holistic and pluralistic approach to organizing knowledge, ideas, and experience, is required. The contribution of the paper is the comparison of knowledge management fr ameworks on the basis of underlying system perspectives, and the identificati on, description, and application of pluralistic frameworks. These systems perspectives constitute different disc ourses on the quite different purposes served by knowledge management. They therefore constitute important aspects of design theory for collaborative technologies that addre ss situations in which facts, norms and feelings are intertwined. It is beyond the scope of this paper to examine the link between purpose and methodology.",outputs/batch1/canonical_text_284/0ecb6c9b7eeb.txt,"Sheffield, J. (1)",,Electronic Journal of Knowledge Management,,,DT-C03,2,management | service | learning | social | support | theoretical | development | literature | evaluation | practice | analysis | gregor | practitioners | empirical | digital,"Design theory — Management, service & learning [DT-C03]",management | service | learning | social | support | theoretical | development | literature | evaluation | practice | analysis | gregor | practitioners | empirical | digital,"Within the predefined Design theory group, DT-C03 is statistically distinguished by management, service, learning. Additional contrastive terms include social, support, theoretical, development, literature. Representative papers include Web-based information systems: Developing a design theory; Management design theories. This is an analysis-frozen statistical interpretation, not a final editorial topic label.",Design theory,Statistical bottom-up interpretation,Prior-pilot assignment retained,Contrastive cluster explanation using adapted class-based TF-IDF; not a predefined codebook classification.,Not assigned by Path 1,Not evaluated in this statistical interpretation,Not applicable,Predefined keyword group,Not assigned,BGE-M3 embedding + Spectral clustering,Not assigned,Adapted class-based TF-IDF interpretation,not_applicable,-1,0.0,management | service | learning | social | support | theoretical | development | literature | evaluation | practice | analysis | gregor | practitioners | empirical | digital,False,False,0,,,8.830468,-4.454264,0.1845782995223999,17,17,False,"[{'paper_id': 'c9175ef9ebfe', 'title': 'Management design theories', 'cluster': 2, 'distance': 0.24878239631652832}, {'paper_id': '83d1ebe7d6c0', 'title': 'Design Theory in Information Systems', 'cluster': 1, 'distance': 0.2504725456237793}, {'paper_id': 'd250dc6eb9d9', 'title': 'Systems Thinking and Design Thinking: The Search for Principles in the World We Are Making', 'cluster': 0, 'distance': 0.25223708152770996}, {'paper_id': '4025e28730c1', 'title': 'Conceptual foundations of design problem solving', 'cluster': 0, 'distance': 0.2584940195083618}, {'paper_id': 'c0372ed4d123', 'title': 'Web-based information systems: Developing a design theory', 'cluster': 2, 'distance': 0.26232290267944336}]"
103eb1a8586b,Design theory,Incommensurability and multi-paradigm grounding in design science research: Implications for creating knowledge,"The problem identification-design-build-evaluate-theorize structure of design science research has been proposed as an approach to creating knowledge in information systems and in broader organizational and social domains. Although the approach has merit, the philosophical foundations of two specific components warrant attention. First, the grounding of design theory on potentially incommensurate kernel theories may produce incoherent design theory. In addition, design theory has no strong logical connection to kernel theories, and so cannot be used to test or validate the contributing kernel theories. Second, the philosophical grounding of evaluation may inadvertently shift from functionally based measures of utility and efficiency, to evaluation based on the pragmatic fulfillment of multidimensional human actions as people encounter information systems, resulting in evaluation errors. Although design and evaluation from a single paradigm is not desirable, sufficient, or representative of design science research, multi-paradigm grounding of design and evaluation must be realized and used consciously by the research community if the design science approach is to remain a legitimate approach to knowledge creation. © IFIP International Federation for Information Processing 2010.",12,12,103eb1a8586b_p0008;103eb1a8586b_p0011;103eb1a8586b_p0012;103eb1a8586b_p0013;103eb1a8586b_p0014;103eb1a8586b_p0015;103eb1a8586b_p0016;103eb1a8586b_p0017;103eb1a8586b_p0028;103eb1a8586b_p0041;103eb1a8586b_p0042;103eb1a8586b_p0043,"This paper seeks to shift the focus away from the m ethod of DSR, to a deeper consideration of the philosophical assumptions underlying knowledge claims resulting from the DSR approach. The goal of this research is to reinvigorate discus sion of the philosophical foundations by which the DSR approach creates and evaluates knowle dge. By peering underneath the guidelines and structure which are becoming dominant in DSR, t o examine foundational concepts in the creation and refinement of scientific knowledge, re searchers will better prepared to justify their choice and use of kernel theories and the evaluation of their knowledge claims. To focus this discussion, this research focuses on two aspects that have received little attention: 1. Potential incommensurability in the selection, use, and interactions of kernel theory in DSR, and subsequent implications for kernel theory validation.

2004). However, little attention has been paid to either the potent ial problems resulting from selection of kernel theories from paradigmatically distinct origins, or how a new design theory can be used to test a kernel theory upon which it is somehow based. Refin ement of kernel theories, and evaluation of the resultant design theory, becomes problematic if the causal contributions and interactions of

the kernel theories cannot be compared against a sh ared measurement. In raising the question of kernel theory incommensurability, it is assumed tha t theory incommensurability and concept incommensurability are salient (Kuhn 1977; Burrell and Morgan 1979; Andersen et al. 2006) and have not been cast aside. The principles of design are frequently drawn from multiple disciplines. For example, Germonprez et. al. (2007) was grounded in principle s from information systems, computer science and Human Computer Interaction, in addition to architecture, music, and cybernetics. Each of these disciplines contributed to the propos ed theory of Tailorable Technology. The theory of Organizational Memory Information Systems (Stein and Zwass 1995) was grounded upon a model of organizational level effectiveness and a model of individual level memory. As a third example, the theory of Learning-Oriented Know ledge Management Systems (Hall et al.

2003) was grounded in Churchman’s (1971) theory of inquiring systems and Simon’s (1969) intelligence-design-choice model as kernel theories (Walls et al. 2004). Interestingly, none of these design theories discussed the appropriateness of combining theories which account for phenomenon at different levels of analysis (organizational vs. individual) or in distinctly different disciplines (organizational behaviour vs. psychology; architecture vs. HCI). This raises a question of two potential types of philosophical conflict: c ombining incommensurate theory derived from different methodological or ontological assumptions (Kuhn 1977), and combining incommensurate concepts in which conceptual meaning varies between disciplines (Andersen et al. 2006). The Problem of Incommensurability Incommensurability is a concern in many disciplines with pluralist traditions. It defines a relation between entities and raises a potential pr oblem for combining paradigms, theories, and

concepts. A full discussion of the ongoing debate o n incommensurability is beyond the scope of this paper, but a synopsis will provide a perspecti ve on the problem and its relevance to grounding in DSR. Incommensurate theories come from ontologically distinct paradigms, such that the theories are mutually unintelligible. Two distinct theories representing systems of orientation (e.g. methods, paradigms) are considere d incommensurate if they present conflicting perspectives about possible actions or language, an d an acceptable reference system from which to evaluate both theories is lacking (Scherer 1998). There exists no common measure by which to determine the appropriateness of each theory, and t he result of combining these theories as justificatory knowledge for a new design theory would be incoherent. Thus, a theory based on the symbolic meaning attached to an information system by users and it’s subsequent use patterns is incommensurate with a theory positing the independe nt material variables contributing to a dependent variable measured as system performance.

It is meaningless to refer to the cognitive sense-making of material variables, and unwarranted to look for causal-mechanical explanation of human subjective understanding of systems. Sugge sting that these are incommensurate as kernels for design theory does not to privilege one theory over the other. Each in its own right may provide a foundation for new design theory. But we should place a critical eye on combining paradigmatically incommensurate kernel theories in DSR, as they constitute entirely different views of the world. Furthermore, to suggest that kernel theories may be incommensurate does not contradict the value of pluralism in research (Ming ers 2001), as mixed method studies are intended to discover truths about the world, not to build novel artifacts. The role of theory in discovery research is quite distinct from the role of kernel theory in DSR.

evaluation of good theory be based on accuracy, sim plicity, scope, consistency and fruitfulness. But Kuhn (1962) recognises the inherently social an d practical underpinning of these criteria. There is no objective measure by which to determine which theories would best serve as kernels for new designs. The approach used by Kuechler an d Vaishnavi (2008) diminishes this problem by drawing kernel theory from experimental results in domains (e.g. cognitive and social psychology and education) closely associated with t he problem domain of the designed artifact. But even with such an approach to reducing the pote ntial problems of incommensurability, we are unable to claim that these kernel theories are the best theories upon which to base design research. For every set of selected kernel theories , there exist alternative kernel theories from which design knowledge could potentially be develop ed for the same problem space.

This discontinuity between the subjective selection of k ernel theory and the desired functionalist evaluation of design theory places a significant bu rden on the evaluation of all knowledge contributions made by a DSR approach. Also salient is conceptual or linguistic incommensu rability of similar terms drawn from different reference disciplines. Although there are multiple theories of concepts, some consensus suggests that conceptual incommensurability varies in degree and importance, but does occur between cognitively derived human conceptual struct ures (Andersen et al. 2006). Much of the debate has revolved around conceptual changes over time within a single discipline, but the problem also exists as concepts are imported across disciplinary boundaries. Two potential problems arise here. First, not recognising differe nces in concepts is likely to result in an attempt to relate, in a theoretical manner, two ideas that are individually coherent and clear but are not in any way associated. Second, as the evaluation phase attempts to refine kernel theories, the researcher will have lost the ability to distinguis h between the concepts and will be unable to

Human agency and learning play a large role in enactment of technology (Boudreau and Robey 2005). Human actors who tailor information processes are acting as secondary desig ners in the ongoing creation and recreation of information environments. This is fundamental human activity but currently not recognized in most design theorizing. Although guidelines for des ign theory fall short of creating theories that

research domains. Whereas the DSR approach has enor mous potential for knowledge creation in a variety of domains, care must be taken to compreh end and articulate the philosophical underpinnings of theory building and evaluation to avoid grounding knowledge on unwarranted amalgamations of paradigm-bound concepts and the cr eation of incoherent design theory. While design theory development may be influenced by more than one paradigm, and can be evaluated from multiple perspectives, awareness of the need f or clarity when grounding design theory in multiple kernel theories or potentially incommensur ate concepts will strengthen the legitimacy of DSR. First, design theories of artifacts, be they instan tiations, algorithms, managerial programs, constructs, or organizational structures, are all models for enabling human action and change. These models are not descriptions or explanations o f states of being which exist, but rather are models of “new ways of being that did not previousl y exist and a framework for action that would not have previously made sense” (Winograd and Flores 1986 p 177).

This aspect of DSR is a strongly pragmatic activity wherein pragmatism is concerned with goal-oriented action. Significantly, the design models exist within a spe ctrum of alternative models which do not have a verifiable truth-value, but rather can each satisfy a variety of pre-defined or emergent goals. We can only say that this design is better than the alternatives models against a background of the particular interpretation of conditions declared as better by an individual or community. Second, by focusing attention of the composite natu re of design theories, this research identifies the risk of grounding design theory on d isparate explanatory kernel theories which themselves may be based upon distinct philosophical stances. The risk is not that the built artifact would not work. Rather the risk lies in confounding our understanding of why the design works, as we look to the kernel theories upon from which t he new theory was derived. Ontologically

incommensurate assumptions or conceptual conflicts in kernel theories will result in a design that may be pragmatically beneficial but atheoretic. We cannot assume that incommensurate kernel theories are operating in conjunction or in opposit ion. In fact we cannot assume anything about the interactions of such theories! By concatenating theories with disparate ontological or epistemological assumptions, we lose coherence of t he derived design theory or design principles. The epistemic distance between the new design theory and the kernel theories upon which it is grounded precludes and direct refinemen t or validation of kernel theory. In addition, the pragmatist emphasis on change and action, rathe r than the rationalist emphasis on truth and explanation, requires considerable discrimination t o advance design knowledge while evaluating the in situ use of a new artifact.",outputs/batch1/canonical_text_284/103eb1a8586b.txt,"Hovorka, Dirk S. (1)",2010,IFIP Advances in Information and Communication Technology,10.1007/978-3-642-12113-5_2,,DT-C02,1,theoretical | practice | sonification | type | value | kernel | science | example | development | artifact | definition | understanding | constructs | space | structure,"Design theory — Theoretical, practice & sonification [DT-C02]",theoretical | practice | sonification | type | value | kernel | science | example | development | artifact | definition | understanding | constructs | space | structure,"Within the predefined Design theory group, DT-C02 is statistically distinguished by theoretical, practice, sonification. Additional contrastive terms include type, value, kernel, science, example. Representative papers include Theory construction in design research. Criteria, approaches, and methods.; Four Criteria for Design Theories. This is an analysis-frozen statistical interpretation, not a final editorial topic label.",Design theory,Statistical bottom-up interpretation,Prior-pilot assignment retained,Contrastive cluster explanation using adapted class-based TF-IDF; not a predefined codebook classification.,Not assigned by Path 1,Not evaluated in this statistical interpretation,Not applicable,Predefined keyword group,Not assigned,BGE-M3 embedding + Spectral clustering,Not assigned,Adapted class-based TF-IDF interpretation,not_applicable,-1,0.0,theoretical | practice | sonification | type | value | kernel | science | example | development | artifact | definition | understanding | constructs | space | structure,False,False,0,,,10.742037,-3.4125395,0.11665761470794678,12,12,False,"[{'paper_id': 'a1a2a51ae22e', 'title': 'Incommensurability in design science: Which comes first-Theory or artefact?', 'cluster': 1, 'distance': 0.14364981651306152}, {'paper_id': '0bca44c18d6c', 'title': 'Tinkering, tailoring, and bricolage: Implications for theories of Design', 'cluster': 1, 'distance': 0.16291505098342896}, {'paper_id': 'fd05a25a5e94', 'title': 'Four Criteria for Design Theories', 'cluster': 1, 'distance': 0.16918981075286865}, {'paper_id': '83d1ebe7d6c0', 'title': 'Design Theory in Information Systems', 'cluster': 1, 'distance': 0.169502854347229}, {'paper_id': '4025e28730c1', 'title': 'Conceptual foundations of design problem solving', 'cluster': 0, 'distance': 0.17387127876281738}]"
141f85abba0a,Design theory,How to Define Design in Industrial Control and Automation Software,"Design is a fundamental aspect of engineering, enabling the creation of products, systems, and organizations to meet societal and/or business needs. However, the absence of a scientific foundation in design often results in subjective decision-making, reducing both efficiency and innovation. This challenge is particularly evident in the software industry and, by extension, in the domain of industrial control and automation systems (iCAS). In this study, first we review the existing design definitions within the software industry, challenge prevailing misconceptions about design, review design definition in the field of design theory and address key questions such as: When does design begin? How can design be defined scientifically? What constitutes good design? and the difference between design and design language by relying on advancements in the field of design theory. We also evaluate the distinction between ad-hoc and systematic design approaches, and present arguments on how to balance complementary operational concerns while resolving conflicting evolutionary concerns.",12,12,141f85abba0a_p0004;141f85abba0a_p0005;141f85abba0a_p0009;141f85abba0a_p0011;141f85abba0a_p0013;141f85abba0a_p0014;141f85abba0a_p0018;141f85abba0a_p0019;141f85abba0a_p0022;141f85abba0a_p0035;141f85abba0a_p0037;141f85abba0a_p0038,"Without such a clear definition, we cannot form a common understanding of what the problem is that we are trying to solve or how we can improve and advance the current state of the art. i.e. if the meaning and understanding of design vary depending on whom we ask, then we have not defined it scientifically, and we cannot advance it [18]. Scientific definition is the one that identifies the essential features of a concept, without which it would not be what it is. Founded in realism, scientific definitions follow a genusdifferentia structure, categorizing an entity and clearly stating its unique properties, for example, defining water as a substance (genus) with the molecular structure H 2O (differentia) [19]. For instance, consider the first and second laws of thermodynamics. Regardless of whom we inquire, if the individual possesses knowledge of the fundamental principles of classical physics, the response will invariably be consistent.

The remainder of this paper is structured as follows: Section II elucidates the ambiguity of design within the context of software engineering. Section III explores design theory and its implications, while Section III-D offers an introduction to design within engineering. Section III-E examines the initiation of the design process, and Section IV addresses the primary design concerns pertinent to industrial control and automation systems. Section V distinguishes between design and design language as the concluding theme, culminating in the conclusion presented in Section VI. arXiv:2507.09594v1 [cs.SE] 13 Jul 2025

Herbert Simon, in ”The Sciences of the Artificial” (1969), argued that design could evolve into a structured scientific discipline governed by established theories and practices [30]. He viewed design not merely as an art but as a formalized process that could be systematically understood and applied [30], [31]. Kazman et al., in ”Software Architecture in Practice” (2021) and ”Designing Software Architectures – A Practical Approach” (2024), reinforce this idea, asserting that design is not an exclusive skill limited to experts. Instead, it can be taught and learned as an accessible and structured discipline. Engineering design primarily involves assembling known design primitives in innovative ways to achieve predictable outcomes, highlighting the need for systematic and repeatable methodologies [25]. This aligns with the mid- to late twentieth century shift toward systematic design, which led to its widespread adoption in fields like mechanical engineering.

Yoshikawa’s research from 1981 to 1986 [32], [33] introduced the notion of perceiving design as a mapping process from the problem domain to the solution domain. This conceptual framework was further developed and brought to a culmination by Suh’s research [34]. The definition of design should be revised to begin with business needs rather than requirements because an essential design principle must be considered during the translation of needs into requirements. This principle, known as the independence principle of requirements, is articulated in the definition of functional requirement discussed by Suh in Axiomatic Design [34]. If independence among requirements is not properly established during this translation, any attempt to address coupling in the solution space will be nothing more than a fantasy. Furthermore, relying solely on gathering requirements through customer interviews and attempting to capture their stated needs makes it nearly impossible to avoid conflicts among requirements.

B. Good Design Historically, many engineers have developed their products (or processes, systems, etc.) through iterative, empirical, and intuitive methods, relying on years of experience, ingenuity, and creativity, often accompanied by a wide variety of trialand-error and ad-hoc decision-making approaches [34]. Although experience plays a crucial role in accumulating practical design knowledge, it is not always sufficient. This is especially true when the context of the application changes (e.g., software systems), making experiential knowledge less reliable [34]. Therefore, experience must be complemented by a systematic understanding of design, or vice versa [34] to achieve good design. Good design is a design that effectively satisfies the intended design goals (functional requirements) [34]. The philosophy of good design in software (which at the time was based on reusability and changeability) was discussed at the 1968 NATO conference in Garmisch, Germany [37] by McIlroy, Brown, Hopkins, and Warshall, and later culminated by Parnas in his paper ”The Criteria to Be Used in Decomposing Systems into Modules” [38] in 1972 and explicitly Dijkstra in his 1974 paper ”On the Role of Scientific Thought” [39].

Robert C. Martin, in his book ”Clean Architecture”, defines design quality based on the effort required to fulfill customer needs. A design is considered good if this effort remains consistently low throughout the system’s lifespan. In contrast, if the effort increases with each new release, the design is poor [24]. This definition holds particularly true when reusability and changeability are the primary design concerns.

Therefore, algorithmic methods are useful both under specific conditions and during detailed design, where designers address atomic requirements that cannot be further broken down [34]. The algorithmic approach can be divided into several categories [31], [34]: • pattern recognition • associative memory • analogy • experimentally based prescription • extrapolation/interpolation • selection based on probability In fact, the algorithmic design paradigm can be utilized as a tool that can be supported and invoked by other design paradigms, that is, ideal design should start with axioms and proceed to algorithms and tools [34, pp. 9] [31, pp. 58]. In the following sections, we will explore the primary issue with design in software engineering: its inherently ad hoc nature. This manifests in two ways—either as heuristic decision-making, where each designer interprets key concepts (e.g., coupling, cohesion, modularization, and encapsulation) differently, or as a rigid algorithmic approach that offers limited flexibility and functions effectively only under specific conditions.

Then, to ensure the continuous development and stability of a software product, the only viable strategy is to maximize automated testing, preventing unintended alterations to these predefined conditions. Yet, in principle, we cannot prevent change or modification in requirements by relying on automated testing, as the space and time for designing activity in requirement engineering and design activity in requirement realization (implementation) differ. Therefore, at some point of time change will enter to the system as a result of requirement alternation resulting in low level design readjustment and consequently out-dating the design decision

Dependencies between requirements should be avoided unless absolutely necessary to prevent restrictive constraints. While factors like cost, size, and aesthetics influence design decisions, they should not completely dictate them. A well-structured set of functional requirements ensures that the final design effectively fulfills its intended purpose [29, pp. 27-28]. Creativity plays a crucial role in the generation of novel solutions. Analogical thinking and interdisciplinary knowledge help designers identify innovative ideas. Many historical innovations resulted from the identification and application of known principles in new ways [29, pp. 29-30]. Note that a good designer must be able to operate in the conceptual world of the functional as well as the physical domain [29, pp. 28]. When translating needs into requirements, it is crucial to maintain a ”solution-neutral environment” [43, pp.

While operational concerns are complementary, evolutionary concerns often conflict, making decoupled design essential and complex to effectively address iCAS design concerns. For example, reusability and changeability are conflicting design concerns. Reusability accelerates design and development by leveraging reusable elements (e.g., function blocks), but it also introduces coupling, reducing changeability due to cascading changes.

A detailed study by Gsellmann as his thesis [54] and others [55] supports this conclusion. Note that, while a well-structured design language is essential for enabling a robust design framework, improving the language alone cannot resolve fundamental flaws in the framework itself. In the best case, it simply shifts the problem elsewhere, leading to an endless cycle of optimization.

This study clarifies fundamental concepts of design in the software industry by addressing misconceptions and aligning definitions with advancements in design theory. By examining the nature and beginning of design, distinguishing between design and design language, and contrasting ad-hoc with systematic approaches, we highlight the importance of scientifically grounded design practices. Furthermore, we emphasize the need to balance operational needs with evolutionary challenges to achieve robust and adaptable design outcomes. Future research should build on this foundation to further refine the application of design theory in industrial software systems and develop tools that actively support the systematic decomposition, validation, and evaluation of functional requirements throughout the design lifecycle. This will allow the iCAS community to move from intuition-driven to axiomdriven practices—achieving more robust, adaptable, and maintainable systems in the decades to come.",outputs/batch1/canonical_text_284/141f85abba0a.txt,Aydin Homay,2025,arXiv.org,,https://www.semanticscholar.org/paper/cbb4104ae7d335b7082069b705d473ed76b53b60,DT-C01,0,product | cognitive | impact | load | cognitive load | human | technology | science | understanding | designers | function | conceptual | engineering | methodology | theoretical,"Design theory — Product, cognitive & impact [DT-C01]",product | cognitive | impact | load | cognitive load | human | technology | science | understanding | designers | function | conceptual | engineering | methodology | theoretical,"Within the predefined Design theory group, DT-C01 is statistically distinguished by product, cognitive, impact. Additional contrastive terms include load, cognitive load, human, technology, science. Representative papers include Conceptual foundations of design problem solving; Design Theory and Method of Complex Products: A Review. This is an analysis-frozen statistical interpretation, not a final editorial topic label.",Design theory,Statistical bottom-up interpretation,Prior-pilot assignment retained,Contrastive cluster explanation using adapted class-based TF-IDF; not a predefined codebook classification.,Not assigned by Path 1,Not evaluated in this statistical interpretation,Not applicable,Predefined keyword group,Not assigned,BGE-M3 embedding + Spectral clustering,Not assigned,Adapted class-based TF-IDF interpretation,not_applicable,-1,0.0,product | cognitive | impact | load | cognitive load | human | technology | science | understanding | designers | function | conceptual | engineering | methodology | theoretical,False,False,0,,,9.671035,-5.623352,0.08648431301116943,5,5,False,"[{'paper_id': '4025e28730c1', 'title': 'Conceptual foundations of design problem solving', 'cluster': 0, 'distance': 0.12261968851089478}, {'paper_id': '02f3ae017acb', 'title': 'Design Theory and Method of Complex Products: A Review', 'cluster': 0, 'distance': 0.13587301969528198}, {'paper_id': '2faef10b819d', 'title': 'A design theory for software engineering', 'cluster': 2, 'distance': 0.14537131786346436}, {'paper_id': 'c9175ef9ebfe', 'title': 'Management design theories', 'cluster': 2, 'distance': 0.15465152263641357}, {'paper_id': 'ceac90427122', 'title': 'Design-oriented human-computer interaction', 'cluster': 0, 'distance': 0.15572798252105713}]"
1728dd2afe4b,Design theory,Design theory in practice – Making design science research more transparent,"Design Science Research seeks to develop new generalizable knowledge about design processes, design products, and designed artifacts while solving organizational problems with new work practices based on information technology. However, the ability of Design Science Research to generate knowledge has been challenged by some scholars, due weak connection of the designed artifact to the knowledge base. Design Theories offer a promising approach to codify and generalize some aspects of the knowledge created, in particular that pertaining to design processes and products for a given class of information technology-based solutions. We present a case example to support our argument that Design Theory can be integrated into the context of Design Science Research to make the connection between the design and the knowledge base more transparent, rendering it easier to defend the rigor and generalizablity of the knowledge Design Science Research yields. © Springer-Verlag Berlin Heidelberg 2011.",12,12,1728dd2afe4b_p0003;1728dd2afe4b_p0006;1728dd2afe4b_p0009;1728dd2afe4b_p0011;1728dd2afe4b_p0013;1728dd2afe4b_p0014;1728dd2afe4b_p0027;1728dd2afe4b_p0035;1728dd2afe4b_p0036;1728dd2afe4b_p0037;1728dd2afe4b_p0042;1728dd2afe4b_p0043,"the rigor of DSR and inhibit generalizing the results of apparently successful design projects back to the knowledge base. One approach proposed to increase the rigor and generalizability of DSR findings is to codify certain aspects of new DSR knowledge as Design Theories (DTs) [8], [31]. A DT is a prescription for producing high-quality designs of a particular class of objects, defined as “… a prescriptive theory based on theoretical underpinnings which says how a design process can be carried out in a way which is both effective and feasible.” [31, p. 37]. Gregor and Jones [8] recently proposed an anatomy for a DT that considers design as an artifac t. They [8] identify eight components of a design theory: (1) purpose and scope, (2) constructs, (3) principles of form and function, (4) artifact mutability, (5) testable propositions, (6) justificatory knowledge (kernel theories), (7) principles of implementation, and (8) an expository instantiation.

This is because a) the design is meant to improve some outcome of interest; b) the kernel theory predicts and/or explains the outcome of interest; c) the design is therefore a means to invoke more useful values of an tecedent constructs in order to obtain better values of the consequent construct – the outcome of interest that the designer seeks to improve. The process specified in a DT, therefore, must suggest ways one can invoke better values of the antecedent construct. Th erefore the kernel theory applies to both

While the concept of DT is clear, there is a need to relate the artifact to the DT to reconcile the DSR framework [9], [11] and DT. Walls et al. [31] propose that a design (theory) can be ultimately validated only through an artifact that can be observed and measured. The DT, they suggest, should pres cribe what properties the artifact should have and how it should be built to solve the research problem [31], [32]. In a similar vein Gregor and Jones [8, p. 327] propose that “[t]esting theoretical design propositions is demonstrated through an instantiation by constructing … [an artifact]…” We can interpret that an artifact is an instantiation of a DT, which can be instantiated in the environment, e.g. a business organization. We can also interpret that the artifact should embody or operationalize the DT to the extent that we can validate the theory by comparing the artifact informed by the theory to other artifacts or to work perfor med without the artifacts, thus achieving the research setting of comparing a treatment to other treatments and to non-treatment.

On a practical plane, Peffers et al. [23] have modeled a methodological guideline for organizing DSR complementing the 3-cycle model [9]. The initial phase of the DSR process is outlining the problem, which results in a research proposal. The second phase then concentrates on suggesting solutions to the problem defined in the proposal, where the knowledge base is accessed to find feasible solutions. The third phase is effectively the design phase. Here the researchers use the suggested solutions to develop or construct the artifact. The design is demonstrated and rephrased if necessary. After design and/or demonstration, the artifact moves into evaluation, where the “utility quality and efficacy of the artifact has to be rigorously evaluated” [11]. The methodology mirrors the proposed structure of DT. The definition of the research mission will firstly draw the outline for design context and metarequirements.

Further the DT can also support the design cycle as the DT is demonstrated, evaluated and rephrased based on the findings from the evaluation [23], [29]. The testable propositions have a dual function as they serve to ascertain that the instantiated artifact embodies the justification knowledge and that the design works as proposed. Thus the propositions ground the constructs and justification knowledge (theories), to the artifact, and empirical world, enabling claims to new knowledge. The DT itself ensures that the reasoning behind the design is transparently displayed and can be evaluated while considering the contribution of DSR. In sum, we may claim that the DSR methodology and DT complement the DSR framework and give additional guidance how to work within the borders set by the 3-cycle model. Thus, the DT acts as an interface between the world and the knowledge base.

The DT first codifies the base (kernel) theory and the principles of form and function, the essential shape of the artifact, thus connecting the design transparently to the knowledge base. Second, the testable propositions th at are directly derived from the foundation of the design will serve as a basis for hypotheses to test whether the artifact instantiates the DT and whether it fulfills the requirements set for it. These propositions link the claims to knowledge to the existing knowledge together with the explicit constructs, scope and justification knowledge. On these premises we argue that the DT will improve transparency and rigor of DSR research.

Design Theory in Practice – Making Design Science Research More Transparent 55 General components Guiding question Components of the DT Testable design propositions Which questions we need to answer to know that 1) the meta -design satisfices the requirements 2) operationalized the design knowledge, and 3) solved the problem efficiently?

Design Theory in Practice – Making Design Science Research More Transparent 57 make DT useful in contributing to the knowledge base. An artifact as a product of DRS is an instantiation of theories and, some argue, does not have truth value but only utility [19], while others like Iivari [13] concede that artifacts may be outside evaluation of truthfulness, but insofar as DSR is to add to the knowledge base, validation of theoretical insights that arise from the process is an issue. Although especially within pragmatist philosophy theoretical contribution or truthfulness is not often the main aim or research, IS field in general is committed to both advancing knowledge and solving business problems, and while an artifact can be a useful solution it is as such a weak addition to the knowledge base. A DT helps as it not only describes an instance of problem solving, it describes what class of problems can be solved with the DT, what are the theoretical basis and why the artifact is supposed to work, and how to build an artifact to solve that particular instance of the class of problems What follows from formulating an explicit DT is, ideally, improved rigor and generalizability of DSR outputs.

As Ann Majchrak (through [32]) proposes, a DT can provides a vehicle to “…articulate … contri butions to readers and scholarly consumers with a common agreed-upon language which [is] recognizable and repeatable.” In a word a DT gives a proper form for a contribution to the knowledge base, as it not only summarizes the conceptual foundations of an artifact in a wrapper that is reusable to a class of problems, it also helps to draw the borders of applicability for a DT as it explicitly illuminates the conceptual foundations and design assumptions. In fact, as discussed by Gregor [7] as well, while an artifact is not necessarily a contribution to the knowledge base however useful it might be, a design theory on the other hand is, as it clearly defines what is the phenomenon(-na) of interest, the constructs the theory governs and the inferences between the construct in a form that can be generalized to a defined population or class of problems.

Rigor in DSR is about ascertaining that we operationalize the principles of form and function sufficiently to embody the base theory in the artifact, so we can actually tell whether the theoretical design works. Here the structure of the DT lends a hand, as one specifies the theories the design is based on, what are the expected inferences and formulates refutable propositions that are tested empirically to evaluate the DT. The structure of a DT flows like a waterfall and it is relatively easy to keep track of the overall picture of the design and to check that all the pieces fit together. Additionally DT also removes opaqueness from grounding of the knowledge contribution to the artifact and the world, as the DT explicitly spells the justification knowledge, principles of form and testable design propositions that link the artifact to the claims to knowledge.

A crucial point is that the example was not chosen for its exemplary design and field methods, but because it illustrates the use of a DT to structure the design cycle within the DSR framework. So, in fact, the limitations of the example should not detract attention from the idea of using DT for structuring the design together with the DSR methodology within the DSR framework. The same logic and structure can be applied with a more rigorous evaluation design and more intricately derived de sign propositions to make an even greater contribution to the knowledge base. To summarize, while we recognize the research design in the example is limited, it does not make the case less of an example of a relatively successful DSR project where the use of a DT added value as a device for codifying the design and proving a template for evaluating it. In fact, we might be inclined to argue that a DT might be used to operationalize for example a social science theory, a theory for explaining

Design Theory in Practice – Making Design Science Research More Transparent 59 (and predicting) by constructing a DT based on it, to test it in the environment through instantiations. In this setting justification knowledge is what is tested and the surrounding DT documents the operationalization of that theory explicitly, giving clear borders of applicability and generalizability. What these findings and reflection amount to, is the general claim that formulating a DT will be a valuable addition to DSR also within the general DSR framework. As already proposed in the introduction in this paper, we claim that the use of a DT to complement the DSR framework adds to the transparency and rigor of research. However, to be fair, we must remember that a DT is not an instant remedy and has to be rigorously constructed and used to add any value to existing practices.",outputs/batch1/canonical_text_284/1728dd2afe4b.txt,"Piirainen, Kalle A. (1, 2); Briggs, Robert O. (3)",2011,Lecture Notes in Computer Science (including subseries Lecture Notes in Artificial Intelligence and Lecture Notes in Bioinformatics),10.1007/978-3-642-20633-7_4,,DT-C02,1,theoretical | practice | sonification | type | value | kernel | science | example | development | artifact | definition | understanding | constructs | space | structure,"Design theory — Theoretical, practice & sonification [DT-C02]",theoretical | practice | sonification | type | value | kernel | science | example | development | artifact | definition | understanding | constructs | space | structure,"Within the predefined Design theory group, DT-C02 is statistically distinguished by theoretical, practice, sonification. Additional contrastive terms include type, value, kernel, science, example. Representative papers include Theory construction in design research. Criteria, approaches, and methods.; Four Criteria for Design Theories. This is an analysis-frozen statistical interpretation, not a final editorial topic label.",Design theory,Statistical bottom-up interpretation,Prior-pilot assignment retained,Contrastive cluster explanation using adapted class-based TF-IDF; not a predefined codebook classification.,Not assigned by Path 1,Not evaluated in this statistical interpretation,Not applicable,Predefined keyword group,Not assigned,BGE-M3 embedding + Spectral clustering,Not assigned,Adapted class-based TF-IDF interpretation,not_applicable,-1,0.0,theoretical | practice | sonification | type | value | kernel | science | example | development | artifact | definition | understanding | constructs | space | structure,False,False,0,,,10.811212,-3.039503,0.0794602632522583,7,7,False,"[{'paper_id': 'f56243f52335', 'title': 'Theory construction in design research Criteria: Approaches, and methods', 'cluster': 1, 'distance': 0.13395202159881592}, {'paper_id': 'c2c57ac5453e', 'title': 'Theory construction in design research. Criteria, approaches, and methods.', 'cluster': 1, 'distance': 0.13861310482025146}, {'paper_id': '83d1ebe7d6c0', 'title': 'Design Theory in Information Systems', 'cluster': 1, 'distance': 0.13932138681411743}, {'paper_id': 'a1a2a51ae22e', 'title': 'Incommensurability in design science: Which comes first-Theory or artefact?', 'cluster': 1, 'distance': 0.14007049798965454}, {'paper_id': 'fd05a25a5e94', 'title': 'Four Criteria for Design Theories', 'cluster': 1, 'distance': 0.1416853666305542}]"
1e8f1494fc78,Design theory,Collaboration Engineering Methodology: Horizontal Extension to Accommodate Project and Program Concerns,"A Collaboration Engineering Methodology (CEM) comprises a set of defined, standardized, docu-mented, and discoverable objectives, deliverables, key actions, tools/templates, principles and policies for establishing effective, efficient, satisfying col-laborative work practices for highvalue organi-zational tasks. First-generation CEMs address design and development CE solutions. Existing CEMs, though, focus on the design/build phase, but lack the pre-design and post-build elements that are common to methodologies for adjacent disciplines. We use Design Science Research to situate existing design/build CEMs in the larger context of CE programs and projects. We develop and validate an extended CEM in four phases: 1) Opportunity Assessment, 2) Development, 3) Deployment, and 4) Improvement (ODDI). Phase 1 concerns CE portfolio management and CE project planning; Phase 2 encapsulates existing design/build CEMs; Phase 3 concerns roll-out planning, change management, and implementation; Phase 4 concerns continuous optimization of a deployed work practice. The ODDI model advances CE another step towards becoming a fully realized professional practice, but more research is still required to derive a complete a design theory for CE.",12,12,1e8f1494fc78_p0004;1e8f1494fc78_p0005;1e8f1494fc78_p0007;1e8f1494fc78_p0009;1e8f1494fc78_p0010;1e8f1494fc78_p0012;1e8f1494fc78_p0022;1e8f1494fc78_p0039;1e8f1494fc78_p0042;1e8f1494fc78_p0044;1e8f1494fc78_p0045;1e8f1494fc78_p0048,"Over the past 15 years, however, CE researchers have developed collaboration constructs and theories, [e.g. 2, 5]; developed modeling conventions to represent critical aspects of collaboration processes, [10, 25]; and invented new technologies, both to support the professional practices of CEs and to guide non-expert practitioners through well-designed work practices with little or no training [1, 14]. Approaches were developed to measure the quality of collaboration capabilities, processes and outcomes [13, 23]. Various training approaches for CEs and for practitioners – those who lead engineered work practices - were developed and tested [e.g.12]. CE in the field, however, is still based, in part, on tacit knowledge and trial-and-error, rather than on a formalized professional practice comparable to what exist for well-established practices like Six Sigma, Lean, Project Management, and Balanced Scorecard.

A standardized methodology for these practices are well documented and typically found in a “Book of Knowledge”, which includes a defined, and discoverable methodology with formalized objectives, deliverables, key actions, tools/templates, principles and policies for conducting the task. Without standardized methodology, the effectiveness and efficiency of CE projects varies depending on people involved. It limits the ability to train new CEs, to set professional standards, and to evaluate the performance of CEs in the field. Sufficient knowledge now exists, though, to formalize a professional CE methodology. Toward that end, Kolfschoten and De Vreede [11] devised a five-step approach to designing and building collaborative work practices for practitioners, which we will call the TATAD model (an acronym for its primary activities). For each step, they derived key sub-steps, and for each sub-step they compiled checklists of key design concerns.

of CEs. TATAD and its descendants are substantial steps toward standardizing a CE methodology. These works, though, focus primarily on the design/build phase of CE process. Professional engineers, however, conduct design/build in the larger context of engineering programs, and the projects the programs comprise. Before design/build, CEs need to discover and evaluate CE opportunities, select portfolios of projects, and plan each CE engagement. After design/build, they need to plan and execute rollout, then to conduct continuous improvement engagements. As a step toward addressing that gap, we propose to extend prior CE methodologies horizontally from a single-phase model to a four-phase model comprising: 1) Opportunity Assessment, 2) Development, 3) Deployment, and 4) Improvement (ODDI) (Error! Reference source not found.). The Opportunity Assessment phase (1) prescribes activities for CE portfolio management and CE project planning.

This research contributes knowledge toward a CE design theory. A design theory comprises the knowledge practitioners need to implement their own instances of a generalizable solution [8]. One of the eight categories of knowledge composing a design theory is Principles of Implementation. Principles of Implementation are, “A description of processes for implementing the theory in specific contexts. [8, p 322]”. Gregor and Jones [8] associate such principles of implementation with the Aristotelian concept, causa efficiens, which in common parlance may be approximated as, “How can we make a useful change happen on purpose?” Our extensions to CE methodology contribute to this category. In the following sections, we describe our research methods, then describe the phases of ODDI. We discuss their implications and propose next steps for scholarly inquiry.

We employed a Design Science Research (DSR) approach to develop and validate our methodological solution by following the six DSR research activities described by Peffers, Tuunanen, Rothenberger and Chatterjee [18]: 1) identify a class of unsolved problems; 2) define solution objectives; 3) design/develop a solution; 4) demonstrate the solution, 5) evaluated the solution, and 6) communicate findings. To maintain the relevance of this research, we conducted much of the work in the field in cooperation with several multi-national consulting firms at sites in Sweden, South Africa, and the USA. The practitioners were motivated to participate because they were interested in being among the first to offer professional CE services to their clients. Working with the practitioners gave us access to field venues, where we could observe the research problem in the wild, and gain specific insights about the operational challenges that would constrain our solutions.

From these experiences, we defined the solution objectives (Activity 2). Over a two-year period, we designed and developed a number of iterations of the ODDI methodology (Activity 3) in design cycles ranging from 2 to 4 months. During each design cycle, we developed, refined, and formalized content to improve to the extended methodology. Each cycle culminated with a trainthe-trainer session for consultants that typically lasted 1.5 days (Activity 4), followed by a half-day of retrospective evaluation (Activity 5). We found proof-of-value and proof-of-use [16] for ODDI when some of the participating consultants adopted the final version of the approach as the foundation for a professional practice, and used it to design and deploy new collaborative work practices for core elements for planning, implementation, and improvement. The ODDI model extends the earlier work to address those gaps.

The purpose of this phase is to design, develop, and test a collaborative work practice for a highvalue organizational task that practitioners can successfully execute with little or no training, gaining benefits similar to those realized in teams led by collaboration experts such as professional facilitators. The deliverables include a fully documented, field tested collaborative work practice comprising a set of procedures for moving through the work packages to create the deliverables to achieve the group goals. The details of this phase have been published elsewhere [22]. This section therefore provides only a brief overview to establish continuity for the methodology. This phase decomposes into five steps: a) Define work practice goals and strategy; b) Design Work Practice task breakdown structure; c) Design procedures; d) Develop support systems and tools; e) gate review.

Collaboration design Lesson 4: Simplify and automate collaboration process The Collaboration design may incorporate a thousand little distractions: a clumsy procedure, an awkward transition, a tedious software feature which create problems for the practitioners using it. When piloting process designs, a CE must watch for these small annoyances, because they can lead to practitioners abandoning it, even if it creates value. Automating the process as much as possible using appropriate collaboration software applications have been very useful to avoid many annoyances, and to simplifying the rest of the process down to its very core.

had gained the ability to train experienced consultants to conduct CE engagements in 24-contact-hour courses, and send them into the field to conduct successful engagements. While these results are promising, this research is not yet complete. The current state of the extended methodology is sufficient for trainees who are already experienced consultants. The documentation of the methodology, however, is not yet sufficiently deep to constitute a complete body of knowledge for CE. More detailed documentation of the logic for the prescribed steps and action items would be useful, as would a set of tools and templates to support each activity in the methodology. Further, methodology is only one of eight categories of knowledge required for a complete design theory. Much of that knowledge exists in the CE literature and other literatures, but it has not yet been compiled in a form that practitioners can reuse. With this paper, CE takes another step toward becoming a fully realized professional practice, contributing a standardized methodology (ODDI), but more work remains to be done.

1-11 (On CD). [5] Briggs, R.O., Reinig, B.A., and De Vreede, G.J., ""The Yield Shift Theory of Satisfaction and Its Application to the Is/It Domain"", Journal of the Association for Information Systems, 9(5), 2008, pp. 267-293. [6] Deming, W.E., ""Out of the Crises"", MIT Center for Advanced Engineering Study, Cambridge, MA, 1986, [7] Dennis, A.R., Heminger, A.R., Nunamaker Jr, J.F., and Vogel, D.R., ""Bringing Automated Support to Large Groups: The Burr-Brown Experience"", Information & Management, 18(3), 1990, pp. 111- 121. [8] Gregor, S., and Jones, D., ""The Anatomy of a Design Theory"", Journal of the Association for Information Systems, 8(5), 2007, pp. 312-335. [9] Grohowski, R., Mcgoff, C., Vogel, D., Martz, B. Jr., & Nunamaker, J.F. Jr., ""Implementing Electronic Meeting Systems at Ibm: Lessons Learned and Success Factors"", Management Information Systems Quarterly, 14(4), 1990, pp.

368-383. [10] Kolfschoten, G.L., Briggs, R.O., De Vreede, G.- J., Jacobs, P.H., and Appelman, J.H., ""A Conceptual Foundation of the Thinklet Concept for Collaboration Computer Studies, 64(7), 2006, pp. 611-621. [11] Kolfschoten, G.L., and De Vreede, G.J., ""A Design Approach for Collaboration Processes: A Multimethod Design Science Study in Collaboration Engineering"", Journal of Management Information Systems, 26(1), 2009, pp. 225-256. Deployment completed on time and on budget. Deployment deliverables include the required content with the expected level of correctness Knowledge level. Number of practitioners and other stakeholders who are aware of optimized work practice existence divided by total no. of targeted stakeholders Buy-in level Number of practitioners and other key stakeholders who understand, believe in, and are willing to use of the optimized work practice divided by total no. of targeted stakeholders Capability rate Number of instances of optimized work practice usage divided by total no. of work practice events Usage rate Number of instances of optimized work practice usage divided by total no. of work practice events Satisfaction level The satisfaction level of participants, session leaders and work practice owners with the optimized work practice itself and its output Task specific

183-196. [16] Nunamaker Jr, J.F., Briggs, R.O., Derrrick, D., and Schwabe, G., ""The Last Research Mile: Achieving Both Rigor and Relevance in Information Systems Research "", Journal of Management Information Systems, 32(3), 2015-16, pp. 10-47. [17] Papalexandris, A., Ioannou, G., Prastacos, G., and Soderquist, K.E., ""An Integrated Methodology for Putting the Balanced Scorecard into Action"", European Management Journal, 23(2), 2005, pp. 214- 227. [18] Peffers, K., Tuunanen, T., Rothenberger, M.A., and Chatterjee, S., ""A Design Science Research Methodology for Information Systems Research"", Journal of Management Information Systems, 24(3), 2007, pp. 45-77. [19] Post, B.Q., ""A Business Case Framework for Group Support Technology"", Journal of Management Information Systems, 9(3), 1993, pp. 7-26. [20] Project Management Institute, A Guide to the Project Management Body of Knowledge (Pmbok Guide), Project Management Institute, 5th Edition edn, Newton Square, PA, USA, 2013. [21] Pyzdek, T., and Keller, P.A., The Six Sigma Handbook, McGraw-Hill Education, 2014. [22] Randrup, N., ""Strategic Decision Making Roadmap"", Working Paper, AVT Business School, 2015, [23] Randrup, N.L., and Briggs, R.O., ""Evaluating the Performance of Collaboration Engineers"", in (Editor, 'ed.'^'eds.'): Book Evaluating the Performance of Collaboration Engineers, IEEE Computer Society, Poipu, Kawai, HI, 2015, pp.",outputs/batch1/canonical_text_284/1e8f1494fc78.txt,Nils L. Randrup; R. Briggs,2017,Hawaii International Conference on System Sciences,,https://www.semanticscholar.org/paper/fe77a2730aafcb45ea2ce433da64b4122ef0b7ed,DT-C03,2,management | service | learning | social | support | theoretical | development | literature | evaluation | practice | analysis | gregor | practitioners | empirical | digital,"Design theory — Management, service & learning [DT-C03]",management | service | learning | social | support | theoretical | development | literature | evaluation | practice | analysis | gregor | practitioners | empirical | digital,"Within the predefined Design theory group, DT-C03 is statistically distinguished by management, service, learning. Additional contrastive terms include social, support, theoretical, development, literature. Representative papers include Web-based information systems: Developing a design theory; Management design theories. This is an analysis-frozen statistical interpretation, not a final editorial topic label.",Design theory,Statistical bottom-up interpretation,Prior-pilot assignment retained,Contrastive cluster explanation using adapted class-based TF-IDF; not a predefined codebook classification.,Not assigned by Path 1,Not evaluated in this statistical interpretation,Not applicable,Predefined keyword group,Not assigned,BGE-M3 embedding + Spectral clustering,Not assigned,Adapted class-based TF-IDF interpretation,not_applicable,-1,0.0,management | service | learning | social | support | theoretical | development | literature | evaluation | practice | analysis | gregor | practitioners | empirical | digital,False,False,0,,,8.434067,-5.113469,0.12481987476348877,12,12,False,"[{'paper_id': '5b52ec143fa6', 'title': 'The ECC Methodology for Architecture Design Theory and Practices Research', 'cluster': 0, 'distance': 0.20254731178283691}, {'paper_id': '02f3ae017acb', 'title': 'Design Theory and Method of Complex Products: A Review', 'cluster': 0, 'distance': 0.20409786701202393}, {'paper_id': '4025e28730c1', 'title': 'Conceptual foundations of design problem solving', 'cluster': 0, 'distance': 0.20963776111602783}, {'paper_id': '2faef10b819d', 'title': 'A design theory for software engineering', 'cluster': 2, 'distance': 0.21664416790008545}, {'paper_id': '232abf4e9e91', 'title': 'The Conceptual Design of Mechanical Products', 'cluster': 0, 'distance': 0.21858322620391846}]"
20f56bbbd10c,Design theory,2. Interstitial Design Processes: How Design Thinking and Social Design Processes Bridge Theory and Practice in TPC Pedagogy,": This chapter explores interdisciplinary concepts of design theory: design thinking and social design. The author presents interstitial design as a combined, process-based approach for exploring social justice issues through design within technical and professional communication, offering insight into how interstitial design can work within our classrooms and genre-based assignments.",12,12,20f56bbbd10c_p0002;20f56bbbd10c_p0003;20f56bbbd10c_p0004;20f56bbbd10c_p0005;20f56bbbd10c_p0014;20f56bbbd10c_p0018;20f56bbbd10c_p0024;20f56bbbd10c_p0025;20f56bbbd10c_p0027;20f56bbbd10c_p0028;20f56bbbd10c_p0030;20f56bbbd10c_p0036,"Key Takeaways ƒ Design thinking provides an interdisciplinary approach to confronting communication design problems within and beyond the classroom. ƒ Social design offers a process for encouraging exploration of broader issues and audiences through an explicitly social lens. ƒ Both design thinking and social design processes can enhance our pedagogies to engage with social justice issues in classroom settings. At the core of technical and professional communication (TPC) pedagogy, de - sign literacy contributes to foundational knowledge of TPC best practices, in - cluding best practices regarding document design (Sánchez, 2017; Williams, 2015), user-centered design (Redish & Barnum, 2011; Salvo, 2001), and accessible design (Melonçon, 2014; Walters, 2010)—what Kelli Cargile Cook (2002) terms “layered literacies,”—multifaceted skill sets that address increasingly complex industries and competencies.

Frequently, our students go on to produce deliverables for specific audiences and design communication for a myriad of workplace or community contexts, yet as our field’s social justice turn continues to reshape our pedagogy, research, and engagement (Haas & Eble, 2018; Jones et al., 2016), our understanding of design for what and for whom is continually evolving, re - sponding to and designing for users in an increasingly globalized workplace and community. With the rise in popularity of design thinking as a framework for approaching problem solving, design terminology and theory has further prolif - erated disciplines like TPC that explicitly inhabit the aforementioned sectors of different types of design and the social impact of those pursuits. In this chapter,

I explore a layered approach to synthesizing these interdisciplinary and adjacent approaches to “design,” presenting interstitial design as a bridge to connect and extend our field’s strengths in theory and praxis of design and critical thinking . I explore the complex uses of “design” within TPC and outline the benefits of both design thinking and social design, as these theories enhance our extant work within TPC and chart flexible paths for continued engagement with action-oriented, socially just foci. Design, when considered as a core concept of making process-based deci - sions toward crafting a solution or deliverable, involves recursive critical think - ing toward a goal. Within writing studies classrooms that range from rhetoric and composition to TPC, recursive processes shape how we frame concepts to students and influence how students demonstrate learning.

Sally Henschel and Lisa Melonçon (2014) investigated common practical and conceptual skills val - ued by industry and academia, mapping the overlaps to propose “critical system thinking,” which they define as the ability to “understand the processes by which parts are linked together; the ethical responsibility to consider ideological/power stances of those structures and critique when necessary” (p.13). Though as the authors note, the model of critical system thinking they put forth is difficult, if not impossible, to implement into one TPC course, as they outline an inventory of TPC courses to dispatch a layered approach to the process. This chapter ex - plores the broad and flexible nature of interstitial design as an adaptable practice to implement in the classroom and frames this discussion through this main question: In what ways might our pedagogies better promote a practice focused on multifaceted design processes to reach these ends?

studies and reports (Bay, 2010; Purdy, 2014). Thus, it is a natural progression to reconsider these collaborative values and pedagogical practices as a process of designing toward effective and dynamic student needs and learning outcomes, lest we “eclipse the possible connections” that enable us to adapt and evolve with the changing field (Bay, 2010, p. 33). In her research on cognitive psychology’s bearings on technical communi - cation, Ginny Redish examines constructivism , arguing that “each reader, writer, and student has his or her own schemas and mental models that affect how he or she perceives and remembers what happens in a document or writing assignment,” ultimately claiming that “listening to lectures is seldom as useful a learning experience as actually doing relevant work” (1997, p. 70). Instead, Redish presents schemas as flexible, unstructured processes through which users can “link information” by working with their best “mental model . . . a changeable collection of associations in people’s minds” (1997, p.

IDEO CEO and president Tim Brown (2015) articulates the firm’s design thinking methodology as a cognitive process that “allows people who aren’t trained designers to use creative tools to address a vast range of challenges.” Brown describes design thinking as an alternative to “conventional problem-solving practices,” valuing the process’s emphasis on intuition, analysis and pattern recognition, and affective idea generation that allows designers to “construct ideas that are emotionally meaningful as well as functional.” Brown recognizes that “nobody wants to run an organization on feeling, intuition, and inspiration, but an overreliance on the rational and the analytical can be just as risky,” presenting design-thinking as a process that explores “multiple possible solutions” and combines useful elements of traditional problem-solving schemas.

approach to confronting communication design problems within and beyond the classroom, making the process well-suited for an interstitial combination with TPC design best practices, as well as other interdisciplinary design theories, as described below. Exploring Social Design After TPC’s Social Justice Turn Our field is at a crucial and exciting moment of reshaping how we equip stu - dents with the skills to respond to a range of dynamic workplace and community needs, blurring the intersections between theory and praxis, workplace and educational institution—a perennial issue our field has brought up frequently (Bay, 2010; Haas & Eble, 2018; Staples & Ornatowski, 1997). In the changing workplace, our students are entering industries where collaborative and proj - ect-based work, remote or asynchronous work, and the option of flexible hours are growing common, reflecting a “work environment that values solutions . . . and allows for user- and experience-based solutions rather than those based around budgets and unit-based targets” (Nixon, 2016, p.

10). Employers are increasingly searching for creative innovation in their employees regardless of field, as some researchers suggest that creativity and innovation factor into hiring and advancement decisions in many industries (Florida, 2002; Pink, 2005). And in our globalized world, industries are seeking solutions for addressing social issues through their work (Bay, 2010; Purdy, 2014). A secondary theory to bring into interstitial design approach is that of social design, “the practice of design where the primary motivation is to promote positive social change within society” (Resnick, 2016, p. 12). Social design, also known as public interest design, social impact design, and humanitarian design, is widely used in the field of graphic and universal design. I use social design here as an entry point to exploring social issues in TPC classrooms, an area that Natasha N.

tive, respectful approach that moves past description and explo - ration of social justice issues to taking action to redress inequities. (2016, p. 347) Broaching such subjects in a TPC classroom can be challenging, yet social design offers a process for encouraging instructors and students to explore broader issues and audiences through an explicitly social lens, highlighting cultural, economic, and racial disparities as a part of the design process. Graphic designer Andrew Shea describes the altruistic approach to social design as using design skills to “support civic and cultural causes,” an approach that values “designing with, not for” communities (2012, p. 9). His Designing for Social Change (2012) offers design case study tactics for designers and scholars seeking actionable methods for bridging design theory with social issues that best benefit the target audiences.

Shea’s work is especially illuminating for TPC classrooms that might partner with community organizations and practice interstitial design through community engagement-based projects. Recent scholarship on the field’s social justice turn charges TPC scholars to “actively integrate” social justice perspectives into our pedagogy and research so that we can demonstrate how the values of TPC can “promote social change on a broader level,” equipping our students with the analytical and creative design skills that can address complex social issues through communicative means ( Jones, 2016, p. 343). Social design is an ideal theory to apply in our field’s post-social justice turn era, encouraging students to critically consider complex social justice problems and to design empathetic, engaging technical communication materials toward various needs.

finalize their writing for final submission—common patterns of composing that directly echo TPC’s roots in rhetoric and writing studies (Bay, 2010). Therefore, it is a natural move to more explicitly name this process-driven approach as interstitial design, showcasing how TPC instructors are creatively bridging theory and practice through design and adapting traditional genres taught in our classrooms with design tactics. Consider an instructor that seeks to bring more social justice-focused issues into their TPC classroom in an effort to engage students with the actionable concepts of technical writing and to demonstrate how technical writing can create calls to action. For example, consider a group of Introduction to Technical Writing students researching a local civic issue in order to compose a white paper report on the topic, an assignment that initially tasks students to explore a social justice issue in their local community.

to interrogate how design can illuminate social justice issues and carry the lesson gained from interstitial design in praxis into TPC’s evolving future. As our field’s social justice turn charged each of us with the task of bringing social justice issues more apparently into our pedagogy and research, the time is ideal for our field to begin showing how we can apply our unique design theories, practices, and knowledge to pursuing this call. Technical communicators, in praxis, are by their nature interstitial, occupying multiple intersections of expertise while adapting to the changing needs and expectations of global audiences. As TPC instructors, we can make interstitial design a part of our curricula and pedagogical practices. I suggest the following practices, a list that is certainly not exhaustive, to bring these practices more apparently into the work we already take on: ƒ Question core definitions of design along with technical communication: Early in our courses, TPC instructors often ask students to discuss their definitions or approaches to technical communication.",outputs/batch1/canonical_text_284/20f56bbbd10c.txt,L. Lane,2020,"Effective Teaching of Technical Communication: Theory, Practice, and Application",,https://www.semanticscholar.org/paper/6df8482c73b59f082fea220e6f8aebb62906723a,DT-C03,2,management | service | learning | social | support | theoretical | development | literature | evaluation | practice | analysis | gregor | practitioners | empirical | digital,"Design theory — Management, service & learning [DT-C03]",management | service | learning | social | support | theoretical | development | literature | evaluation | practice | analysis | gregor | practitioners | empirical | digital,"Within the predefined Design theory group, DT-C03 is statistically distinguished by management, service, learning. Additional contrastive terms include social, support, theoretical, development, literature. Representative papers include Web-based information systems: Developing a design theory; Management design theories. This is an analysis-frozen statistical interpretation, not a final editorial topic label.",Design theory,Statistical bottom-up interpretation,Prior-pilot assignment retained,Contrastive cluster explanation using adapted class-based TF-IDF; not a predefined codebook classification.,Not assigned by Path 1,Not evaluated in this statistical interpretation,Not applicable,Predefined keyword group,Not assigned,BGE-M3 embedding + Spectral clustering,Not assigned,Adapted class-based TF-IDF interpretation,not_applicable,-1,0.0,management | service | learning | social | support | theoretical | development | literature | evaluation | practice | analysis | gregor | practitioners | empirical | digital,False,False,0,,,9.774039,-4.977081,0.14491593837738037,15,15,False,"[{'paper_id': 'ceac90427122', 'title': 'Design-oriented human-computer interaction', 'cluster': 0, 'distance': 0.1997237205505371}, {'paper_id': 'd250dc6eb9d9', 'title': 'Systems Thinking and Design Thinking: The Search for Principles in the World We Are Making', 'cluster': 0, 'distance': 0.2016230821609497}, {'paper_id': '4025e28730c1', 'title': 'Conceptual foundations of design problem solving', 'cluster': 0, 'distance': 0.20629215240478516}, {'paper_id': 'c9175ef9ebfe', 'title': 'Management design theories', 'cluster': 2, 'distance': 0.21262907981872559}, {'paper_id': 'fd05a25a5e94', 'title': 'Four Criteria for Design Theories', 'cluster': 1, 'distance': 0.2131311297416687}]"
232abf4e9e91,Design theory,The Conceptual Design of Mechanical Products,"Modern design society demands that designers have expanded consciousness and an imaginative attitude when creating mechanical things. Unquestionably, concept design is the most in line with the direction in which design theory is moving. Studies in this area are relatively rare, nevertheless. The definition of conceptual design and its characteristics for mechanical items are explained in this article. To advance the theoretical framework of conceptual design for mechanical products and its methodologies, as well as to give direction for the growth of design activities, several principles and methods of conceptual design for mechanical products are being explored. The foundation of product innovation is product conceptual design. Additionally, conceptual product development and product design have a significant impact on product detailed design, product manufacturing development, product market development, as well as the achievement of business strategic goals for companies during the product innovation process.",12,12,232abf4e9e91_p0001;232abf4e9e91_p0002;232abf4e9e91_p0003;232abf4e9e91_p0004;232abf4e9e91_p0006;232abf4e9e91_p0011;232abf4e9e91_p0012;232abf4e9e91_p0013;232abf4e9e91_p0014;232abf4e9e91_p0015;232abf4e9e91_p0016;232abf4e9e91_p0017,"The conceptual design is the first step of product designing process, it decides the technology economic effect of product radically. The goal of conceptual design is to match the product function with its structure, but the complex relationship between function and structure is a difficult problem in the conceptual design. So a corresponding solution is proposed in the paper. This method is proposed based on the principles as bellows: The product “function” is a generalized concept. The function attribute not only includes technical attribute described by numerical value, but also includes the attribute described by “language”, which is called the semantic attribute, such as “on-off” and “protection” of electrical products. Compared with the technical attribute, semantic attribute often describes product function with a bigger granularity, and decides the product structure; However, the size of granularity used for describing product function and structure character of different technical attribute are quite different.

So the conceptual design method is proposed in this paper as bellows. Step 1:Firstly separate a product super class into several subclasses according the semantic attribute, which can used to classify each subclasses; and then classify the subclasses’ structure attribute to go on classifying, at last get a tree chart finally. Step2:To contrapose a certain branch node of a “tree”, it distract all of the technical attributes of their offspring, use the rough theory for attribute reduction,and then take the “kernel” which is gotten after the attribute reduction as each subclasses’ technical attributes set. Step 3: To seek for product cases of each subclass, set up this subclass’s standard pattern acorroding to all kinds of technical attributes statistical data about those cases. According to the users’ demands about designing, compare the comparability of the “product to be designed” and interrelated standard pattern, then choose one or several kinds of the product type which can almost meet the designing demands.

When the designing demand is not completed, the fuzzy attributes of the standard pattern can set to “the product to be designed”, on which the product conceptual design can be completed. Keywords-Mechanical products; Conceptual Design; Rough set theory; fuzzy theory; inte lligent information processing; expert system

Any mechanical products are composed of a series of components, which can be described in the specific geometric characteristics of parts .The components get the layout of a certain form, and the combination products have the appropriate structure and behavior in some way to complete its designated function . The conceptual design phase of the objective is to seek to meet the design requirements of the original understanding, which is a basis for detailed design. The original understanding is a form of preliminary consideration of the product structure .Its function of the completion of the necessary is integrated. The selection of the structure of products was carried out under the coarse-grained structural designs, which are the areas of conceptual design.

In the rough set theory, the Knowledge Reduction is to delete unnecessary information in the Knowledge Base. In the level of product attributes for the delineation of issues, knowledge reduction is essentially attribute reduction. For the image of a message, it leads to a knowledge representation system, that how to abstract and full expression of a set form. A knowledge-based system can be expressed as follows quaternion group: S = ( Y , ∗Z , H , f ). Y is the domain o, ∗Z is the attribute set (that is the equivalence relation), f is a function, and f : Y × ∗Z → H , H z Zz H∪ ∗∈ = , That is: the existence of ∗∈ Zz Yy ∈ , f ( y , z ) ∈ zh .The knowledge Representation System is also known as the information systems, which is briefly recorded as S=( Y , ∗Z ). When a knowledge representation system gets an implication with the nature of the attributes of the decision-making, it has become a decision-making table.

First of all, note the basic idea of the following ISODATA clustering method, and then explain the method used in this article. Determine a set of standard process model, based on the cluster sample set, Z and W , respectively, as the characteristics of the weight factor set and the set. The establishment of a set of standard process model is on the Cluster center

As the branch node M sub-nodes, so in accordance with the above method, based on the results of this clustering could be established for c standard model, construct a node corresponds to the standard model M , a collection of recorded as : },....2,1{}.......,{ 21 ceKKKKK hC === . (8) A result of fuzzy sub-model ejK can be used only to determine an orderly array ( ∗ ejν , ()h j 'α , ()h j ''α ), so it could be an orderly array as a matrix element, and thus a matrix of cn × order to express that K ＝ () () ( )[] cnje e j e jej × ∗ ''' ,, ααν . ( 9 )

This paper discusses the intelligent electrical products in the design; several design methods of object modeling. These models are examples of products and their analysis of the characteristics of attribute values, summed up the design from the examples of established law and, therefore, the process of establishing these models is the process of automatic acquisition of knowledge. On ""different product attributes for the product type has a different influence,"" and in the establishment of ""electrical classification tree"", this view was proposed based on rough set theory based on knowledge reduction in the product attributes are classified into method-level. The ISODATA clustering methods are established on the product sub-category. At the same time, it also discussed the establishment of an example model of product information model and design approach.

A reasonable choice for these types of products, product design right direction, is to finally meet the design requirements of product design, which laid the foundation for the program. A CKNOWLEDGEMENT. This work was supported by the National Natural Science Foundation (No. 60771069) and the Hebei Province Natural Science Foundation (No. F2007000115 and No. 602069).and also Li Zhigang as Corresponding Author.

[1] Umeda Y, Tomiyama T. Functional Reasoning in Design. IEEE Expert, 1997, 12(2):pp42-48 [2] Gero J. Towards A Model of Designing Which Includes its Situatedness, in Universal Design Theory, Aachen: Shaker Verlag, 1998 [3] Li Lingling. The Study on The Construction Method of Design-Oriented and Evaluation-Oriented Expert System for Relay [Ph.D dissertation]. Tianjin: Hebei University of Technology. 2004

[4] Li Lingling, Li Zhigang, Zhou Chunlai, et al. A new method of conceptual design based on the theory of fuzzy sets pattern recognition and its application in the electrical apparatus design expert system. IEEE Robotic and Automation Society. Proc. of 2004 World Congress on Intelligent Control and Automation, Volume 5 of 6, pp 4092-4096. [5] Sun Bin. Determining weight of risk assessment of fire hazard based on rough set theory [J]. Journal of Liaoning Technical University(Natural Science) (2008), 27(5): pp661-664 [6] Zhong Jia-ming, Li Ding-fang. Research on optimization method of attribute weight determining based on rough set theory [J]. Computer Engineering and Applications (2008), 44(2):pp 51-53 [7] Liu Bing-xiang, Li Hai-lin. Method of factor weights allocation based on combination of fuzzy and rough set [J]. Control and Decision (2007), 22(12): pp1437-1440 [8] Zhu Chun-jiang, Tang De-shan.

Study on Agriculture Production Value Factor Analysis Based on A.J.Klee,Grey Incidence Analysis and D-S theory [J]. Soft Science (2006), 20(4): pp16-18 [9] Chen Wei, Xia Jian-hua. An Optimal Weights Combination Method Considering both Subjective and Objective Weight Information [J]. Mathematics in Practice and Theory (2007). 37(1): pp17-22 [10] Nguyen S H. Scalable Classification Method Based on Rough Sets[A] . RSCTC 2002[C] . Heidelberg :Springer ,(2002). pp433-440 [11] FU Ming; CHEN Xi; LIU Yi-nan Reduction Based on Information Granule, Journal of Hunan Light Industry College (2004) ,1(1) pp: 81-85",outputs/batch1/canonical_text_284/232abf4e9e91.txt,Ambrose Edward Irudayaraj; V. Anbumalar,2022,Periodico,,https://www.semanticscholar.org/paper/0397508218bbb477dc15863a74245d3c12b1eb0e,DT-C01,0,product | cognitive | impact | load | cognitive load | human | technology | science | understanding | designers | function | conceptual | engineering | methodology | theoretical,"Design theory — Product, cognitive & impact [DT-C01]",product | cognitive | impact | load | cognitive load | human | technology | science | understanding | designers | function | conceptual | engineering | methodology | theoretical,"Within the predefined Design theory group, DT-C01 is statistically distinguished by product, cognitive, impact. Additional contrastive terms include load, cognitive load, human, technology, science. Representative papers include Conceptual foundations of design problem solving; Design Theory and Method of Complex Products: A Review. This is an analysis-frozen statistical interpretation, not a final editorial topic label.",Design theory,Statistical bottom-up interpretation,Prior-pilot assignment retained,Contrastive cluster explanation using adapted class-based TF-IDF; not a predefined codebook classification.,Not assigned by Path 1,Not evaluated in this statistical interpretation,Not applicable,Predefined keyword group,Not assigned,BGE-M3 embedding + Spectral clustering,Not assigned,Adapted class-based TF-IDF interpretation,not_applicable,-1,0.0,product | cognitive | impact | load | cognitive load | human | technology | science | understanding | designers | function | conceptual | engineering | methodology | theoretical,False,False,0,,,9.18707,-6.0527186,0.10207688808441162,9,9,False,"[{'paper_id': '02f3ae017acb', 'title': 'Design Theory and Method of Complex Products: A Review', 'cluster': 0, 'distance': 0.12341785430908203}, {'paper_id': '141f85abba0a', 'title': 'How to Define Design in Industrial Control and Automation Software', 'cluster': 0, 'distance': 0.15602946281433105}, {'paper_id': '4025e28730c1', 'title': 'Conceptual foundations of design problem solving', 'cluster': 0, 'distance': 0.15799075365066528}, {'paper_id': '9f9f7295ec8c', 'title': 'Affordance based design: a relational theory for design', 'cluster': 0, 'distance': 0.1809704303741455}, {'paper_id': 'c9175ef9ebfe', 'title': 'Management design theories', 'cluster': 2, 'distance': 0.18541371822357178}]"
288676f720a1,Design theory,A design theory for digital platforms supporting online communities: a multiple case study,"This research proposes and validates a design theory for digital platforms that support online communities (DPsOC). It addresses ways in which digital platforms can effectively support social interactions in online communities. Drawing upon prior literature on IS design theory, online communities, and platforms, we derive an initial set of propositions for designing effective DPsOC. Our overarching proposition is that three components of digital platform architecture (core, interface, and complements) should collectively support the mix of the three distinct types of social interaction structures of online community (information sharing, collaboration, and collective action). We validate the initial propositions and generate additional insights by conducting an in-depth analysis of an European digital platform for elderly care assistance. We further validate the propositions by analyzing three widely used digital platforms, including Twitter, Wikipedia, and Liquidfeedback, and we derive additional propositions and insights that can guide DPsOC design. We discuss the implications of this research for research and practice.",12,12,288676f720a1_p0006;288676f720a1_p0007;288676f720a1_p0008;288676f720a1_p0009;288676f720a1_p0010;288676f720a1_p0011;288676f720a1_p0042;288676f720a1_p0051;288676f720a1_p0077;288676f720a1_p0087;288676f720a1_p0088;288676f720a1_p0092,"or economic theories of online communities. However, these theories do not address the problems that arise from designing digital platforms that support online social interactions. Therefore, we lack a design theory for such digital platforms; existing design theories for traditional information systems do not adequately take into account the social and interactive processes that take place in online communities (Walls et al. , 1992; Huysman and Wulf, 2005). Practitioners are not guided by valid, reliable design principles when designing DPsOC and this may have a negative impact on the sustainability of online communities. The objective of this study is to develop a design theory for DPsOC by generating and validating a set of propositions that would guide effective design of digital platforms. Drawing from prior literature on IS design theory, online communities, and platforms, we present a conceptual framework that deﬁnes important elements of our design theory and guides the process of generating and validating the theory.

We de ﬁne and expound the justi ﬁcatory knowledge, purpose and scope, and principles of form and function of DPsOC, and derive an initial set of propositions for designing effective DPsOC. Using a two-phase multiple case study approach (Yin, 2009), we ﬁrst validate the initial propositions and generate additional insights based on an in-depth analysis of a European digital platform for elderly care assistance. We then further validate the propositions and derive additional propositions by analyzing three widely used digital platforms, composed of Twitter, Wikipedia, and Liquidfeedback. Our study contributes to research and practice by identifying and validating useful principles for designing digital platforms supporting generative, sustainable online communities. The design theory framework for digital platforms supporting online communities Among different types of theories in information systems (Gregor, 2006), prior research on online communities has mainly contributed to four types of theories: theories for analyzing (Stanoevska-Slabeva and Schmid, 2001), theories for explaining (Jones and Rafaeli, 2000), theories for predicting (Rothaermel and Sugiyama, 2001), and theories for explaining and predicting (Balasubramanian and Mahajan, 2001).

Few prior studies fall into the tradition of theories for ‘design and action, ’ which focus on building knowledge through the design and evaluation of IT artifacts (Hevner et al. , 2004). Theories for design and action differ from descriptive or predictive theories in that they provide explicit prescriptions on how to design and develop an artifact (Simon, 1996; Gregor, 2006). Our literature review indicates that few design theories have been developed for platforms that support online communities. Given the pervasiveness and increasing importance of online communities, there are compelling needs for such design theories. To ﬁll this gap, building upon Gregor and Jones (2007) and the literature on online communities and platforms, we propose a framework guiding the development of a design theory of DPsOC (Figure 1). The framework consists of four meta-level constructs (testable propositions, justiﬁcatory knowledge, purpose and scope, and principles of form and function) and expository instantiation.

The proposed framework also shows how the meta-level constructs are related to one another, how they are projected in the expository instantiation of the theory through implementation, and how they are informed by expository instantiation. Although some studies in the design science research tradition view IT artifacts as the main outcome (March and Smith, 1995; Hevner et al., 2004), other studies emphasize the central role of design theories in the form of testable propositions (Fischer et al., 2010), both as the justi ﬁcatory knowledge that informs the artifact construction and as the natural outcome of a design research effort (Gregor and Jones, 2007; Baskerville and Pries-Heje, 2010). A testable proposition refers to a ‘technological rule ’ (van Aken, 2004) that links the characteristics of the artifact with a desired outcome under certain environmental conditions.

The bridging role of justi ﬁ- catory knowledge has been conceptualized as an essential element for linking the purpose and scope of an artifact with its principles of form and function (Spagnoletti and Tarantino, 2012). Justi ﬁcatory knowledge is a fundamental tool for providing the researcher with a palette of situated design and evaluation strategies through a better understanding of complex situated phenomena. The purpose and scope of a design theory is characterized by environmental requirements such as capabilities and conditions that are linked to the principles of form and function of the artifact. These requirements justify the reasons for the presence of the components of an artifact. The purpose and scope embeds artifact mutability or changeability. In this view, justiﬁcatory knowledge is a source for analytical, explanatory, predictive, and prescriptive theories, thereby informing the purpose and scope as well as the abstract architecture of the IT artifact.

This body of knowledge receives feedbacks from the other components of the framework in the form of testable propositions. An expository instantiation substantiates a meta-level design theory in a particular empirical setting (Gregor and Jones, 2007). Unlike theories in the natural sciences that are traditionally represented by language or mathematics, the artifact itself has representational and communicative power (Gregor and Jones, 2007). The description of an artifact can communicate the design principles of a theory by outlining the artifact’s feasibility, applicability, and usefulness at build time as well as at run time (Sonnenberg and vom Brocke, 2012). This process, called projection, plays a fundamental role in validating the theory in speci ﬁc contexts (Pries-Heje and Baskerville, 2010).

Such virtual spaces were named after three metaphors of interaction as described below: the Public Square , the Social Window , and the Courtyard. Design problem Literature review HOPES case Twitter Wikipedia LQFB Empirical observations Initial Validated Insights Design theory for DPsOCConceptual analysis Design theory framework Additional

complemented by some external modules that provide additional IT capabilities for supporting information sharing, collaboration, and collective action. Insights from the case According to our design theory framework, testable propositions can be derived from the purpose and scope of DPsOC and their principles of form and function. Our analysis of the European digital platform case provides an empirical instantiation of the architectural requirements listed in Table 2. The purpose and scope of the platform are linked with its principles of form and function through the lenses of our conceptual model. In addition to validating the four initial propositions, the case also helps to discover additional insights that extend the extant literature on the architecture of a DPsOC. These insights are discussed below and summarized in Table 3. Furthermore, we discuss how evidences collected in the case inform our theoretical understanding of the problem domain.

This study builds a design theory for DPsOC. As online communities demonstrate much more complex, emergent socio technical interactions than traditional information systems, there is a need, albeit a challenging one, for building a design theory for IT artifacts that support them. This research attempts to address this problem. We develop a design theory framework (Figure 1) that de ﬁnes meta-level theoretical elements for DPsOC and that shows the role of expository instantiation in developing testable propositions. Drawing upon the transaction cost theory and the perspective of social interaction structures coping with free-riding problems, we identify three distinct forms of online communities – information sharing, collaboration, and collective action. As the role of digital platforms becomes increasingly important, our efforts to build a design theory need to shift from IT applications to digital platforms.

Dennis, A., Fuller, R. and Valacich, J. (2008). Media, Tasks, and Communication Processes: A theory of media synchronicity, MIS Quarterly 32(3): 575–600. Eisenhardt, K.M. and Graebner, M.E. (2007). Theory Building From Cases: Opportunities and challenges, Academy of Management Journal 50(1): 25–32. El Sawy, O., Malhotra, A., Park, Y. and Pavlou, P. (2010). Seeking the Conﬁgurations of Digital Ecodynamics: It takes three to tango, Information Systems Research 21(4): 835–848. Evans, D.S., Hagiu, A. and Schmalensee, R. (2006). Invisible Engines: How software platforms drive innovation and transform industries , Cambridge, MA: MIT Press. Faraj, S., Jarvenpaa, S.L. and Majchrzak, A. (2011). Knowledge Collaboration in Online Communities, Organization Science 22(5): 1224–1239. Fischer, C., Winter, R. and Wortmann, F. (2010). Design Theory, Business & Information Systems Engineering 2(6): 387–390.

Gawer, A. (2009). Platforms, Markets and Innovation: an introduction, in A. Gawer (ed.) Platforms, Markets and Innovation , Cheltenham: Edward Elgar Publishing, pp. 1 –18. Gregor, S. (2006). The Nature of Theory in Information Systems, MIS Quarterly 30(3): 611–642. Gregor, S. and Jones, D. (2007). The Anatomy of a Design Theory, Journal of the Association for Information Systems 8(5): 312–335. Hanseth, O. and Lyytinen, K. (2010). Design Theory for Dynamic Complexity in Information Infrastructures: The case of building internet, Journal of Information Technology 25(1): 1–19. Henfridsson, O. and Bygstad, B. (2013). The Generative Mechanisms of Digital Infrastructure Evolution, MIS Quarterly 37(3): 907–931. Hevner, A.R., March, S.T., Park, J. and Ram, S. (2004). Design Science in Information Systems Research, MIS Quarterly 28(1): 75–105. Huysman, M. and Wulf, V. (2005).

Priedhorsky, R., Chen, J., Lam, S., Panciera, K., Terveen, L. and Riedl, J. (2007). GROUP 07, New York, NY. Pries-Heje, J. and Baskerville, R. (2010). Management Design Theories, in J. Pries-Hejeet al. (eds.) IS Design Science Research . IFIP AICT 318, pp. 263 –281. Resca, A. (2006). Knowledge: Climbing the learning ladder to a ‘phenomenological’view, Journal of Information Technology 21(3): 203–210. Resca, A., Za, S. and Spagnoletti, P. (2013). Digital Platforms as Sources for Organizational and Strategic Transformation: A case study of the Midblue project, Journal of Theoretical and Applied e-Commerce Research8(2): 71–84. Rothaermel, F.T. and Sugiyama, S. (2001). Virtual Internet Communities and Commercial Success: Individual and community-level theory grounded in the atypical case of TimeZone.com, Journal of Management 27(3): 297–312.",outputs/batch1/canonical_text_284/288676f720a1.txt,P. Spagnoletti; A. Resca; Gwanhoo Lee,2015,Journal of Information and Technology,,https://www.semanticscholar.org/paper/e0e64fb553b44ffc85c79f32f7fa53c7f7583af4,DT-C03,2,management | service | learning | social | support | theoretical | development | literature | evaluation | practice | analysis | gregor | practitioners | empirical | digital,"Design theory — Management, service & learning [DT-C03]",management | service | learning | social | support | theoretical | development | literature | evaluation | practice | analysis | gregor | practitioners | empirical | digital,"Within the predefined Design theory group, DT-C03 is statistically distinguished by management, service, learning. Additional contrastive terms include social, support, theoretical, development, literature. Representative papers include Web-based information systems: Developing a design theory; Management design theories. This is an analysis-frozen statistical interpretation, not a final editorial topic label.",Design theory,Statistical bottom-up interpretation,Prior-pilot assignment retained,Contrastive cluster explanation using adapted class-based TF-IDF; not a predefined codebook classification.,Not assigned by Path 1,Not evaluated in this statistical interpretation,Not applicable,Predefined keyword group,Not assigned,BGE-M3 embedding + Spectral clustering,Not assigned,Adapted class-based TF-IDF interpretation,not_applicable,-1,0.0,management | service | learning | social | support | theoretical | development | literature | evaluation | practice | analysis | gregor | practitioners | empirical | digital,False,False,0,,,8.329475,-3.1790466,0.09003239870071411,5,5,False,"[{'paper_id': '83d1ebe7d6c0', 'title': 'Design Theory in Information Systems', 'cluster': 1, 'distance': 0.1385178565979004}, {'paper_id': '43fee329f83e', 'title': 'Process design theory for digital information services', 'cluster': 2, 'distance': 0.14486163854599}, {'paper_id': 'c0372ed4d123', 'title': 'Web-based information systems: Developing a design theory', 'cluster': 2, 'distance': 0.14664345979690552}, {'paper_id': '67d72b35ce6b', 'title': 'A nascent design theory for explainable intelligent systems', 'cluster': 2, 'distance': 0.15616941452026367}, {'paper_id': 'd2fba2826d90', 'title': 'Design Principles for Platform-Enabled Knowledge Commons with an Expository Instantiation', 'cluster': 2, 'distance': 0.15766870975494385}]"
2c8a6e74557f,Design theory,"The tacit knowledge of entrepreneurial design: Interrelating theory, practice and prescription in entrepreneurship research","Abstract An important challenge facing entrepreneurship researchers is the “three-body” knowledge problem of how to use “theoretical knowledge” to produce “prescriptive knowledge” that communicates the “practical knowledge” of situated practice to students and practitioners of entrepreneurship. We argue that a contribution can be made to solving this problem by theorizing practical knowledge as the “know-how” to do a situated entrepreneurial practice. “Know-how” is a cognitive “capacity to act” that prescribes for a practitioner how to produce a type of outcome in a range of circumstances. This “know-how” can potentially, therefore, be reconstructed theoretically as explicit micro-prescriptive guidelines for third-party practice. To exploit this connection between practical knowledge and prescriptive knowledge, however, we first need to overcome the problem that “know-how” is largely tacit in the moment of real-time forward-looking practice. In other words, the practitioner is not directly aware of their tacit “know-how”, or “tacit knowledge”, at the time of practice. In this article, we explore the contribution design theory can make to empirically eliciting, and conceptually inferring, the real-time “tacit knowledge” of entrepreneurial practice as a precursor to producing micro-prescriptive knowledge.",12,12,2c8a6e74557f_p0003;2c8a6e74557f_p0004;2c8a6e74557f_p0007;2c8a6e74557f_p0010;2c8a6e74557f_p0014;2c8a6e74557f_p0015;2c8a6e74557f_p0020;2c8a6e74557f_p0021;2c8a6e74557f_p0031;2c8a6e74557f_p0032;2c8a6e74557f_p0037;2c8a6e74557f_p0040,"The relationship between theory and practice has been much debated in social science research ( Dimov, 2018;Johannisson, 2011; McMullen and Dimov, 2013 ;Reed, 2009;Schatzski, 2001;van de Ven and Johnson, 2006 ). A core issue of this debate is how to codify the largely tacit and intuited knowledge of “forward-looking”situated practice from the perspective of formalized and generalized “backward-looking”theory (McMullen and Dimov, 2013 ;Tsoukas, 2017). In practical applied ﬁelds of research, such as entrepreneurship, management, medicine, engineering and information systems, this issue is further complicated by the need to produce prescriptive, applied, or“actionable”, knowledge for educational and training programs ( Argyris, 2005;Simon, 1969/1996;Venkataraman et al., 2012). The theory-practice problem, therefore, becomes the “three-body”knowledge problem of how prescriptive knowledge relates to explicit theoretical knowledge and situated practical knowledge ( Berglund et al., 2018).

In this article, we address the speci ﬁc “three-body”knowledge problem of how to develop explicit methods, or “design instrumentalities ”, that prescribe guidelines for entrepreneurial practice, from a theoretical explanation and re-description of the situated practical knowledge of entrepreneurs ( Berglund et al., 2018). Entrepreneurship researchers are in the process of developing a prescriptive knowledge base ( Berglund et al., 2018 ;Fiet, 2008; Mansoori, 2017;Neck and Greene, 2011 ;Neck et al., 2014;Ries, 2011;Sarasvathy, 2008;Sarasvathy and Venkataraman, 2011 ). This * Corresponding author. E-mail addresses:paul.d.selden@gmail.com (P.D. Selden),denise.ﬂetcher@uni.lu(D.E. Fletcher). Contents lists available at ScienceDirect Journal of Business Venturing Insights journal homepage: www.elsevier.com/locate/jbvi https://doi.org/10.1016/j.jbvi.2019.e00122 Received 17 October 2018; Received in revised form 15 March 2019; Accepted 20 March 2019 Journal of Business Venturing Insights xxx (xxxx) xxx Please cite this article as: Selden, P.D., Fletcher, D.E., The tacit knowledge of entrepreneurial design: Interrelating theory, practice and prescription in entrepreneurship research, Journal of Business Venturing Insights, https://doi.org/10.1016/j.jbvi.2019.e00122

For example, a cognitve map, or schema, might provide an interpretive framework that draws attention to particular elements in the task domain, and the possibility of making connections between those elements, as a means to an end. While a cognitive heuristic, or script, might specify a context-speci ﬁc strategic action that solves a type of problematic situation or opens up the possibility of identifying an opportunity. The means-end structureof practical knowledge (Emirbayer and Mische, 1998 ) is, therefore,self-prescriptivefor the practitioner, because it is predictive of what the practitioner should do, in certain contexts, to produce a desired effect. What is self-prescriptive for a practitioner is potentially explicitly prescriptive for a third party. We can see this connection between practice and prescription in Sarasvathy's (2008) theory of effectuation.

For example, the entrepreneur will not necessarily be directly aware of how they distinguish, select and combine elements of the task domain. The nature of practical knowledge as primarily “tacit knowledge”(Nonaka and Takeuchi, 1995 ), therefore, poses a theoretical and methodological challenge that appears to explain why there is little literature on entrepreneurial knowledge as tacit cognitive “know-how”. Nevertheless, our choice of theoretical perspective can have a signi ﬁcant effect on our ability to empirically elicit, and conceptually infer, tacit “know-how”from situated practice as a precursor to developing prescriptive knowledge. In this article, we argue that design theory(Cross, 2006;Dimov, 2016;Ding, 2019;Dorst, 2011;Romme and Reymen, 2018 ;Sarasvathy, 2003,2008;Sch€on, 1983;Selden and Fletcher, 2015 ;Simon, 1969/1996;Venkataraman et al., 2012 ;Yilmaz et al., 2016) can make a vital contribution to theorizing the tacit “know-how”of the entrepreneur because of the insights it gives into the forward-looking nature of entrepreneurial practice.

No surprise, then, that practitioners often complain that management theories are not related to the real world ” (Tsoukas, 2017, p.134). From a“backward-looking”perspective, how, then, do we revisit the process by which the original events transpired? How do we “restore the past to its own present with all its incoherence, complications, and ‘might-have-beens’”, thereby“preserv [ing] the complexity of the world as experienced by actors living-forward ”(Tsoukas, 2017, p. 145)? In this section, we discuss the contribution design theory can, and does, make to theorizing the practice of the entrepreneur creating a future under conditions of contingent uncertainty. We discuss this contribution in the context of a brief summation of extant approaches to theorizing contingent forward-looking entrepreneurial practice. Radical subjectivist (Chiles et al., 2010), pragmatist (Sarasvathy, 2008), constructivist (Wood and McKinley, 2010 ), phenomenological (Berglund, 2007) and interpretivist (Packard, 2017) researchers theorize forward-looking entrepreneurial practice as acting in the contingent present relative to a teleological, or intentional, anticipation of a future ( Bretano, 1995).

From this perspective, entrepreneurial activity is the “pursuit of imagination”in the context of contingent experience ( Shackle, 1979, p.140). Radical subjectivists, for example, explain how markets are propelled far from equilibrium by the force of creative imagination, as entrepreneurs combine, and recombine, concrete capital resources in the context of “accident or felicity of chance ”(Shackle, 1974, p. 46–7;Lachmann, 1986). Similarly, constructivists and pragmatists explain how entrepreneurs enact imagined opportunities, in the context of contingent interaction, in order to entrain stakeholders into the process of creating a venture ( Sarasvathy, 2008;Wood and McKinley, 2010 ). Design theory has also been used to explain how entrepreneurs create a future in the present through the relationship between an imagined purpose and contingent experience ( Dimov, 2016;Ding, 2019;Nielsen et al., 2017;Romme and Reymen, 2018 ;Sarasvathy, 2003;Selden and Fletcher, 2015 ;Simon, 1969/1996;Venkataraman et al., 2012 ).

Intermediateartifactsinclude relational artifactual con ﬁgurations, such as business networks and organizational processes, and artifactual material arrangements, such as commodity prototypes ( Sarasvathy, 2003,2008;Selden and Fletcher, 2015;Venkataraman et al., 2012). In real-time, the forward-looking practice of the entrepreneur concerns the process of developing an intermediate design of an entrepreneurial outcome; socially enacting and testing this intermediate design; evaluating and transforming the design; and socially and materially developing, implementing and assembling intermediate artifacts from the intermediate design. For example, an entrepreneur might enact a venture idea (intermediate design), in negotiations with a stakeholder, with the intention of testing its viability and developing a venture model (intermediate design) that codi ﬁes a more detailed “speciﬁcation”for a prototypical assemblage of resources (intermediate artifact).

Intermediate designs and artifacts are an explicitforward-looking aspect of entrepreneurial practice, in the sense that they are consciously imagined, socially enacted, and materially constructed. If we want to know something about the tacit “know-how”of forward-looking entrepreneurial practice, we need, then, to focus on “how”the designer creates, tests, socially enacts, transforms, materially assembles and implements intermediate designs and artifacts during the entrepreneurial journey. We discuss this in the next section. 4. The“how”of entrepreneurial design practice In design theory, the “how”of artifactual design and creation is usually conceived as problem-framingandproblem-solvingactivity (Dimov, 2016;Dorst and Cross, 2001 ;Dorst, 2011;Rittel, 1972;Sch€on, 1983;Simon, 1969/1996;Visser, 2006). The framing and solving of problems is central to design practice because design isthe problem of how to create, transform and actualize intermediate designs and artifacts under conditions of contingent uncertainty.

The design cognition literature contributes to our understanding of the designer's tacit “know-how”by using cognitive science theories of ideation, creativity and problem-solving to identify “conceptual repertoire”,“ideation techniques”and“design strategies” that are tacitly instantiated in design practice ( Cross, 2006;Gray et al., 2016). For example, cognitive structures of design practice, such as“design heuristics”(Gray et al., 2016) and“problem schema”(Kohls and Scheiter, 2008 ), are inferred from observed patterns of design activity in protocol and case study analyses ( Cross, 2006;Gray et al., 2016;Yilmaz et al., 2016). These cognitions are treated as prescriptive guidelines for design practice, and, therefore, the connection is made between practice and prescription, as discussed earlier in this article (Gray et al., 2016;Yilmaz et al., 2016).

schema”guides design practice because it is a mental representation of a design space with a particular type of problem structure, the features of that structure and a framework for ﬁnding a solution (Kohls and Scheiter, 2008). Similarly, design heuristics, such as “align components around centre”,“allow user to assemble”and“use opposite surface”, are“rule-of-thumb”cognitive strategies that highlight particular aspects of a problem space, and facilitate possible solutions to problematic situations ( Gray et al., 2016). We can use design cognition theory, in conjunction with a design conceptualization of entrepreneurial practice, to infer, from empirical information, the cognitive structures of entrepreneurial tacit “know-how”, such as cognitive schema and heuristics ( Gray et al., 2016;Manimala, 1992;Sarason et al., 2006 ). These cognitive structures can then potentially be used to infer prescriptive guidelines for the practice in question.

In this article, we hope we have contributed to addressing the “three-body”knowledge problem of how to produce prescriptive “design”knowledge, in entrepreneurship research, from a theoretical explanation and re-description of the situated practical knowledge of entrepreneurs (Berglund et al., 2018). We have highlighted the connection between the tacit “know-how”of forward-looking practice and the explicit“know-how”of prescriptive knowledge, and explained how design theory contributes to exploring and exploiting this connection by helping us to theorize the tacit “know-how”of entrepreneurial practice. A design conception of entrepreneurial practice draws attention to the way in which the forward-looking entrepreneurial practitioner brings the imagined future into the contingent present through the design and creation of intermediate artifacts.

prescriptive guidelines for framing the entrepreneurial problem (and solution) space, and can potentially be communicated to a prospective practitioner in the context of teaching Ian's multi-project strategy. We hope that the design approach we have outlined in this article provides the basis for further discussion about the role of design theory in developing the prescriptive knowledge base of entrepreneurship research, and future empirical investigation into the tacit “know-how”of entrepreneurs. Appendix A. Supplementary data Supplementary data related to this article can be found at https://doi.org/10.1016/j.jbvi.2019.e00122 .",outputs/batch1/canonical_text_284/2c8a6e74557f.txt,P. Selden; D. Fletcher,2019,Journal of Business Venturing Insights,,https://www.semanticscholar.org/paper/befeef12bbd0366a0c81034c7f964b82b76b220f,DT-C02,1,theoretical | practice | sonification | type | value | kernel | science | example | development | artifact | definition | understanding | constructs | space | structure,"Design theory — Theoretical, practice & sonification [DT-C02]",theoretical | practice | sonification | type | value | kernel | science | example | development | artifact | definition | understanding | constructs | space | structure,"Within the predefined Design theory group, DT-C02 is statistically distinguished by theoretical, practice, sonification. Additional contrastive terms include type, value, kernel, science, example. Representative papers include Theory construction in design research. Criteria, approaches, and methods.; Four Criteria for Design Theories. This is an analysis-frozen statistical interpretation, not a final editorial topic label.",Design theory,Statistical bottom-up interpretation,Prior-pilot assignment retained,Contrastive cluster explanation using adapted class-based TF-IDF; not a predefined codebook classification.,Not assigned by Path 1,Not evaluated in this statistical interpretation,Not applicable,Predefined keyword group,Not assigned,BGE-M3 embedding + Spectral clustering,Not assigned,Adapted class-based TF-IDF interpretation,not_applicable,-1,0.0,theoretical | practice | sonification | type | value | kernel | science | example | development | artifact | definition | understanding | constructs | space | structure,False,False,0,,,9.901677,-4.323388,0.16222846508026123,20,20,False,"[{'paper_id': '4025e28730c1', 'title': 'Conceptual foundations of design problem solving', 'cluster': 0, 'distance': 0.1904141902923584}, {'paper_id': '5b52ec143fa6', 'title': 'The ECC Methodology for Architecture Design Theory and Practices Research', 'cluster': 0, 'distance': 0.20060479640960693}, {'paper_id': 'c9175ef9ebfe', 'title': 'Management design theories', 'cluster': 2, 'distance': 0.21400153636932373}, {'paper_id': 'c2c57ac5453e', 'title': 'Theory construction in design research. Criteria, approaches, and methods.', 'cluster': 1, 'distance': 0.21562063694000244}, {'paper_id': 'ceac90427122', 'title': 'Design-oriented human-computer interaction', 'cluster': 0, 'distance': 0.2169506549835205}]"
2faef10b819d,Design theory,A design theory for software engineering,"Context: Software Engineering is a discipline that has been shaped by over 50 years of practice. Many have argued that its theoretical basis has been slow to develop and that, in fact, a substantial theory of Software Engineering is still lacking.Objective: We propose a design theory for Software Engineering as a contribution to the debate. Having done this, we extend it to a design theory for socio-technical systems.Method: We elaborate our theory based on Gregors influential meta-theoretical exploration of the structural nature of a theory in the discipline of Information Systems, with particular attention to ontological and epistemological arguments.Results: We argue how, from an ontological perspective, our theory embodies a view of Software Engineering as the practice of framing, representing and transforming Software Engineering problems. As such, theory statements concern the characterisation of individual problems and how problems relate and transform to other problems as part of an iterative, potentially backtracking, problem solving process, accounting for the way Software Engineering transforms the physical world to meet a recognised need. From an epistemological perspective, we argue how the theory has developed through research cycles including both theory-then-(empirical-)research and (empirical-)research-then-theory strategies spanning over a decade; both theoretical statements and related empirical evidence are included.Conclusion: The resulting theory provides descriptions and explanations for many phenomena observed in Software Engineering and in the combination of software with other technologies, and embodies analytic, explanatory and predictive properties. There are however acknowledged limitations and current research to overcome them is outlined.",12,12,2faef10b819d_p0001;2faef10b819d_p0003;2faef10b819d_p0004;2faef10b819d_p0005;2faef10b819d_p0011;2faef10b819d_p0012;2faef10b819d_p0016;2faef10b819d_p0080;2faef10b819d_p0096;2faef10b819d_p0101;2faef10b819d_p0102;2faef10b819d_p0104,"A design theory for software engineering Jon G. Hall , The Open University, UK Lucia Rapanotti, The Open University, UK SoftwareEngineeringisadisciplinethathasbeenshapedbyover50yearsofpractice.Manyhavearguedthat its theoretical basis has been slow to develop and that, in fact, a substantial theory of Software Engineering is still lacking. This article contributes to the ongoing debate by proposing a design theory for Software Engineering. From an ontological perspective, our theory embodies a view of Software Engineering as the practice of framing, representing and transforming Software Engineering problems. As such, theory statements concern the characterisation of individual problems and how problems relate and transform to other problems as part of problem solving processes, accounting for the way Software Engineering transforms the physical world to meet a recognised need, and for the problem structuring process in context.

Software Engineering (SE) is a discipline that has been shaped by over 50 years of practice. Driven primarily by the needs of industry, a theoretical basis has been slow to develop. Recently, Johnson et al. [2012] have argued the need for “signiﬁcant” theories of SE, that is theories which can address signiﬁcant questions within the discipline. While recognising that SE is not entirely lacking theory, their main criticisms are that existing theories tend to be small,addressinglimitedsetsofphenomena,veryoftenimplicitandonlycasuallyintroduced by authors, with little academic discussion or rigorous evaluation within the community. Undoubtably, their arguments have stirred some debate in the wider SE community, and perhaps have been the catalyst for a renewed interest in the theoretical foundation of the discipline. Our contribution is a design theory for SE which locates software as a solution within problem solving.

The theory developed from our work on Problem Oriented Engineering (shortly POE, [Hall and Rapanotti 2009a]), a practical engineering framework with an accumulated body of work spanning over a decade, which includes practical application and evaluation through a number of real-world engineering case studies. In fact, we contribute two design theories. The ﬁrst is a theory of pure software artefacts that solve problems. This ﬁrst theory is, by its nature, limited in its possible applications as there are very few problems for which software providesall of the solution; even when software is the primary solution technology, other engineered artefacts, such as a safety case or even enduser training materials, will be needed. The second design theory remedies this defect so that software is one of many possible solution technologies that can form complex solutions.

By design theory, we mean a theory that characterises the elements of software problem solving in terms of the eﬀect they have on the process of design. In this sense, we take a design theoretic approach that follows Gentzen’s proof theoretic approach to mathematical proof [Szabo 1969; Kleene 1964]. Of course, our universe of discourse is much less formal than proof, and so we must take care in representing stakeholder views within design. Our presentation is primarily based on the inﬂuential “meta-theoretical” exploration of the structural nature of a theory in the discipline of Information Systems [Gregor 2006], which webrieﬂy recall inSection 2.2.Inrelation toprevious publications, thenovel contribution of this paper is to: make explicit the theory implicit in the deﬁnition of our engineering framework, with reference to Gregor’s ontological, epistemological and domain questions;

A design theory for software engineering 3 which we consider in the next section in some detail as it also constitutes the frame of reference we adopt in this paper. Finally work has also considered how existing theories might contribute to a general SE theory, including Ralph [2013], who explores ﬁve existing theories, including complexity theory and a theory of cognition, and argues how they could be used to analyse SE phenomena, and Johnson and Ekstedt [2015] who also explore the utility of a theory of cognition as part of a theoretical foundation useful to SE. It is probably fair to say that much work at the moment is speculative and we are still long way away from an agreement on many of the issues we have mentioned. 2.2. Gregor’s meta-theoretical model Gregor [2006] oﬀers an exploration of theory in the context of the Information Systems (IS) discipline.

Given the strong relation between the two disciplines, many of the arguments extendnaturallytoSE,whichexplainswhythisworkhasbeenparticularlyinﬂuentialwithin the nascent SE theory community. Gregor’s exploration of theories is in reference to the following three distinct categories of questions1:ontologicalquestions, which pertain to the elements of the theory, how the theory is expressed, and the form of knowledge contribution the theory makes;epistemological questions, which pertain to the way the theory is constructed, the research method and the way knowledge is accumulated; anddomain questions, which pertain to the core problems, phenomenaofinterestandboundaryofthediscipline.Theepistemologicaldimensioniswhat makes a theory practically useful: it allows knowledge to be accumulated in a systematic manner, guiding research towards crucial questions and enlightening professional practice, something concisely expressed by Lewin [1945] as “nothing is so practical as a good theory.” When it comes to domain questions, Gregor’s position is that a relevant theory for IS should be able to link the natural, social world and artiﬁcial world of human constructions, drawing upon a vast body of knowledge from natural, social and design sciences, and that a wide, rather than narrow view of theory should be taken.

The design theory deﬁned in this paper is based on a body of work accumulated over a decade of research into a design-theoretic approach to problem solving in the context of software and systems engineering. Given the long-lasting nature of the research, the research cycle adopted has included both theory-then-(empirical-)research and (empirical-)researchthen-theory strategies over the years, starting from an initial theoretical proposition [Hall and Rapanotti 2005]. In the following sections, we will present our theory in detail alongside a discussion of any empirical evidence already accumulated in its support, and of aspects for which both theoretical and empirical work is still required. Firstly, we brieﬂy recall inﬂuential work which has shaped our thinking and the ontological view of our theory.

Of particular note in that study was an extension of the previous observation on how assurance inﬂuences design to the context of developing socio-technical mission critical solutions: as for the safety-critical case, the resource expenditure associated with addressing validation problems was at least as high as the design eﬀort. An interesting result from the study was the observation that step-wise problem solving also applies to validation problems, which reinforces the idea of treating engineering and validation problems uniformly. Also the study put to test the ability of the theory to combine multi-description languages, due to the need to describe and analyse both the behaviour of technical and social components within their environment: this provides some evidence that the logical framework works well as a metalayer above that of speciﬁc domain descriptions, adding to the evidence from the previous studies where formal description languages were used.

√ For negation, the situation is less clear. For, although we can say¬E(S) ⊩G N holds when the design tree for E(S) ⊩G N ends in a known unsolvable problem, we need the result that no problem can be both solved and reduced to known unsolvable problems. Indeed, a stakeholder that always validates will cause problems in this regard. More work is required here. We cannot expect, however, that our theory is contained in Kolmogorov’s. In his critique of existential propositions [Mancosu 1998, Page 333], Kolmogorov identiﬁes two elements of a problem: anobjective element(the problem) and a subjective element (the solution). The problem is objective as it is `independent of our knowledge’; the solution is subjective as it is dependent on our knowledge. Within our theory, however, we observe that environment and needs are subjective as their expression depends on the knowledge of the developer, i.e., subjectivity extends throughout the whole problem.

Although there are some obvious overlaps with our work, the lack of precise deﬁnitions makes any formal mapping a matter of pure interpretation, therefore we will not attempt one. Instead, we will stress the common philosophy of the two approaches in the need for an understanding of phenomena in context, which are strongly dependent on needs and criteria expressed by stakeholders: in our terms, the assurance-driven nature of SE problem solving. Similarly, Wieringa et al. [2011] introduce a notion ofdesign theoryas a theory to explain in which way a designed artefact will contribute to meeting stakeholders’ goal. Here the similarity with our approach is even stronger, mapping to the rationale accompanying any instance of a design tree. A form of design theory which Wieringa et al. [2011] see as particularly fruitful to SE is one of anarchitecturalnature (as opposed to logical theories, such as deductive axiomatic theories): this type of theory is one which provides a model of mechanisms that produce phenomena.

For instance, an architectural theory of SE might be one providing a model of the mechanisms within a problem context. By following this line of thought, our deﬁnition of problem as the juxtaposition of problem and solution phenomena sets (our domains), with their controlled and observed relationships, embodies the concept of architectural design theory. Related to this is Weiringa et al.’s [2011] consideration of diﬀerent levels of generalisation and idealisation a theory may provide. At the lowest level, a theory might just be the expression of a practitioner’s speciﬁc problem and treatment design theories (in our terms, a speciﬁc solved problem model): no generalisation or idealisation is present here. At the highest level, a theory might be some universal truth, as might be the case of some natural science laws. For SE, [Wieringa et al.

A design theory for software engineering 27 development of architectural design theories able not just to explain, but also predict: this is motivated by their observation that most SE theories were statistical, and not backed up by any theoretical or phenomenological law, hence hard to generalise beyond the observed phenomena. Indeed, striving for predictive, as well as descriptive, theories is also a goal of our research, as discussed previously. Expanding on over four decades of research in SE development processes and practices, [Boehm et al. 2014] details a principles-based process meta-model which allows practitioners to generate their own bespoke software development processes based on characteristics and constraints of their own development, organisation and market contexts, while still adhering to the key principles embodied in the meta-model.",outputs/batch1/canonical_text_284/2faef10b819d.txt,Jon G. Hall; L. Rapanotti,2017,Information and Software Technology,,https://www.semanticscholar.org/paper/01d6dabb554091dd3a9d65f13a80ead9b166bd79,DT-C03,2,management | service | learning | social | support | theoretical | development | literature | evaluation | practice | analysis | gregor | practitioners | empirical | digital,"Design theory — Management, service & learning [DT-C03]",management | service | learning | social | support | theoretical | development | literature | evaluation | practice | analysis | gregor | practitioners | empirical | digital,"Within the predefined Design theory group, DT-C03 is statistically distinguished by management, service, learning. Additional contrastive terms include social, support, theoretical, development, literature. Representative papers include Web-based information systems: Developing a design theory; Management design theories. This is an analysis-frozen statistical interpretation, not a final editorial topic label.",Design theory,Statistical bottom-up interpretation,Prior-pilot assignment retained,Contrastive cluster explanation using adapted class-based TF-IDF; not a predefined codebook classification.,Not assigned by Path 1,Not evaluated in this statistical interpretation,Not applicable,Predefined keyword group,Not assigned,BGE-M3 embedding + Spectral clustering,Not assigned,Adapted class-based TF-IDF interpretation,not_applicable,-1,0.0,management | service | learning | social | support | theoretical | development | literature | evaluation | practice | analysis | gregor | practitioners | empirical | digital,False,False,0,,,9.248476,-3.3843195,0.09322613477706909,6,6,False,"[{'paper_id': '83d1ebe7d6c0', 'title': 'Design Theory in Information Systems', 'cluster': 1, 'distance': 0.09921550750732422}, {'paper_id': 'c9175ef9ebfe', 'title': 'Management design theories', 'cluster': 2, 'distance': 0.12221169471740723}, {'paper_id': 'fd05a25a5e94', 'title': 'Four Criteria for Design Theories', 'cluster': 1, 'distance': 0.12294924259185791}, {'paper_id': '4025e28730c1', 'title': 'Conceptual foundations of design problem solving', 'cluster': 0, 'distance': 0.1281731128692627}, {'paper_id': '4db508a9681a', 'title': 'Philosophy of design: A meta-theoretical structure for design theory', 'cluster': 1, 'distance': 0.13176846504211426}]"
363ca9685308,Design theory,Cognitive Architecture and Instructional Design: 20 Years Later,"Cognitive load theory was introduced in the 1980s as an instructional design theory based on several uncontroversial aspects of human cognitive architecture. Our knowledge of many of the characteristics of working memory, long-term memory and the relations between them had been well-established for many decades prior to the introduction of the theory. Curiously, this knowledge had had a limited impact on the field of instructional design with most instructional design recommendations proceeding as though working memory and long-term memory did not exist. In contrast, cognitive load theory emphasised that all novel information first is processed by a capacity and duration limited working memory and then stored in an unlimited long-term memory for later use. Once information is stored in long-term memory, the capacity and duration limits of working memory disappear transforming our ability to function. By the late 1990s, sufficient data had been collected using the theory to warrant an extended analysis resulting in the publication of Sweller et al. (Educational Psychology Review, 10, 251–296, 1998). Extensive further theoretical and empirical work have been carried out since that time and this paper is an attempt to summarise the last 20 years of cognitive load theory and to sketch directions for future research.",12,12,363ca9685308_p0003;363ca9685308_p0005;363ca9685308_p0006;363ca9685308_p0007;363ca9685308_p0023;363ca9685308_p0038;363ca9685308_p0057;363ca9685308_p0096;363ca9685308_p0098;363ca9685308_p0107;363ca9685308_p0111;363ca9685308_p0112,"Cognitive load theory aims to explain how the information processing load induced by learning tasks can affect students ’ ability to process new information and to construct Educational Psychology Review (2019) 31:261–292 https://doi.org/10.1007/s10648-019-09465-5 * John Sweller j.sweller@unsw.edu.au

2006). The roots of cognitive load theory can betraced back to 1982 (Sweller and Levine1982), but a first full description of the theory was given in the 1988 articleCognitive Load During Problem Solving: Effects on Learning(Sweller1988). In the next decade, many cognitive load effects and associated instructional methods were investigated by a smallgroup of researchers located at the University of New South Wales, Australia, and the University of Twente, the Netherlands. This close collaboration led to an updated descriptionof cognitive load theory that was published in the 1998 article Cognitive Architecture and Instructional Design (Sweller et al. 1998). After 1998, cognitive load theory quickly became one of the most popular theories in the field of educational psychology and instructional design, with researchers from across the globe contributing to its further development.

The 1998 article became one of the most cited articles in the educational field with currently over 5000 cit ations in Google Scholar. The main aim of this follow-up article is to reflect on the evolutio n of cognitive load theory over the past 20 years, taking the 1998 article as a starting point and a description of future directions as the end point. The structure of this article is as follows. The second section following this introduction provides a short history of cognitive load theory, first discussing the human cognitive architecture as presented in the 1998 article and then describing the categories of cognitive load followed by the seven cognitive load effects discussed in that article. The third section discusses the major developments in cognitive load theory between 1998 and 2018: first, the strengthening of its theoretical basis by grounding it in evolutionary psychology; second, its extension to the level of course and curriculum design in the four-component instructional design (4C/ID) model; third, introducing a series of new cognitive load effects including socalled compound effects; and fourth, introducing new methods for measuring the different categories of cognitive load.

The fourth section discusses future developments of cognitive load theory, in particular, cognitive load in relation to resource depletion; self-regulated learning; emotions, stress and uncertainty and, finally, human movement. The fifth and final section provides some general conclusions. Short History of Cognitive Load Theory The 1998 article Cognitive Architecture and Instructional Design discussed human cognitive architecture including an outline of cognitive load theory and its general principles, a description of seven cognitive load effects generated by the theory and issues associated with measuring cognitive load. Below, we will briefly revisit the human cognitive architecture and the original cognitive load effects described in the 1998 article; measurement issues will be discussed in the ‘Measuring Cognitive Load’ section.

Replace conventional tasks with completion tasks that provide learners with a partial solution they must complete. Split-attention effect 1988 Tarmizi and Sweller ( 1988). Guidance during mathematical problem solving. Journal of Educational Psychology,8 0 ,4 2 4–436. Replace multiple sources of information, distributed either in space (spatial split attention) or time (temporal split attention), with one integrated source of information. Redundancy effect 1991 Chandler and Sweller ( 1991). Cognitive load theory and the format of instruction. Cognition and Instruction,8 ,2 9 3–332. Replace multiple sources of information that are self-contained (i.e. they can be understood on their own) with one source of information. Compound Element interactivity effect 1994 Sweller ( 1994). Cognitive load theory, learning difficulty and instructional design.

cognitive load stays within limits. As will be described in the ‘Developments in Cognitive Load Theory 1998 –2018’ section, this opened up the way for measuring different types of cognitive load and identifying new effects that explicitly aimed at increasing germane processing. Developments in Cognitive Load Theory 1998 –2018 There have been major developments in cognitive load theory over the last 20 years. First, its theoretical basis has been strengthened by laying a strong foundation for human cognitive architecture in evolutionary psychology. Second, four-component instructional design (4C/ID) has been developed as a twin theory focussing on the design of educational programs of longer duration (courses or whole curricula). Third, research yielded a series of new cognitive load effects, including the so-called compound effects, that is, effects that alter the characteristics of other, simple cognitive load effects.

It shares several of its principles with mental workload models, which focus on workplace performance rather than learning and instructional design (e.g. Wickens 2008), and with the cognitive theory of multimedia learning, which has an exclusive focus on the design of multimedia materials (CTML; Mayer 2014). A closely related model that is based on precisely the same cognitive architecture as cognitive load theory and that has been developed fully in parallel is four-component instructional design (4C/ID). The 4C/ID model provides an important extension to cognitive load theory because it focuses on the design of educational programs of longer duration (e.g. courses or whole curricula). The first description of 4C/ID appeared in 1992 (van Merriënboer et al. 1992) and the book Training Complex Cognitive Skills, which provided the first complete description of the 4C/ID model, appeared in the same period as the 1998 cognitive load article (van Merriënboer1997).

Massed practice may reduce working memory resources while spaced practice may allow resources to recover. The spacing effect is arguably the oldest known psychology-generated instructional effect but there has never been agreement concerning its causes. If confirmed by subsequent work, Chen et al. ’s( 2018) findings may allow cognitive load theory to be used as a theoretical explanation of the effect. By confirming the working memory resource depletion hypothesis for learning tasks using the spacing effect as a vehicle, Chen et al. (2018) argued that the assumption of cognitive load theory that the content of long-term memory provides the only major determinant of working memory characteristics may be untenable. An implicit assumption of cognitive load theory, based on the narrow limits of change principle, has been that working memory capacity is relatively constant for a given individual with the only major factor influencing capacity being Educational Psychology Review (2019) 31:261–292 283

It is believed that this change will have considerable consequences and result in a considerable extension of cognitive load theory. Cognitive Load Theory and Self-Regulated Learning A second new line of research relates cognitive load theory to self-regulated learning. Both cognitive load theory and models of self-regulated learning, which deal with learners ’ monitoring and control of their learning processes, may be seen as particularly important perspectives for supporting lifelong learners in an information-rich, complex and fast-changing society (van Merriënboer and Sluijsmans 2009). Both theoretical frameworks already pay attention to learners’ regulation decisions, such as the allocation of cognitive resources (cf. the selfmanagement effect, where learners apply cognitive load principles themselves in order to decrease cognitive load) and the selection of study activities.

With regard to tracing, Hu et al. ( 2015) showed that students who traced angle relationships with their index finger when studying paper-based worked examples in geometry showed higher learning outcomes than students who only studied the examples. Similarly, in a study with a group of primary-school children who studied worked examples on an iPad either by tracing temperature graphs with their index finger or without such tracing, Agostinho et al. (2015) found higher transfer performance in the tracing group. Together with the cognitive load theory view that biologically primary information, such as human movement, is at most marginally affected by working memory limitations (Paas and Sweller 2012), the theoretical framework of grounded or embodied cognition has been used to explain the effects of movements on cognitive load and learning, by asserting that cognitive processes, including information processing and learning, are inextricably linked with sensory and motor functions within the environment, including gestures and other human movements (Barsalou 1999).

The scope of cognitive load theory has been broadened by including the physical environment as a distinct factor affecting cognitive load. Finally, new subjective and objective measurements of cognitive load have been developed, enabling researchers to make a better distinction between the different types of load. Advances in cognitive load theory have been reflected in related theories and also set the trends for future developments. For example, the cognitive theory of multimedia learning (CTML; Mayer 2014), focusing on the design of multimedia learning materials, includes several of the newer cognitive load effects, and four-component instructional design (4C/ID; van Merriënboer and Kirschner 2018a), focusing on the design of whole-task courses and curricula, builds especially on compound effects because the learners’ growth of expertise has direct implications for selecting optimal design principles in different stages of an educational program.

Future research lines open up exciting new opportunities for the further development of cognitive load theory: working memory resource depletion questions the fixed temporal character of individual cognitive resources and might have major implications for several cognitive load effects; self-management of cognitive load and other types of self-regulated learning require us to rethink the combination of primary and secondary knowledge in teaching; physical environments that evoke stress, emotions and/or uncertainty generate new questions on how to effectively deal with cognitive load, and the special role that human movement seems to play in working memory might ask for a reconsideration of human cognitive architecture in relation to instructional design.",outputs/batch1/canonical_text_284/363ca9685308.txt,J. Sweller; J. V. van Merriënboer; F. Paas,2019,Educational Psychology Review,,https://www.semanticscholar.org/paper/e28d73214751d51c3f46a867920be41c49c45130,DT-C01,0,product | cognitive | impact | load | cognitive load | human | technology | science | understanding | designers | function | conceptual | engineering | methodology | theoretical,"Design theory — Product, cognitive & impact [DT-C01]",product | cognitive | impact | load | cognitive load | human | technology | science | understanding | designers | function | conceptual | engineering | methodology | theoretical,"Within the predefined Design theory group, DT-C01 is statistically distinguished by product, cognitive, impact. Additional contrastive terms include load, cognitive load, human, technology, science. Representative papers include Conceptual foundations of design problem solving; Design Theory and Method of Complex Products: A Review. This is an analysis-frozen statistical interpretation, not a final editorial topic label.",Design theory,Statistical bottom-up interpretation,Prior-pilot assignment retained,Contrastive cluster explanation using adapted class-based TF-IDF; not a predefined codebook classification.,Not assigned by Path 1,Not evaluated in this statistical interpretation,Not applicable,Predefined keyword group,Not assigned,BGE-M3 embedding + Spectral clustering,Not assigned,Adapted class-based TF-IDF interpretation,not_applicable,-1,0.0,product | cognitive | impact | load | cognitive load | human | technology | science | understanding | designers | function | conceptual | engineering | methodology | theoretical,False,False,0,,,7.9344068,-5.209875,0.1850990653038025,17,17,False,"[{'paper_id': '9049c4d2bbec', 'title': 'Towards a design theory of blended learning curriculum', 'cluster': 2, 'distance': 0.23386168479919434}, {'paper_id': '00781ed0e844', 'title': 'Cognitive Point of View in Recursive Design', 'cluster': 0, 'distance': 0.2378244400024414}, {'paper_id': '83d1ebe7d6c0', 'title': 'Design Theory in Information Systems', 'cluster': 1, 'distance': 0.243422269821167}, {'paper_id': '92fd41483399', 'title': 'Design exemplars for synchronous e-learning: A design theory approach', 'cluster': 2, 'distance': 0.24556148052215576}, {'paper_id': '02f3ae017acb', 'title': 'Design Theory and Method of Complex Products: A Review', 'cluster': 0, 'distance': 0.2530399560928345}]"
3f7b5dc9fc40,Design theory,Concerning the Epistemology of Design: The Role of the Eco-Cognitive Model of Abduction in Pragmatism,"Design has usually been linked to art and applied in scenarios related to everyday life. Even when design has, on occasion, made its way into the world of academia, it has always been closely linked to art and scenarios related everyday life. At last, however, the idea of design has reached the field of epistemology: an area within the very heart of philosophy that has always focused, in theory, on the foundations of knowledge. Consequently, design is being studied from different approaches interested in the foundation of knowledge, theoretical and practical. This is one of the reasons why abduction and pragmatism have been considered relevant from a design perspective. This paper first shows the main features of abduction and pragmatism, describes their evolution and considers their mutual implications. Second, the epistemology of design is analysed considering its most relevant characteristics. Third, the connection between abduction and, on the one hand, pragmatism and, on the other, design epistemology is addressed. Finally, the role of abductive inference in grounding a real epistemology for design theory from the naturalised cognitive perspective of abduction is outlined. The central proposition is that this approach is essential as a methodological innovation, as it allows us to analyse both the inquiry process and the design process as interdependent when dealing with practical problems of a social and cultural nature. This approach allows us to analyse how human actions determine changes in the theoretical framework from which we make our inquiry. In short, the world is an open-ended project that humans design through our daily inquiry.",12,12,3f7b5dc9fc40_p0005;3f7b5dc9fc40_p0010;3f7b5dc9fc40_p0016;3f7b5dc9fc40_p0040;3f7b5dc9fc40_p0041;3f7b5dc9fc40_p0047;3f7b5dc9fc40_p0049;3f7b5dc9fc40_p0050;3f7b5dc9fc40_p0052;3f7b5dc9fc40_p0053;3f7b5dc9fc40_p0059;3f7b5dc9fc40_p0073,"There are many ways in which the idea of design has penetrated the different spheres of knowledge, eventually offering a new way of understanding the problematic relationship between theory and praxis. The rise of pragmatist theories and their theoretical tools, such as abduction, is an example of this new turn in the different disciplines of the philosophy of science and cognitive science. Alvin Goldman is a referent of this perspective in the ﬁeld of epistemology [1]. Similarly, Ronald N. Giere is a reference in the ﬁeld of Philosophies 2023, 8, 33. https://doi.org/10.3390/philosophies8020033 https://www.mdpi.com/journal/philosophies

The introduction of design has had consequences in the evolution of epistemology in the sense that it passes from an analytical-descriptive framework to a synthetic-applied one, which implies changes in its methodology. This change has led to design being considered as epistemology, called epistemology of design, science of design, and theory of design [6] (p. 2). Perhaps this cannot be considered a revolution in the Kuhnian sense, but it is consistent with epistemic progress in Larry Laudan’s model [ 7] in which changes in methodology can lead to changes in the research tradition as a whole. The design framework also represents the evolution from theory to practice. That is, an epistemology that addresses applied science, emphasising design values such as usability and problem-solving capacity is also conducive to changes in the inquiry tradition, and more deeply to the change in methodological tradition highlighted by Laudan. Design is mainly based on introducing

Estany [15] considers the debate on the relationship between theory and ex-periment in light of the contrast between pure vision [16] and interactive vision [17] noting that: The debate concerning the role of theory versus the role of experiment is an old one in the philosophy of science, and it has crystallized in the comparison between Theoretical Traditions (TT) and Ex perimental Traditions (ET). From the perspective of TT, the philosophy of science has fundamentally focused on theoretical models, on established laws and principles, and ultimately on the reconstruction of scientific theories, leaving experimentation to play a secondary role [15] (pp. 3–4). by the cognitive models that address motor cognition, and that we could see as one of the consequences of the interactive and dynamic vision proposed by Churchland, Ramachandran and Sejnowski in 1994 [15] (p.

Philosophies 2023, 8, 33 8 of 18 2. Knowledge of theories presupposes knowledge of facts (particularities), 3. Knowledge of facts presupposes knowledge of values, 4. Knowledge of values presupposes knowledge of facts, 5. Knowledge of facts presupposes knowledge of interpretations, and 6. Knowledge of interpretations presupposes knowledge of facts. (Points 1 to 4 [46] (pp. 136–137); points 5 to 6 [47] (p. 33).) Perception of facts is built on theories, values and interpretations. In order not to fall into “bad” relativism, 8 it is important to highlight the epistemic value of the “presupposition”, which can be characterised as abduction. If the EC model of abduction is applied to this characterisation of pragmatist holism, we see that the various ways of investigating are based on the reasoning effort of each of the agents. Likewise, it allows for the incorporation of other types of factors that make it possible to realise other ways of interacting with one’s surroundings and which in this work we conceive as essential for an epistemological theory of design that contemplates the cognitive strategies of designers.

According to this, in the next section, we analyse the main ideas of what is called “design epistemology”; and in Section 4, we will see how the EC model establishes an optimal base from which to manage the constituents of a theory of design that contemplates the ﬁrst sketches that are initially made in a project.

He considers design epistemology to be an alternative that can alleviate those deﬁciencies, especially in ﬁelds such as engineering. In other words, design theory contemplates praxis. Therefore, this project needs tools that make it possible to represent the role of design as hypotheses that propose a line of action which, once carried out, implies a substantial change in the world we inhabit and, therefore, in our conception of it. Karabeg proposes that design could substitute for tradition because there are better ways to approach innovative processes in science than in classical epistemology [ 52]. However, when Karabeg refers to design sciences9, he thinks of pure and applied sciences. Therefore, this should be the goal of epistemology—that it transcends classical thinking. Karaberg’s theoretical framework concerning design constitutes a perspective that is a replacement that is perhaps too unconventional for classical epistemology.

3) The idea of wholeness is related to “transdisciplinarity”, which would take the form of the “Knowledge Federation”: a federation of knowledge and disciplines with the aim of being able to approach any phenomenon from different perspectives, like looking through a kaleidoscope. Another concept related to design epistemology is “design theory”, which is addressed by L. E. Östman [ 53] in his paper, “Design theory is a philosophical discipline—Reframing the epistemological issues in design theory”. According to Östman, design philosophy is not a social science, or a natural science, but rather a philosophical discipline, which takes pragmatism as the framework for the reasons behind design theory. Thus, it is not a question of ﬁxing knowledge to straightforward truth, but of addressing problems and promoting understanding through clariﬁcation, reasoning and criticism.

Philosophies 2023, 8, 33 10 of 18 These statements constitute the basis of his proposal, which focuses on knowledge for problem solving, not as a means to reach the truth, or at least not only as such and not primarily, but also to offer an epistemology and methodology of sciences oriented to changing the world. Östman distinguishes between “Design research”, which takes design as a ﬁeld of research, and “design theory”, which is the set of knowledge shared by the different areas in which design processes take place. Furthermore, Östman also relates design theory with H. Simon [ 49], which gives us an idea of his interest in applied science, despite differing on the concept of theory. In fact, Simon’s theoretical framework inspires the science of the artiﬁcial deﬁned as science that not only describes the world but also aims to change it.

One of the issues addressed by the epistemology of design is the adequacy of classical logical-epistemological models for this new epistemic framework. We have already seen that one of the definitions takes the form of presenting the epistemology of design as an alternative to analytic epistemology , opting rather for what was called “synthetic” epistemology . We can consider pragmatism to be the model that could be at the heart of this epistemology , which would be primarily based on abductive reasoning. Östman [54] wrote a book on pragmatist design theory and its impact on architecture.10 He considers that: The pragmatist philosophy of Dewey as an appropriate philosophical foundation for design theoretical reasoning, as it includes a distinctive theory of knowledge and research. It can integrate both the scientiﬁc methods, the reﬂective and interpretative methods of the social sciences and the humanities, but it cannot be fully understood in the light of one of these.

It needs its own paradigm or epistemology. [54] (p. 11) One of the elements that Östman considers especially interesting for the epistemology of design is that Dewey’s philosophy takes: “an interest in development, research and ethics—providing means for controlling actions in an insecure world” [ 54] (p. 12). In conclusion, according to Östman, “the pragmatist philosophy of Dewey basically provides a theoretical model of creative design actions, with experimentalism and evaluative steps as the core elements” [ 54] (p. 17). This amounts to a whole series of characteristics that correspond to reasoning in applied sciences. The pragmatic perspective underpins most approaches to design theory insofar as it provides a lens through which concepts can be interpreted and also a set of conceptual tools that support the realisation, understanding and communication that apply to design.

An interpretation such as that provided by the EC model allows us to broaden the conception of abduction to contemplate the second and third aspects that a pragmatic theory must have in order to be applied to design theories: 1. The implications of a pragmatic perspective for design (the theses of Östman and Dalsgaard that we are considering in this section). 2. The application of the concepts of pragmatism in diverse ﬁelds of the humanities [22].

Science evolves not only through changes in theories but also via new epistemic values and methodological models. As a consequence, the historical perspective of science cannot avoid these types of changes, which also have a great impact on scientiﬁc research. The present work gives an account of this by addressing the role of design epistemology, abduction and pragmatism in the challenges that philosophy faces when conﬁguring a multidisciplinary framework that embraces applied science. Design epistemology forms part of philosophical reﬂection concerning the foundations of theoretical and practical knowledge. This is knowledge that history has taught us has been constructed through trial and error, with certainties and uncertainties, but always driven by the desire to comprehend the surroundings in which we move. Thanks to this, we humans have survived and evolution has given rise to beings with sufﬁcient cognitive abilities to face up to the challenges of the complexity of the world we inhabit.",outputs/batch1/canonical_text_284/3f7b5dc9fc40.txt,Alger Sans Pinillos; A. Estany,2023,Philosophies,,https://www.semanticscholar.org/paper/7e135cc8cc3f2977f008136b33bf88e38576edcc,DT-C01,0,product | cognitive | impact | load | cognitive load | human | technology | science | understanding | designers | function | conceptual | engineering | methodology | theoretical,"Design theory — Product, cognitive & impact [DT-C01]",product | cognitive | impact | load | cognitive load | human | technology | science | understanding | designers | function | conceptual | engineering | methodology | theoretical,"Within the predefined Design theory group, DT-C01 is statistically distinguished by product, cognitive, impact. Additional contrastive terms include load, cognitive load, human, technology, science. Representative papers include Conceptual foundations of design problem solving; Design Theory and Method of Complex Products: A Review. This is an analysis-frozen statistical interpretation, not a final editorial topic label.",Design theory,Statistical bottom-up interpretation,Prior-pilot assignment retained,Contrastive cluster explanation using adapted class-based TF-IDF; not a predefined codebook classification.,Not assigned by Path 1,Not evaluated in this statistical interpretation,Not applicable,Predefined keyword group,Not assigned,BGE-M3 embedding + Spectral clustering,Not assigned,Adapted class-based TF-IDF interpretation,not_applicable,-1,0.0,product | cognitive | impact | load | cognitive load | human | technology | science | understanding | designers | function | conceptual | engineering | methodology | theoretical,False,False,0,,,10.579824,-4.407761,0.1082834005355835,11,11,False,"[{'paper_id': '4db508a9681a', 'title': 'Philosophy of design: A meta-theoretical structure for design theory', 'cluster': 1, 'distance': 0.14643871784210205}, {'paper_id': '4025e28730c1', 'title': 'Conceptual foundations of design problem solving', 'cluster': 0, 'distance': 0.16523969173431396}, {'paper_id': 'fd05a25a5e94', 'title': 'Four Criteria for Design Theories', 'cluster': 1, 'distance': 0.16783446073532104}, {'paper_id': '5b52ec143fa6', 'title': 'The ECC Methodology for Architecture Design Theory and Practices Research', 'cluster': 0, 'distance': 0.16955971717834473}, {'paper_id': 'd250dc6eb9d9', 'title': 'Systems Thinking and Design Thinking: The Search for Principles in the World We Are Making', 'cluster': 0, 'distance': 0.17334485054016113}]"
4025e28730c1,Design theory,Conceptual foundations of design problem solving,"Design problems, processes, and methods are topics of longstanding interest in fields such as architecture and engineering. Design tasks are also common in domains addressed by systems and management scientists. However, much scientific work in these fields indicates little awareness of design theories and research. This paper introduces systems and management scientists to the extensive design theory literature. More importantly, it consolidates and extends that literature by developing a deep conceptual analysis of design problems and problem solving. The analysis is built around five elements of design problems: goals, constraints, alternatives, representations, and solutions. These elements define the basic tasks or functional demands posed by design problem solving. The paper also identifies special difficulties faced by designers in systems and management science domains.",12,12,4025e28730c1_p0002;4025e28730c1_p0004;4025e28730c1_p0005;4025e28730c1_p0006;4025e28730c1_p0009;4025e28730c1_p0020;4025e28730c1_p0027;4025e28730c1_p0030;4025e28730c1_p0031;4025e28730c1_p0036;4025e28730c1_p0057;4025e28730c1_p0058,"ESIGN-the creation of a system or artifact-is ubi- D quitous in practical affairs, especially in domains addressed by systems and management science. Products are designed, as are information systems, production systems, business strategies, and organizations [59]. Several fields, notably architecture (cf., [12]) and engineering (cf., [9], [20], [63]) have extensive design literatures, which include theories/conceptualizations of design, empirical studies of the design process, and methoddaids for improving design activity. Though these fields deal with the design of physical things, theorists have broadened the definition of design to include the development of any complex system or course of action [7], [53], [71]. Design problems involve making something [67], where the making is not simply from an existing plan. Design research is concerned with human creations or “artifacts. ” The terms “artifact” and “system” will be used interchangeably in this paper, though the latter is a broader construct that includes things not designed by humans (e.g., the solar system, living organisms).

Performance problems-situations in which an existing system is performing unsatisfactorily-require one to determine the cause of the performance deficit. Quality management research has responded with such devices as cause-and-effect diagrams [34]. To understand and improve design problem solving, it is necessary to understand design problems and the functional demands they pose. This paper presents a wide-ranging but coherent account of the design theory literature. Though intended for an audience of systems and management scientists, the account is quite general. It integrates research findings from traditional design fields as well as from such disciplines as artificial intelligence (AI) and software engineering [MI. Despite the paper’s breadth, not all the vast design literature is covered. The paper focuses on design theory and the individual thinking or problem solving aspects of design; it omits such important practical matters as client relations and project implementation.

The paper’s level of analysis falls midway between abstract, conceptual accounts (e.g., [24]) and reports of specific design projects. Though the paper draws extensively from the design literature, it does more than simply summarize previous research. It proposes a conceptual framework, claiming that design can be understood in terms of five concepts prominent in design thinking and practice: goals, constraints, alternatives, representations, and solutions. The natures of these concepts and their inter-relationships are clarified. For instance, the paper explains how the notion of “function” relates to goals and other motivators of design activity; it elucidates the relationship between goals and constraints; a typology of constraints is proposed; the constraint-generation process is detailed; the paper outlines three general methods for generating design alternatives; it specifies the purposes of graphic and other representations in design activity; it analyzes the nature of solutions to design problems; and it suggests the limitations of constraint-based, problem space, and parametric methods of design.

Though these topics have been addressed by previous research, the present discussion advances our understanding of the issues and makes them accessible to a larger audience. Thus, the goals of the paper are to develop a conceptual framework for design theory and to familiarize systems and management scientists with design research. It is hoped that the paper’s conceptual account of design will

The designer forms mental or knowledge-level representations of aspects of reality in the course of producing a design for the construction of a real thing. Goals, the motivators of design activity, are real characteristics of agents that must be mentally recognized to influence design problem solving. Likewise for constraints: these denote characteristics of reality (e.g., tensile strengths of materials) that are hopefully included in the designer’s knowledge. Alternatives are generated in light of this knowledge. Elaboration of an alternative is almost invariably supported by development of a visual representation, reconnecting design with the real world. Design solutions are fully elaborated representations of acceptable alternatives or the desired products themselves. A. Goals Like all problem solving, “design begins with a need” [8, p. 591. The notion of need is a motivation concept,

1212 IEEE TRANSACTIONS ON SYSTEMS, MAN, AND CYBERNETICS. VOL. 23. NO 5. SEPTEMBERIOCTOBER 1993 Constmint Tatyet Design Pmess Artifact Ptvduction Pmess Constmint Otiglm Constmlnt Contenk: Resoumes, Physical Chanctenstics, Pehnnance Chancten&cs Hard m son! prima^^ m Subonilnate Thus, design of modules of an information system is constrained by characteristics of databases with which they interface. Other constraints originate externally, from design stakeholders or from the general environment. In addition to generating goals, the client/product user is a source of constraints (e.g., cookware must not weigh too much for the average cook). The designer also originates constraints, including time and knowledge limitations, as well as ‘‘autonomous constraints” [60]. These are discretionary commitments by which designers narrow the altemative space; a composer, for instance, chooses to write in a certain key.

Alternatives are not pre-existing, like moves in a chess game; they can emerge as full-fledged (but undetailed) product concepts, rather than being accumulated through a sequence of steps; the goals, constraints, and other knowledge pertinent to a problem are determined by the alternatives considered, rather than being part of a prespecifiable problem space [40]. Under such conditions, the notion of problem space reduces to that of mental representation. Alternative generation is the most distinctive functional demand posed by design problems. Whereas alternatives in decision problems are known or can be discovered through search, design alternatives must be created. They can range from high-level design concepts for the overall system to proposals for minor components. Generation methods vary in the extent to which they employ reasoned analysis, experiential knowledge, and creative imagination.

But if conjecturalist accounts of design undermine analytical methods, they do not say how alternatives are generated. What has emerged in their support is a focus on the designer’s memory or experiential knowledge as a source of design proposals. Echoing the cognitivist conclusion that problem solving expertise lies in domain knowledge rather than analytical methods [22], theorists argue that skilled designers have elaborate knowledge structures, also called schemas [3S] or prototypes [2S]. These include procedural knowledge (e.g., how to decompose a problem); declarative knowledge of the functions, structures, and behaviors of artifacts [2S]; and experiential knowledge of previous problems, processes, and solutions. The latter support alternative generation by case-based reasoning [471: recall relevant cases, select the most promising, and adapt its solution to fit the current problem.

Criticizing traditional design methods as “misleading because they portray the designer as overly analytical,” Klein [39, p. 1761 argued that “much of the strength of an experienced designer comes from his ability to recognize the types of problem encountered, to recognize the typical ways of handling such issues, and to recognize the implications of contextual nuances. ” Significantly, a designer’s knowledge is not limited to the individual’s direct experience. Design fields accumulate stores of collective knowledge that is made available through training and apprenticeship. Much of this knowledge exists as design types (or prototypes), exemplary solutions to certain kinds of problems [60]. Per Schon, “types should be seen as particulars that function in a general way, or as general categories that have the fullness of particulars” [67, p 1831.

D. Representations A representation is a depiction of something else. The notion encompasses pictures, verbal statements, and models, as well as the internal mental representations that drive human thinking. Per Simon, “a deeper understanding of how representations are created and how they contribute to the solution of problems will become an essential component in the future theory of design” [71, p. 1531. Representations have been integral to design practice since the leap forward from traditional trial-and-error methods of artifact creation. Design-by-drawing enabled the division of design labor and the communication of results required for the construction of complex artifacts [37]. Design has become the production of representations, rather than of systems per se, as a result of the split between design, production, and use in modem societies.

They are, incipiently at least, design sciences. Design researchers [12], [17] have been unsure about the design-science relationship, there being controversy over whether design per se is scientific activity. Arguably, design is not itself a scientific process; designers do not act as scientists or produce scientific results. However, design can be the target of scientific investigation, design science being the intended product of such. Talk of science leads inexorably to demands for theory, explanations of relevant phenomena that are both deep and coherent. Critics of design research might charge that decades of activity have yet to produce a widely-accepted general theory of design. This criticism misunderstands the goal of science in such fields. Like management, design is too broad to be encompassed by unified general theories that are substantively deep.

Rather, design science must focus on narrower targets, such as understanding the mental activities of designers, or developing design methods and aids. In doing so, design research properly appropriates relevant scientific theories from other fields, such as the information processing theory of human problem solving (561. Such research must also be well-grounded conceptually, a need that this paper has attempted to satisfy.",outputs/batch1/canonical_text_284/4025e28730c1.txt,"Smith, G.F. (1); Browne, G.J.",,"IEEE Transactions on Systems, Man and Cybernetics",10.1109/21.260655,,DT-C01,0,product | cognitive | impact | load | cognitive load | human | technology | science | understanding | designers | function | conceptual | engineering | methodology | theoretical,"Design theory — Product, cognitive & impact [DT-C01]",product | cognitive | impact | load | cognitive load | human | technology | science | understanding | designers | function | conceptual | engineering | methodology | theoretical,"Within the predefined Design theory group, DT-C01 is statistically distinguished by product, cognitive, impact. Additional contrastive terms include load, cognitive load, human, technology, science. Representative papers include Conceptual foundations of design problem solving; Design Theory and Method of Complex Products: A Review. This is an analysis-frozen statistical interpretation, not a final editorial topic label.",Design theory,Statistical bottom-up interpretation,Prior-pilot assignment retained,Contrastive cluster explanation using adapted class-based TF-IDF; not a predefined codebook classification.,Not assigned by Path 1,Not evaluated in this statistical interpretation,Not applicable,Predefined keyword group,Not assigned,BGE-M3 embedding + Spectral clustering,Not assigned,Adapted class-based TF-IDF interpretation,not_applicable,-1,0.0,product | cognitive | impact | load | cognitive load | human | technology | science | understanding | designers | function | conceptual | engineering | methodology | theoretical,False,False,0,,,9.38375,-4.6179705,0.053267717361450195,1,1,True,"[{'paper_id': '4db508a9681a', 'title': 'Philosophy of design: A meta-theoretical structure for design theory', 'cluster': 1, 'distance': 0.11220598220825195}, {'paper_id': 'fd05a25a5e94', 'title': 'Four Criteria for Design Theories', 'cluster': 1, 'distance': 0.11417216062545776}, {'paper_id': '83d1ebe7d6c0', 'title': 'Design Theory in Information Systems', 'cluster': 1, 'distance': 0.11660599708557129}, {'paper_id': 'c3005cf4cf75', 'title': 'Design as interactions of problem framing and problem solving', 'cluster': 0, 'distance': 0.11867928504943848}, {'paper_id': 'c9175ef9ebfe', 'title': 'Management design theories', 'cluster': 2, 'distance': 0.11891651153564453}]"
41443180c5b4,Design theory,"Service Ecosystem Design: Propositions, Process Model, and Future Research Agenda","While service design has been highlighted as a promising approach for driving innovation, there are often struggles in realizing lasting change in practice. The issues with long-term implementation reveal a reductionist view of service design that ignores the institutional arrangements and other interdependencies that influence design efforts within multi-actor service systems. The purpose of this article is to build a systemic understanding of service design to inform actors’ efforts aimed at intentional, long-term change in service systems. To achieve this aim, we inform the conceptual building blocks of service design by applying service-dominant logic’s service ecosystems perspective. Through this process, we develop four core propositions and a multilevel process model of service ecosystem design. The conceptualization of service ecosystem design advances service design theory by illuminating previously taken for granted aspects; explaining how intentional, long-term change emerges; and expanding the scope of service design beyond projects. Furthermore, this research offers a foundation for future research on service design that involves extending the systemic conceptualization of service design, conducting more holistic empirical investigations, and developing practical methods and approaches for the embedded, collective processes of designing.",12,12,41443180c5b4_p0017;41443180c5b4_p0026;41443180c5b4_p0030;41443180c5b4_p0035;41443180c5b4_p0050;41443180c5b4_p0052;41443180c5b4_p0058;41443180c5b4_p0060;41443180c5b4_p0068;41443180c5b4_p0071;41443180c5b4_p0072;41443180c5b4_p0081,"127). As such, there has been an extended understanding of materiality in the design for service conceptualization, highlighting the importance of both the concrete and the abstract, as well as the tangible and intangible elements of service. This shift in what is understood as service design materials aligns with the change in thinking from G-D logic, that value is embedded in outputs, to the S-D logic understanding that actors exchange to obtain knowledge and skills (Vargo and Lusch 2004). However, while there have been references to the important role of institutional arrangements in service design (e.g., Kurtmollaiv et al. 2018; Vink et al. 2019; Wetter-Edman, Vink, and Blomkvist 2018), there has not yet been any conceptual work done in service design in relation to the institutional nature of its design materials. Processes of Service Design Some of the early literature building the design of services conceptualization positioned service design as a phase in the new service development process between project formulation and implementation, which focuses on creating prerequisites for a service offering (Edvardsson 1997; Edvardsson and Olsson 1996).

As the service ecosystems perspective stems from the metatheoretical narrative of S-D logic, it can be used to explain a broad range of phenomena on a high level of abstraction (Vargo and Lusch 2017). Following a similar process of theorizing as Brodie and colleagues (2019), we combine the domain-specific research from service design with the most recent developments in S-D logic to build a systemic conceptualization of service design. Table 1 summarizes the main insights from the service ecosystems perspective and aligned theories, such as institutional theory and systems theory, which are used to reconceptualize the building blocks of service design. What emerges from this theorization process is the conceptualization of service ecosystem design , defined as the intentional shaping of institutional arrangements and their physical enactments by actor collectives through reflexivity and reformation to facilitate the emergence of desired value cocreation forms. ecosystem design extends the conceptual building blocks of service design further than prev ious conceptualizations.

collective designing. Each of t hese core building blocks and the theoretical argumentation t hat underlies them are further detailed in the next section. Four Core Propositions of Service Ecosystem To explain the rationale behind the reconceptualization of the building blocks of service design, we draw insights from S-D logic’s service ecosystems perspective and formulate four core propositions of service ecosystems design. We also use empirical illustrations from the healthcare context to contextualize the new concepts and their relationships. The Purpose of Service Ecosystem Design Intentionality, or purposefulness, is at the heart of design (Nelson and Stolterman 2012). The idea of intentionality can be found in many foundational definitions of design as they refer to goal-directed actions (Rittel and Webber 1973), how things ought to be (Simon 1969), or creating a desired system (Banathy 1996). S-D logic’s service ecosystems perspective informs the goal of intentionality by emphasizing that the underlying

The Materials of Service Ecosystem Design Design is characterized as a process of transforming the materials of a situation (Scho ¨n 1992). As such, when building a theoretical foundation for service design, there is a need to better understand what constitu tes the materials of service (Blomkvist, Clatworthy, and Holmlid 2016). The service ecosystems perspective informs the understanding of the materials of service ecosystem design by recognizing institutions (rules, roles, norms, beliefs, and similar aides to collaboration) and institutional arrangements (in terdependent assemblages of institutions) as the foundational facilitators of value cocreation (Vargo and Lusch 2016). By both enabling and constraining how value is cocreated through resource integration, institutional arrangements give service ecosystems their form (Vargo and Akaka 2012) and become the central materials of service ecosystem design.

In their clinic, they have worked to educate patients about the benefits of doing follow-up visits from home and have helped both patients and healthcare professionals learn how to use the video conferencing software. They also use evidence from their trial projects to advocate for changes in the national billing codes. The work of this clinic has influenced other clinics to test out similar remote care models. However, these developments have also sparked some backlash within the physicians’ association, as many actors within this group are actively fighting to maintain historical billing practices to protect their own interests. As such, the lack of change in regulations around bill ing is limiting large-scale change toward remote follow-up visits. A Multi-Level Process Model for Service Ecosystem Building on the overall concep tualization and the four core propositions, we develop a mu lti-level process model for service ecosystem design that off ers a more nuanced understanding of the complex processes that bring life to intentional, long-term change in service ecosystems.

intentionally shape institutional arrangements and their physical enactments to facilitate the emergence of desired value cocreation forms. The meso level of the process model depicts the dynamic interplay between the focal design process and other design (reflexivity and reformation) and non-design (reproduction) processes within the service ecosystem. More specifically, the process model shows that the in tention of the focal design process (i.e., the desired form of value cocreation) maybe aligning with the other design or non-design processes but also may be conflicting with the intentions of these processes, resulting in different kinds of feedback loops that influence the ability of the focal design process to create long-term change. In this way, the context of the service ecosystem has a situating effect (Storbacka et al. 2016) on the focal actors’ design efforts.

Below we explain each of these three implications in more detail. Illuminating Aspects of Service Design that Have Been Taken for Granted By reconceptualizing the building blocks of service design, this research reveals a number of critical, but taken for granted, aspects of service design. In particular, it highlights the emergent, unpredictable nature of service design outcomes. This Vink et al. 11

In doing so, this research builds a more comprehensive understanding of service design processes that incorporates the cultural aspects of service systems that are often viewed as externalities to the service design process (Stuart 1998). In the same vein, the process model of service ecosystem design moves beyond the linear double diamond model (U.K. Design Council n.d.) or phases typically used to portray the process of service design (e.g., Costa et al. 2018) to acknowledge the circular nature of design processes, their embeddedness in reproduction, and the feedback loops that result from their interactions within service ecosystems. Furthermore, the process model also points to how the past influences the present through institutionalizat ion and how actors’ thoughts and actions when designing are enabled and constrained by existing institutional arrangements.

Due to its grounding in the metatheoretical framework of S-D logic, the conceptualization of service ecosystem design is aligned with, and open to being further informed by, the wider literature within institutional theory and systems thinking. The application of institutional theory to support conceptual developments in service design can help ensure that there is adequate recognition of the embedded nature of actors when designing (e.g., Emirbayer and Mische, 1998). Further integration of systems thinking (e.g., Capra and Luisi 2014; Gunderson and Holling, 2002) can aid service design scholars in ensuring that they always examine the parts in relation to the whole and adequately account for the interconnections and feedback loops when designing within service ecosystems. Integrating these theories with design theory (e.g., Scho ¨n, 1992) and literature on systemic design (e.g., Jones, 2013; Nelson and Stolterman 2012) could also help to build a richer contextual understanding of the dynamics of actors’ core design processes.

Furthermore, because institutional arrangements are often taken for granted, they can be challenging to study (Koskela-Huotari, Vink, and Edvardsson 2020). As such, empirical studies of service design that adopt institutional analysis require creative, reflective techniques to expose the changes in hidden rules, norms, roles, and beliefs that guide actors, for example, through ethnography and action research (Hampel, Lawrence, and Tracey 2017; Lawrence, Leca and Zilber 2013). The service ecosystem design framework also highlights the need for service design scholars to adopt oscillating foci, which involves examining the phenomenon of interest at different levels of aggregation by zooming in and out (Chandler and Vargo 2011). In addition, taking multiple perspectives when doing empirical research rather than, for example, solely focusing on the customer perspective is critical when building a more systemic understanding.

This requires participation from a diversity of actors within the study and also benefits from the perspectives of multiple researchers with diverse backgrounds to help challenge potential institutional biases. Furthermore, the framework of service ecosystem design would benefit from testing, challenging, and refining assumptions through longitudinal empirical studies of service design processes. In addition, there is a great deal of potential learning about the core Vink et al. 13

Together these developments make it possible to unlock the full potential of service design as a truly transformative force within service systems. There is undoubtedly a great deal of work ahead to build and hone more sys temic and inclusive theories and practices of service design, but, at the same time, the future of this field has never looked brighter. Authors’ Note Bo Edvardsson is also affiliated with Department of Marketing, Inland Norway University of Applied Sciences, Elverum, Norway.",outputs/batch1/canonical_text_284/41443180c5b4.txt,J. Vink; Kaisa Koskela-Huotari; B. Tronvoll; B. Edvardsson; Katarina Wetter-Edman,2020,Journal of services research,,https://www.semanticscholar.org/paper/ac1bd39fb2c3e185247823c8a846c9829bb5ce27,DT-C03,2,management | service | learning | social | support | theoretical | development | literature | evaluation | practice | analysis | gregor | practitioners | empirical | digital,"Design theory — Management, service & learning [DT-C03]",management | service | learning | social | support | theoretical | development | literature | evaluation | practice | analysis | gregor | practitioners | empirical | digital,"Within the predefined Design theory group, DT-C03 is statistically distinguished by management, service, learning. Additional contrastive terms include social, support, theoretical, development, literature. Representative papers include Web-based information systems: Developing a design theory; Management design theories. This is an analysis-frozen statistical interpretation, not a final editorial topic label.",Design theory,Statistical bottom-up interpretation,Prior-pilot assignment retained,Contrastive cluster explanation using adapted class-based TF-IDF; not a predefined codebook classification.,Not assigned by Path 1,Not evaluated in this statistical interpretation,Not applicable,Predefined keyword group,Not assigned,BGE-M3 embedding + Spectral clustering,Not assigned,Adapted class-based TF-IDF interpretation,not_applicable,-1,0.0,management | service | learning | social | support | theoretical | development | literature | evaluation | practice | analysis | gregor | practitioners | empirical | digital,False,False,0,,,8.290074,-3.937372,0.1190633773803711,10,10,False,"[{'paper_id': '43fee329f83e', 'title': 'Process design theory for digital information services', 'cluster': 2, 'distance': 0.14609074592590332}, {'paper_id': 'c9175ef9ebfe', 'title': 'Management design theories', 'cluster': 2, 'distance': 0.18495941162109375}, {'paper_id': 'd250dc6eb9d9', 'title': 'Systems Thinking and Design Thinking: The Search for Principles in the World We Are Making', 'cluster': 0, 'distance': 0.18855547904968262}, {'paper_id': '4025e28730c1', 'title': 'Conceptual foundations of design problem solving', 'cluster': 0, 'distance': 0.1917504072189331}, {'paper_id': 'c0372ed4d123', 'title': 'Web-based information systems: Developing a design theory', 'cluster': 2, 'distance': 0.19802582263946533}]"
43fee329f83e,Design theory,Process design theory for digital information services,"Information services transfer information goods from a creator to a user. Information services have three design aspects, i. e. content, value, and revenue, and their design has an evolutionary nature, i. e. that information gained in the service's usage stages is part of their (re)design efforts. The literature abounds of fragmented insights for information services design. This article gives a literature review of methods and techniques that are useful in the representation and analysis of the above-mentioned aspects for each evolving step of information service design. The article also describes several scenarios for information service design projects. These insights have considerable consequences for information services design practices and a list of topics for new design theory research is given. © 2008 Springer-Verlag.",12,12,43fee329f83e_p0005;43fee329f83e_p0006;43fee329f83e_p0007;43fee329f83e_p0008;43fee329f83e_p0011;43fee329f83e_p0014;43fee329f83e_p0016;43fee329f83e_p0018;43fee329f83e_p0021;43fee329f83e_p0023;43fee329f83e_p0029;43fee329f83e_p0034,"As many information services have cost coverage problems, have poor levels of (content) maintenance, or ceased to exist soon after an initial success, it is apparent that it is not self-explanatory how an information service should cope with these challenges [19, 20, 22, 30]. The large amount of design options and the lack of theory for information services design make information services design challenging. Consequently, this paper aims to fill in part of this theoretical gap by contributing to a design theory, i. e., “… a prescriptive theory based on theoretical underpinnings which says how a design process can be carried out in a way which is both effective and feasible” [28, 37]. Such design theories consist of “… an integrated prescription consisting of a par ticular class of user requirements, a set of system solutions (…), and a set of effective development practices” [15, 180].

Markus et al. [15] and Walls et al. [28] distinguish between product-oriented and process-oriented design theories. Pr oduct-oriented design theories focus on features of the end product; i. e. provides meta-requirements and meta-designs that help to solve classes of problems and create classes of artifacts [28, 42]. Requirements consist of specified goals or solutions for a problem. For an information service this implies the specification of the content, use features, and revenue mechanisms that are needed to make the service effective as intermediary between content suppliers, information goods consumers, supportive service providers, and sponsors. A meta-design for information services describes the set of components (i. e. databases, organizational structures, and information technologies) and relations between them, according to which (sub)systems for information services can be designed.

Product-oriented design theori es require kernel theories that explain which requirements are most suitable for a certain situation or certain actors and that explain what components may be most useful, how they can be related in a system, and why they meet the requirements. As part of design theories, productoriented design propositions empirically link meta-requirements to meta-designs. If the design propositions are incorrect, any design built according to this design theory will show mismatches with agreed requirements. A process-oriented design theory prescr ibes kernel theories, design methods and research propositions with regard to the process of design. Following information systems design literature [10, 23, 29] information systems design requires a few steps from abstract understanding to concrete solution. These steps are named design layers, and range form abstract notions of a system (the mission and business model) to its realization in an infrastructure for organizational processes consisting of databases, organizational support, and technical means [17]. The business process model is an operationalization of a business model to concrete

service actions. Knowing these actions enables a designer to select appropriate infrastructure means to facilitate these processes. For accomplishing a design proces s, designers may use specific methods and techniques for representing and analyzing their impressions related to each design layer. They also need design scenarios , i. e., prescriptions of how their design work has to evolve from start to finish, where different sequences among the layers and aspects may be taken, in one sequence or through iterations. This article aims at contributing to a design theory on basis of a literature review. Fragments of a design theory for information services are given by authors from different disciplines (especially economics, knowledge management, and information systems). Because of space limitations here, we will only present elements for the design process theory, and because this is a literature study, we will not discuss process design propositions, which need empirical evidence.

The development of a system for monitoring client needs is therefore a critical design layer [18]. Consequently, we split the exploitation design (e. g., selecting key performance indicators and ways of analyzing the performance data) from the actual evaluation and feedback. We believe that besides of process-oriented methods & techniques and design scenarios, a designer needs information from several design product-oriented sources of the body of knowledge. This results in a sequence of design layers with theoretical needs as given in Fig. 2.

and support providers), the existence of an information service depends on its ability to enable value exchanges between these stakeholders, which result in sufficient satisfaction for all to be members of the business network. Consequently, the kernel theory for information services at the business level is value nets [9, 24]. The business requirements can be represented in a business model, which is a (explicit or tacit) business prop osal for all actors involved in an information service. Some actors deliver or collect content, user features, and revenues, and some of these are required and others are optional for a successful service. Thus, a viable information service thus must have a business model that specifies what stakeholders have to deliver what in return for what, and this business model must realize sufficient means to (at leas t) cover the costs of the information service [6].

The related process models are named content service models. These service models an d can be presented by content-user interactions. 2. An information service may deliver use content facilitation to its customers via delivering content interaction means or meta-information (e. g. quality indicators) about the content [27]. To know what interactions have to be supported, use support models can be created by use case and tasks descriptions. 3. Transaction processing compensates su ppliers and external use facilitators and collects funds to cover the service’s costs by applying rules concerning quality demands and performance [25]. The rela ted process models we name transaction processing models. A good transaction processing model also works explicitly with the revenue rules stated in the business model, i. e. that it accesses client bank accounts when there are contract s that say that this is allowed.

Process Design Theory for Digital Information Services 539 information technical means. For the design aspect (content, value and revenue) different models are needed. For content we have to describe the data precisely in data structures and entity relation diagrams. For content interactions, we need to specify interfaces, which intersect conten t and use. For the use aspect, we need activity diagrams as further elaborations of use cases, which next can be used to denote relevant IT applications and their relation in an architecture model (e. g. [12]), organizational tasks and their relations in an organization chart. For revenue we need to formalize the payout rules, an d we need data collection mechanisms to find out if certain payout rules should be activated. Layer 5: Construction of prototype. In the construction stage, the content aspect is covered by a database model and an actual set of data.

The information systems discipline has addr essed design strategies intensively, particularly for the design layers [23]. Several authors have proposed 1) top down business-led approaches, 2) bottom up approaches, or 3) business and information process based approaches (see e. g. [7]). These approaches also have been incorporated in information systems development methodologies. For instance the top down approach has been advocated by the BSP methodology. The aspects of design have been emphasized by [23], and implemented in modern views on the design of information systems [21]. Probably most of the current information services design efforts have started from the content aspect, as a way of improving communications with their audience. This is manifest from attempts of, e. g., newspapers to regard their internet versions as a simple shoveling of their paper version’s content [19].

Process Design Theory for Digital Information Services 541 tions. Likely, the sequence of design actions taken in a design scenario is dependent on which stakeholder is leading in the design project. In information services design, therefore, a project may be mainly driven from the content-side (supplier, or customer is leading), the revenue side (the information services management is leading), or the use value side (driven by the interests of the subcontractor, the sponsor, or the customer). Because we have three design aspects an d seven design layers, theoretically a huge number of scenarios may be possi ble, when we assume that each intersection of aspects and layers need to be taken at least once in a design scenario. Each aspect or layer also may be executed in parallel sets, increasing the possible number of scenarios even more. Because of space limitations but also because the presented scenarios are closest to current theory, we only describe seven scenarios here: four scenarios that differ on the sequence of layers, with two extremes i. e. the waterfall approach and prototyping and two related scenarios described in the literature [1, 13], and three scenarios that take respectively content, use, and revenue as it initiation object of analysis.

Process Design Theory for Digital Information Services 543 But, once the system is build it can be put in production and only marginal maintenance may be needed. Consequently, prototyping is mainly a requirements analysis approach. This results in less flexibility than the GIST method. For some information services with a very stable structure and context (e. g. corporate websites and product information services) this may be the best approach. For information services with high diversity in content, use, and clients (e. g. websites with frequently developing services like in th e music and financial service industry), prototyping is probably not effective and GIST is more useful. 5. Traditional website development . This strategy focuses on delivering more value for customers from improved inter actions with an existing content-base. Because the business strategy is never ende d and difficult to specify, this design scenario starts with what is possible to realize at th e business, process and infrastructure levels.

3. More fundamentally, the design space framework (Fig. 1) could be subject for (empirical) research. For instance one may question the classificatio n of aspects and design layers and argue for alternative structures or more or less subdivisions. These choices have large consequences for views on design projects’ execution and management. 3. With respect to the design scenarios, we only presented seven scenarios. Many more scenarios may be possible, and empirical research may be valuable in finding a better classification of scenarios and for discovering what scenarios may be most useful or applicable in certain information markets or information exchange networks.",outputs/batch1/canonical_text_284/43fee329f83e.txt,"Wijnhoven, Fons (1)",2008,Methods and Tools for Effective Knowledge Life-Cycle-Management,10.1007/978-3-540-78431-9_31,,DT-C03,2,management | service | learning | social | support | theoretical | development | literature | evaluation | practice | analysis | gregor | practitioners | empirical | digital,"Design theory — Management, service & learning [DT-C03]",management | service | learning | social | support | theoretical | development | literature | evaluation | practice | analysis | gregor | practitioners | empirical | digital,"Within the predefined Design theory group, DT-C03 is statistically distinguished by management, service, learning. Additional contrastive terms include social, support, theoretical, development, literature. Representative papers include Web-based information systems: Developing a design theory; Management design theories. This is an analysis-frozen statistical interpretation, not a final editorial topic label.",Design theory,Statistical bottom-up interpretation,Prior-pilot assignment retained,Contrastive cluster explanation using adapted class-based TF-IDF; not a predefined codebook classification.,Not assigned by Path 1,Not evaluated in this statistical interpretation,Not applicable,Predefined keyword group,Not assigned,BGE-M3 embedding + Spectral clustering,Not assigned,Adapted class-based TF-IDF interpretation,not_applicable,-1,0.0,management | service | learning | social | support | theoretical | development | literature | evaluation | practice | analysis | gregor | practitioners | empirical | digital,False,False,0,,,8.129932,-3.6498075,0.07419693470001221,3,3,True,"[{'paper_id': 'c0372ed4d123', 'title': 'Web-based information systems: Developing a design theory', 'cluster': 2, 'distance': 0.08914726972579956}, {'paper_id': '83d1ebe7d6c0', 'title': 'Design Theory in Information Systems', 'cluster': 1, 'distance': 0.11413764953613281}, {'paper_id': 'c9175ef9ebfe', 'title': 'Management design theories', 'cluster': 2, 'distance': 0.13107359409332275}, {'paper_id': '288676f720a1', 'title': 'A design theory for digital platforms supporting online communities: a multiple case study', 'cluster': 2, 'distance': 0.14486163854599}, {'paper_id': '41443180c5b4', 'title': 'Service Ecosystem Design: Propositions, Process Model, and Future Research Agenda', 'cluster': 2, 'distance': 0.14609074592590332}]"
4db508a9681a,Design theory,Philosophy of design: A meta-theoretical structure for design theory,"This paper focuses on the structure and dynamic of theory in design research. Problems with existing theory are explored, and a new meta-theoretical method is suggested for assisting the critical analysis, comparison and formulation of design theories and concepts. This meta-theoretical method contributes to building a simplifying paradigm of design research by providing a means to clarify the existing state of design theory in the field, to assist with the establishment of coherence and compatibility between concepts in disparate theories, to validate theory and concepts, and to uncover `hidden' aspects of design theories.",12,12,4db508a9681a_p0002;4db508a9681a_p0004;4db508a9681a_p0006;4db508a9681a_p0012;4db508a9681a_p0016;4db508a9681a_p0026;4db508a9681a_p0035;4db508a9681a_p0036;4db508a9681a_p0044;4db508a9681a_p0049;4db508a9681a_p0056;4db508a9681a_p0067,"This paper is a contribution to the study of Philoso phy of Design. In it a critical overview is taken of the structure and dynamic of d esign theory. This overview leads to a method to assist with the critical analy sis of design theories and their associated concepts. I f we consider ‘design theory’ as an artefact to be designed, this paper’s role is in the part of the design proc ess often called ‘problem analysis’. Underpinning w hat is presented in this paper is an assumption that the a ct of designing by human agents is central to the acad emic study of design. This theoretical standpoint, that w hat is described as design, alw ays implicates humans, together with the understanding that any theories, theorising or theory interpretation has meaning onl y in a human context, is the basis for the analyses present ed below. Philosophy of Design is different from design philosophy.

Design Philosophy is not, therefore, a suitable title for the philosophi cal stud y of all aspects of design theory because the ories related to design, and the concepts associated w ith th em, cover a wider range of issues than the method s, methodologies and techniques of design. The term, Ph ilosophy of Design is used in this paper to describe t his wider philosophical inquiry. In alignment with this philosophical perspective, th e capitalised Design Theory is used here to refer t o the sub-discipline in w hich the role, validity, coherence a nd utility of theories and concepts pertaining to des ign are researched. In this respect, Design Theory encomp asses several other sub -disciplines such as; Design

Theorising about design goes beyond the paradigms within w hich design is practise d, and beyond those theoretical outlooks by which it s practice is researched, for example:  Coyne and his associates 3,9-13 have written extensively on the application of a va riety of post - positivist outlooks to design research.  Sargent 14 proposed a meta-theoretical argument that there can not be a unifying d esign science because there appears to be an incommensurability of viewpoints in design research  Broadbent 15 discussed theory building in the study of design.  Thomas and Carroll 16 explored how design might be best conceived of in terms of an ind ividual’s psychological persp ective  Daley 17 analysed the role of objects in theories of creativi ty  Dilnot 18 investigated the limitations of definitions of des ign that excluded its social context  Liddament 19 drew attention to the limitations that computationa list perspectives place on the development of design theory, particularly in terms of ontology, epistemology and method ology  Galle 20 explored how the definition of ‘designing’ is infl uenced by the inclusion of human design agents into its explanation (and helpfully clarifie d the language of ‘brief’, ‘representation’ and ‘artefact’)  Oxman 21 created a new perspective on design education by focus ing on the dialectic nature of designing, the associated theories of cognition and the epistemology of knowledge structures All aspects of research into design involve conceptual abstraction and symbolic representation.

4. ""Reflection"" on the fund amental concepts of design Two other themes that can be added to Cross’ list a re: 5. Knowledge about the environment in w hich designing ta kes place 6. The knowled ge needed for designing, i.e. knowledge about objects and design processes (Hub ka and Eder 40) Together, these themes can be viewed as different p aradigms under w hich design researchers have investigated design activities, and proposed theorie s and models to represent them. In 1993, Cross 1 reported on theoretical developments over the ten years since his earlier review. This later review implies that a sequential Kuhnian-style development of different s ub-paradigms of design theory, in w hich the same ter ms and concepts have been used differently, has become th e concurrent development of theory across all parad igms. This would provide one explanation for b oth terminological and conflationary confusion in the field.

When Cross 1 identified the four sequential themes in design res earch mentioned earlier, he suggested that the development of each w as necessitated by the failure of its predecessor. The increase in the literature ha s resulted in the number of theories and concepts in d esign. This high level of multiplicity of concepts and theories in design research has several aspects:  Theories are speculatively proposed  Theories are generated from within a w ide variety o f parad igms.  Theories and theoretical developments are not subject ed to sufficient critical epistemological and ontological attention.  There is little agreement on the most fund amental a spects of theory, for example, ‘What is meant by design?’  Some useful theories that w ould help with the integ ration of Design Theory are ignored, partly because they are ‘not invented here’, or perhaps be cause they lie outside what is seen as the province of the stud y of design.

Phillip’s examp le illustrates at least one of the problems facing design theorists w h o are attempting to formulate well justified theory about the internal creative processes of designers. (The re viewers of this paper have commented that this argu ment is somew hat similar a position taken by Klaus 47 on the relationships between ‘theory’, ‘method ’ and ‘object’.) Clearly, any theories about designing mu st comport well w ith our material and subjective wo rlds, but the real test of theories lies in their validat ion and coherency with respect to other well support ed theories that are draw n, not only from the field of design, but from the widest range of relevant theo retical constructs across all disciplines. The proposed meta-th eoretical method below provides a theoretical structure for valid ating design theories and concepts in this manner.

A meta-theoretical structure for Design Theory One simple solution to problems of confusion and con flation of the concepts, theories and terminology in design research is to take a meta-theoretical perspe ctive, use a critical framew ork for analysis, and crea te a structure that enables elements of different theorie s and concepts to be located relative to each other. The most obviously useful method is to use a meta-theor etical structure based on levels of abstraction becaus e it offers a means of classification that is hierarchical and relatively independent of the domain -based mea nings associated with each theoretical element. This method provides a straightforw ard means of clarifying and externalising many of the hidden dependencies betwee n abstractions in Design Theory. The meta-theoretical taxonomy proposed below also of fers an opportunity for using rationalist methods t o inspect and critique the theoretical frameworks that r esearch is undertaken within, and to explore the bound s that particular individual and culturally form ed realities place upon theory -making.

In this metatheoretical taxonomy, the levels of abstraction or meta-theory are based on a hierarchical form. The low est level of abstraction refers to an individual’s dire ct, sensual interaction with the world. The highest level is concerned with human values, assumptions about existe nce and the implications of those assumptions. Thus the taxonomy ranges from ‘our perception of reality ’ to our questioning ‘What is reality?’. It is emphasised that although this taxonomy w as de veloped as a basis for categorising different theore ti cal abstractions about designing, the focus is not on the content of the abstractions or theories. This is a taxonomy of abstractions and theories in terms of th eir theoretical behaviour that is a stud y of theory qua theory. The relationships w hich are important in thi s taxonomy are those of theoretical and conceptual definition, and necessary assumption.

9. Epistemology of Design Theory and the Theories of Objects - This is the level that contains those analyses and discussions about the critical stud y of the nature, ground s, limits and criteria or validit y of design knowledge. - ‘What is a theory of design?’, ‘What does it include and exclude?’, and ‘On what assumptions is this theory based?’

Phillips 46 evaluated several contributory postulations on the development of knowledge and noted the weight of academic opinion that all theory is unprov able in isolation but depends for its existence on a wider structure or theoretical ecology (see also, Stegmüll er 31 and Murray 50). It should be expected that successful general theories of design would provide a complete range of coherent concepts at all levels. In addition , each individual concept or theoretical element should also, potentially at least, be a part of a general theory. For each theoretical element or theory to be coherent , and to stand up to the rigours of comparative and critical analysis, it must be a part of a web of theo ry that ranges from direct perception of reality to

10. Ontology of Design - ‘Design as information processing’ assumes that inf ormation is ‘value neutral’. The universe is presumed to be consistent. It is ass umed that it is possible to model reality exactly. ‘Reality’ is taken to be codifiable in such a way t hat information has the same meaning for any person using it. Cultural factors and human values are quan tified.

In both cases, these chan ges would grant greater powers to each metaphor, but if this increase in the range of a metaphor w as given without the necessary analysis as to whether it w as justified then it w ould simply be an example of theoretical ‘d ouble -speak’. The meta -theoretical method helps avoid this and similar pro blems because it shows the actual theoretical structure that is ascribed to a metaphor regardless of any transitional seman tic reinterpretation of its title. Meta-theoretical anal ysis publicly lays bare the agreed underlying facets of any design theory so that when a metaphor, theory, concep t, or other abstraction is proposed, or changed , it ca n be critiqued not only in terms of its ow n content but also in terms of its conceptual placement and its relationships. That is, the meta-theoretical structu re provides the theoretical framework within which i t is possible to not only ask, ‘What d o you mean by this id ea?’, but also to ask, ‘What other concepts and theories is it related to and how?’, ‘What assumptions does it depend on?’, ‘What implications has it for the m eanings of other concepts or theories?’ and ‘How coherent i s it with other concepts and abstractions?’.",outputs/batch1/canonical_text_284/4db508a9681a.txt,"Love, Terence",2000,Design Studies,10.1016/S0142-694X(99)00012-5,,DT-C02,1,theoretical | practice | sonification | type | value | kernel | science | example | development | artifact | definition | understanding | constructs | space | structure,"Design theory — Theoretical, practice & sonification [DT-C02]",theoretical | practice | sonification | type | value | kernel | science | example | development | artifact | definition | understanding | constructs | space | structure,"Within the predefined Design theory group, DT-C02 is statistically distinguished by theoretical, practice, sonification. Additional contrastive terms include type, value, kernel, science, example. Representative papers include Theory construction in design research. Criteria, approaches, and methods.; Four Criteria for Design Theories. This is an analysis-frozen statistical interpretation, not a final editorial topic label.",Design theory,Statistical bottom-up interpretation,Prior-pilot assignment retained,Contrastive cluster explanation using adapted class-based TF-IDF; not a predefined codebook classification.,Not assigned by Path 1,Not evaluated in this statistical interpretation,Not applicable,Predefined keyword group,Not assigned,BGE-M3 embedding + Spectral clustering,Not assigned,Adapted class-based TF-IDF interpretation,not_applicable,-1,0.0,theoretical | practice | sonification | type | value | kernel | science | example | development | artifact | definition | understanding | constructs | space | structure,False,False,0,,,10.760225,-4.161546,0.05872750282287598,4,4,False,"[{'paper_id': 'fd05a25a5e94', 'title': 'Four Criteria for Design Theories', 'cluster': 1, 'distance': 0.08053123950958252}, {'paper_id': 'c2c57ac5453e', 'title': 'Theory construction in design research. Criteria, approaches, and methods.', 'cluster': 1, 'distance': 0.08855020999908447}, {'paper_id': 'f56243f52335', 'title': 'Theory construction in design research Criteria: Approaches, and methods', 'cluster': 1, 'distance': 0.09763288497924805}, {'paper_id': '83d1ebe7d6c0', 'title': 'Design Theory in Information Systems', 'cluster': 1, 'distance': 0.10758668184280396}, {'paper_id': 'd19f5f66d2ba', 'title': 'A Survey of Definition and its Role in Strengthening Design Theory', 'cluster': 1, 'distance': 0.11193090677261353}]"
50c94f5857d8,Design theory,Eight Components of a Design Theory of Sonification,"Despite over 25 years of intensive work in the field, sonification research and practice continue to be hindered by a lack of theory. In part, sonification theory has languished, because the requirements of a theory of sonification have not been clearly articulated. As a design science, sonification deals with artifacts—artificially created sounds and the tools for creating the sounds. Design fields require theoretical approaches that are different from theory-building in natural sciences. Gregor and Jones [1] described eight general components of design theories: (1) purposes and scope; (2) constructs; (3) principles of form and function; (4) artifact mutability; (5) testable propositions; (6) justificatory knowledge; (7) principles of implementation; and (8) expository instantiations. In this position paper, I examine these components as they relate to the field of sonification and use these components to clarify requirements for a theory of sonification. The current status of theory in sonification is assessed as it relates to each component, and, where possible, recommendations are offered for practices that can advance theory and theoretically-motivated research and practice in the field of sonification.",12,12,50c94f5857d8_p0005;50c94f5857d8_p0006;50c94f5857d8_p0010;50c94f5857d8_p0011;50c94f5857d8_p0013;50c94f5857d8_p0018;50c94f5857d8_p0019;50c94f5857d8_p0033;50c94f5857d8_p0034;50c94f5857d8_p0038;50c94f5857d8_p0039;50c94f5857d8_p0042,"Vickers recently said, “I think our knowledge of sonification design and theory is still fairly primitive ” (as quoted in Quinton and colleagues [4]), and this sentiment seems to be widely held among sonification experts. The sonification literature, however, has featured various attempts at theorizing—what Weick [7] described as “activities like abstracting, generalizing, relating, selecting, explaining, synthesizing, and idealizing” (pp. 389) that result in pseudotheory before fully- developed theory emerges. The sonification literature has produced scholarship with long lists of references cataloging variables and constructs [3], taxonomies [8], [9], design space maps [10], conceptual models [11], design guidelines [12], and frameworks for capturing design patterns [13], yet none of these are theories of sonification (see [14], [15]).

In some applied fields, a wealth of knowledge resides in practices that have not yet been codified formally as theory. Much has been written about gaps between theory and practice in design fields (e.g., [16]). Theoretical research— characteristic of academic approaches and whose purpose is to discover generalizable knowledge—has been criticized for being too abstract or removed to guide specific applications of knowledge in practice. Practice in design fields, on the other hand, is devoted to solving particular instances of immediate real-world problems and, as such, may result in one -off solutions that are not broadly shared and/or offer little contribution to re-usable knowledge. This creates a dilemma such that research discoveries may not be translated into practice (i.e., the knowledge is unknown, unused, or unusable for the practitioner), while designs used in practice may be produced on an ad hoc basis each time a problem is encountered with little awareness by the designer of why the resulting artifact was effective (or ineffective) and little concern for preserving the solution for future use by others.

In this pre-theory stage, a specification of the requirements of a theory of sonification could help to provide a framework in which progress toward a theory of sonification could proceed. The formulation of a theory of sonification currently appears to be an exercise in examining potentialities rather than extant real-world conditions, which complicates our ability to begin to articulate what a theory of sonification should accomplish. To some extent, design research already has grappled with this dilemma. In trying to make the case for design as science, Simon [20] said, “The natural sciences are concerned with how things are…Design, on the other hand, is concerned with how things ought to be…” (pp. 69). Design research would seem to offer a useful launch point for specifying the requirements of a theory of sonification [6]. Design fields deal with artifacts—artificial human creations in the form of technology, so theory-building occurs in a way that is different from the way theory develops in natural sciences (e.g., [15], [20]).

Design theory must explain phenomena related to the form of the artifacts themselves, the creation of artifacts, and the use of artifacts in practice. Design theory helps to ensure that research contributes to programmatic accumulation of knowledge such that: (1) research findings can be integrated into a general framework of understanding; (2) successes and best practices are carried forward and expanded upon; and (3) mistakes are not repeated. A focus on theory-building would have several benefits across the spectrum of research and practice in the field of sonification. Venable, for example, [21] placed theory-building as the center hub of a trio of other design science activities, including (1) inventing/creating the technology; (2) defining the problem space of the technology; and (3) evaluating the technology. The sonification literature to date, has emphasized the creation of sonification as a scholarly activity, with some (but perhaps less) attention paid to defining the problem spaces for sonification and evaluating sonification’s ability to meet goals within a problem space— steps that will be imperative for sonification to be effective in practice (for a discussion, see [22]).

In a highly-cited work on the requirements of a design theory, Gregor and Jones [1] synthesized multiple perspectives to derive eight essential components of design theories: (1) purposes and scope; (2) constructs; (3) principles of form and function; (4) artifact mutability; (5) testable propositions; (6) justificatory knowledge; (7) principles of implementation; and (8)expository instantiations. These components offer a relatively complete account of the meta-requirements for theory in design fields that emphasizes the unique challenges of formulating design theory. This section examines sonification theory and assesses the current completeness of sonification theory with respect to the components.

Edge cases (e.g. spearcons, see [24]) may challenge our understanding of the boundaries of a theory, and there is some ambiguity in the field about what it means to “convey information” (see section 6.5 below). Also, it is not clear if sonification could be captured in a single grand design theory, or if many related theories will be required for different uses of sonification. Thus, further refinement of the purpose and scope of sonification theory may occur in the future. Yet the purpose and scope of a theory of sonification appear to be articulated in a manner that is clear enough for mature theory to develop. 4.2. Constructs Gregor and Jones [1] defined constructs as “representations of the entities of interest in the theory…these entities could be physical phenomena or abstract theoretical terms” (pp 325). Constructs in a design theory must entail a broad conceptualization of representations to capture the entities of interest.

Constructs in a theory of sonification must include terms used to describe the audio artifact, terms used to describe the perception of the artifact by a listener, and terms used to describe the tasks to be undertaken by a listener. For example, a theory might explain how to use earcons (the audio artifact construct) to capture attention (a psychological construct) during monitoring (a task construct). Each construct would in turn need to be operationalized with a formal way of quantifying or identifying the construct. One could arguably extend the entities of interest in a theory of sonification to include terms used to describe the data from which the sonification is derived, etc., but those are discussed here under 6.6 below. Even before the first ICAD conference, researchers had begun to operationalize sonification constructs such as auditory icons [25] and earcons [26].

There appears to be disagreement about the value of testing, however, which has resulted in disparate evaluation approaches in the field. Given recent replicability issues in related fields such as psychology, there also is reason to be concerned about the existing knowledge base for sonification. 4.6. Justificatory Knowledge Design theories draw upon existing disciplinary bases of knowledge to inform and explain design decisions. Sonification’s interdisciplinary roots require a theory of sonification to draw upon relevant theories in auditory perception and cognition, music, computer science, acoustics, data science, etc. This justificatory knowledge should support a theory of sonification not only by providing guidance on how to design and implement sonification, but also by explaining why those design and implementation strategies will satisfy the goals of the theory (see [1]).

To some extent, then, the adequacy of a theory of sonification will be contingent upon the adequacy of its supporting justificatory knowledge from theories in related disciplines—what Walls and colleagues [51] described as “…kernel theories from natural or social sciences which govern design requirements” (pp 42; italics retained from original). Although a complete review of the types of justificatory knowledge that could support a sonification theory is beyond the scope of this paper, several overviews have provided markers (e.g., [2], [3]). Presumably, a theory of sonification will draw connections with related work in all three elements of the auditory display system (information, display, and listener, see [52]), and representative examples of each approach can be found in the literature. In one of the earliest examples of auditory display research, Pollack [53] applied principles of information theory to benchmark performance with auditory displays.

Despite the ambitious nature of these projects, there is not currently enough evidence available to formulate generic advice on how to deploy sonifications in sociotechnical systems—particularly from a macro-ergonomics perspective that addresses social, organizational, and technical challenges in less than ideal implementation circumstances. Such advice does exist in other domains (e.g., [64]) and could serve as a model for how sonification theory might develop in this regard. 4.8. Expository Instantiation Gregor and Jones [1] stated, “A realistic implementation contributes to the identification of potential problems in a theorized design and in demonstrating that the design is worth considering” (pp. 329). Their conceptualization of this component included mock-ups, prototypes, and simulations—examples of the artifacts described and explained by the theory that help to illustrate the principles of the theory.

In this regard, sonification research has produced numerous instantiations of sonifications, and this activity has been particularly valued by the sonification community. As Gregor and Jones point out, however, “If the instantiation or artifact is all that there is, rather than a theory of design…the level of knowledge is that of a craft-based discipline” (pp. 329). As sonification moves from a pre-theoretical stage to more developed theoretical positions, presumably the instantiations of sonification will be adapted to align with theoretical principles. As described above, sonification research has resulted in a proliferation of sonification examples and prototypes, so the on-going development of expository

Although current theorizing in the sonification literature does produce testable propositions, current research practices often leave testing and evaluation of theoretical claims optional. Further, sonification researchers have not begun to consider the reproducibility and replicability of their base of knowledge, so the quality of evaluations to date may be suspect. Related fields (e.g. psychology) have had empirical findings called into question, and the psychology literature has emphasized rigorous experimental methods and quantitative analysis moreso than the sonification literature. There is reason to be concerned that replication problems also affect the sonification literature. Finally, considerations of artifact mutability have been almost entirely absent from the sonification literature. As a design field that relies on technology in the production and delivery of its artifacts, sonification theory will need to seriously grapple with solving problems related to supporting and sustaining sonification and its tools in the face of rapidly-changing technological landscapes.",outputs/batch1/canonical_text_284/50c94f5857d8.txt,M. Nees,2019,Proceedings of the 25th International Conference on Auditory Display (ICAD 2019),,https://www.semanticscholar.org/paper/5e41b7e4f9a1804f3369a8815558f7989daff1df,DT-C02,1,theoretical | practice | sonification | type | value | kernel | science | example | development | artifact | definition | understanding | constructs | space | structure,"Design theory — Theoretical, practice & sonification [DT-C02]",theoretical | practice | sonification | type | value | kernel | science | example | development | artifact | definition | understanding | constructs | space | structure,"Within the predefined Design theory group, DT-C02 is statistically distinguished by theoretical, practice, sonification. Additional contrastive terms include type, value, kernel, science, example. Representative papers include Theory construction in design research. Criteria, approaches, and methods.; Four Criteria for Design Theories. This is an analysis-frozen statistical interpretation, not a final editorial topic label.",Design theory,Statistical bottom-up interpretation,Prior-pilot assignment retained,Contrastive cluster explanation using adapted class-based TF-IDF; not a predefined codebook classification.,Not assigned by Path 1,Not evaluated in this statistical interpretation,Not applicable,Predefined keyword group,Not assigned,BGE-M3 embedding + Spectral clustering,Not assigned,Adapted class-based TF-IDF interpretation,not_applicable,-1,0.0,theoretical | practice | sonification | type | value | kernel | science | example | development | artifact | definition | understanding | constructs | space | structure,False,False,0,,,10.876728,-2.56871,0.12366080284118652,15,15,False,"[{'paper_id': '5b3b013c191d', 'title': 'Towards a unified terminology for sonification and visualization', 'cluster': 1, 'distance': 0.12074029445648193}, {'paper_id': 'c2c57ac5453e', 'title': 'Theory construction in design research. Criteria, approaches, and methods.', 'cluster': 1, 'distance': 0.17938518524169922}, {'paper_id': 'fd05a25a5e94', 'title': 'Four Criteria for Design Theories', 'cluster': 1, 'distance': 0.18505382537841797}, {'paper_id': 'f56243f52335', 'title': 'Theory construction in design research Criteria: Approaches, and methods', 'cluster': 1, 'distance': 0.18862438201904297}, {'paper_id': '0bca44c18d6c', 'title': 'Tinkering, tailoring, and bricolage: Implications for theories of Design', 'cluster': 1, 'distance': 0.19317889213562012}]"
5a973fb8ae6f,Design theory,ICT-Enabled Self-Management of Chronic Diseases: Literature Review and Analysis Using Value-Sensitive Design,"Increasing number of older population and patients with chronic diseases, demand a new healthcare model in which patients take more responsibility in their disease management and actively collaborate with their health professionals, known as self-management (SM). SM is defined as a patient's ability to manage the symptoms, treatment, physical and psychosocial consequences, and life style changes that are germane to living with a chronic disease. The use of ICTenabled SM systems have shown promising benefits for the patients with chronic diseases. However it is not clear in the literature if the human values important to the patients are implicated in the SM systems. In this paper, building on Value-Sensitive Design (VSD) perspective and Information Systems Design Theory (ISDT), we have conducted a literature review and analysis to uncover SM human values, to explicate the extent to which those values are implicated in the SM systems, and to illustrate the ways values can be supported in the SM systems.",12,12,5a973fb8ae6f_p0009;5a973fb8ae6f_p0010;5a973fb8ae6f_p0012;5a973fb8ae6f_p0013;5a973fb8ae6f_p0014;5a973fb8ae6f_p0015;5a973fb8ae6f_p0016;5a973fb8ae6f_p0022;5a973fb8ae6f_p0023;5a973fb8ae6f_p0026;5a973fb8ae6f_p0030;5a973fb8ae6f_p0032,"An indepth understanding of SM programs can inform national policy on the provisioned health reform. The impact of ICTs on SM of chronic diseases has been studied in prior literature [for example, 8, 24]. There is some evidence to suggest that the values embedded in SM systems are limited to the functionalist medical outcomes and human-based values are often not implicated and communicated in the design of such systems [26]. However, the extent to which human values are supported in the designs of SM systems for the patients with chronic diseases have never been systematically evaluated. In the following sections we will describe the theoretical and methodological perspectives, VSD and ISDT, and an integrated framework, used to examine the literature to investigate human values in the SM information systems.

VSD, a theoretically grounded approach introduced by Friedman et al. [12], provides a comprehensive framework for developing a value-centered research and design agenda [40]. VSD is a design approach “that accounts for human values in a principled and comprehensive manner throughout the design process” [12, p. 70] while building information systems. VSD is based on three investigations, conceptual, empirical, and technical, which are used in an iterative and integrative manner. Since its introduction, VSD has been used in various studies, scarcely used by the IS scholars, for investigating human values such as, privacy [39], universal usability [37], autonomy, [34] and trust [27]. In the following sections the concept of ‘value’ in VSD is elaborated and three pivotal investigations, conceptual, empirical, and technical, are discussed.

consider important in life. Values such as privacy, universal usability, trust, freedom from bias, autonomy are examples of universal human values suggested by Friedman et al. [12]. In the context of SM of chronic diseases, common attributes associated with chronic diseases, patients’ needs, benefits of SM, are identified and analyzed to uncover the values important to the patients with chronic diseases. Further discussion is provided in ‘Findings and Analysis’. 2.2.2. Conceptual investigation. It is the philosophical and theoretical grounding of the central constructs and values. It provides theoretical and conceptual criteria for the implementation of core constructs and values [4]. 2.2.3. Empirical investigation. It examines the human response to the technical artifact and empirically investigates the technical artifact situated in the human context [12]. The entire range of qualitative and quantitative methods used in social sciences, such as interviews, observations, surveys, are potentially applicable [4].

In this paper, the main focus is on the ICT-enabled SM system, and thus, our analysis employs three main components of ISDT posited by Walls et al. [36]. ISDT is defined as “a prescriptive theory which integrates normative and descriptive theories into design paths intended to produce more effective information systems” [36, p.36]. Design, as articulated in ISDT, can be a product or a process, about principles underlying the form of design and act of implementing the design [14]. ISDT has three main components, kernel theories, meta-requirements, and meta-design. These components are discussed in the following subsections.

informed by kernel theories. Meta-requirements are class of goals and problems to which the kernel theories apply. For example, Chatterjee et al. [5] draw consistency and accountability driven from ethical theories as meta-requirements in designing Collaboration Engineering artifact. 2.3.3. Meta design. It describes a class of artifacts which meet the goals and problems of the metarequirements. For example, in the work of Chatterjee et al. [5], a conceptual schema is introduced as an ethical collaboration class which consists of practitioners, facilitators, and participants meeting the requirements of consistency and accountability.

Here we posit an integrative framework by combining VSD and ISDT perspectives which is used to analyze and synthesize the findings in the literature (See Figure 1). This integration facilitates the translation of VSD’s methodological components into design-oriented outcomes. The integration has been done based on the common assumptions between two perspectives. Conceptual investigation in VSD is integrated with kernel theories and meta-requirements in ISDT. These components from VSD and ISDT perspectives serve the same purpose which is providing a theoretical and conceptual foundation for the design of the information systems. Technical investigation in VSD is integrated with meta-design in ISDT. Metadesign and technical investigation describe and identify set of technologies, ICTs in this article, which can be utilized toward meeting design requirements. Detailed discussion of the interrelationships among these components is articulated in section 4.2.

The literature review was conducted at the intersection of ICTs, SM, and design literature streams. The articles were identified by conducting a search in Business Source Complete (EBSCO), CINAHL, Complete (EBSCOHost), MEDLINE (EBSCO), HICSS Digital Library, AIS Library/Journals, IEEE Xplore Digital Library, Cochrane Library, Google Scholar, ScienceDirect using keywords selfmanagement, self-care, self-monitoring, information technology/system, information and communication technology, IT-enabled, tele-, mobile, mhealth, health, and social media. In order to extract relevant articles, keywords were searched within each document’s title and abstract. Additional search included bibliographic search of the eligible articles. Studies with the main focus on SM of chronic diseases were included in the review process. Search results were pooled in two sets.

patients to participate in their treatment, and enhances the SM experience for the patients. Each ICT-enabled study was examined using the posited integrated framework (illustrated in Figure 1) (see table 2). The integration of the two perspectives, ISDT and VSD, allows us to translate value-sensitive approach into actionable design-based metrics. For example, Todd et al. [35] designed a recovery informed web-based SM intervention (meta-design). Their web-based SM system provides immediate access to the self-directed support (meta-requirement). Such requirement has emerged from their conceptual investigation drawn from cognitive behavioral model of mood experience (kernel theories). Such system is designed in a way that supports the value of ‘hope’ by providing immediate support for the patients with chronic diseases. Immediate support aligns with the attribute of ‘resource availability’ in the definition of ‘hope’.

A patient with higher accessibility to the SM resources will hold higher hopes in managing his chronic conditions. In another work by Farmer et al. [9], a real-time telemedicine system based around the use of mobile phone technology (meta-design) has been designed for the SM of diabetes chronic conditions. Drawing on behavior change theories (kernel theories) they have generated design requirements, such as ‘immediate support’ and ‘personalized approaches’ (meta-requirements). These requirements are implicated in the system design by implementing immediate communicative channels for the nurses contacting patients with chronic diseases, using text messages or calling mobile phones and leaving voice messages. In this example, behavior change theories recommend that immediate support can lead to a behavior change. Immediate support reinforces internal motivation in the patient and internal motivation is part of the ‘hope’ definition.

Although ICT-enabled SM has provided benefits for the patients with chronic diseases [8, 22, 23, 24, 38], it is unclear whether the benefits were achieved by supporting human values that are important to the patients. Our value-sensitive review suggests that ICTenabled SM systems have been designed by focusing primarily on medical control of the chronic diseases while compromising other human values [26]. We have used an integrated framework derived from merging VSD and ISDT perspectives to analyze the extant literature. Our analysis shows that ‘universal usability’ and ‘trust’ values are the least implicated values in the SM systems for chronic diseases. Gender and age differences and adjusting one’s lifestyle may conflict with cultural norms (universal usability) [1, 10, 13, 15, 19, 33]. Such cultural and individual differences call for flexible design requirements drawn from social theories that allow patients with chronic diseases from different cultural, social, and ethnic groups to fully take advantage of ICT-enabled SM systems.

We posit a framework grounded in theory which can not only be used to design effective SM systems, but also serves as a catalyst for infusing valuesensitive perspective in the IS design science methodologies which prescribe to a more functionalist perspective. This work also establishes VSD as a powerful and beneficial approach for conducting research in IS and refines and expands upon the VSD methodology.

I n f u t u r e w o r k , w e e x p e c t t o e x t e n d t h e V S D investigations by validating our findings in an empirical study. Our future work will provide a predictive model demonstrating the significance of the relationships among human values, design requirements, and desired outcomes. Finally, we intend to develop a testable prototype of an ICTenabled SM system for a specific chronic disease (e.g., diabetes or asthma) based on the human values, meta-requirements, and meta-designs uncovered in this work.",outputs/batch1/canonical_text_284/5a973fb8ae6f.txt,M. Dadgar; K. D. Joshi,2015,,10.1109/HICSS.2015.388,,DT-C03,2,management | service | learning | social | support | theoretical | development | literature | evaluation | practice | analysis | gregor | practitioners | empirical | digital,"Design theory — Management, service & learning [DT-C03]",management | service | learning | social | support | theoretical | development | literature | evaluation | practice | analysis | gregor | practitioners | empirical | digital,"Within the predefined Design theory group, DT-C03 is statistically distinguished by management, service, learning. Additional contrastive terms include social, support, theoretical, development, literature. Representative papers include Web-based information systems: Developing a design theory; Management design theories. This is an analysis-frozen statistical interpretation, not a final editorial topic label.",Design theory,Statistical bottom-up interpretation,Prior-pilot assignment retained,Contrastive cluster explanation using adapted class-based TF-IDF; not a predefined codebook classification.,Not assigned by Path 1,Not evaluated in this statistical interpretation,Not applicable,Predefined keyword group,Not assigned,BGE-M3 embedding + Spectral clustering,Not assigned,Adapted class-based TF-IDF interpretation,not_applicable,-1,0.0,management | service | learning | social | support | theoretical | development | literature | evaluation | practice | analysis | gregor | practitioners | empirical | digital,False,False,0,,,7.732684,-3.2284617,0.157678484916687,16,16,False,"[{'paper_id': '67d72b35ce6b', 'title': 'A nascent design theory for explainable intelligent systems', 'cluster': 2, 'distance': 0.2300775647163391}, {'paper_id': 'c9175ef9ebfe', 'title': 'Management design theories', 'cluster': 2, 'distance': 0.2403421401977539}, {'paper_id': 'c0372ed4d123', 'title': 'Web-based information systems: Developing a design theory', 'cluster': 2, 'distance': 0.24069201946258545}, {'paper_id': 'd2fba2826d90', 'title': 'Design Principles for Platform-Enabled Knowledge Commons with an Expository Instantiation', 'cluster': 2, 'distance': 0.24678683280944824}, {'paper_id': 'e47202a23273', 'title': 'Toward a design theory of strategic enterprise management business intelligence (SEMBI) capability maturity model', 'cluster': 2, 'distance': 0.2482888102531433}]"
5b3b013c191d,Design theory,Towards a unified terminology for sonification and visualization,"Both sonification and visualization convey information about data by effectively using our human perceptual system, but their ways to transform the data differ. Over the past 30 years, the sonification community has demanded a holistic perspective on data representation, including audio-visual analysis, several times. A design theory of audio-visual analysis would be a relevant step in this direction. An indispensable foundation for this endeavor is a terminology describing the combined design space. To build a bridge between the domains, we adopt three of the established theoretical constructs from visualization theory for the field of sonification. The three constructs are the spatial substrate, the visual mark, and the visual channel. In our model, we choose time to be the temporal substrate of sonification. Auditory marks are then positioned in time, such as visual marks are positioned in space. Auditory channels are encoded into auditory marks to convey information. The proposed definitions allow discussing visualization and sonification designs as well as multi-modal designs based on a common terminology. While the identified terminology can support audio-visual analytics research, it also provides a new perspective on sonification theory itself.",12,12,5b3b013c191d_p0003;5b3b013c191d_p0004;5b3b013c191d_p0005;5b3b013c191d_p0009;5b3b013c191d_p0012;5b3b013c191d_p0013;5b3b013c191d_p0014;5b3b013c191d_p0021;5b3b013c191d_p0023;5b3b013c191d_p0038;5b3b013c191d_p0064;5b3b013c191d_p0066,"Designers of soniﬁcation systems can nowadays base their work on a solid foundation of research on auditory perception and several soniﬁcation techniques such as auditory icons, parameter mapping, and model-based soniﬁcation [ 2, 3]. Thus, a theory of soniﬁcation already has an articulated set of design constructs at its disposal [ 4]. However, we argue that constructs at a more basic level are missing from the current stage of scientiﬁc dialogue. This seems to be especially relevant for the design, description, and evaluation of combinations of soniﬁcation and visualization. B Kajetan Enge kajetan.enge@fhstp.ac.at

Music and Performing Arts Graz, Leonhardstraße 15, Graz 8010, Austria This article 1 proposes channels encoded into marks that are positioned in a substrate as basic constructs for designing soniﬁcations. The theoretical model is adopted from the visualization literature [5–7], where channels, marks, and spatial substrate are widely used constructs. They allow the description of the extensive design space of visualization approaches using only a small set of atomic building blocks, and have thus been successfully used as framework for guidelines (e.g., [7]), software tools (e.g., [ 8]), and toolkits (e.g., [ 9, 10]), as well as automatic recommendation of visualizations (e.g., [11–13]). Theoretical cross-pollination between visualization and soniﬁcation is most reasonable because both ﬁelds share similar goals. While soniﬁcation is “the use of nonspeech audio to convey information” [ 14], visualization is deﬁned as “the use of computer-supported, interactive, visual representations of abstract data to amplify cognition” [ 6]. Theoretical Constructs from Visualization for Soniﬁcation (https://doi. org/10.1145/3478384.3478415)[ 1]

Unsurprisingly, soniﬁcations are often employed together with visualizations in real-world scenarios, for instance, by diagnostic ultrasonic devices. However, too little attention has been paid to the theoretical underpinnings of audio-visual data analysis approaches [ 15]. Such approaches essentially use both our vision and our auditory sense in combination to convey information about data. Bridging terminological barriers between the research communities is a reasonable step towards a combined design theory with compatible basic constructs and making progress in both ﬁelds. There are, however, fundamental differences between our visual and auditory perception [15]. For example, with regard to spatial resolution, auditory perception is less accurate than visual perception [16]. Sound is an inherently temporal phenomenon [ 17–20] unlike vision.

Taken together, the abovementioned works support the notion that visualization and soniﬁcation can be combined for effective data analysis. Nesbitt introduced a taxonomy for the multi-modal design space [ 27–31]. He proposed essentially two ways to describe the multimodal design space, including haptic displays. The ﬁrst is an extension of the reference model for visualization by Card, Mackinlay, and Shneiderman [6], which we also choose as our reference in this article. In his extended design space, Nesbitt uses space as the substrate for visual, auditory, and haptic displays. His second description of the multi-modal design space is based on three types of metaphors: spatial metaphors, temporal metaphors, and direct metaphors [31]. These categories take into account the inherent temporal structure of sound. While Nesbitt introduced a new description of the multimodal design space, in this article, we suggest using time instead of space as the substrate of soniﬁcation and adopting the vocabulary from visualization theory, as will be argued in the following.

Personal and Ubiquitous Computing (2023) 27:1949–1963 1951 scientiﬁc context. The Soniﬁcation Handbook gave another overview of the ﬁeld in 2011 [ 2], and Worrall’s Soniﬁcation Design [39] put another focus on both theory and design of soniﬁcations in 2019. However, in 2019, Nees [ 4, p. 176] stated that “[...] soni- ﬁcation theory remains so underdeveloped that even the path to advance theory-building for soniﬁcation remains unclear.” He then refers to an article by Gregor and Jones [40] as inspiration for the development of a soniﬁcation design theory. Gregor and Jones describe eight components that any design theory should include, speciﬁcally, (1) purpose and scope, (2) constructs, (3) principle of form and function, (4) artifact mutability, (5) testable propositions, (6) justiﬁcatory knowledge, (7) principles of implementation, and (8) expository instantiation.

In this sense, our article focuses on the constructs of a design theory, as they are especially relevant for a combined terminology of soniﬁcation and visualization. Gregor and Jones [40, p.33] describe the constructs: “The representations of the entities of interest in the theory [...] are at the most basic level in any theory. These entities could be physical phenomena or abstract theoretical terms.” The state of the art of the eight components for a design theory of soniﬁcation is well described in the 2019 paper by Nees [ 4]. In our work, we intend to contribute to the development of a design theory for the combination of soniﬁcation and visualization by offering low-level constructs for the description of soniﬁcation designs. We do so by adopting some of the elaborated theoretical constructs from visualization theory for the domain of soniﬁcation.

In the following section, we introduce these constructs: the spatial substrate, the mark, and the channel. 3 Basic theoretical constructs in visualization theory Since the design space of possible visualization solutions is extensive, the visualization community has worked on theoretical models to formalize design knowledge [ 7]. Based on Bertin’s seminal book Semiology of Graphics [5], many visualization models (e.g., [ 6, 7, 9, 11, 41]) are centered around marks as the basic building blocks of visualization techniques. In general terms, a mark is a geometric object that represents the attributes of a data object by position, color, or other visual features. The widely adopted reference model for visualization by Card, Mackinlay, and Shneiderman [ 6] provides the more speciﬁc formalism needed for a transfer to the ﬁeld of soniﬁcation. It dissects visualization as a pipeline of data transformations from raw data to a visual form perceived by humans.

For example, Mackinlay [ 11] ranks channels by their accuracy on perceptual tasks with quantitative, ordinal, and nominal data. Thus, he compares channels not only by their effectiveness, but also by their expressiveness. In another design guideline, Munzner [ 7] distinguishes magnitude channels , expressing quantitative or ordinal data, from identity channels, expressing categorical data, and ranks both by their relative effectiveness (Fig. 4). The position, size, and tilt of visual marks are conventional magnitude channels that inform about “how much of something there is”[ 7, p.99]. Color hue and shape are often used as identity channels, informing users about “what something is” [ 7, p.99]. Likewise, design knowledge is integrated into tools such as APT

[11], Tableau [12], and V ega-Lite [13] for automated visualization recommendations. Overall, marks, spatial substrates, and channels have shown to work well as a formal model for visualization techniques. We assume that these constructs lend themselves to formalizing soniﬁcation techniques as well, thus paving the way for creating audio-visual techniques for data analysis. 4 Adopting the constructs for soniﬁcation To develop a combined design theory for audio-visual analytics, it is important to use common theoretical constructs. Such constructs deﬁne the terminology necessary to discuss audio-visual techniques at a conceptual level. In this section, we adopt the theoretical constructs that have been established in the visualization community for the ﬁeld of soniﬁcation. First, we generalize the three constructs “substrate,” “mark,” and “channel”: The substrate is the conceptual space on which a data representation is instantiated; it “holds” the marks.

The third construct we intend to adopt from visualization theory is the channel. Munzner [ 7, p. 96] describes a visual channel as “a way to control the appearance of marks, independent of the dimensionality of the geometric primitive.” Soniﬁcation designers also control the appearance of sounds (auditory marks) using parameters such as pitch, loudness, panning/spatial position, duration, or timbre [ 2, 53]. The soniﬁcation community has used several terms for these parameters, such as auditory or acoustic dimensions, auditory or acoustic parameters, sound dimensions, sound parameters, soniﬁcation parameters, display parameters, or perceptual parameters [2, 14, 52–56]. With the objective of a uniﬁed design theory of combined soniﬁcation and visualization, we argue for the usage of the same terminology in both ﬁelds: visual and auditory channels.

Personal and Ubiquitous Computing (2023) 27:1949–1963 1961 The possibility to use consistent theoretical constructs for the description of audio-visual data analysis techniques fosters mutual understanding and can help the visualization and soniﬁcation communities with the further development of a combined design theory. The identiﬁed constructs proved to be useful for the authors of this article in the development of two audio-visual analytics approaches: one for scatterplots [ 75] and one for parallel coordinates [ 84]. We found the common language helpful to efﬁciently discuss ideas while minimizing misunderstandings between the visualization and soniﬁcation experts in our team. Furthermore, our work introduces new terminology to systematically describe soniﬁcation designs and could also feed back into visualization theory concerning the temporal description of data visualizations.

Thus, we will proceed to testable propositions as another component of a design theory according to Gregor and Jones [ 40]. While a fundamental discussion of the possibilities for combined audio-visual designs and suggestions for novel mappings is out of the scope of this article, we want to emphasize the need for future research regarding these questions. To design expressive audio-visual displays, it will be necessary for our community to study and consider cross-modal effects on the human perception of data representations as well as Gestalt- and auditory streaming phenomena. We expect our uniﬁed terminology to support the description and communication of future guidelines in such a way that both communities can contribute to the development of an audio-visual design theory. Acknowledgements This research was funded in whole, or in part, by the Austrian Science Fund (FWF): P33531-N and the Gesellschaft für Forschungsförderung Niederösterreich (GFF NÖ) SC20-006.",outputs/batch1/canonical_text_284/5b3b013c191d.txt,K. Enge; A. Rind; Michael Iber; Robert Höldrich; W. Aigner,2023,Personal and Ubiquitous Computing,,https://www.semanticscholar.org/paper/79f758f21333f7a0a552329d1b8ad8cf8bfd0154,DT-C02,1,theoretical | practice | sonification | type | value | kernel | science | example | development | artifact | definition | understanding | constructs | space | structure,"Design theory — Theoretical, practice & sonification [DT-C02]",theoretical | practice | sonification | type | value | kernel | science | example | development | artifact | definition | understanding | constructs | space | structure,"Within the predefined Design theory group, DT-C02 is statistically distinguished by theoretical, practice, sonification. Additional contrastive terms include type, value, kernel, science, example. Representative papers include Theory construction in design research. Criteria, approaches, and methods.; Four Criteria for Design Theories. This is an analysis-frozen statistical interpretation, not a final editorial topic label.",Design theory,Statistical bottom-up interpretation,Prior-pilot assignment retained,Contrastive cluster explanation using adapted class-based TF-IDF; not a predefined codebook classification.,Not assigned by Path 1,Not evaluated in this statistical interpretation,Not applicable,Predefined keyword group,Not assigned,BGE-M3 embedding + Spectral clustering,Not assigned,Adapted class-based TF-IDF interpretation,not_applicable,-1,0.0,theoretical | practice | sonification | type | value | kernel | science | example | development | artifact | definition | understanding | constructs | space | structure,False,False,0,,,10.979042,-2.4063406,0.18719375133514404,22,22,False,"[{'paper_id': '50c94f5857d8', 'title': 'Eight Components of a Design Theory of Sonification', 'cluster': 1, 'distance': 0.12074029445648193}, {'paper_id': '4025e28730c1', 'title': 'Conceptual foundations of design problem solving', 'cluster': 0, 'distance': 0.253017783164978}, {'paper_id': 'd19f5f66d2ba', 'title': 'A Survey of Definition and its Role in Strengthening Design Theory', 'cluster': 1, 'distance': 0.25726544857025146}, {'paper_id': '2faef10b819d', 'title': 'A design theory for software engineering', 'cluster': 2, 'distance': 0.26452648639678955}, {'paper_id': '66d4b9b36f31', 'title': 'SHEAFIFICATION AS A DESIGN TECHNIQUE FOR CREATIVE PRESERVATION – PRINCIPLES, ILLUSTRATIONS, AND FIRST APPLICATIONS', 'cluster': 1, 'distance': 0.2665868401527405}]"
5b52ec143fa6,Design theory,The ECC Methodology for Architecture Design Theory and Practices Research,"This study proposes the ECC methodology to improve design practices systematically. The article describes the research strategy called the evaluation-creation cycle (ECC) the foundation of the ECC methodology. Recent studies showed that a failure of desired outcomes is often a result of a failure of to understand existing practices. This suggests that improving design requires more than a theory of what exists, it also requires using this understanding to change the design process to one that leads from the existing to the desired through the evaluation-creation cycle approach. This requires understanding the relations of knowledge creation through the analytic and the synthetic practices within the design process, as well as the relations between the design process and the outer design context. The study draws insight from the Renaissance theory in order to obtain understanding the development of descriptive ‘knowledge of design’ focused on increasing design understanding, and based on this prescriptive ‘knowledge for design’ providing design support are created. This has informed the development of the evaluation-creation cycle (ECC) strategy and the ECC methodology based on it. The aims of the ECC methodology are the evaluation of existing practices and the principles that support them, and based on this the development of understanding with which to change the current situations into preferred ones. In this article the evaluation-creation cycle (ECC) approach is described and the ECC methodology based on it introduced, and the way in which design principles can be developed, improved and used to predict desired outcomes is discussed.",12,12,5b52ec143fa6_p0001;5b52ec143fa6_p0010;5b52ec143fa6_p0013;5b52ec143fa6_p0017;5b52ec143fa6_p0019;5b52ec143fa6_p0020;5b52ec143fa6_p0021;5b52ec143fa6_p0022;5b52ec143fa6_p0027;5b52ec143fa6_p0028;5b52ec143fa6_p0031;5b52ec143fa6_p0032,"View the article online for updates and enhancements. You may also like Effective reduction of the coercivity for Co72Pt28 thin film by exchange coupled Co81Ir19 soft layer with negative magnetocrystalline anisotropy J Y Jiao, T Y Ma, Z W Li et al. - An experimental investigation of innovative bridge columns with engineered cementitious composites and Cu–Al–Mn super-elastic alloys F Hosseini, B Gencturk, S Lahpour et al. - A Reaction Model for Li Deposition at the Positive Electrode of the Braga- Goodenough Li-S Battery Masanori Sakai -

The study draws insights from the Renaissance theory of proportions to improve our understanding of contemporary design theory. In the Renaissance, design theory was a scientific theory guided by “The ancient idea that the world is a mathematical creation, and that, in order to participate in that harmony, the things we make must obey the same mathematical laws [6]”. We know from the writings of Vitruvius and his followers in the Renaissance that mathematical proportions had since the antiquity been used to aid designing in harmony with the laws of nature [7]. According to Alberti in the 15 th century [8], the ancients learned through observation of nature and sought to apply this knowledge into architecture. They captured the laws that nature uses to produce things and translated them into design principles.

The insight from the Renaissance theory of proportions has served understanding how design principles are produced and used through the interaction of the analytic -synthetic relations. Design principles determine knowledge creation through the analytic -synthetic relations within the design process, as well as the relations between the ‘inner’ knowledge creation and the ‘outer’ design experience enviro nments. Design principles can be perceived as the interface between knowledge creation practices within the ‘inner’ design process, and the ‘outer’ design experience environments.

The insights from the Renaissance theory have enabled the study to develop understanding the relations of knowledge creation through the analytic -synthetic practices within the design process and their relations with the outside world, as well as the role design principles play in knowledge creation. More about how the evaluation process can provide anal ytic basis for the prescriptive knowledge to develop and for the theoretical foundations of the evaluation -creation cycle, will be discussed in the following section of the article.

We learn from the Renaissance theory that design principles could be extracted by analysis from existing design experiences and applied to new design work. Design principles were historically used, and can be used today, as the measures with which analytic knowledge can be determined and against which synthetic knowledge should be judged. This is the basis of what Hillier [4] refers to as the double nature of architecture theories, which he describes as “analytic -normative complexes [4]”. In these two aspects of architecture theory, the first deals with the world as it might be, the second with the world as it is. How may there be theories of architecture “which are at once creative and analytic”. The answer is: “Scientific, theories are arrived at through the examination of the world as it is. But it is exactly the theoretical understanding of the world as it is that opens u p whole realms of new possibilities that do not yet exist” Hillier writes [4].

The relations between design theories and the analytic -synthetic practices were discussed by Blessing and Chakrabarti [11]. In their discussion of the relations between the analytic understandings and the prescriptive knowledge based on them, Blessing and Chakrabarti refer to the basis on which prescriptive knowledge depend on the descriptive theories without mentioning the r ole of design principles. Chakrabarti (2011:250) writes that design theories have descriptive and prescriptive goals, “descriptive theories provide the basis on which prescriptive design support methods and tools are developed” [11].

To explain the descriptive basis on which the prescriptive design support is develope d, as Chakrabarti suggested, requires understanding how the design principles provide linkages in the relations of knowledge creation within the design process, and between the design pr ocess and the outer design experiences context. This supports the above discussion about Hillier’s analytic -synthetic theory. Describing the role of design principles in the relations of knowledge creation between the

Based on the Renaissance theory, design principles may be perceived as the rules that determine the characteristics of the knowledge that develop through the analytic and the synthetic practices. First, the analytic practices develop descriptive ‘knowledge of design’, and based on this prescriptive ‘knowledge for design’ shall be developed through synthetic practices. Design principles are produced and used through the analytic and the synthetic practices. They can be extracted by analysis from the evaluation of existing design experience and then adapted and prescribed to new design works. This is the goal of the evaluation-creation cycle through which design principles could bridge the gap between theory and practice research.

The ECC methodology will be used to integrate design practices experience into knowledge through the evaluation -creation cycle, which as Kolb [14] suggests, is “the process whereby knowledge is created through the transformation of ex perience [14]”. This is a process of reflection and extraction of tacit knowledge embodied in buildings or design drawings. The evaluation process involves converting tacit k nowledge into explicit understanding that can be used to develop explicit design support in the empirical phases of the study. This requires more than a theory of what is, it also requires using theory for predicting and testing what would be desirable.

The ECC methodology will be used in the study to guide knowledge creation in accordance with design science methods through the analytic and the synthetic practices of the evaluation -creation cycle at two levels: theoretical and empirical . This article is f ocused on the theoretical part of the study. Research at the theoretical level is focused on the evaluation of existing design work, the practices and the principles that support practices, and providing descriptive theory. The importance of theory is that it not only aims at describing practices and explaining the design principles that support them, but also at using this understanding, as Bl essing and Chakrabarti [1] suggests, in order to develop prescriptive design support in the form of enhanced princi ples, methods and tools to improve design in the synthetic part of the methodology.

The lack of integrated methodology for architecture design practices research has led to the emergence of two separate approaches. Bl essing and Chakrabarti [1] write that two streams of research have evolved: one is focused on increasing design understanding, and the other on developing support for designers. As a result, the separation of research to develop ‘knowledge of design’ and research to develop ‘knowledge for design’ often leads, as the empirical evaluation in this study showed, to a failure of changing existing situations into desired ones. Recent studies, as well as empirical findings in this research, both showed that a failure of the desired outcomes is often a result of a failure of analysing existing practices and understanding the principles on which those practices are based on . This suggests that changing existing situations into preferred ones requires more than a theory of what exists, it also requires understanding what would be desirable and how to change existing situations to the desired.

In order to implement this policy effectively, an integrated approach for theory and practice research must be developed. Our attempt to resolve the lack of integration in design research has been to propose the ECC methodology in order to address both aspects of theory and practice throu gh the evaluation -creation cycle. The ECC methodology is an integrated methodology, which is proposed to bridge the traditional gap in research between theory and practice - between sense making and form giving as Sanders [15] writes- based on design science method. The ECC methodology combines the traditions of scientific method and the design process methods. Whereas, a s Aburamadan and Trillo [16] suggest, design science goes further than describing and explaining how things are, by seeking change and enh ancing design support to aid desired outcomes and predicting their future performance.",outputs/batch1/canonical_text_284/5b52ec143fa6.txt,Fathi Bashier,2021,IOP Conference Series: Materials Science and Engineering,,https://www.semanticscholar.org/paper/e2e838097c3370c8b6bf8c86a344609304d86bac,DT-C01,0,product | cognitive | impact | load | cognitive load | human | technology | science | understanding | designers | function | conceptual | engineering | methodology | theoretical,"Design theory — Product, cognitive & impact [DT-C01]",product | cognitive | impact | load | cognitive load | human | technology | science | understanding | designers | function | conceptual | engineering | methodology | theoretical,"Within the predefined Design theory group, DT-C01 is statistically distinguished by product, cognitive, impact. Additional contrastive terms include load, cognitive load, human, technology, science. Representative papers include Conceptual foundations of design problem solving; Design Theory and Method of Complex Products: A Review. This is an analysis-frozen statistical interpretation, not a final editorial topic label.",Design theory,Statistical bottom-up interpretation,Prior-pilot assignment retained,Contrastive cluster explanation using adapted class-based TF-IDF; not a predefined codebook classification.,Not assigned by Path 1,Not evaluated in this statistical interpretation,Not applicable,Predefined keyword group,Not assigned,BGE-M3 embedding + Spectral clustering,Not assigned,Adapted class-based TF-IDF interpretation,not_applicable,-1,0.0,product | cognitive | impact | load | cognitive load | human | technology | science | understanding | designers | function | conceptual | engineering | methodology | theoretical,False,False,0,,,10.264602,-4.0497966,0.101479172706604,8,8,False,"[{'paper_id': 'f56243f52335', 'title': 'Theory construction in design research Criteria: Approaches, and methods', 'cluster': 1, 'distance': 0.14099019765853882}, {'paper_id': '4025e28730c1', 'title': 'Conceptual foundations of design problem solving', 'cluster': 0, 'distance': 0.14550888538360596}, {'paper_id': 'c2c57ac5453e', 'title': 'Theory construction in design research. Criteria, approaches, and methods.', 'cluster': 1, 'distance': 0.15063464641571045}, {'paper_id': 'c9175ef9ebfe', 'title': 'Management design theories', 'cluster': 2, 'distance': 0.15181350708007812}, {'paper_id': 'fd05a25a5e94', 'title': 'Four Criteria for Design Theories', 'cluster': 1, 'distance': 0.1518799066543579}]"
5ffd963397c9,Design theory,THEORY OF TECHNICAL SYSTEMS - PREREQUISITE TO DESIGN THEORY.,"A dynamic model of a transformation system is used to show the roles of transformation processes and their operators, humans, technical systems and environments. Properties and ways of classifying technical systems are presented to illustrate the Theory of Technical Systems. Applications of the theory are shown with respect to general usage, and to particular use for engineering design.",12,12,5ffd963397c9_p0001;5ffd963397c9_p0002;5ffd963397c9_p0006;5ffd963397c9_p0009;5ffd963397c9_p0012;5ffd963397c9_p0015;5ffd963397c9_p0020;5ffd963397c9_p0021;5ffd963397c9_p0025;5ffd963397c9_p0027;5ffd963397c9_p0029;5ffd963397c9_p0030,"Elnst Eder ABSTRACT A dynamic m,-rdei of a transformation system is used to shox tht' I 'rie: ol t-ritnsf ormat-ion processes and therr operators, humans, technical si'9tems antl en""'ti'onrncnt-s. Properlrers and Hays of elasslfyi.ng technical, si'sten5 are Lrrf'j1'nfcd i-o rllustratc- the Theorv of Techni.cal Systems. Applicatton:; ,:rf t.he tlttrory are sho}|n nith respcct to genenal usagc', and to parti'-uIar use t or en{iineering design.

2L-rgt iltc Ilollen dc-r Tt'ansformationsprozesse r,'ind cleren Operatoren, l.lenschen, t-echnlsche Syst-{,mL', und tlmgi-.bunljrtn. l}igenschaften und KlassifizLerungsmijglrchkelt,en sintl vong,e!'iihrt als ErlSrrlerung der Theorie teehniseher Systenre. Das Feli?r'.rt zet gt AnHendungL.n dre:ser Theorie in Bezug auf allgemeinen Gebrauch. und besorrders auf Konstruktion.

This contrrbul-:.on i.s rntende,l tcr exgrlarn the content.s and signrfrcance of this r.elatively nL-x a rr:a c,f knox I ecl qe. Th:' Theory,' r;t l',,chnrcal Syst.emsr knoliledge al;out enginerlrt ng and 5Clr'ilt-i t-I t' rluett-I rln:l thr s t-htt(]ry t'i't.'m t.hr.,iccnar.ti) p.]rntctl by the ( TTS) perf orms the task o{' unrfying tlre tc-chnology. In iihich Hay, and Hj.th xhat e'an per'f orm the unr f yr ng rol,e can Le secn contents ttf' thr s papcr. ng.rnd iIr--hnoJ.ogy ane not- only ""subjects"" fon study, they are also fr;.r ;fr r,:h ncx ancl i mproved products ( t t.chnical systoms) ar.e clevr setl Th,' iirr:irri' ot' Tec-hnical systems shou.Ld Lherel'ore also be apprr.- 'r irr' l):'ir,-':: .'les i-hat. generate the tnf or-m.rtion ner-'tled t.o make the:;et iri, ,lrirlgn pnoi_-rrss-, and thj.s has been demonstrated_ c o o

I rr liut I h,'r1 t.hr. t r';)n:if 1)r'maf.r,-in r;ys-t.t:m ';hould a,-'i r'..ely tnansf orm f t""om a Ies:: L,., I t':)lrlr' t,r (r m{rr'. rlt sr r';.rbl tr :t. lt. l--. Thr s pqt-|-'3_q1 haS inputs, OUtputS, ,rnrl r:haracl-eristic{,-. ;intl :;hoN,,; t hat rr t i'anst'or';rr.-rtioti of' ttlrcr-i:nds takes place ,luring a flrr'.1.,r('l rrf i.rme. Tht-'i: har';icrtr:nrsttcs int:iu.lc by implication any !',.,.t]h,r,'i< t\ln{'Lr(in:: t-ir.rt. i:r:Ipr t-o crttt.r'ol the l;!5t-t)rrr. 'fhe Jrrocesr:l }}as an r n1., r niti :;t-r'uctrrr{r thi:rL r'c)ns.r st.,j (,i- l;r-'palahLc. element.s t c,pei',rtion:;) xhich .trr, b(,uri,i t,rqr,i Ir,'i' bi' rclatron:;hip';. 1'hr:; procr:s:; i.s ttnder l-he control of the oi;rr'.rt.,rr':.;. riho rccei ve t'L.lcdbiLck by scn!1ng/rneasuring f nc.rrn l-he operands. In f hr-r Thi.r,i'_""' ,rt' Tt:t--hnrc:aI System:; ( TTll), the t-ranslor'matrons are invesliy,.rt er), c'l a:i.11' jrrd, irntl a f.ermtnolog)' 1'ormulated. f o:' rnstance 8, in orcier to general lzc irnrl abst.ract t'nonr part. j-cuIar' :y.f (.m:i lo the compnehensive modcls.

The tenm ""pnopertres of technrcal sj/stems"" is understood in a broad sense, such that a1l charactenistrcs ol technical systems ( see Fig. 3) and their relationships ( see Fig.4) are included. The properties of the HhoIe system result from the sum of the elemenls, the total effect j""ncludes lhe synergrsti c ef f ects of the relat.ionships. They con::trtute the most j.mportant classif ication xr thrn T'lS. Thrs arc-a of' t.he theory cle.anly demonst-nates possrtri li tir.s t'or i--ombrning engr.net ring sr-'i€)nces inco ( pantral) systems. 'Ilt,., ,-',rnmon ,l(:IlL)ml rr.lt or' ()f t. ltt s part.ial 5ystem i s the question about the 5l',t:1'l;'l rst'r t.i,'nt,t'.:1 and Llomairr - ol' bt'anr:h-Spt--Cif iC) t-c'ChniCaI kn<lxletlgr: xrthrn t-hat. trngin,)r.r'lng scit:nce rhjch relates Lo the- rndivrdual clas:;es of TS proLreltrr:i. Such linoxlctlgc rnclut-les definrt1ons, scales antl unlls ol' measulemcnt. tlata, r'el,rtron';hipr;rnd dependencies, analytical and t:valuative r:.tlr:ul.-rt.roni, )n viillr)us desrgn anrl rlt:velopmt:nt stages of' thrr'fil. mi)a:;unament. met.hotll;, s.rt'f)t-!' ,rnL-l securi ty, '""Iit.h lespect to al I relevant propet'tre's. Thesil (lur'st tons {.-'()nseilur-rnt lr' provltJr,: a cnnnr.ci-ton rretxeen v'ariorts {rtrilillrlrr -

TS. ,'t.t:. ) , ,'i'ij /nornr.,; r p161;c)r'tjt:;. srrr'i-;lbilrty ot' the T.! for human ris(r and httman :,,){l I r-'t jlr . rrilnirt'i:',-:rirr ng ( pr'\l[)er1:ir,:s: lr::rt'tnability, xi:]':iabr1:.ty, hat-dr""nab1Ilty' ..i,-'. ). rlr)!'ro, I irn r.i)5r :r-Lance, l-r: I t;r l;t L i t ','. ecilnim; c'j. anrl man:,'other5 -- e'""',.tn 5i)rile lor rhich a,:.lassiciri. engrneFl'jng Sciencc lr,-r:"".',.1. t o Lrt-,.':t.abl i s;hed.

Thr l'lrt'itri' t,r' f r'i.ritnlL-nl ii:vstt:m:' ('iTS) can be unrlenstood as the science t-hat treats the klrq'li,m of tet:hnical"" ( artif :.ciaI) ob:ects, t.hings, tnstruments, tools, e tc. It-s ,lut.:,' i,s to attain, by observations and experimenls, a cari:.; .il ,-ri'rdeasi.anclrng of lhe purposc funcii.onl, organization, modes of acti.on { th,,, supr:r.rc1: of the tr,-rdil-ional enginL.erlng scicnces) of techni.cal \)ilJects, !o 11c.,rti't tr,e t-hem ri.i a unll'ied xay and clas:;if y them accondi.ng t-o scieutif ic !, ler{i-'()1ni-1r, Lc, I nve.rtigat-e t-hi:il' origrnation anrl }rf e stages and their dt-.'el Li'frriEnL o,rer- ) onger' time- perr,.rds. These a:ipects at^e lormuLated into generdl stat..rment:; or' .laHs, simrlan lo the ones necogni:;cd fot^ the natural 5i-'1 inae:; Thes.';ir:;srfriart.ron:; and invt-.stigat-ions occul at di.fferenL levels of abstnlct.ron. iht: Ge:nr'raI Theory oe Technicai.

Systems is val1d at the mosi: abstract lei'r:l s. At other individual hiei'archrcal levels indlcat.ed in Frg. 5, :r rct. trf rnc!'r.ajlnEly no.e concrete Spccral lheoriL's ( Hhj.ch ane thus rr:r,'tnrct.,.rd rn Lh,'l.l' ,uoljrrr :r.r'""'es Lo describe machine tools (ot. olher mirr,'hrnc:.t. iaLh':::. iathe-' cht:cl<s, etc. Tht' r'ang:. oi ;r ;.-, 1- l i,laltlon an'l L)onef'r t-s of TTS may l-.e- characterized i.is i'r' I I .:,,i :, : 0 TTS h.:i;:,,, ;htn Llansf err'Lng rn5rghts inLl Hor'krng methods ( includrng nc,rl i:11rng., b',-t Hr:en rnd:.vrduaI anL'as ol techntcal expertise, and also l-.li',-'i'bel'ni'rt tLls in.J g,*-nc,i'aL gystems Lheoay; S 'iT5 r n.,rrf ri'accrs technical systems rnto the larger' f amily of general .,:.'sLems. ...re'l helps tn dr:r-overing the re'lationships betHeen technical ;nd ol.ir.-'r' s;y:jtcms ( I:-v,rng antl inanimate); * rt ::s5r rt3 in communrcatron betHeen science and technology, because TTS u:rr:, ,lrr'..i't.1; Llir: mt:t.hodc and attr.Iudes tif thought of bolh frelds; O TT'l 'lr'lr','r;r's rrl.r:,sifyrng TiL.Hpoints lor t.echnology and technological hr-.,i1'r'r t fri,l. r,in :rrbstantially cont.ribut.c t-o undersLanding of technical .r:pr-ct.s. bc, l-h rn genenal :ocrety and !{rthjn the technlcal and srrentj t-ic community.

A holtstic study ,--it L-nqinecring dc:;ign shor-rId thus covcn a numben of factors and aspect:.. as .-,uggest-etl by Lhis dcfrnrtion (compare to) : C tn,,- act.r',rrt.,,. tht- tlcsign process -: it-s structure (componenls and lel.rti""n:;lrri's), any systematlc or pr'dcedural aspects, r)t'r-atrvity and j ntu: tliL: f .)(--tcrs, Jny othcr f ac-lors af'f'ectrng design progress, eLc. ; O i Ir,: -,bjer.rf- t.o br: deligncd, the opecanil of the design process -- its nature .']n!l prJ[]!)r'tt es, transt'{)r'mJLroti pt'ocJSStts to be perf ormc'd, necessary tni'luen,re5 on thr: Li'ansfot'matton pt'or:ts;s (from human bcings, technical r1'sttrm: anrl t-he envrlonmcnt), pant;, ablt-l-actiuns anci models. .Ltfe :t.rG'"", r'ef,rcsent-.rtiJn5, cvaluatjc.ni and decrsions, .)tc. ; 0 ,tc.signers irs operar-ors of th.J dcslgn l)l-oeess -- their charactenistics, xt:r'king me-thorJl, usc' of informatioi, r--Lc.; C t.oL''l: and ,: j ds that. ilesi grrers may use as ope.at.(lrs of the dcsi.gn process; O r,irc en!'1r'()rlmcnt. ais operaton -- the co,rtcxl in xhicli englneer.ing desr€in f-i,ik,rs pi:r,,'r:. industry and mana.qemenLi and the soeiaj, moral and pr.:lltic;i 'ont.u;ri. ol designing anJ using t!:': technical systt-m.

A nei,r produt:l wrl-I only lre ;rcLrept.erl i,y,' t ht: trig-t neci'-r ng communr L;' .rntl the narket i I i t showt, both tec:lrn:c;:rI antl cconomjr: advantagcs (cr:,mpat'ctt, c:;pe.cially chapter 1). The humirn factors lr:om Iarg€r in cngrner':ring dcsign, especially for pnoblerns r{l(lrrl r} nq r nnova t I | 'n.

l. Iir-rtil,.t. !r Theopiei Technrscher Systeme ( 2 ed), Berlin: Splinget'-Verlag, i.l:ltl \ i.)ngl r...h nclrl-rcrn in lr|epar,;tion) 2. 'r..r;,,ilri. G., Erne ,systemtheorj.e dei. Technik, fl tjnchen: Carl Ilanser Verlag, 1 'r'/9 3. iirrbka, V . I ilopcl:i, C., ""lias isl e'in t.echnisches System ?"", I-DI-:! 128 Nr-. )-;:, lJov. 193'5, p. 869-874 r.l . Edt r, il . E. , ""struclures as HoCcls rn the Design and Der.'elopnent- of a S7stem"", rn IFIP, ii C. 5.:l Forl<i.ng Conferenee on Theory of Desi.gn for CAD, Tul{i,r 1935. H. Yoshikarra ( e11. ), lllsevier/}lorth-Holland, Amsterdam, ( trr plri-'s:.;r 5. [,-1i.]r', H I;... 8. iiubkr, V., ""Hethi,r]:caI Design r""n Engineering - Basis and i.pplrraLrrlrt;'"", in R. Tr.:ppl (et'). ), Cybennetics and Systems 'E6, Pnoc. 3th Ll llaSll , Ilc:,el e-I Pub]., Dorclrechl, 19Bt', p. 181..1BB b Edr-r. H E..

""Engrneening Deslgn - Practi'--e and Theory"", NeH York: ASHn, f .r1-""'i. it ir DI-lT-11j, Design Engintrerrng Tcchnrcal Conf'erenctt, Ot-'tober' 198tr ?. ilr-ibka. v., i, Er,'u:i, H.8., ""A Screntific Approach to Engineering Design"", ire:_tgn ,!Lij,,lles i in Press) 9. Iiubka, Y. rrr- al. . Fachbegrif f e der Rissensct!af tlichen Konstruktionslehne in 6 Sprachen i Tenrninology of the sicience of deslgn engrnrr,r;nii jn t-' .iangrroges;), book HDK 3, Zijrich: Iieurrsta, 1980 q. Ed,,,r'. li !1.. ""lieurist.rcs, l'l€,iitod: ancl [in5rneering Desj,gn"", Engng. Ql!lgl,_cll, :iei:,t,'C,i:t 1936, p. 29-10 1L-l Iirrt;I,..r, 1r.. Principles of Engineering DesLgn, London: Buttert{orth .r,,rleni-i'r,-'. 1 r1..- t Tran::i;tii'-d and edit-ecl by Eder, ll. E., ) 1l C{.rfrlirn1-. i.l fi , II, The Orrgins of the Turbo3et Revolution, Studres ln th.: Hr:Lrly i,f""i'.'t-'hrr.rlogy, Llaltrmol'e: Johns iiopkins U.P.' 1980",outputs/batch1/canonical_text_284/5ffd963397c9.txt,"Eder, W.Ernst",1987,,,,DT-C02,1,theoretical | practice | sonification | type | value | kernel | science | example | development | artifact | definition | understanding | constructs | space | structure,"Design theory — Theoretical, practice & sonification [DT-C02]",theoretical | practice | sonification | type | value | kernel | science | example | development | artifact | definition | understanding | constructs | space | structure,"Within the predefined Design theory group, DT-C02 is statistically distinguished by theoretical, practice, sonification. Additional contrastive terms include type, value, kernel, science, example. Representative papers include Theory construction in design research. Criteria, approaches, and methods.; Four Criteria for Design Theories. This is an analysis-frozen statistical interpretation, not a final editorial topic label.",Design theory,Statistical bottom-up interpretation,Prior-pilot assignment retained,Contrastive cluster explanation using adapted class-based TF-IDF; not a predefined codebook classification.,Not assigned by Path 1,Not evaluated in this statistical interpretation,Not applicable,Predefined keyword group,Not assigned,BGE-M3 embedding + Spectral clustering,Not assigned,Adapted class-based TF-IDF interpretation,not_applicable,-1,0.0,theoretical | practice | sonification | type | value | kernel | science | example | development | artifact | definition | understanding | constructs | space | structure,False,False,0,,,9.513493,-3.4307284,0.13238388299942017,17,17,False,"[{'paper_id': '0bca44c18d6c', 'title': 'Tinkering, tailoring, and bricolage: Implications for theories of Design', 'cluster': 1, 'distance': 0.16997742652893066}, {'paper_id': '83d1ebe7d6c0', 'title': 'Design Theory in Information Systems', 'cluster': 1, 'distance': 0.17044329643249512}, {'paper_id': 'c0372ed4d123', 'title': 'Web-based information systems: Developing a design theory', 'cluster': 2, 'distance': 0.18133479356765747}, {'paper_id': 'ec380d04cf61', 'title': 'GENERAL DESIGN THEORY.', 'cluster': 1, 'distance': 0.18333971500396729}, {'paper_id': 'c2c57ac5453e', 'title': 'Theory construction in design research. Criteria, approaches, and methods.', 'cluster': 1, 'distance': 0.19081872701644897}]"
6194ef223969,Design theory,A typology of Urban Design theories and its application to the shared body of knowledge,"This article consists of two parts. The first part suggests a typology for urban design theories in order to provide a new way of understanding the nature and function of the, seemingly opposing, debates existing in the field. This typology is based on distinguishing between subjects, object and knowledge of urban design. In the second part, the typology is applied to the shared body of knowledge. In order to do so, this article attempts to give an overview of the current shared body of knowledge in the field of urban design. The reading lists of urban design theory courses, drawn from different universities in the United States, United Kingdom and Australia, are analysed to identify common texts. These texts are then considered to be one reading of what constitutes the shared body of knowledge. A comparison is made between this list of titles and those texts offered in various urban design readers to provide a better overall picture of the shared body of knowledge. Finally, a chronological analysis is made to illustrate the development of the three types of urban design theory.",12,12,6194ef223969_p0004;6194ef223969_p0005;6194ef223969_p0008;6194ef223969_p0011;6194ef223969_p0020;6194ef223969_p0021;6194ef223969_p0022;6194ef223969_p0023;6194ef223969_p0025;6194ef223969_p0026;6194ef223969_p0036;6194ef223969_p0051,"For these scholars, the texts they consider important are those they think make up some of the shared body of knowledge. While useful, there are two pertinent issues with these texts. First, as knowledge develops, the picture will require updating. Second, the methodology behind the choice of texts is not clear. Therefore an updated and systematically selected view of the key texts is required. Providing an overview of the knowledge is challenging. As fundamentally different types of texts are gathered under the title of urban design it is necessary to have a model to interpret the existing literature. Knowledge being broader than theory, it is the theory that gives meaning to knowledge and makes it applicable. Therefore, in mapping the knowledge of urban design, the ﬁrst part of the article focuses on theories. It is necessary here to clarify what is meant by urban design theory and how it differs from scienti ﬁc theory.

(Cuthbert, 2007b), but this is problematic because each case of urban design has its own particular conditions. As urban design strives to make better places, the concept of a good place (normative aspects) recurs throughout the literature. The problem with applying the concept of refutability and the inclusion of normative direction means urban design theory is not a pure scienti ﬁc theory. Despite this, urban design theory can still achieve some of the expected goals of a successful scienti ﬁc theory, such as ‘a method of organizing and categorizing’, ‘prediction of future events ’, ‘explanations of past events ’, ‘a sense of understanding ’ and ‘the potential to control events ’ (Davidson Reynolds, 2007). This de ﬁnition puts theory at the heart of knowledge. The typology offered in the ﬁrst part of this article is one model for mapping knowledge.

Such a structure would be derived from studying the existing knowledge rather than imposing pre-existing categories. Typology is a method of classi ﬁcation which meets most of the requirements for a useful structure. The typology suggested here is derived from the literature but does not purport to be comprehensive. Instead, the aim is to present a model that makes sense of different functions of theory in the domain of urban design. Typology is a familiar concept in the ﬁeld of urban design – different typologies of space, behaviours, processes and products are present within the literature (Lang, 2005; Krieger and Saunders, 2009). Yet the word ‘typology’ is ambiguous. In its purest sense it refers to ‘the study and theory of types and of classi ﬁcation systems ’ (Lang, 2005, p. 43). Classi ﬁcation systems and the idea of type have long been used by human beings in order to make sense of the world. ‘Theories of typology can be traced back to concepts of Platonic ideal form and to the Enlightenment practice of botanical categorization and encyclopedic method ’ (Larice and Macdonald, 2007, p.

organizing knowledge and facilitating theorizing (Allmendinger, 2009, p. 34). Three types of urban design theory in the literature There are numerous possible criteria for developing categories in order to produce a typology of theories. Examples are political direction, philosophical approach, language, product and scale. Each of them might be useful for a speci ﬁc purpose. The typology proposed here classi ﬁes theories based on their aims rather than their approaches, strategies or philosophical perspectives. This results in a more practical overview of the knowledge because the theories that try to achieve similar goals fall into one category. The following categorization has been done by answering the question: ‘What is this theory about? ’ The analysis examining the subjects of urban design theories led to three distinguishable types of theory as: theories about the subjects within urban design, theories about the object of urban design and theories about the knowledge of urban design .

Otherwise, generic solutions imposed on the contexts may well generate more problems. In other words, unquestioning application of a generic solution could restrict new thinking. Type two theories provide an understanding of urban design as a combination of a wide range of theories, some of which may be contradictory. In order to present an integral understanding of urban design, type two theories need theoretical arguments to connect the sometimes controversial theories they use. For example, Making People- Friendly Towns (Tibbalds, 2000) applies the concept of place as the key concept that binds the theory. Comprehensiveness distinguishes the ﬁrst type of theory from the second. However, being comprehensive is a relative concept. Texts considered comprehensive when published can later be regarded as incomprehensive. One example of a

re-evaluated text is Finding Lost Spaces (Trancik, 1986).1 Once regarded as a comprehensive theory of urban design, the development of urban design arguments means it can no longer be placed in the second category. A dynamic typology of knowledge reﬂecting time and place is clearly needed. In allocating a theoretical text to this type, there can be a problem of deciding whether a book provides a new theory or is a new combination of old theories. Urban design handbooks (Llewellyn, 2000; Cowan, 2002) and readers (Carmona and Tiesdell, 2007; Larice and Macdonald, 2007) are examples of this point. Are they merely a new amalgamation of previous theories, or are they suggesting new arguments? There might not be a robust answer to this question. There are texts that might be seen as falling on the borderline between a collection of theories and an integral theory.

This article considers them to fall into type two. Type three: Theories about the knowledge of urban The third type of urban design theory includes theories that consider the actual knowledge of urban design as the subject of their study. They are relatively less concerned with speci ﬁc case studies and may not have a direct impact on designing cities. Generally, type three theories emerged after the second type. An example of type three is Design of Urban Space (Madanipour, 1996) where it is argued that urban design derives from both spatial and social processes. As another example, in Urban Design (Lang, 2005) the author proposes a theoretical framework in order to make sense of projects, procedures and paradigms that are currently existing in urban design. Theories belonging to type three can be criticized as unhelpful to actual urban design practice.

Considering the practical nature of urban design, there might be some reluctance to consider these theories as urban design theories. Nevertheless, because they provide ‘a sense of understanding ’ of the ﬁeld of urban design, they are considered in this article as valid theories. Type three texts are intellectual studies of theories falling into the categories of type one or two. As a result, applications of this type are typically found in theoretical endeavour, such as in postgraduate courses and research. There are two subcategories distinguishable within this type. Both attempt to construct theories about urban design, but their aims are slightly different. The ﬁrst subcategory of this type consists of texts that are trying to study urban design knowledge in connection with other disciplines. The second focuses on urban design from within its own theoretical domain. ● Theorising urban design knowledge from the perspective of other disciplines: Texts in this type are trying to de ﬁne the discipline by applying more fundamental concepts from other disciplines, usually social sciences.

These texts are less critical of the existing body of knowledge compared to the previous subcategory of this type. However, there is a limited number of texts that can fall into this subcategory. How do the three types interact? A three-tiered model of urban design theories The type of urban design theory suggested here rests on the idea of layers: to have a second layer, the ﬁrst layer is necessary, and for the third, the ﬁrst two are needed. This means that these types are working as layers upon which the next layer forms. Urban design as a ﬁeld became established only when a comprehensive knowledge claiming to improve public places for people – the second type theories – emerged. Institutes and universities then legitimized this new ﬁeld. Understanding the interaction between the three types of theory can provide a framework for 5© 2015 Macmillan Publishers Ltd. 1357-5317 URBAN DESIGN International 1–14

following their application in practice and academia. The typology proposed here could also improve general understanding of theories of urban design. Theories that have been used in urban design date back to different periods, but a theoretical framework of urban design that sees these theories in a cohesive manner (the second layer) emerged in the second half of the twentieth century. The proposed typology can help to explain the development of urban design theory more comprehensively. This is explored in the second part of this article. There is potential in this typology to highlight the connection of urban design theories to other disciplines. Theories of type one can be borrowed from other ﬁelds, but the borrowing of entire theories from other ﬁelds is less likely with the second type. In many cases, theories of the third type assist urban design to de ﬁne its relationship with other ﬁelds.

historical debates about urban design. Courses at US universities seem to place emphasis on historical texts, whereas in the United Kingdom the emphasis is more on normative aspects. It seems that in the United States and the United Kingdom two different questions are being addressed. The shared body of knowledge in the United States focuses on how urban design knowledge and theories have emerged; in the United Kingdom there is more emphasis on how theory informs The predominant theoretical debates in the United States are close to what are called theories in urban design or theories that are focused on one aspect of urban design (type one). They do not necessarily provide an overview of the theoretical debates. It could be concluded that in the United States the literature is more problem-based, providing the historical context of the problem and the theories related to it.

This article tackles important issues concerning the role of theory in urban design by offering a model for understanding various functions of theory within the literature. The article opens up two main areas for discussion. The ﬁrst is that of possible applications, criticism and development of the typology. The second encourages further debate about what forms the shared body of knowledge in urban design should take, and ways in which to structure and understand the If different types of theory are considered to have their own speci ﬁc functions, it would follow that they should also have different applications within the various sectors involved in producing and applying the knowledge of urban design. However, this could only be tested through further research. Thus, this article should be considered as an introduction to the topic which also raises further questions to be answered.",outputs/batch1/canonical_text_284/6194ef223969.txt,Hooman Foroughmand Araabi,2015,Urban Design International,,https://www.semanticscholar.org/paper/89914fef1674939de30d51f67c4e54d2aee8e0dd,DT-C02,1,theoretical | practice | sonification | type | value | kernel | science | example | development | artifact | definition | understanding | constructs | space | structure,"Design theory — Theoretical, practice & sonification [DT-C02]",theoretical | practice | sonification | type | value | kernel | science | example | development | artifact | definition | understanding | constructs | space | structure,"Within the predefined Design theory group, DT-C02 is statistically distinguished by theoretical, practice, sonification. Additional contrastive terms include type, value, kernel, science, example. Representative papers include Theory construction in design research. Criteria, approaches, and methods.; Four Criteria for Design Theories. This is an analysis-frozen statistical interpretation, not a final editorial topic label.",Design theory,Statistical bottom-up interpretation,Prior-pilot assignment retained,Contrastive cluster explanation using adapted class-based TF-IDF; not a predefined codebook classification.,Not assigned by Path 1,Not evaluated in this statistical interpretation,Not applicable,Predefined keyword group,Not assigned,BGE-M3 embedding + Spectral clustering,Not assigned,Adapted class-based TF-IDF interpretation,not_applicable,-1,0.0,theoretical | practice | sonification | type | value | kernel | science | example | development | artifact | definition | understanding | constructs | space | structure,False,False,0,,,10.5507555,-3.5613947,0.12122219800949097,14,14,False,"[{'paper_id': '83d1ebe7d6c0', 'title': 'Design Theory in Information Systems', 'cluster': 1, 'distance': 0.14258229732513428}, {'paper_id': 'fd05a25a5e94', 'title': 'Four Criteria for Design Theories', 'cluster': 1, 'distance': 0.1564447283744812}, {'paper_id': 'c2c57ac5453e', 'title': 'Theory construction in design research. Criteria, approaches, and methods.', 'cluster': 1, 'distance': 0.1614466905593872}, {'paper_id': 'f56243f52335', 'title': 'Theory construction in design research Criteria: Approaches, and methods', 'cluster': 1, 'distance': 0.16607385873794556}, {'paper_id': '4db508a9681a', 'title': 'Philosophy of design: A meta-theoretical structure for design theory', 'cluster': 1, 'distance': 0.16627299785614014}]"
66d4b9b36f31,Design theory,"SHEAFIFICATION AS A DESIGN TECHNIQUE FOR CREATIVE PRESERVATION – PRINCIPLES, ILLUSTRATIONS, AND FIRST APPLICATIONS","Abstract In times of ‘grand challenges’, design theorists dealing with complex systems are facing a dilemma: grand challenges require rule breaking, but they also require the preservation, as much as possible, of existing resources, systems, know-how and societal values. Design for transition calls not for ‘creative destruction’, but for ‘creative preservation’. How do we model a design process that involves ‘creative preservation’? Today, it is recognized that category/topos theory provides a solid foundation for modelling complex systems and their evolution in design processes. Category theory can account for a design process inside a given ‘theory of the object’, while topos theory and design theory can account for the phenomena whereby a design process is innovative to preserve the knowledge structure. At the heart of this creative preservation is sheafification. In this study, we analyse the sheafification process using design theory. First, we characterize sheafification from a design perspective. Next, we propose a very simple illustration involving the sheafification of an ordinal 2 category presheaf. Finally, we show how sheafification can be used to enable ‘creative preservation’ in specific complex systems.",12,12,66d4b9b36f31_p0005;66d4b9b36f31_p0006;66d4b9b36f31_p0009;66d4b9b36f31_p0012;66d4b9b36f31_p0013;66d4b9b36f31_p0014;66d4b9b36f31_p0022;66d4b9b36f31_p0025;66d4b9b36f31_p0026;66d4b9b36f31_p0032;66d4b9b36f31_p0040;66d4b9b36f31_p0043,"How do we model a design process that involves ‘creative preservation’? Previous engineering design studies have explored either routine -based design (within a given knowledge-based system) or innovative design (considered as a creativity -inspired, rule -breaking process). At the intersection of these research streams, a model of a design process for ‘creative preservation’ has appeared at best as a compromise (keep one part of the heritage, destroy the other) or at worst as a logical contradiction (how can one simultaneously retain what exists and innovate?). However, contemporary approaches based on category theory and topos have opened up ne w research directions enabling designers to overcome the dilemma and move beyond a compromise. Today, it is recognized that category theory with a topos perspective provides a solid foundation for modelling complex systems (Breiner et al.

2017; Giesa et al. 2015 ; Spivak 2013; Short et al. 2022 ), and their evolution in relation to design processes. For instance, Breiner et al. showed how category theory could account for a (C -K) design process inside a given ‘theory of the object’. More recently, Harlé et al relied on topos theory an d design theory to propose a design model that accounts for the (counterintuitive) phenomenon whereby the design process is innovative while simultaneously preserving the knowledge structure, indeed is innovative to preserve the knowledge structure. They showed that the process at the heart of this model is sheafification (Mac Lane and Moerdijk 1992 ), a critical process in topos theory that can be likened to ‘creative preservation’ (Hatchuel et al. 2019 ). They identified sheafification as the key operation in topos theory that enables ‘creative preservation’.

It is possible to be relatively optimistic because there are well-known examples: a) Science is full of creative preservation. Beyond a Kuhnian paradigm shift, there is always a strong effort to make the new paradigm account for the results of the previous paradigm. See the Lorenz equations used by Einstein in his relativity theory, which provide a means of retaining Newtonian physics in the field of relativity (Einstein 2011). b) Art is also a place of creative preservation. See, for instance, culinary art that has been both preserved and enriched over several centuries (Hatchuel et al. 2019). We have empirical cases, but we lack a design model to account for the process of creative preservation. In particular, we would like to be able to account for four enigmas associated with creative preservation:

We need to model how a knowledge structure is transformed and preserved through a design process. Hence, our method is to apply design theory to a particular knowledge structure in the hope that we can account for both its transformation and its preservation through the design process. We follow a method previously used to study specific design regimes (Hatchuel et al. 2013 ; Le Masson et al. 2016 ; Le Masson et al. 2019 ). We rely on C -K design theory because this theory is largely independent of knowledge structures, and thus is compatible with many models of K. The critical issue is the knowledge structure: what is a relevant ‘knowledge model’ that enables us to answer our research questions? There is a long history of knowledge representation. The first tradition developed after Herbert Simon described knowledge as sets of rules. Later, knowledge was described using ontologies or type models.

In recent decades, mathematics has assessed the generality, richness and power of topos theory, which introduces very flexible representations of knowledge (Rosiak 2022) and has two main properties from the perspective of engineering design: 1. Topos theory has generative power: it has been demonstrated that it corresponds to models of set theory (cf. (Lawvere 1964 ; Tierney 1972 )). In particular, it was shown that the technique of ‘forcing’ (Cohen 1963 ), which is a form of design used in models of set theory, can be generalized in topos theory (Tierney 1972). 2. Topos theory captures universes that present layers of information and are too complex to be described by sets and standard logic. As explained by Prouté, “Set theory is too lax and requires a capacity to name and handle ‘types’” (Prouté 2007) Prouté also showed that topos theory was particularly well-suited to this end (to an even greater degree than type theory).

This issue with mathematical ‘types’ is self -evidently true for t he objects of art, engineering or architecture. Hence, topos theory is useful for analysing design regimes. In this study, we examine a particular model of C-K theory, namely, C-K/topos, which is a C-K model in which the K base is a topos structure. This w ill help us to understand creative preservation. We also analyse this C-K/topos model using a simple case in which the topos is an ordinal 2 category, denoted as Set2op, building on the work of Prouté (Prouté 2016). The topos models the attribution, that is, how an attribute is added to a base to form a new entity. For instance, ordinal 2 can represent how, in culinary art, a sauce (base object) is accompanied by a meat (an attribute or a functional group) to form a dish1. It can also describe how a car body (base) is attributed with an engine (functional group) to form a car.

4.2 A topos as a design space To consider a topos as a design space, we need to account for partially unknown artefacts (concepts in C- K theory), as opposed to completely known ones (knowledge in C -K theory). What is ‘unknown’ in a topos? We will now introduce the notions of sheaves, topology and site to have a full view of ‘topos’. Suppose that in Cat, the ‘object’ U is described by facets (or ‘points of view’) U i, and these facets are such that U is the result of the ‘points of view’ U i, of J, denoted Ui, of J →U (U is the summit of a ‘cone’ made up of U i, of J , see Figure 2), where J is a selection of the facets of U i that are considered indispensable for characterizing U. Hence, J defines gluing (J is called a Grothendieck topology and follows specific rules, as described below). A presheaf  might be defined for some or all facets Ui of a U in a Cat, but there is no guarantee that the values (Ui) on each facet Ui can be J -glued together to form (U) without contradictions or holes.

4.3 Designing in a topos: the critical notion of sheafification as creation heritage How does design occur in a topos? A powerful theorem in topos theory states that in a site (Cat, J), for any presheaf  that is not a J-sheaf, it is possible to associate a J-sheaf that contains the presheaf . The mathematical formulation is that for any site (Cat, J), the inclusion functor ShJ(EnsCatop) → EnsCatop has a left adjoint. This is called a sheafification. The key properties of the sheafification process from a design perspective are as follows: - sheafification transforms the unknown  (a presheaf that is not a J-sheaf) into the known (a J-sheaf) - sheafification preserves the base category Cat, and thus sheafification is a creative preservation of Cat - sheafification depends on the topology J, which controls the logic of creative preservation.

Hence, sheafification is a relevant model for creative preservation. Furthermore, it is clear (at least theoretically) that creative preservation depends on a very specific knowledge structure: a site (Cat, J) consisting of a category Cat and its associated topos Set Catop, and a Grothendieck topology J that is itself based on Cat. This site, unless J is discrete ( in which case there is no design), can be termed a creation heritage because it is preserved in the design process, and yet it enables creation. In the rest of this paper, we illustrate and analyse the sheafification process in an effort to elicit the properties of creative preservation. How can creative preservation a) combine fixation and the exploration of the unknown, b) combine fixed ontology and the revision of the identity of objects, c) systematically lead to a conjunctive expansion, and d) support repeated design expansions?

dish with one sauce and two meats (‘pair’); Centre: a dish with a sauce but without meat (‘without’); Right, in canonical topology: a dish with two sauces, one of which has meat. 5.3 Designing a dish without meat: an illustration of the design process for J=dense Suppose that, using C-K theory, we design the ‘dish’ catego ry in K-space (an ordinal 2 category where B represents a sauce and F represents a meat, and one meat is paired with one and only one sauce) and the concept is ‘a dish without meat’ (see Figure 6). We can keep the base category as ordinal 2 and choose a topology to express the concept as a presheaf. Assume that we choose the discrete topology. In this topology, the presheaf expression requires a value for the sauce and a value for the meat. However, the dish is ‘without meat’, and thus this presheaf is impossible in the topology J=1.

(a pair of sauces) emerges whose ‘meats’ are meat–sauce combinations. 5.5 Synthesis: the design paths in ordinal 2 It is now possible to characterize a design process in ordinal 2. Here, we rely on C -K design theory using the category ordinal 2 in K (i.e., base B and functional group F where each F has one and only one B). In K, this category has four related Grothendieck topologies. If we want to design a new sheaf defined by ordinal 2, by the definition of a sheaf, it requires a specific category, hence the four different partitions (see Figure 9). Following the above analysis, it is clear that for J=1, the expression of a presheaf requires (B) and (F), and thus the presheaf is immediately a sheaf. For the topology J=2, the expression of a presheaf requires us to specify (B) but allows us to leave (F) unknown. There are two possibilities: either we add the deterministic rule ‘there is one and only one B for each F’ to the presheaf so that the presheaf is a sheaf, or we do not add the deterministic rule.

These theoretical results enable us to dispel a false received wisdom: in C -K/topos theory, it is possible to achieve creative preservation, which overcomes the either -or dilemma: there is both fixation and exploration, and there is both a fixed ontology and a revision of identity because the base category is both creative and systematic. Finally, in any given category, there are multiple nested processes enabling creative preservation. Hence, in situations where there is an apparently contradictory need for both innovation and preservation, C-K/topos theory enables us to confirm that this is not impossible, and also provides a conceptual model enabling us to develop actionable methods and processes to support creative preservation in the face of grand challenges.",outputs/batch1/canonical_text_284/66d4b9b36f31.txt,P. le Masson; A. Hatchuel; B. Weil,2023,Proceedings of the Design Society,,https://www.semanticscholar.org/paper/d28da3cd68003e5f171ae5f7535602430cfc0ad5,DT-C02,1,theoretical | practice | sonification | type | value | kernel | science | example | development | artifact | definition | understanding | constructs | space | structure,"Design theory — Theoretical, practice & sonification [DT-C02]",theoretical | practice | sonification | type | value | kernel | science | example | development | artifact | definition | understanding | constructs | space | structure,"Within the predefined Design theory group, DT-C02 is statistically distinguished by theoretical, practice, sonification. Additional contrastive terms include type, value, kernel, science, example. Representative papers include Theory construction in design research. Criteria, approaches, and methods.; Four Criteria for Design Theories. This is an analysis-frozen statistical interpretation, not a final editorial topic label.",Design theory,Statistical bottom-up interpretation,Prior-pilot assignment retained,Contrastive cluster explanation using adapted class-based TF-IDF; not a predefined codebook classification.,Not assigned by Path 1,Not evaluated in this statistical interpretation,Not applicable,Predefined keyword group,Not assigned,BGE-M3 embedding + Spectral clustering,Not assigned,Adapted class-based TF-IDF interpretation,not_applicable,-1,0.0,theoretical | practice | sonification | type | value | kernel | science | example | development | artifact | definition | understanding | constructs | space | structure,False,False,0,,,10.097212,-2.4937701,0.16280490159988403,21,21,False,"[{'paper_id': 'b21a9b4cc5ef', 'title': 'C-K design theory: an advanced formulation', 'cluster': 1, 'distance': 0.22924327850341797}, {'paper_id': '4db508a9681a', 'title': 'Philosophy of design: A meta-theoretical structure for design theory', 'cluster': 1, 'distance': 0.23093128204345703}, {'paper_id': 'c2c57ac5453e', 'title': 'Theory construction in design research. Criteria, approaches, and methods.', 'cluster': 1, 'distance': 0.2315157651901245}, {'paper_id': '83d1ebe7d6c0', 'title': 'Design Theory in Information Systems', 'cluster': 1, 'distance': 0.23187875747680664}, {'paper_id': '4025e28730c1', 'title': 'Conceptual foundations of design problem solving', 'cluster': 0, 'distance': 0.23639464378356934}]"
67d72b35ce6b,Design theory,A nascent design theory for explainable intelligent systems,"Due to computational advances in the past decades, so-called intelligent systems can learn from increasingly complex data, analyze situations, and support users in their decision-making to address them. However, in practice, the complexity of these intelligent systems renders the user hardly able to comprehend the inherent decision logic of the underlying machine learning model. As a result, the adoption of this technology, especially for high-stake scenarios, is hampered. In this context, explainable artificial intelligence offers numerous starting points for making the inherent logic explainable to people. While research manifests the necessity for incorporating explainable artificial intelligence into intelligent systems, there is still a lack of knowledge about how to socio-technically design these systems to address acceptance barriers among different user groups. In response, we have derived and evaluated a nascent design theory for explainable intelligent systems based on a structured literature review, two qualitative expert studies, a real-world use case application, and quantitative research. Our design theory includes design requirements, design principles, and design features covering the topics of global explainability, local explainability, personalized interface design, as well as psychological/emotional factors.",12,12,67d72b35ce6b_p0023;67d72b35ce6b_p0024;67d72b35ce6b_p0025;67d72b35ce6b_p0027;67d72b35ce6b_p0029;67d72b35ce6b_p0031;67d72b35ce6b_p0041;67d72b35ce6b_p0059;67d72b35ce6b_p0065;67d72b35ce6b_p0068;67d72b35ce6b_p0071;67d72b35ce6b_p0072,"2022), identifying the degree of EIS’s decision explainability (Herm, Heinrich, et al., 2022a ), or defining new responsibilities to handle EIS’s outcome (Storey et al. 2022). While preliminary research has already derived a first theoretical foundation for the derivation of a design theory, it is apparent that this research has not been synthesized to design knowledge as starting point for the derivation of use case dependent design theories yet. In contrast, recent research primarily focuses on specialized use cases. To this end, this manifests the deficit and thus the need for first-hand and use case independent design knowledge to enhance and ensure future EIS design theory development. Research methodology Design science research methodology Design science research. DSR is a problem-solving-oriented research approach to generate IT artifacts (e.g., design theories) for a more effective and efficient use, implementa - tion, and management of information systems or to solve a specific organizational problem.

The goal is to transform a defined problem state into a solution state by intervening with a defined IT artifact (Hevner et al. 2004; Möller et al. 2020). In this context, the role of DSR is twofold. First, a kernel theory initiates the search progress for an appropriate solution state. As elaborated above, explanation theory (Miller 2019) serves as a kernel theory with XAI as its instantiation to enable AI-based applications in DSS resulting in EIS. Second, the application of DSR aims at providing prescriptions for how to solve a defined problem state. These prescriptions can be provided by a design theory (Vaishnavi and Kuechler 2007). Design theories contain certain classes of (meta-) design requirements, practices for IT artifact development (e.g., design principles), and IT artifacts themselves or distinctive design features that contribute to design knowledge (Meth et al.

2015). Gregor and Hevner (2013) distinguish situated implementation from nascent design theories from well-developed design theories. While the former deals with instantiations and the latter encompasses mid-range to grand theories, nascent design theories focus on knowledge as operational principles expressed through design principles. Design principles are precepts that are inductively or deductively derived from experience or empirical evidence to support achieving a prosperous solution state. Finally, the concrete problem is solved by

Here, we identified that information systems research currently lacks design knowledge for the derivation of usecase-independent design theories for EIS (cf. Section 2.3). To address this lack, we used prior design knowledge as input for the derivation of three meta design requirement proposals (vom Brocke et al. 2020). In order to do so, we conducted a structured literature review according to vom Brocke et al. (2015), including design studies, case studies, scenarios, and reviews. During the suggestions phase, we extracted goals, design requirements, design principles, and design features from the structured literature review to address our meta design requirements (Möller et al. 2020). Extending this, we follow the guidelines of Gregor et al. (2020) to propose an initial design theory. In the subsequent design & development phase, we specified design principles using the development process of Möller et al. (2020) to materialize the theory-based design theory.

2190 L.-V. Herm et al. 1 3 design theory through the implementation and evaluation of an EIS through a real-world use case within the maintenance project, and lastly a quantitative evaluation against Iivari et al. (2021)’s reusability criteria. Lastly, we operationalized the final design theory and thereby contribute to theory and practice by revealing novel design knowledge (Vaishnavi and Kuechler 2007). Section 4 introduces and details our final nascent design theory, while Section 5 comprises the design theory instantiation and the quantitative evaluation. Results of first design cycle Awareness of problem, suggestions, design, and develop ‑ ment. To obtain the theoretical foundation for the derivation of the design theory, we applied a structured literature review according to vom Brocke et al. (2015). Due to the interdisciplinary nature of the topic, we considered databases from economics (Emerald Insight, EBSCOhost), computer science (IEEE Xplore, ACM Digital Library), and from information systems (AISeL, ScienceDirect).

We iteratively developed a concept matrix using these 86 contributions by following Möller et al. (2020), including three iterations to develop a theory-based design theory. Please note that to improve readability, we will only provide details on the evaluated design theory of the first design cycle within the following subsection. See Appendix A for a full overview of the iterations of the first design cycle and a visualization of the initial theory-based design theory. Adjustment and evaluation of theory‑based design the ‑ ory. Following the FEDS framework from Venable et al. (2016), we conducted an artificial summative evaluation to “demonstrate the utility, quality, and efficacy” (Venable et al. 2016, p. 77) of our design theory. First, we conducted two preliminary expert test interviews (TI) to make initial adjustments to the design theory (cf.

2193A nascent design theory for explainable intelligent systems 1 3 Final nascent design theory While contemporary intelligent systems can support users with precise recommendations for decision support, their application is hampered especially in high-stake scenarios due to their lack of explainability (Shin 2021), , which highlights the need for EIS (Herm, Heinrich, et al., 2022b). However, due to the novelty of the subject, there is only scarce research on EIS design theories, which are predominantly developed for domain-dependent tasks (e.g., Landwehr et al. 2022). To this end, we propose a broad and domain-independent nascent design theory for EIS, that facilitates the adaptation to different types of use cases (RQ1). Moreover, since XAI research has primarily focused on developers as target group and not the actual end-user of an EIS (van der Waa et al.

Besides, end-users require training prior to using EIS to reduce the cognitive effort required (U1; U2). Evaluation of the final nascent design theory Overall, the naturalistic summative evaluation in the last design cycle consists of a threefold evaluation following the FEDS framework of Venable et al. ( 2016). While we demonstrate the qualitive expert study and their findings in Section 3.3 and 4 , in this subsection, we describe the

To do so, we asked the participants to rate the constructs of accessibility, importance, novelty & insightfulness, actability & guidance, as well as effectiveness through multiple questions constructs on a 5-Point Likert scale (1 = strongly disagree, 5 = strongly agree). We conducted the evaluation anonymously via an online survey, to not force biases. The following Figure illustrate the corresponding results. Please see Appendix C for the questionnaire. Since we used multiple questions per construct, we calculated the median for each construct and expert group. Then, we used the median, minimum, and maximum of this data for the overall construct evaluation per user group (Boone and Boone 2012). This results in overall positive expert feedback. As, the experts considered no further changes within our design theory, as “the design theory seems complete” (U4) and had a positive perception of the design principles (cf. Fig. 5), we consider our nascent design theory ready-to-use.

In addition, while theoretical contribu - tions (e.g., Mohseni et al. 2021) are mainly assigning DP2 to end-users, our research indicate, that developers also benefit from using local explanations. This extension of design science knowledge based on our research applies for DP3 and DP4 as well. While personalized interface design (DP3) is considered important (Conati et al. 2021), during our first design cycle only developers confirmed this finding. Nonetheless, during the second design cycle, end-users also confirmed the importance of DP3. Regarding the consideration of psychological/emotional factors (DP4) for end-users and developers our findings are in line with recent research (Arrieta et al. 2020). Lastly, matching theoretical foundations with our research findings also reveals differences. Comparing our findings with related design theories (Bunde 2021; Landwehr et al.

2200 L.-V. Herm et al. 1 3 design language, as in chatbots, to reduce adaptation barriers (Weitz et al. 2019), we did not include this design principle in our final nascent design theory because our experts rejected this, as non-novice users are accustomed working with abstract information, which leads to undesirable complexity within the EIS. We could not find evidence with the EIS instantiation either. We acknowledge though that DF11 may be relevant in situation where end-users possess no technical skills at all (e.g., private use of intelligent assistance services, chatbots, etc.). Theoretical implications. DSR seeks to develop prescriptive design knowledge by developing and evaluating novel IT artifacts to solve practical problems (Hevner et al. 2004). Corresponding to mode 3B of Drechsler and Hevner (2018)’s design theorizing modes, we derived a nascent design theory that provides explicit prescriptions for entity realization for a class of explainable AI-based DSS, so-called EIS.

Fur - ther, following Gregor and Hevner (2013)’s DSR knowl - edge contribution framework, we contribute with a nascent design theory including (meta) design requirements, design principles, and design features (level 2 contribution) and a situated implementation of the IT artifact (level 1 contribution). Since we applied two design cycles, the design theory can be considered rigorous and consequently can serve as input for future research (Hevner 2021). Looking at previous design science research reveal that the integration of AI in DSS leads to intelligent systems that are capable of supporting users in their decision-making process (Janiesch et al. 2021). However, due to their focus on user performance, these systems are primarily developed for lowstake use cases wherein users do not rely on comprehending the reasoning of a ML model (e.g., Zschech et al.",outputs/batch1/canonical_text_284/67d72b35ce6b.txt,L. Herm; Th. Steinbach; Jonas Wanner; Christian Janiesch,2022,Electronic Markets,,https://www.semanticscholar.org/paper/edb6c93255bbaa879f6d4af173a947a2026ed4c6,DT-C03,2,management | service | learning | social | support | theoretical | development | literature | evaluation | practice | analysis | gregor | practitioners | empirical | digital,"Design theory — Management, service & learning [DT-C03]",management | service | learning | social | support | theoretical | development | literature | evaluation | practice | analysis | gregor | practitioners | empirical | digital,"Within the predefined Design theory group, DT-C03 is statistically distinguished by management, service, learning. Additional contrastive terms include social, support, theoretical, development, literature. Representative papers include Web-based information systems: Developing a design theory; Management design theories. This is an analysis-frozen statistical interpretation, not a final editorial topic label.",Design theory,Statistical bottom-up interpretation,Prior-pilot assignment retained,Contrastive cluster explanation using adapted class-based TF-IDF; not a predefined codebook classification.,Not assigned by Path 1,Not evaluated in this statistical interpretation,Not applicable,Predefined keyword group,Not assigned,BGE-M3 embedding + Spectral clustering,Not assigned,Adapted class-based TF-IDF interpretation,not_applicable,-1,0.0,management | service | learning | social | support | theoretical | development | literature | evaluation | practice | analysis | gregor | practitioners | empirical | digital,False,False,0,,,7.892436,-3.403973,0.08789670467376709,4,4,False,"[{'paper_id': '83d1ebe7d6c0', 'title': 'Design Theory in Information Systems', 'cluster': 1, 'distance': 0.12961804866790771}, {'paper_id': 'c0372ed4d123', 'title': 'Web-based information systems: Developing a design theory', 'cluster': 2, 'distance': 0.13046550750732422}, {'paper_id': '288676f720a1', 'title': 'A design theory for digital platforms supporting online communities: a multiple case study', 'cluster': 2, 'distance': 0.15616941452026367}, {'paper_id': '4025e28730c1', 'title': 'Conceptual foundations of design problem solving', 'cluster': 0, 'distance': 0.16008210182189941}, {'paper_id': '43fee329f83e', 'title': 'Process design theory for digital information services', 'cluster': 2, 'distance': 0.1604325771331787}]"
79d31b954d2a,Design theory,THE LOGICS OF DOUBLE PROOF IN PROOF OF CONCEPT: A DESIGN THEORY-BASED MODEL OF EXPERIMENTATION IN THE UNKNOWN,"Abstract The literature on design distinguishes between exploration-based experimentation and validation-based experimentation. This typology relies on an assumption that exploration and validation cannot and should not be performed simultaneously in the same experimentation. By contrast, some practitioners, such as les Sismo, propose that proof of concept might combine these two logics. This raises the question of what design logic might enable this type of combination of exploration and validation. We first use design theory to build an experimentation design framework. This framework highlights a typology of proof logics in experimentation related to proof of the known and proof of the unknown. Second, we show that these proof models are supported by les Sismo's cases and describe a diversity of arrangements of exploration and validation mechanisms: sequential, parallel, and combinational. Through the formalisation of proof of concept as a double proof (proof of the known and proof of the unknown), we show that proof of concept can be more than a tool for the go/no-go decision by gradually validating propositions, questioning the relevance of propositions, and discovering new propositions to be investigated and tested.",12,12,79d31b954d2a_p0005;79d31b954d2a_p0007;79d31b954d2a_p0008;79d31b954d2a_p0009;79d31b954d2a_p0010;79d31b954d2a_p0012;79d31b954d2a_p0016;79d31b954d2a_p0022;79d31b954d2a_p0031;79d31b954d2a_p0032;79d31b954d2a_p0043;79d31b954d2a_p0044,"The literature suggests that there are several possible forms of experimentation (see, for instance, Gillier and Lenfle, 2019 ). In particular, the design literature has focused on distinguishing between exploration-based experimentation and validation -based experimentation ( Ben Mahmoud-Jouini and Midler, 2020; Blomkvist and Holmlid, 2011 ; Cross, 2008 ; Nicolaÿ and Lenfle, 2019 , Jensen at al., 2017). These typologies reflect a good practice of the scientific method ( Hacking, 1983 ), which recommends that researchers should first explore and then validate (Simpson, 1978). Such a sequential approach is supported by the fact that exploration and validation are identified as two mechanisms that are mutually detrimental. Exploration induces biases in the validation process and, by contrast, validation induces barriers in the discovery process ( Guilford, 1957 ; March, 1991 ); that is, the literature almost systematically presents the interaction between exploration and validation as destructive, to use the language of wave theory.

However, these studies remain at the statement level and lack a rigorous framework for modelling the production of knowledge ass ociated with the validation and exploration mechanisms. Therefore, we consider what validation and exploration mechanisms are at work in PoC, and the associated conditions.

Theory For a long time, the literature on statistical tests has clarified widely disseminated validation logic (Dagnelie, 2000; Emmert-Streib and Dehmer, 2019; Neyman et al., 1933). This logic contains a design hypothesis: we can design at least one unit, and identify and measure some of its characteristics, called variables. Statistical test theory presupposes, more broadly, an intrinsic design activity (e.g., hypothesis design) and sometimes requires design effort when available tools are not appropriate (e.g.,

a new observation instrument), but suggests that these elements are given. Moreover, in the test theory framework, the knowledge bases on which the experimentation rely als o remain largely implicit. A clarification study could better underline the gap between what was known and unknown before and after experimentation and therefore trace the accumulation or expansion of knowledge. More generally, it could also provide a bett er understanding of both what happens during experimentation and the results obtained, particularly when they are not as expected. The latest advances in design theory (Le Masson et al., 2017 ; Hatchuel et al., 2018) may contribute to this explication effort , and integrate and complete the experimentation modelling provided by test theory and Thomke (2003). Concept-knowledge (C -K) theory ( Hatchuel and Weil, 2009 ) was chosen for formalising a general framework to monitor the reasoning mechanisms of exploration and validation in experimentation (Hatchuel et al., 2013) because of its most advanced ability to account for the generativity of a design process (Hatchuel et al., 2011 ; Hatchuel et al., 2018 ).

C-K theory models the design process through the dual expansion of the concept space and knowledge space. Knowledge (K) is a logical proposition that can be assessed as true or false. A concept (C) is a desirable proposition that has no logical status in the existing knowledge space (i.e., neither true nor false).

Based on this general framework of experimentation design, we highlight three typologies of learning mechanisms associated with proof models. We call these proof models proof of the known, proof of the known and proof of an independent unknown, and proof of the known and proof of a dependent unknown. For each of these models, we attempt to identify these learning mechanisms in PoC cases conducted by les Sismo. We selected five cases of les Sismo’s PoC following theoretical sampling. In a sense, we chose them for their ability to illustrate the three proof models and not for their potential for generalisation or representativity (Eisenhardt and Graebner, 2007).

This first proof model describes experimentation for which the learning process is limited to the validation or invalidation of a set of hypotheses, for example, performing an operation from the C space to the K space, that is, a conjunction in the terms of C-K theory. The reasoning mechanisms of this type of experimentation are the very essence of a statistical test. Test theory foresees two possible outcomes, that is, the rejection of the null hypothesis in favour of the alternative hypothesis or the rejection of the alternative hypothesis in favour of the null hypothesis, that produce an extension or sophistication of theories and models. Moreover, there is a third transitory case in which the test is inconclusive, that is, sometimes the data tend towards the null hypothesis validation and sometimes the data tend towards the alternative hypothesis validation.

This second proof model describes experimentation that not only allows hypothesis validation but also reveals unknown peripheral variables, that is, variables that do not have a direct impact on the outcome of the hypothesis validation. Such a discovery requires the prior design of a n extended observation device and model to enable this capture, and clarification of knowledge bases to enable its recognition as a novelty. In this proof model, validation and exploration are performed in parallel. The exploration mechanism relies on the validation mechanism, but does not interfere with it. The designer/experimenter takes advantage of the experimental scenario to explore the periphery.

This third proof model describes experimentation that reveals unknown variables that play a significant role in the outcome of hypothesis validation through invalidation or inconclusiveness. In the sense of test theory, it describes the identification of an unknown moderating variable, that is, a variable that changes the strength or direction of the effect between the two variables of interest. Such a discovery requires extended prior exploration (e.g., alternative hypotheses, embodiment and observation device s and models, and sam pling) to enable the unknown variable to be captured. The discovery forces the designer/experimenter to clarify the validity conditions of the theory or model on which the hypotheses are based. This new known variable may be seen as an additional variable to be controlled or measured

in future experimentation or as a source of innovation . This new known variable forces the designer/ experimenter to revise knowledge previously considered as established, that is, a K -reordering; and design undecidable hypotheses, models, and theories, that is, perform an operation from the K space to the C space, that is, a disjunction in the terms of C -K theory. In this proof model, validation and exploration are combined, and both mechanisms positively interfere with each other.

In this paper, we investigate d the question of what design logic might enable the combination of exploration and validation in proof of concept. We first used design theory to build an experimentation design framework. This framework highlight ed a typology of proof logics in experimentation related to proof of the known and proof of the unknown. The key characteristics of these proof models are presented in Table 1. Furthermore, we found that the initial experimentation design influenced the type of proof models that could be achieved. If a minimum experimentation design was required to validate the hypothesis (proof of the known), additional design activity had to be performed to enable the proof of the unknown (e.g., extending the observation model and fo rmulating a variety of hypotheses). The search for proof of the known is a necessary but insufficient condition for proof of the unknown. The more the designer/experimenter systematically explains the design alternatives and the associated knowledge (expansion), the more new concepts and knowledge will be generated.

Proof Typology Arrangement of Exploration and Validation Mechanisms How Knowledge was Proved How the Concept was Proved Proof of the known Sequential: exploration then validation Extension/sophistication of theories and models N/A Proof of the known and proof of an independent unknown Parallel: experimentation is an opportunity for peripheral exploration Extension/sophistication of theories and models Identification of, for example, unknown peripheral variables and hypotheses Proof of the known and proof of a dependent unknown Combinatorial: validation and exploration synergistically interfere Reconsideration of, for example, variables, hypotheses, models, and theories Regeneration of, for example, variables, hypotheses, models, and theories Second, we succeeded in identifying the three logics in PoC cases conducted by les Sismo that were used in this paper as illustrations of the proof models.",outputs/batch1/canonical_text_284/79d31b954d2a.txt,Caroline Jobin; S. Hooge; P. le Masson,2021,Proceedings of the Design Society,,https://www.semanticscholar.org/paper/2f013a55be5284205856b2e343329e282bcbdb09,DT-C02,1,theoretical | practice | sonification | type | value | kernel | science | example | development | artifact | definition | understanding | constructs | space | structure,"Design theory — Theoretical, practice & sonification [DT-C02]",theoretical | practice | sonification | type | value | kernel | science | example | development | artifact | definition | understanding | constructs | space | structure,"Within the predefined Design theory group, DT-C02 is statistically distinguished by theoretical, practice, sonification. Additional contrastive terms include type, value, kernel, science, example. Representative papers include Theory construction in design research. Criteria, approaches, and methods.; Four Criteria for Design Theories. This is an analysis-frozen statistical interpretation, not a final editorial topic label.",Design theory,Statistical bottom-up interpretation,Prior-pilot assignment retained,Contrastive cluster explanation using adapted class-based TF-IDF; not a predefined codebook classification.,Not assigned by Path 1,Not evaluated in this statistical interpretation,Not applicable,Predefined keyword group,Not assigned,BGE-M3 embedding + Spectral clustering,Not assigned,Adapted class-based TF-IDF interpretation,not_applicable,-1,0.0,theoretical | practice | sonification | type | value | kernel | science | example | development | artifact | definition | understanding | constructs | space | structure,False,False,0,,,11.27621,-3.389416,0.13879871368408203,18,18,False,"[{'paper_id': 'f56243f52335', 'title': 'Theory construction in design research Criteria: Approaches, and methods', 'cluster': 1, 'distance': 0.19774603843688965}, {'paper_id': 'c2c57ac5453e', 'title': 'Theory construction in design research. Criteria, approaches, and methods.', 'cluster': 1, 'distance': 0.2000746726989746}, {'paper_id': '83d1ebe7d6c0', 'title': 'Design Theory in Information Systems', 'cluster': 1, 'distance': 0.2040727138519287}, {'paper_id': '1728dd2afe4b', 'title': 'Design theory in practice – Making design science research more transparent', 'cluster': 1, 'distance': 0.2065598964691162}, {'paper_id': 'fd05a25a5e94', 'title': 'Four Criteria for Design Theories', 'cluster': 1, 'distance': 0.206831157207489}]"
804431d6f285,Design theory,Concepts and definitions for product recovery: Analysis and clarification of the terminology used in academia and industry,"This paper presents and clarifies the academic and industrial terminology used in the area of product recovery. It is concluded that there exist many different concepts and definitions in academia and industry, several of which are unclearly defined. Given this, a new way to define product recovery is presented through the use of a model. This model is based on actual industrial product recovery cases, existing academic product recovery concepts and definitions and product design theory. The presentation contains a holistic model that can be used for describing and analyzing different product recovery scenarios. In addition, several industry cases are presented as a verification of the model. © 2006 Springer.",12,12,804431d6f285_p0002;804431d6f285_p0006;804431d6f285_p0008;804431d6f285_p0009;804431d6f285_p0024;804431d6f285_p0026;804431d6f285_p0027;804431d6f285_p0032;804431d6f285_p0036;804431d6f285_p0040;804431d6f285_p0042;804431d6f285_p0043,"1Division of Environmental Technology and Management, Department of Mechanical Engineering, Linköping University, SE-581 83 Linköping, Sweden, 2Division of Production Systems, Department of Mechanical Engineering, Linköping University, SE-581 83 Linköping, Sweden Mattias.Lindahl@ikp.liu.se

According to this directive, the members of the European Union shall encourage design and manufacturing of electrical and electronic products that facilitates dismantling and recycling, especially reuse and recycling of components and materials from these products. [3] Furthermore, the EU has developed an Integrated Product Policy (IPP) that aims at reducing the usage of material and the environmental impact of waste [5]. Product recovery is breaking through into new industry sectors, e.g. because of increased material costs. Some industry sectors - for example the automotive industry - have extensive experience in this area when compared to other expanding sectors such as personal computers and cellular phones. The different industry sectors have developed their own, and not standardized expressions and terminology for their business within the product recovery area.

2 AIM The first aim of this paper is to identify and clarify the terminology for product recovery scenarios used by academia and industry. The second aim is to describe a holistic model for researchers to map different industrial product recovery systems in order to facilitate research in this area, e.g. communication and comparisons of different product recovery systems. The model describes different types of product recovery. The basis for this model is the existing experience found within both industry and academia, i.e. real industrial cases and existing concepts and definitions.

The methodology for conducting this research was to study research within the area of product recovery, as well as the industry of product recovery itself. In regards to the theoretical study presented in this paper, a number of popular theories in academia were compared and analyzed. Furthermore, the industrial cases of Swedish product recovery presented here highlight the use of several concepts. These case studies were conducted through Internet surveys and telephone interviews. Finally, several industrial cases were utilized to help verify the authors’ proposed model for product recovery, of which some, but not all, are presented in this paper.

According to existing theory about product design, described by for example Roozenburg and Eekels [21], the presumptive user is interested in benefits the product may provide in fulfilling various kinds of needs. This could be, for example, a product’s means to provide desired functions. A product is, according to Roozenburg and Eekels [21], a material system which is made by people for its properties. Because of these properties, it can fulfill one or more functions. By fulfilling functions a product satisfies needs, thereby giving users the possibility to realize one or more values. In some cases, the customer and the user are one in the same, but this is not a necessity. In accordance with the theory concerning product design, manufacturing companies tend to strive to fulfill users’ needs by producing artifacts with a desired function.

The mapping in Figure 1 presents some of the more used concepts relations to each other. Based on this, Figure 2 was developed to describe a generic model for describing different FP concepts life cycles. Before the model in used in the model are described.

All concepts used in the proposed model have been collected from the existing theory in order to avoid introducing yet more concepts that could cause more confusion. However, the different concepts’ definitions have been transformed and translated in the respect that they are related to various kinds of FPs instead of, e.g. products, parts and components. Table 1 shows the relationship between some of the model’s concepts and those used in academia and industry. Function provider (FP) is defined as “an artifact with a specific function that is provided by a combination of sub function providers, aimed to fulfill a customer’s desired need”. The FP’s functions can be described and defined and must more or less fulfill and correspond to the customer’s need; otherwise, the FP will most likely be rejected. Sub function provider (SFP) is defined as “a subordinated FP that is used in a FP”.

The continuous lines in the model shown in Figure 2 illustrate the flow of FPs, while the dashed lines illustrate the flow of various SFPs needed to accomplish the different processes during a product’s lifecycle. Before using the model, there is a need to decide the focus for the description, i.e. the FP. Is it, for example, a forklift truck or a forklift truck’s engine? In the first alternative, the forklift truck is the FP and the engine is the SFP, and it is this case which will be used as an example in the following description. The forklift truck (FP) is assembled from many SFPs; the engine is but one example. During the utilization phase (which can involve many different owners as well as users) there is consumption of different SFPs, e.g. fuel, to receive the function. Later during utilization, either the FP’s SFPs lose their ability to provide the specific function (e.g. the engine malfunctions) or customer needs are altered in such a manner that the FP no longer fulfills their desired needs1. An example of the later is when the lifting capacity is too small compared to the required capacity. The result is a degraded FP labeled FP'.

As an example of how the model works, some of the cases presented earlier are described using this model. The model has been evaluated with more than 20 industrial cases; however, only three of those cases are presented in this paper.

The case of the single-use camera case is presented in customer has taken all available pictures on the camera film (SFP). The customer then returns the single-use camera to a photo shop, where the film is removed and the camera put in storage awaiting shipment back to the OEM. At the OEM, the single-use cameras follow the sequence of sorting (inspection of shape), disassembly, cleaning, inspection, repair, reassembly and inspection. In the reassembly step, new film is added. The reassembled single-use camera is then returned to a photo shop, and a new use phase begins.

At the same time, the definitions and borders between the different degree concepts are vague and unspecified. One advantage with the proposed idea and concept of function providers is that the focus is on the function, the inherent value of the artifact. To describe the different used function providers facilitate the analysis and understanding of for example a product recovery system. The proposed concept also implies that there is no need to use an abundance of different concepts, e.g. product, part and component, to define the needed concepts, e.g. remanufacturing. In fact, the only needed concept is function provider and, as defined, the sub function provider is just a lower degree of function provider - but still a function provider. A major contribution of this paper is the holistic model with its related concepts and definitions.

As described, this model can be used in order to describe and analyze different companies’ products and product recovery concepts. The conclusion is that the function provider concept and the holistic model provide a more general and consistent way to describe product recovery scenarios. This, in relation to the existing terminology and models that have been found in academia and industry. Hopefully this holistic model will represent a starting point for continued work towards more harmonized and standardized terminology that would be beneficial for the product recovery area.",outputs/batch1/canonical_text_284/804431d6f285.txt,"Lindahl, M. (1, 2); Sundin, E. (1, 2); Östlin, J. (1, 2); Björkman, M. (1, 2)",2006,Innovation in Life Cycle Engineering and Sustainable Development,10.1007/1-4020-4617-0_8,,DT-C01,0,product | cognitive | impact | load | cognitive load | human | technology | science | understanding | designers | function | conceptual | engineering | methodology | theoretical,"Design theory — Product, cognitive & impact [DT-C01]",product | cognitive | impact | load | cognitive load | human | technology | science | understanding | designers | function | conceptual | engineering | methodology | theoretical,"Within the predefined Design theory group, DT-C01 is statistically distinguished by product, cognitive, impact. Additional contrastive terms include load, cognitive load, human, technology, science. Representative papers include Conceptual foundations of design problem solving; Design Theory and Method of Complex Products: A Review. This is an analysis-frozen statistical interpretation, not a final editorial topic label.",Design theory,Statistical bottom-up interpretation,Prior-pilot assignment retained,Contrastive cluster explanation using adapted class-based TF-IDF; not a predefined codebook classification.,Not assigned by Path 1,Not evaluated in this statistical interpretation,Not applicable,Predefined keyword group,Not assigned,BGE-M3 embedding + Spectral clustering,Not assigned,Adapted class-based TF-IDF interpretation,not_applicable,-1,0.0,product | cognitive | impact | load | cognitive load | human | technology | science | understanding | designers | function | conceptual | engineering | methodology | theoretical,False,False,0,,,9.467688,-6.2442846,0.17706096172332764,16,16,False,"[{'paper_id': '232abf4e9e91', 'title': 'The Conceptual Design of Mechanical Products', 'cluster': 0, 'distance': 0.20099955797195435}, {'paper_id': '02f3ae017acb', 'title': 'Design Theory and Method of Complex Products: A Review', 'cluster': 0, 'distance': 0.2282007932662964}, {'paper_id': '4025e28730c1', 'title': 'Conceptual foundations of design problem solving', 'cluster': 0, 'distance': 0.24543708562850952}, {'paper_id': '141f85abba0a', 'title': 'How to Define Design in Industrial Control and Automation Software', 'cluster': 0, 'distance': 0.24906539916992188}, {'paper_id': '9f9f7295ec8c', 'title': 'Affordance based design: a relational theory for design', 'cluster': 0, 'distance': 0.2525785565376282}]"
8107b8d7a099,Design theory,Analyzing Initial Design Theory Components for Developing Information Security Laboratories,"Online information security labs intended for training and facilitating hands-on learning for distance students at master’s level are not easy to develop and administer. This research focuses on analyzing the results of a DSR project for design, development, and implementation of an InfoSec lab. This research work contributes to the existing research by putting forth an initial outline of a generalized model for design theory for InfoSec labs aimed at hands-on education of students in the field of information security. The anatomy of design theory framework is used to analyze the necessary components of the anticipated design theory for InfoSec labs in future.",12,12,8107b8d7a099_p0004;8107b8d7a099_p0005;8107b8d7a099_p0007;8107b8d7a099_p0013;8107b8d7a099_p0014;8107b8d7a099_p0019;8107b8d7a099_p0021;8107b8d7a099_p0022;8107b8d7a099_p0027;8107b8d7a099_p0028;8107b8d7a099_p0029;8107b8d7a099_p0032,"InfoSec lab development project and to systematize knowledge for the contribution to design knowledge about hands-on information security education. This article focuses on the research question: what are the necessary components to develop a design theory for InfoSec labs?

Researchers are supposed to develop theories to advance our understanding of social reality [14]-17]. Gregor [18] describes theories as “abstract entities that aim to describe, explain, and enhance understanding of the world and, in some cases, to provide predictions of what will happen in the future and to give a basis for intervention and action”. Additionally, Gregor [18] puts forth a taxonomy of five types of theory: theory for analyzing, theory for explaining, theory for predicting, theory for explaining and predicting, and theory for design and action. livari [19] considers that the idea of “design theories” implies that “theories” not only inform the design of various IT artifacts in Design science research (DSR) but, they are also considered as central outcomes of DSR. Venable [20], [21] considers that theory is a key output of academic research and one would expect the production of design theory to be a key element of DSR.

The remainder of the article is arranged as follows: Section 2 provides an overview of the related case description and research method briefly. In section 3 the results are analyzed using anatomy of design theory framework and a generalized model is produced. Section 4 concludes the article with discussion of results and further research suggestions.

In order to proceed towards development of a design theory for InfoSec lab development, it was deemed fit to use anatomy of design theory [28] framework to further analyze the results of the project in the next section.

Formalization of learning principle of ADR [15] suggests developing generalized solutions for field problems which in this case is to theorize the design and development process of InfoSec lab. In this section anatomy of design theory framework [28] is used to analyze the components of a design theory for InfoSec lab.

Conceptual design model (Fig 1) of InfoSec lab developed in this project is based on the pedagogical kernel theories: Constructive alignment, Conversational framework and Personalized system of instruction [24]-[26]. A theoretical framework comprising CA and CF was developed earlier in the project to guide the research process. Additionally, PSI approach was used to design lab exercises for individual students.

Following Rosi et al., [33], a generalized model (fig 2) is proposed as a result of analysis for this DSR project. The problem space in this project maps the field problems such as lack of design principles and design exemplars to be adopted for hands-on exercises in information security courses. The researcher used these and other field problems as opportunities to develop suitable solutions following ADR [15] such as design and emergence of InfoSec lab as an ensemble artefact. The emergent design knowledge in terms of conceptual model and design principles provide input to the anticipated design theory.

DSR in Information Systems has “great potential to contribute design oriented, explanatory/predictive, substantive technological theories” [19]. The anatomy of design theory framework (Table 2) used for formalization of learning and reflection can help to understand which elements of design theory were realized to some extent during this project and which elements require more work in future. A pedagogical online InfoSec lab was developed with the purpose and scope to promote hands-on education for distance and on-campus students of MSc program on information security. Lab infrastructure, exercise, exercise processing and management interface (EPI), concrete exercise interface, pedagogical alignment, ensemble artefact and flexible learning are recognized as the main constructs in this project. The lab was deployed successfully, and the distance students were able to conduct lab exercises individually in the stable learning environment.

IS researchers argue that nevertheless, even if design knowledge is only in part or with difficulty expressed in formal general terms, this goal is important enough for the IS discipline [28]. Therefore, Researcher asserts that this project work does not make any rigorous claim for testable propositions at this stage. However, future research might add more precise knowledge claims in this area. Justificatory knowledge is an essential component in IS design theories [28]. Justificatory knowledge provides an explanation for the construction and operation of an artefact. Pedagogical theories such as Constructive alignment [24], and Conversational framework [25] were used to guide the design of an InfoSec lab as a productive learning medium. In addition to that PSI [26] supported the design of individual and flexible learning environment to offer hands-on exercises to the distance students.

PSI offers distinct features for the teacher to provide clear study objectives, modularization of the course and lab exercises and facilitating students to study at their own chosen pace with the help of a teaching assistant to provide support for lab activities such as managing lab bookings and immediate feedback. The pedagogical theories used in this process of lab and related exercise design, development and implementation guide the practitioners such as teachers and developers to align the theoretical and practical aspects in a course. Justificatory knowledge provided by these theories is very important from the design theory perspective. This knowledge promotes the idea of pedagogical alignment of lab activities with course and programme goals. Practitioners and researchers can use this knowledge to compare competing design theories [28].

Designed artefact such as conceptual design model of an InfoSec lab is considered as the central activity as a means of changing social and physical reality [34]. Conceptual design model of an online InfoSec lab and the design principles to implement that model are embodiment of the design theory in this context. Model comprising entities provides help to define the lab architecture, stakeholders for each entity, functionality of each entity, interrelationships of entities and roles of the stakeholders [4]. Every entity provides its own functionality

Researcher will argue that future efforts to produce and share design knowledge regarding InfoSec labs according to design theory perspective will be beneficial for the development of systematic and cumulative knowledge base in this field. Theorizing will enable practitioners to explicate InfoSec lab characteristics and use of its resources, while they interact in a certain given contextual environment for a specific security exercise scenario. The lab entities and design principles based on new and novel experimentation results will enhance the rigor and legitimacy of hands-on information security literature from a universal perspective. The components articulated in table 2 and figure 2 can be considered as steppingstone for further research work. A complete design theory “may not emerge from a single DR effort, allowing for a longer program, multiple projects, several instances of ensemble artifacts, and multiple cycles of learning and reflection carried on with mechanisms not unlike alpha and beta testing” [33].",outputs/batch1/canonical_text_284/8107b8d7a099.txt,S. Iqbal,2022,,10.1109/CSP55486.2022.00015,,DT-C03,2,management | service | learning | social | support | theoretical | development | literature | evaluation | practice | analysis | gregor | practitioners | empirical | digital,"Design theory — Management, service & learning [DT-C03]",management | service | learning | social | support | theoretical | development | literature | evaluation | practice | analysis | gregor | practitioners | empirical | digital,"Within the predefined Design theory group, DT-C03 is statistically distinguished by management, service, learning. Additional contrastive terms include social, support, theoretical, development, literature. Representative papers include Web-based information systems: Developing a design theory; Management design theories. This is an analysis-frozen statistical interpretation, not a final editorial topic label.",Design theory,Statistical bottom-up interpretation,Prior-pilot assignment retained,Contrastive cluster explanation using adapted class-based TF-IDF; not a predefined codebook classification.,Not assigned by Path 1,Not evaluated in this statistical interpretation,Not applicable,Predefined keyword group,Not assigned,BGE-M3 embedding + Spectral clustering,Not assigned,Adapted class-based TF-IDF interpretation,not_applicable,-1,0.0,management | service | learning | social | support | theoretical | development | literature | evaluation | practice | analysis | gregor | practitioners | empirical | digital,False,False,0,,,8.556755,-3.1500566,0.10491800308227539,7,7,False,"[{'paper_id': '83d1ebe7d6c0', 'title': 'Design Theory in Information Systems', 'cluster': 1, 'distance': 0.13758176565170288}, {'paper_id': 'c0372ed4d123', 'title': 'Web-based information systems: Developing a design theory', 'cluster': 2, 'distance': 0.14108717441558838}, {'paper_id': '67d72b35ce6b', 'title': 'A nascent design theory for explainable intelligent systems', 'cluster': 2, 'distance': 0.16730403900146484}, {'paper_id': '43fee329f83e', 'title': 'Process design theory for digital information services', 'cluster': 2, 'distance': 0.17317932844161987}, {'paper_id': '288676f720a1', 'title': 'A design theory for digital platforms supporting online communities: a multiple case study', 'cluster': 2, 'distance': 0.18056100606918335}]"
83d1ebe7d6c0,Design theory,Design Theory in Information Systems,"The aim of this paper is to explore an important category of information systems knowledge that is termed “design theory”. This knowledge is distinguished as the fifth of five types of theory: (i) theory for analysing and describing, (ii) theory for understanding, (iii) theory for predicting, (iv) theory for explaining and predicting, and (v) theory for design and action. Examples of design theory in information systems are provided, with associated research methods. The limited understanding and recognition of this type of theory in information systems indicates that further debate concerning its nature and role in our discipline is needed.",12,12,83d1ebe7d6c0_p0003;83d1ebe7d6c0_p0007;83d1ebe7d6c0_p0009;83d1ebe7d6c0_p0016;83d1ebe7d6c0_p0019;83d1ebe7d6c0_p0025;83d1ebe7d6c0_p0030;83d1ebe7d6c0_p0031;83d1ebe7d6c0_p0033;83d1ebe7d6c0_p0034;83d1ebe7d6c0_p0035;83d1ebe7d6c0_p0040,"Similarly, an issue of Administrative Science Quarterly (1995, Vol. 40, No. 3) had articles about what theory is, what theory is not and how theorizing occurs. Descriptions of theory in the social sciences can also be found in Dubin (197 8), Freese (1980), Kaplan (1964), Merton (1967) and Weick (1989). More established disciplines have considerable histories of enquiry into the nature of theory. In the philosophy of science there has been discussion of scientific knowledge and the formulation of theory over a very long period (Locke, 1689; Hume, 1748; Popper, 1980). Information Systems has a number of contributing disciplines, including mathematics, logic, philosophy, computer science, psychology, sociology, economics and management, from which theoretical bases are drawn and adapted. It is not surprising, given that many of our community have come from these different disciplines, that there are different views on what constitutes theory.

In general, theory answers a human need to make se nse of the world and to accumulate a body of knowledge that will aid in understanding, explaining, and predicting the things we see around us, as well as providing a basis for action in the real world. In the words of Popper (1980, p. 59): Scientific theories are universal statements. Like all linguistic representations they are systems of signs or symbols. Theories are nets cast to catch what we call ‘the world’; to rationalize, to explain and to master it. We endeavour to make the mesh ever finer and finer. Theories are seen as uncertain and as approximate representations of reality (fallibilism): The empirical basis of objective science has thus nothing ‘absolute’ about it. Science does not rest upon solid bedrock. The bold structure of its theories rises, as it were, above a swamp. It is like a building erected on piles.

These three worlds are related to Popper’s worlds 1, 2 and 3 (Popper, 1986). World 1 is the objective world of material things. World 2 is the subjective world of mental stat es, and World 3 is an objectively exis ting but abstract world of man-made entities – language, mathematics, knowledge, science, art, ethics and institutions. Thus, theory belongs to World 3. A computer program as an electronic artifact exists in World 1, yet the articulation of the algorithm or design principles that are represented in the program belongs to World 3. Theory and theoretical knowledge are invented by human beings rather than being discovered. We invent concepts, models and schemes to make sense of experience and, further, we continually test and modify these constructions in the light of new experience. Theoreti cal terms are abstractions, human inventions that are simply convenient devices for managing and expressing the relations among observables.

Examples of theory used in this way in information sy stems are structuration theory and actor-network theory (Klein and Myers, 1999). Structuration theory is a meta-theoretical social framework developed by Giddens (1984) that argues that action and structure operate as a duality, simultaneously affecting each other. Orlikowski (1992) developed a structurational model of technology which made the claim that technology is both constituted by human agency and constitutes human practice. In a second type of theory for understanding, “conjectures” are drawn from a study of how and why t hings happened in some particular real world situation. These conjectures could form the basis of subsequent theory development, or be used to inform practice. Research approaches that can be used to develop this t ype of theory include case st udies (Yin, 1994), surveys, ethnographic, phenomenological and hermeneutic approaches (Denzin and Lincoln, 1994), and interpretive field studies (Klein and Myers, 1999).

This theory type implies both prediction and understanding of underlying causes, as well as good description of theoretical constructs. Authorities can be found for the dimensions and specification of theories of this type (for example, Dubin, 1978). In the social sciences the predictions made are not expected to take the form of universal or covering laws, but rather to be probabilistic-type propositions (Little, 1999, p. 705). Almost all research methods can be used to investigate aspects of theory of this type, including case studies, surveys, experiments, statistical analysis, field studies, and also interpretive methods if they are used to build theory with predictive power. The grounded theory approach (Strauss and Corbin, 1994a, 1994b) can be used to develop theory, which is at some point capable of prediction, and thus being tested.

Previous research findings and theories are likely, at best, to be relevant only to a small portion of the total situation. It means that testing the effectiveness of one total system against that of another is likely to yield information of extremely limited generality (p. 157). Walls et al. (1992) considered that an information systems design theory had two distinctive characteristics: a theoretical base and explicit guidance for practitioners. Design theory should have three interrelated components: a set of user requirements, a set of system features (or principles for selecting system features), and a set of principles deemed effec tive for guiding the process of deve lopment. The theory underlying an information systems design theo ry (referred to as “kernel theory”) co uld be an academic th eory (e.g cognitive psychology) or a practitioner theory-in-use (Sarker and Lee, 2002).

That is, this principle implies that “A dialectical development process is better (in some sense) than alternative development proce sses for the class of system s that support emergent knowledge processes”. Other researchers can test this proposition with other systems of this nature. In their own research the authors show that an alternative development process “of explicit guidance” was faulty. The design theory proposed consists of general principles to solve a class of business problems, rather than a unique set of system features to solve a unique business problem. The abstraction and generali zation that occurred here distinguishes the study from what would occur in consulting. Design theory can be informed by all the other types of theory. A general, formalized methodology can build on particular idiographic studies of what has worked in practice, on predictive relationships th at are known but not fully understood and on traditional theories such as those relating to data representation or human be haviour.

The interrelationships between the theory types can be bi-directional. Work on design theory could lead t o advances in other types of theory. For example, principles of interface design that are tested in software trials could lead to improvement in underlying theories of cognitive psychology (of the traditional type). Similarly, practical implementations of methods may lead to refinement of frameworks, taxonomies or construct definition. An apparent divergence in opinions can be detected in the views of design theory. One view places emphasis on the development of deep theories of information systems of the traditional type (Type IV), which can then inform design practice. For example, Weber (1987), saw a solution to the dilemma pose d by design and construction work if: Researchers show how their designs are based in some theory of information systems.

254). Markus et al. (2002), following Walls et al. (1992) recognize design “theory”, but believe that “IS design theory is not a radical departure from established IS practice and theorizing” (p. 181). We argue for an alternate view that recognizes design theory (type V) as special case of traditional theory (Type IV), but distinguished from it as a separate category, so that its particular characteristics can be di scussed. In much work of the traditional-theory type the primary fo cus is an integrated body of knowledge – the design implications are secondary. In contrast, with design theory the primary focus is the general design principles that inform practice, as Cook and Campbell (1979) noted w ith their idea of “recipes”. The knowledge needs to be stated in such a way that it provides guidance in practice for the design, development and use of information systems.

Design theory can arise from a situation in which imagin ation, art, or a designer’s insights result in a new way of solving problems being “discovered”. This discovery can be instantiated in an artifact, providing “proof-ofconcept”. The new design theory could be based on existing theories of Type IV – what Walls et al. (1 992)

term “kernel” theory” – that are combined together or interpreted in new or novel ways. This situation is similar to “theory-building” with traditional theory, and is cong ruent with views in the philo sophy of science. Popper (1980) says that the act of conceiving or inventing a theory is a matter of psychology and not th e province of science. What constitutes a contribution to knowledge with design-type research? Some criteria adapted from March and Smith (1995) are: • In the theory-building phase, the value or utility to a community of users is important, especially with the first artifact of any type: Building the first of any set of constructs, model, method or instantiation is deemed to be research, provided the artifact has utility for an important task. The research contribution lies in the novelty of the artifact and in the persuasiveness of the claims that it is effective. (p.

These design pr inciples relate to artifacts that include system or subsystem models, artifact features and development methodologies and tools. The importance of design theory in information systems should be recognized. We are essentially an applied discipline, one in which our work should provide guidance to people who have to take action in the world. Thus, a critical examination of what design theory entails is valuable. It would be advantageous if we could come to some common understanding of the form that knowledge claims in this theory can take, and the means by which such knowledge claims are developed and tested.",outputs/batch1/canonical_text_284/83d1ebe7d6c0.txt,S. Gregor,2002,Australasian Journal of Information Systems,,https://www.semanticscholar.org/paper/aa849c3dea50cd7496aac43c8aea0c53fc070505,DT-C02,1,theoretical | practice | sonification | type | value | kernel | science | example | development | artifact | definition | understanding | constructs | space | structure,"Design theory — Theoretical, practice & sonification [DT-C02]",theoretical | practice | sonification | type | value | kernel | science | example | development | artifact | definition | understanding | constructs | space | structure,"Within the predefined Design theory group, DT-C02 is statistically distinguished by theoretical, practice, sonification. Additional contrastive terms include type, value, kernel, science, example. Representative papers include Theory construction in design research. Criteria, approaches, and methods.; Four Criteria for Design Theories. This is an analysis-frozen statistical interpretation, not a final editorial topic label.",Design theory,Statistical bottom-up interpretation,Prior-pilot assignment retained,Contrastive cluster explanation using adapted class-based TF-IDF; not a predefined codebook classification.,Not assigned by Path 1,Not evaluated in this statistical interpretation,Not applicable,Predefined keyword group,Not assigned,BGE-M3 embedding + Spectral clustering,Not assigned,Adapted class-based TF-IDF interpretation,not_applicable,-1,0.0,theoretical | practice | sonification | type | value | kernel | science | example | development | artifact | definition | understanding | constructs | space | structure,False,False,0,,,9.093806,-3.8353477,0.054987192153930664,3,3,True,"[{'paper_id': 'c0372ed4d123', 'title': 'Web-based information systems: Developing a design theory', 'cluster': 2, 'distance': 0.0698009729385376}, {'paper_id': 'fd05a25a5e94', 'title': 'Four Criteria for Design Theories', 'cluster': 1, 'distance': 0.09108603000640869}, {'paper_id': 'c2c57ac5453e', 'title': 'Theory construction in design research. Criteria, approaches, and methods.', 'cluster': 1, 'distance': 0.09865152835845947}, {'paper_id': '2faef10b819d', 'title': 'A design theory for software engineering', 'cluster': 2, 'distance': 0.09921550750732422}, {'paper_id': 'c9175ef9ebfe', 'title': 'Management design theories', 'cluster': 2, 'distance': 0.10055255889892578}]"
85c3a6761bcc,Design theory,Designing Process Guidance Systems,"Process knowledge is a vital prerequisite for employees to execute organizational processes successfully in the course of their daily work. However, the lack of process knowledge, especially concerning novice users, and the need for support pose a challenge to employers. Inspired by research on spatial knowledge and navigation, we conceptualize three process knowledge types addressing the needs of employees during their process execution. On the basis of these process knowledge types, we derive three theoretically grounded design principles for process guidance systems to support employees’ process execution. We instantiate the design principles and evaluate the resulting artifacts in a laboratory experiment and in a subsequent field study. The results demonstrate the positive effects of process guidance systems on users’ process knowledge and process execution performance. Our study contributes to research and practice by proposing a new conceptualization of process knowledge and a nascent design theory for process guidance systems that builds on theories of spatial knowledge and navigation, as well as decision support research.",12,12,85c3a6761bcc_p0003;85c3a6761bcc_p0011;85c3a6761bcc_p0012;85c3a6761bcc_p0013;85c3a6761bcc_p0033;85c3a6761bcc_p0037;85c3a6761bcc_p0041;85c3a6761bcc_p0100;85c3a6761bcc_p0103;85c3a6761bcc_p0121;85c3a6761bcc_p0122;85c3a6761bcc_p0123,"Our study contributes to research and practice by proposing a new conceptualization of process knowledge and a nascent design theory for process guidance systems that builds on theories of spatial knowledge and navigation, as well as decision support research. Keywords Guidance, process knowledge, process execution, spatial knowledge, design theory

In our research project, we extend the theoretical base of research on decision support in the context of process guidance by considering research on spatial knowledge and navigation. In this way, we adapt and extend our PGS design (Morana, Schacht, Scherp, & Maedche, 2014) following the design science research (DSR) approac h (Hevner, March, Park, & Ram, 2004). We address the following research questions: How can a process guidance system be designed to increase users’ process knowledge and improve process execution performance? What are the key design principles for such a process guidance system? Our research contributes to theory and practice in three ways. First, we address an important real-world issue, namely proper process execution, by providing users with the required process information during process execution. Consequently, we support them in process execution and increase their process knowledge.

In so doing, we conceptualize process knowledge on the basis of findings from spatial knowledge and navigation by applying a n innovative theoretical lens to process knowledge. Second, we derive and discuss three theoretically grounded design principles for PGSs by applying this theoretical lens. Going by the proposed design principles, we instantiated two PGS artifacts and evaluated them in a laboratory experiment and a subsequent field study. W e evaluated the functional aspects of two instantiations of our design in two related settings. We summarize our results and contributions in the form of a nascen t design theory (Gregor & Hevner, 2013) that represents an initial step towards a

comprehensive design theory (Gregor & Jones, 2007) for process guidance systems. The proposed nascent design theory, including design principles, testable propositions, and actual design instantiations, extends the body of knowledge for researchers and practitioners. Researchers can apply the provided design knowledge to their research contexts of users’ process execution and process knowledge. Practitioners can use the derived design knowledge to build PGSs that support users in their process execution. Third, by following the Framework for Evaluation in Design Science (FEDS) (Venable, Pries-Heje, & Baskerville, 2016), we conduct a comprehensive and rigor ous evaluation of the design in a laboratory experiment with high internal validity, as well as in a field study with high external validity (Venable et al., 2016). The research presented in this paper balances relevance and rigor (Bhattacherjee, 2012; Hevner, 2007) by following the DSR approach, considering theoretical knowledge from various research areas, and applying the FEDS framework evaluating the resulting artifact in both a laboratory and a real-world field setting (Peffers, Rothenberger , Tuunanen, & Vaezi, 2012; Venable et al., 2016).

Thus, our research pursues the following two objectives: (1) Deriving theoretically grounded design principles that can be used for the entire class of PGSs summarized in the form of a nascent design theory. (2) Instantiating theoretically grounded design principles in the form of arti facts and the systematic evaluation of these artifacts in a laboratory and a real-world context in accordance with established evaluation guidelines. The Design Science Research Project Setting Our research project follows the DSR approach (Hevner et al., 2004) and addresses the question of how to support individuals to build up the requir ed

have some validity, which indicates the usefulness of the PGS artifact (Morana et al., 2014). We started the second design cycle with further reading on spatial and navigational theory to enrich our design’s theoretical basis. Although the existing design is theoretically grounded in decision support literature, a n additional theoretical lens enriches the design as presented below. Therefore, we updated the existing DPs to the new theoretical lens taken from spatial navigation an d knowledge. In so doing, we aimed to increase the validity of our desi gn. The evaluation of the adapted design is based on the FEDS – a framework for evaluating DSR artifacts (Venable et al., 2016) . In a laboratory experiment, w e evaluated the functionality described in the DPs in isolation from ea ch other by instantiating three different artifacts with varying implementations of the D Ps’ functionality.

Subsequently, we propose testable propositions for the evaluation of the design. Design Adaptation Process knowledge is important for users to execute their daily work (Am aravadi & Lee, 2005; Münstermann et al., 2010). Similar to our discussion on spatial knowledge, we propose that three different forms of process knowledge are required to navigate and support users in their process execution . We argue that a PGS can only provide process information to the users, which they, in turn, digest and turn into process knowledge. In the following, we discuss how we adapted the three existing DPs by using the spatial knowledge and navigation theories introduced in the theoretical foundation section. Adaption of research model Quantitative evaluation of the artifact (longitudinal field study) Implementation of design principles as software artifact Evaluation analysis, hypotheses supported, and nascent design theory Adaption of design principles with additional theory Quantitative evaluation of the artifact (laboratory experiment) Further reading on spatial and navigational theory Instantiation of adapted design principles as updated prototype Experiment analysis and hypotheses supported Synthesis of design principles based on empirical findings Qualitative evaluation of the artifact (focus groups) Expert interviews,

A Nascent Design Theory for Process Guidance Systems To date, research on PGS in the BPM domain (Burkhart et al., 2012; Krumeich et al., 2012; Maus et al., 2011; Tekinerdoğan et al., 2011) and software development (Becker-Kornstaedt et al., 1999; Grambow et al., 2011; Holz et al., 2005) has focused on the development of artifacts for a specific context and their evaluation but offered few insights into the underlying design of their PGS. We addressed this shortcoming in our research project by systematically deriving three theoreticall y grounded DPs. We instantiate the functionality described in the three DPs in two related PGS artifacts reported in this paper. Our design extends the existing body of process guidance research (Becker-Kornstaedt et al., 1999; Burkhart et al., 2012 ), which predominantly provides process guidance within one distinct application system.

summarizes our findings in the form of a nascent design theory (Gregor & Hevner, 2013; Gregor & Jones, 2007). Component Description Purpose and scope Process guidance increases users’ process knowledge and process execution performance. We propose three theoretically grounded desi gn principles for process guidance systems. Constructs We defined the following constructs below: process knowled ge in general, three distinct types of process knowledge grounded in spati al knowledge and navigation, and process execution effectiveness and efficiency.

Our research is motivated by employees’ lack of process knowl edge and the support required for their actual process execution. This paper pursues the objective of deriving theoretically grounded DPs for PGSs and evaluating thei r instantiation as PGS artifacts. We presented two interrelated evaluation episodes, a formative and artificial laboratory experiment and a summative and naturalist ic longitudinal field study. Our research can be classified as an improvement because we provide a new solution to an already known problem. Our findings contribute to both theory and practice. From a theoretical perspective, we address an important real-world challenge and propose a theoretically grounded and evaluated design supporting users with process execution by adequately providing the required process information. W e evaluate the design with two interrelated and comprehensive evaluation episodes.

We present the resulting design in the form of a nascent design theo ry for PGSs. In this way, we demonstrate how to apply the DSR methodology to address a realworld challenge, use existing theories and design knowledge, and derive new design knowledge. In addition, we propose several opportunities for future research on the proposed process guidance concept. The presented nascent design theory can serve as the baseline for future research on the design an d effects of PGSs. From a practical perspective, our research contributes by proposing a design for PGSs to support employees in their process execution. The results from our f ield study confirm that PGSs can have a positive impact on employees’ process knowledge and process execution performance. By formulating general DPs rather than specific design features, the proposed design can serve as a baseline or a blueprint that can be adapted to fit multiple contexts in various organizations. Practitioners can build their own PGS instantiations to increase their employees’

process knowledge and enable them to execute their processes in a way that complies with the organizational specification. We invite researchers and practitioners to apply, instantiate, evaluate, and extend the proposed nascent design theory for PGSs to advance the presented design knowledge to a full design theory for the whole class of PGSs in the future.",outputs/batch1/canonical_text_284/85c3a6761bcc.txt,Stefan Morana; Julia Krönung; A. Maedche; Silvia Schacht,2019,Journal of the AIS,,https://www.semanticscholar.org/paper/5e51d43088f2281205feb89ba8a66707f5498104,DT-C03,2,management | service | learning | social | support | theoretical | development | literature | evaluation | practice | analysis | gregor | practitioners | empirical | digital,"Design theory — Management, service & learning [DT-C03]",management | service | learning | social | support | theoretical | development | literature | evaluation | practice | analysis | gregor | practitioners | empirical | digital,"Within the predefined Design theory group, DT-C03 is statistically distinguished by management, service, learning. Additional contrastive terms include social, support, theoretical, development, literature. Representative papers include Web-based information systems: Developing a design theory; Management design theories. This is an analysis-frozen statistical interpretation, not a final editorial topic label.",Design theory,Statistical bottom-up interpretation,Prior-pilot assignment retained,Contrastive cluster explanation using adapted class-based TF-IDF; not a predefined codebook classification.,Not assigned by Path 1,Not evaluated in this statistical interpretation,Not applicable,Predefined keyword group,Not assigned,BGE-M3 embedding + Spectral clustering,Not assigned,Adapted class-based TF-IDF interpretation,not_applicable,-1,0.0,management | service | learning | social | support | theoretical | development | literature | evaluation | practice | analysis | gregor | practitioners | empirical | digital,False,False,0,,,7.593565,-3.7218337,0.1079857349395752,8,8,False,"[{'paper_id': 'c9175ef9ebfe', 'title': 'Management design theories', 'cluster': 2, 'distance': 0.1530594825744629}, {'paper_id': '43fee329f83e', 'title': 'Process design theory for digital information services', 'cluster': 2, 'distance': 0.1643615961074829}, {'paper_id': '67d72b35ce6b', 'title': 'A nascent design theory for explainable intelligent systems', 'cluster': 2, 'distance': 0.17824602127075195}, {'paper_id': '4025e28730c1', 'title': 'Conceptual foundations of design problem solving', 'cluster': 0, 'distance': 0.17889940738677979}, {'paper_id': '83d1ebe7d6c0', 'title': 'Design Theory in Information Systems', 'cluster': 1, 'distance': 0.1876896619796753}]"
9049c4d2bbec,Design theory,Towards a design theory of blended learning curriculum,"The purpose of this article is to develop a design theory of blended learning curriculum in ways of establishing a model for designing such a curriculum and a model for designing an activity in a blended learning curriculum as well as demonstrating how these models can be utilized in a curriculum design. It first attempts to define what the essence of blended learning is by drawing on definitions of previous studies. Then, it goes on to identify the characteristics and rationales of blended learning. Finally, it exemplifies the devised BLC activity model, which is supported by the BLC design model and the BLC process model.",12,12,9049c4d2bbec_p0004;9049c4d2bbec_p0008;9049c4d2bbec_p0012;9049c4d2bbec_p0017;9049c4d2bbec_p0020;9049c4d2bbec_p0021;9049c4d2bbec_p0025;9049c4d2bbec_p0026;9049c4d2bbec_p0036;9049c4d2bbec_p0039;9049c4d2bbec_p0040;9049c4d2bbec_p0042,"Towards a Design Theory of Blended Learning Curriculum 67 we still have no clue to the way how such design can be produced. As blended learning has been practiced across various disciplines at various levels of educational institutions and in various part of the globe, little has been done in establishing a theoretical framework which is used to guide blended learning curriculum design and believed to be highly desirable to ensure effective blended learning. This paper attempts to make just such an endeavor, with the hope of laying a theoretical foundation for blended learning curriculum design.

Blended learning does not come out of nothing but has a solid theoretical foundation. In addition to the theoretical bases of constructivism and other learning theories, the first principles of instruction, which are advocated by Merrill [9], also give rise to blended learning. According to him, “[l]ear ning is promoted when learners are engaged in solving real-world problems[,] … when existing knowledge is activated as a foundation for new knowledge[,] … demonstrated to the learner[,] … applied by the learner[,] … [and] integrated into the learner’s world” (pp. 44-45). Briefly speaking, effective learning can happen when the learner is given the right task (problem-centered tasks) to accomplish by informing them of the right method (such as activation, demonstration, application, and integration) to use. As the goal of blended learning is to optimize learning outcomes and cost of program delivery, which is indicated by Singh & Reed [14], effective learning can be undoubtedly achieved because blended learning enables eff ective instruction to come into play as learners are not only presented with real-world problems to solve but also provided with how to solve the problems.

Towards a Design Theory of Blended Learning Curriculum 69 higher education administrative staff and faculty had to face the challenging problem and to come up with something that was different from what they did in the past in terms of curriculum design. Blended learning could be an effective means of enhancing learning by blending traditional classroom learning and online learning. Then, a blended curriculum design is desirable to respond to the situation, which may include designing tasks for dealing with difficult topics, creating extension activities for some learners of the entire learner population; providing additional fee dback opportunities, helping students with practical work, encouraging dialog opportun ities within small groups, and promoting interactivity in class [11]. Second, blended learning design is needed to engage learners outside of class.

Blended learning is now promoted in educational circles worldwide. It is ubiquitous in both corporate and academic settings. However, how to design such a curriculum still remains tricky because there are few models that can be applied to the guidance of such curriculum design. The following model depicts the design procedures that can be followed when designing a blended learning curriculum (see Fig. 1). The ultimate goal of this model is for instructional implementation. The procedures are made up of three main components: (1) pre-analysis; (2) activity and resource design; and (3) instructional assessment. Pre-analysis. In order to ascertain whether blended learning could be used, several observations and analyses need to be conducted. These analyses chiefly are composed of three factors: (1) analysis of learner characteristics, in terms of regular assessment of learners’ prior knowledge, learning styles, learning preferences, etc.; (2) analysis of learning objects (knowledge taxonomy), in terms of defining what should be taught based on knowledge taxonomy; and (3) analysis of blended learning environments, in terms of finding out the environmental features.

Towards a Design Theory of Blended Learning Curriculum 71 Pre-analysis Design of activities and resources Analysis of learning objects (knowledge taxonomy) Analysis of B-learning environment Analysis report Overall design report of B-learning B-learning design report in detail Instructional verification Instructional assessment Assessment of learning process curriculum examination assessment of activity organization Design of unit (activity) Definition of performances Assessment of unit Activity objectives Activity organization Design and development of resources Selecting contents Developing cases Presenting design and development Overall design of B-learning Learning unit (activities) B-learning learning support B-learning delivering strategy Analysis of learners characteristics

Instructional Assessment Design. The assessment design depends on the activity objectives, performance definition, and the general environment of blended learning. It mainly uses the assessment of the learning process (for example, using eportfolios), the examination of curriculum knowledge (for example, online tests), and the organization of learning activities. To clarify what is to be done in teaching a unit, which is, in essence, the overall design of blended learning encompassed in the middle component of the BLC design model, let’s take a look at the BLC process model (See Fig. 2). This model is a detailed illustration of this subcomponent, which elaborates the processes where instructional activities are performed. The whole process can be broken down into three modules. Module one is curriculum lead-in and Module three is Review and Assessment. In

In order to better understand how the design of a unit (activity) works in the BLC design model, an activity-based blended learning model is set up for that purpose (See design a problem-based and “learning-centere d” blended learning activity. There are four main components in the whole procedure: (1) Lead-in; (2) Planning; (3) Acting; and (4) Reviewing.

Towards a Design Theory of Blended Learning Curriculum 73 Virtual Learning Environment Leading in Reviewing Defining Assigning Sharing Planning Acting Interacting · Describe aims of the task · Show the task by examples · Show resources provided · Make arrangement · Brainstorm if in groups · Try to define the problem · Identify the factors or · Identify the aspects or · Define the steps · Collect more information if needed · Carry on the task or · Solve the problem · Write report · Make presentations or · Distribute the reports online · Review the process · Receive feedback from instructor Demonstration Activation Application Integration

Next, collecting data and learning about research methods are combined to constitute the stage of implementation. The learners went thought 8 weeks, with the exception of a one-week-long “May Day” holiday, to do real jobs in terms of the activation of their knowledge. In the data collection period, data collection methods were discussed in Week 5 to help the learners to have a foundation on the right method to be used in the process. In Week 6, conducted was an on-campus survey of sophomore, junior and senior learners of educational technology while in Weeks 7, 8, and 10 conducted was the survey of the graduates who majored in educational technology and worked in the educational technology-r elated businesses. Meanwhile, basic theoretical foundations of educational technology were presented in classroom instruction in Weeks 7 and 8 in order for the learners to utilize the theories in their research.

The BLC Design Model is developed on the basis of the first principles of instruction and constructivism as well as a renewed view of behaviorism. It is intended to provide instructors with a conceptual framework and practical design guidance before blended learning is implemented. When BLC is designed, the following two aspects in activity design may deserve full attention: The first is concerned about the sequential features of activity design. In curriculum lead-in, instructors should make it clear about learning objectives and overall instructional arrangements. Also, learning activities and resources should be demonstrated with examples so that learners coul d have the right target to shoot. Moreover,

Towards a Design Theory of Blended Learning Curriculum 77 tasks should be clearly identified and modes of interaction should be put in place right from the start. In classroom instruction, the emphasis should be laid on the learning content that is hard to comprehend for an individual learner’s self-regulated learning. Face-to-face discussions and group-based presentations could be effective inside-ofclass activities. In non-instructional activities, instructors’ guidance should be gradually decreased while the difficulty level of given tasks could be increased little by little. In the process of evaluation, course exams could be a form of evaluation. However, having learners’ share their learning experiences through presentations and critical reviews might be also a good form of evaluation. The second involves how a BLC activity can be better designed to help learners perform an activity effectively.

With the changing of educators’ traditional concepts and deepening of their theoretical explorations in blended learning curriculum design and practical ap plications of the theoretical findings, it will benefit not merely the learners in one region but all the learners on the entire globe.",outputs/batch1/canonical_text_284/9049c4d2bbec.txt,Ronghuai Huang (1); Ding Ma (1); Haisen Zhang (1),,"Hybrid Learning and Education. First International Conference, ICHL 2008",10.1007/978-3-540-85170-7_6,,DT-C03,2,management | service | learning | social | support | theoretical | development | literature | evaluation | practice | analysis | gregor | practitioners | empirical | digital,"Design theory — Management, service & learning [DT-C03]",management | service | learning | social | support | theoretical | development | literature | evaluation | practice | analysis | gregor | practitioners | empirical | digital,"Within the predefined Design theory group, DT-C03 is statistically distinguished by management, service, learning. Additional contrastive terms include social, support, theoretical, development, literature. Representative papers include Web-based information systems: Developing a design theory; Management design theories. This is an analysis-frozen statistical interpretation, not a final editorial topic label.",Design theory,Statistical bottom-up interpretation,Prior-pilot assignment retained,Contrastive cluster explanation using adapted class-based TF-IDF; not a predefined codebook classification.,Not assigned by Path 1,Not evaluated in this statistical interpretation,Not applicable,Predefined keyword group,Not assigned,BGE-M3 embedding + Spectral clustering,Not assigned,Adapted class-based TF-IDF interpretation,not_applicable,-1,0.0,management | service | learning | social | support | theoretical | development | literature | evaluation | practice | analysis | gregor | practitioners | empirical | digital,False,False,0,,,7.741438,-5.145858,0.14384543895721436,14,14,False,"[{'paper_id': '92fd41483399', 'title': 'Design exemplars for synchronous e-learning: A design theory approach', 'cluster': 2, 'distance': 0.1927105188369751}, {'paper_id': '8107b8d7a099', 'title': 'Analyzing Initial Design Theory Components for Developing Information Security Laboratories', 'cluster': 2, 'distance': 0.22556495666503906}, {'paper_id': 'c0372ed4d123', 'title': 'Web-based information systems: Developing a design theory', 'cluster': 2, 'distance': 0.22792065143585205}, {'paper_id': '02f3ae017acb', 'title': 'Design Theory and Method of Complex Products: A Review', 'cluster': 0, 'distance': 0.2292114496231079}, {'paper_id': 'fd05a25a5e94', 'title': 'Four Criteria for Design Theories', 'cluster': 1, 'distance': 0.23250806331634521}]"
91ac41f73380,Design theory,Knowing the Unknowable: Understanding and Measuring Design Impact Across Disciplines and Scale,"According to Simon (1988) [1], design is “devis[ing] courses of action aimed at changing existing situations into preferred ones.” In this context, “Good Design” is, on the one hand, subject to the eye of the beholder (the art or craft), and, on the other hand, an indisputable outcome (the science). In either case, “Good Design” comes about through inter-disciplinary Design Innovation, and comprises the integration of people, process, methods, and principles (Camburn, et al., 2017; Tushar, et al., 2020; Sng, et al., 2017) [2-9]. Products, services, systems, or a combination are the result of good design, creating a transformative design impact on community, society, and people’s lives. Design impact can take several forms. Some of these may be quantitative, such as an increase in economic value after a rebranding campaign, improved sustainability, or a greater employee satisfaction after re-designing a workspace. Other forms of impact may be qualitative, such as increased positive sentiments, judgements in ethical sensitivities, and sense of well-being. In the end, Good Design emerges from the designers’ wellarticulated ethos, and creates a “Wow” through its impact. Taking our understanding and application of Design Impact to the next level, we worked with Singapore and the DesignSingapore (Dsg) Council [10] to explore, define and test design impact evaluation strategies as part of Singapore’s most prestigious national design award program, the President’s Design Award (P*DA; https://www.designsingapore.org/presidents-design-award) [11]. Through interviews with expert designers, a careful study of the design disciplines, and an understanding of design award programs across the world, the concept of a Design Impact framework was developed. This framework, as a unification of the concept of Design Impact across disciplines and scales, places emphasis on outcome-based design impact alongside recognition of excellence in design craftsmanship. Designers who bring together diverse skills and work collaboratively across disciplines to address complex issues are given significant recognition. This approach celebrates future-forward designs, designers and design processes that anticipate, envision and shape the world of tomorrow. 1 Sponsored by the DesignSingapore (Dsg) Council, as part of the President’s Design Award (P*DA). SUTD-MIT International Design Center (IDC) served as the official Knowledge Partner for the P*DA program. 2 SUTD-MIT International Design Center (IDC), Design Innovation (DI) Program, Singapore University of Technology and Design 3 Comcast Media and Technology Center (CMTC), College of Engineering, Design, and Computing, University of Colorado Denver 4 DesignSingapore (Dsg) Council, Singapore 5 McKinsey and Company, Singapore ASME International Design Engineering Technical Conference, Design Theory and Methodology (DTM) Conference, Presentation and Extended Abstract, 52944, August 2020. 2 As a tangible and extended idea of Design Impact, four Impact Areas were identified to constitute the framework, initially tested and utilized as part of the P*DA (Fig. 1): A. Enabling Economic Transformation B. Raising Quality of Life C. Advancing Brand, Culture and Community at Any Scale D. Making Ground-breaking Achievements in Design Figure 1. Design Impact Framework: Design Impact Areas (4), Outcomes (13), and DemonstratorsMetrics (57). Outcomes and demonstrators were developed to help define and assess each impact area. Examples include enhancing employee experience, enhancing living experience, empowering and facilitating positive user learning, increasing revenue, simplifying usage and increasing efficiency & effectiveness, increasing identity and bonds with community, and innovating processes and functionality. People are at the center of this understanding of Design Impact, and it is supported by a repeatable process to assess design impact across industry and government sectors. Using the Design Impact framework, we hypothesized that we may answer questions such as, “What could a hotel, a toolkit for non-profit organizations, and one of the largest 3D-printed structures have in common?” They are all examples of impactful designs, beautifully conceptualized and executed. The Design Impact framework considers different types of impact and shows that while certain types of “impact” can be quantified, we also now have other ways for measuring impact and widening its definition. To test the developed Design Impact framework, a submission portal was developed, through the DesignSingapore Council’s website, for designers and organizations, across disciplines and across project scales, to submit their designs as part of the Singapore President’s Design Award. Over a three-year ASME International Design Engineering Technical Conference, Design Theory and Methodology (DTM) Conference, Presentation and Extended Abstract, 52944, August 2020. 3 period, and across two cycles of submissions for the P*DA, hundreds of designs were submitted and juries of design experts shortlisted the submissions [12]. We then assessed the shortlisted designs using our developed Design Impact framework and assessment methodology, and reported Design Impact results back to the juries. Through these engagements, data were collected on all design submissions; coverage of the impact areas, outcomes and demonstrators; the level of impact of the submitted designs; and survey results of the members of the national award juries. These data were then analyzed across multiple factors, resulting in a number of insights about Design Impact and conclusions concerning the Design Impact framework. Overall, these insights and conclusions include: the Design Impact framework was effective and comprehensive in representing, understanding and measuring design impact; the Design Impact framework provided a basis and common language for discussing designs across disciplines and scale; and there is value in representing Design Impact for not only assessing designs, but for proactively planning impact in future designs. We believe that being able to do so will enable companies and designers to forecast project outcomes and drive teams more effectively. In this presentation, we motivate the need to investigate the area of Design Impact and develop a deeper understanding, representation, and method for measuring impact, across disciplines and scale. We then present our Design Impact framework and assessment methodology, along with our research methodology, data collection approach, results, analyses, and conclusions. Figure 2 provides exemplar research findings. Today design is at our fingertips, for all of us, for our organizations, and for our communities. We all can invest in learning and extending our skill sets in designerly ways. We can apply design and gaze through the lens of what constitutes good design and even design excellence, as we strive to make our lives and our world better. And ultimately we can know and embrace the unknowable – Design Impact, applying it in all facets of our government, business and private lives. This is our challenge as a world community; let’s proceed forth and realize it every moment of every day. In the words of Dr Jeffrey Chan (2018), “Today, design is increasingly harnessed in the creation of new environments within already existing artificial environments and systems. In doing this, humanity has evolved from being merely a biological actor to a geological agent – one that is equipped with an agency for creating successive layers of new design, which are rapidly accreting on prior layers of already existing artificial systems. Consequentially in the Anthroprocene, the focus has also shifted from the protection of the environment to the production of environments. And it is [through] the power of design that the Anthroprocene can be properly understood.” ASME International Design Engineering Technical Conference, Design Theory and Methodology (DTM) Conference, Presentation and Extended Abstract, 52944, August 2020. 4 Figure 2. Exemplar research findings: Design Impact Framework. References [1] Simon, H. A. (1988). The science of design: Creating the artificial. Design Issues, 67-82.. [2] Camburn, B. A., Auernhammer, J. M., Sng, K. H. E., Mignone, P. J., Arlitt, R. M., Perez, K. B., ..., & Wood, K. L. (2017, August). Design innovation: A study of integrated practice. In International Design Engineering Technical Conferences and Computers and Information in Engineering Conference (Vol. 58219, p. V007T06A031). American Society of Mechanical Engineers. [3] Tushar, W., Lan, L., Withanage, C., Sng, H. E. K., Yuen, C., Wood, K. L., & Saha, T. K. (2020). Exploiting design thinking to improve energy efficiency of buildings. Energy, 197, 117141. [4] Sng, K. H. E., Raviselvam, S., Anderson, D., ..., Camburn, B. A., & Wood, K. (2017). A design case study: Transferring design processes and prototyping principles into industry for rapid response and user impact. In DS 87-1 Proceedings of the 21st International Conference on Engineering Design (ICED 17) Vol 1: Resource Sensitive Design, Design Research Applications and Case Studies, Vancouver, Canada, 21-25.08. 2017 (pp. 349-358). [5] Seow, O., Tiong, E., Teo, K., Silva, A., Wood, K. L., Jensen, D. D., & Yang, M. C. (2018, August). Design Signatures: Mapping Design Innovation Processes. In International Design Engineering Technical Conferences and Computers and Information in Engineering Conference (Vol. 51845, p. V007T06A046). American Society of Mechanical Engineers. [7] Design Innovation (DI) Learning Modules. https://www.dimodules.com/. [8] Tiong, E., Seow, O., Camburn, B., Teo, K., Silva, A., Wood, K. L., ... & Yang, M. C. (2019). The Economies and Dimensionality of Design Prototyping: Value, Time, Cost, and Fidelity. Journal of Mechanical Design, 141(3). ASME International Design Engineering Technical Conference, Design Theory and Methodology (DTM) Conference, Presentation and",12,12,91ac41f73380_p0001;91ac41f73380_p0002;91ac41f73380_p0003;91ac41f73380_p0004;91ac41f73380_p0005;91ac41f73380_p0006;91ac41f73380_p0007;91ac41f73380_p0008;91ac41f73380_p0009;91ac41f73380_p0010;91ac41f73380_p0011;91ac41f73380_p0012,"According to Simon (1988) [1], design is “devis[ing] courses of action aimed at changing existing situations into preferred ones.” In this context, “Good Design” is, on the one hand, subject to the eye of the beholder (the art or craft), and, on the other hand, an indisputable outcome (the science). In either case, “Good Design” comes about through inter-disciplinary Design Innovation, and comprises the integration of people, process, methods, and principles (Camburn, et al., 2017; Tushar, et al., 2020; Sng, et al., 2017) [2-8]. Products, services, systems, or a combination, are the result of good design, creating a transformative design impact on community, society, and people’s lives. Design impact can take several forms. Some of these may be quantitative, such as an increase in economic value after a rebranding campaign, improved sustainability, or a greater employee satisfaction after re-designing a workspace.

Other forms of impact may be qualitative, such as increased positive sentiments, judgements in ethical sensitivities, and sense of well-being. In the end, Good Design emerges from the designers’ well-articulated ethos, and creates a “Wow” through its impact.

Taking our understanding and application of Design Impact to the next level, we worked with Singapore and the DesignSingapore (Dsg) Council [9] to explore, define and test design impact evaluation strategies as part of Singapore’s most prestigious national design award program, the President’s Design Award (P*DA; https://www.designsingapore.org/presidents-design-award ) [10]. Through interviews with expert designers, a careful study of the design disciplines, and an understanding of design award programs across the world, the concept of a Design Impact framework was developed. This framework, as a unification of the concept of Design Impact across disciplines and scales, places emphasis on outcome-based design impact alongside recognition of excellence in design craftsmanship. Designers who bring together diverse skills and work collaboratively across disciplines to address complex issues are given significant recognition. This approach celebrates future-forward designs, designers and design processes that anticipate, envision and shape the world of tomorrow.

1 Sponsored by the DesignSingapore (Dsg) Council, as part of the President’s Design Award (P*DA). SUTD-MIT International Design Center (IDC) served as the official Knowledge Partner for the P*DA program. 2 SUTD-MIT International Design Center (IDC), Design Innovation (DI) Program, Singapore University of Technology and Design 3 Comcast Media and Technology Center (CMTC), College of Engineering, Design, and Computing, University of Colorado Denver

Outcomes and demonstrators (metrics) were developed to help define and assess each impact area. Examples include enhancing employee experience, enhancing living experience, empowering and facilitating positive user learning, increasing revenue, simplifying usage and increasing efficiency & effectiveness, increasing identity and bonds with community, and innovating processes and functionality. People are at the center of this understanding of Design Impact, and it is supported by a repeatable process to assess design impact across industry and government sectors.

Using the Design Impact framework, we hypothesized that we may answer questions such as, “What could a hotel, a toolkit for non-profit organizations, and one of the largest 3D-printed structures have in common?” They are all examples of impactful designs, beautifully conceptualized and executed. The Design Impact framework considers different types of impact and shows that while certain types of “impact” can be quantified, we also now have other ways for measuring impact and widening its definition across quantitative and qualitative modalities.

To test the developed Design Impact framework, a submission portal was developed, through the DesignSingapore Council’s website, for designers and organizations, across disciplines and across project scales, to submit their designs as part of the Singapore President’s Design Award. Over a three-year

period, and across two cycles of submissions for the P*DA, hundreds of designs were submitted and juries of design experts shortlisted the submissions [12]. We then assessed the shortlisted designs using our developed Design Impact framework and assessment methodology, and reported Design Impact results back to the jurors.

Through these engagements, data were collected on all design submissions; coverage of the impact areas, outcomes and demonstrators; the level of impact of the submitted designs; and survey results of the members of the national award juries. These data were then analyzed across multiple factors, resulting in a number of insights about Design Impact and conclusions concerning the Design Impact framework. Overall, these insights and conclusions include: the Design Impact framework was effective and comprehensive in representing, understanding and measuring design impact; the Design Impact framework provided a basis and common language for discussing designs across disciplines and scale; and there is value in representing Design Impact for not only assessing designs, but for proactively planning impact in future designs. We believe that being able to do so will enable companies and designers to forecast project outcomes and drive teams more effectively.

In this presentation, we motivate the need to investigate the area of Design Impact and develop a deeper understanding, representation, and method for measuring impact, across disciplines and scale. We then present our Design Impact framework and assessment methodology, along with our research methodology, data collection approach, results, analyses, and conclusions. Figure 2 provides exemplar designs and their associated design impact areas, outcomes, and demonstrators, and Figure 3 shows exemplar research findings.

Today design is at our fingertips, for all of us, for our organizations, and for our communities. We all can invest in learning and extending our skill sets in designerly ways. We can apply design and gaze through the lens of what constitutes good design and even design excellence, as we strive to make our lives and our world better. And ultimately we can know and embrace the unknowable – Design Impact, applying it in all facets of our government, business and private lives. This is our challenge as a world community; let’s proceed forth and realize it every moment of every day. In the words of Dr Jeffrey Chan (2018),

“Today, design is increasingly harnessed in the creation of new environments within already existing artificial environments and systems. In doing this, humanity has evolved from being merely a biological actor to a geological agent – one that is equipped with an agency for creating successive layers of new design, which are rapidly accreting on prior layers of already existing artificial systems. Consequentially in the Anthroprocene, the focus has also shifted from the protection of the environment to the production of environments. And it is [through] the power of design that the Anthroprocene can be properly understood.”",outputs/batch1/canonical_text_284/91ac41f73380.txt,Ashreya M. Venkatesh; Arianne X. Collopy; G. Loo; K. Sng; Daniel D. Jensen; Kris Wood,2021,,,https://www.semanticscholar.org/paper/f8112d8b9e2da1801b40f5ecf119a41f9b7d6a78,DT-C01,0,product | cognitive | impact | load | cognitive load | human | technology | science | understanding | designers | function | conceptual | engineering | methodology | theoretical,"Design theory — Product, cognitive & impact [DT-C01]",product | cognitive | impact | load | cognitive load | human | technology | science | understanding | designers | function | conceptual | engineering | methodology | theoretical,"Within the predefined Design theory group, DT-C01 is statistically distinguished by product, cognitive, impact. Additional contrastive terms include load, cognitive load, human, technology, science. Representative papers include Conceptual foundations of design problem solving; Design Theory and Method of Complex Products: A Review. This is an analysis-frozen statistical interpretation, not a final editorial topic label.",Design theory,Statistical bottom-up interpretation,Prior-pilot assignment retained,Contrastive cluster explanation using adapted class-based TF-IDF; not a predefined codebook classification.,Not assigned by Path 1,Not evaluated in this statistical interpretation,Not applicable,Predefined keyword group,Not assigned,BGE-M3 embedding + Spectral clustering,Not assigned,Adapted class-based TF-IDF interpretation,not_applicable,-1,0.0,product | cognitive | impact | load | cognitive load | human | technology | science | understanding | designers | function | conceptual | engineering | methodology | theoretical,False,False,0,,,9.489764,-5.2643867,0.13212817907333374,12,12,False,"[{'paper_id': '4025e28730c1', 'title': 'Conceptual foundations of design problem solving', 'cluster': 0, 'distance': 0.19195520877838135}, {'paper_id': '141f85abba0a', 'title': 'How to Define Design in Industrial Control and Automation Software', 'cluster': 0, 'distance': 0.19933903217315674}, {'paper_id': '02f3ae017acb', 'title': 'Design Theory and Method of Complex Products: A Review', 'cluster': 0, 'distance': 0.2050877809524536}, {'paper_id': 'd250dc6eb9d9', 'title': 'Systems Thinking and Design Thinking: The Search for Principles in the World We Are Making', 'cluster': 0, 'distance': 0.20892572402954102}, {'paper_id': 'ceac90427122', 'title': 'Design-oriented human-computer interaction', 'cluster': 0, 'distance': 0.20997703075408936}]"
92fd41483399,Design theory,Design exemplars for synchronous e-learning: A design theory approach,"Synchronous e-learning has received much less research attention, as compared with asynchronous e-learning. Practitioners that consider using and designing synchronous e-learning are in urgent need of guidance. In order to address this need, we propose design exemplars for synchronous e-learning. They are directed towards a primary constituent community of teachers, administrators, managers and developers of e-learning. The exemplars have been theoretically as well as empirically grounded through cross-case analyses of studies conducted between 2003 and 2006. Moreover, the exemplars have been evaluated by conducting focus group sessions with experienced practitioners having experience of using and developing e-learning. Strong support was identified for each design exemplar. The exemplars can be used as research hypotheses and be tested in future design research. [All rights reserved Elsevier].",12,12,92fd41483399_p0008;92fd41483399_p0010;92fd41483399_p0011;92fd41483399_p0019;92fd41483399_p0027;92fd41483399_p0032;92fd41483399_p0035;92fd41483399_p0042;92fd41483399_p0043;92fd41483399_p0049;92fd41483399_p0062;92fd41483399_p0063,"Research should not only be rigorous but also need to address the utilization and relevance problem of current research (Hirschheim & Klein, 2003). In addressing this concern, mainstream behavioral research can favorably be complemented with design research (Hevner et al., 2004; Walls et al., 1992; Venable, 2006). Gregor and Jones (2007) argue that design research should not only concern prescriptions for designing technological products and applications but also for designing methodologies and interventions. The rationale of developing design theory for elearning is that such theory can support practitioners to understand which mechanisms that may lead to desired outcomes.

The process of the development of the design exemplars is illustrated in Figure 2. The starting point was a practitioner problem. This paper is a response to practitioners needing guidance on when and how to use and design synchronous e-learning. Initial design exemplars could be proposed by continuously interacting with what is currently known, that is, grounding in kernel theories and previous research. Gregor (2006) distinguishes five interrelated types of theory (see of people and information technology capabilities informs the design and development of new information systems artifacts” (p. 629). As illustrated in the figure, Gregor argues that design theory, and explanatory and predictive theory, are strongly interrelated. More specifically, van Aken (2005; 2006) maintains that design theory can be developed through cross-case analyses of previous case studies.

This approach laid the foundation for our initial design exemplars. We also let kernel theories and findings from previous explanatory and predictive research guide our work. We drew upon social theory of learning (Wenger, 1998; Vygotsky, 1978) and the cognitive model of media choice (Robert & Dennis, 2005) as kernel theories and also conducted a systematic review of previous research. In sum, by drawing on a large and complex body of research, design researchers can support practitioners by developing comprehensible design exemplars that can support the improvement of outcomes.

Our previous research can be characterized as predictive and explanatory, and has been retrospectively analyzed to inform the development of the design exemplars (Gregor, 2006; van Aken, 2005; 2006). The purpose of the studies has been to examine when and how to use synchronous e-learning. Within-case analyses were performed, as well as cross-case analyses to discern patterns among cases. We followed the approach suggested by George and Bennett (2004) for doing case analysis with the purpose of developing what they call policy-relevant theory, that is, theory (knowledge) that can be used by practitioners (policy-makers) in decision making and action taking with the aim of “changing” reality. The discerned patterns laid the foundation for the design exemplars.

Below, the following four design exemplars on when and how to use and design synchronous elearning are proposed and discussed: ▪ Design exemplar #1: Use synchronous e-learning to support strong group-wide relations ▪ Design exemplar #2: Use synchronous e-learning to support weak class-wide relations ▪ Design exemplar #3: Use synchronous e-learning for task support ▪ Design exemplar #4: Use synchronous e-learning for social support As overarching kernel theories, we used sociocultural learning theory (Säljö, 1999; Vygotsky, 1978) and Wenger’s (1998) theory of learning as social participation. These two perspectives agree upon the social nature of learning. In the sociocultural tradition, the term culture is used to describe knowledge and other resources that exist within the individual, in social interaction and in tools (Säljö, 1999). Wenger (1998) emphasizes participation, which he refers to as “a process

Kernel theory and previous research: The cognitive model of media choice postulates that receivers are more committed to read and respond to messages when communicating synchronously (Robert & Dennis, 2005). It suggests that learners respond quickly in synchronous conversations since they do not want to disrupt the conversation. Directly after the synchronous discussions, the level of perceived participation was high, which at least partly can be explained by the learners feeling part of a more intense and motivating experience. However, the model explains that a high number of learners in synchronous discussions lead to confusion, and thus, decreased participation. The model predicts that synchronous communication enables monitoring the receiver’s reaction to a message, which makes the receiver more committed to read and respond to the message (Robert & Dennis, 2005).

Kernel theory and previous research: This design exemplar primarily enables infrequent contact among learners, but the benefits should not be underestimated (Haythornthwaite, 2006). Social network studies have revealed the strength of weak ties: Persons that are weakly tied are less likely to share information, although, when they do, the types of resources and ideas are more

Kernel theory and previous research: Social support relations are desirable when maintaining relationships to foster knowledge work and collaborative learning (Cho, Trier & Kim, 2005; Kreijns, Kirschner & Jochems, 2003). Such relations are important to create an atmosphere where participation is encouraged. Anecdotes and personal experiences encourage trust, which in turn foster receptive and creative learning environments (Hillman, 1999). The classes of the second phase followed a tight schedule, which may be one reason for a lower level of social support compared to previous studies. For example, Chou (2002) classified 33% of the sentences examined as socio-emotional in an upper-level undergraduate course and Orvis et al. (2002) classified 30% of chat lines as social in online military training.

One of the steps of design theory development is the empirical test (see Figure 2). Empirical and theoretical evidences have been used to ground and motivate the design exemplars. In this section an empirical gamma test, i.e. a test with practitioner involvement, of the exemplars is described. First, the method of the test is presented and then the results are presented and discussed.

In this section, the results are presented and discussed for each design exemplar. Then, the findings are summarized and suggestions for further development of the design theory, which were put forward by the participants of the focus groups, are discussed.

strong support for the first exemplar and rather strong support for the remaining exemplars. Both the teacher and expert groups argued that researchers should be cautious and not try to create too general theories of synchronous e-learning, since the characteristics of text-based, audio-based and video-based communication are very different. They argued that a plethora of media need to be available, which makes it possible for learners and teachers to choose the media they prefer in different situations. However, teachers and learners need guidance in choosing media that are appropriate in specific situations: “We introduce online tools but then there is a problem: … It takes many years of training and reflection to learn how to use [the tools] in a good way.” (Male expert). In short, further developments of this design theory need to better take account of “which medium that is suitable for different activities” (Female expert).

We do not believe that it can be justified logically to propose the design theory of synchronous communication, which can suggest how synchronous media should be appropriately used in every context. Instead, as previously discussed, the output of design research should be to develop abstract knowledge rather than recipes. Practitioners are suggested to design interventions based on experience, the specific situation and context, and on the knowledge expressed in the design exemplars (Carlsson 2006, 2007; Keys, 2007; van Aken 2004). This design study is an important step towards developing design exemplars that practitioners find understandable and actionable. Further research that test, criticize and further develop the exemplars, by studying both similar and different contexts, is needed. The design exemplars in this paper has focused on when and how to use and design synchronous e-learning. The",outputs/batch1/canonical_text_284/92fd41483399.txt,"Hrastinski, S. (1); Keller, C. (2); Carlsson, S.A. (3)",,Computers & Education,10.1016/j.compedu.2010.02.025,,DT-C03,2,management | service | learning | social | support | theoretical | development | literature | evaluation | practice | analysis | gregor | practitioners | empirical | digital,"Design theory — Management, service & learning [DT-C03]",management | service | learning | social | support | theoretical | development | literature | evaluation | practice | analysis | gregor | practitioners | empirical | digital,"Within the predefined Design theory group, DT-C03 is statistically distinguished by management, service, learning. Additional contrastive terms include social, support, theoretical, development, literature. Representative papers include Web-based information systems: Developing a design theory; Management design theories. This is an analysis-frozen statistical interpretation, not a final editorial topic label.",Design theory,Statistical bottom-up interpretation,Prior-pilot assignment retained,Contrastive cluster explanation using adapted class-based TF-IDF; not a predefined codebook classification.,Not assigned by Path 1,Not evaluated in this statistical interpretation,Not applicable,Predefined keyword group,Not assigned,BGE-M3 embedding + Spectral clustering,Not assigned,Adapted class-based TF-IDF interpretation,not_applicable,-1,0.0,management | service | learning | social | support | theoretical | development | literature | evaluation | practice | analysis | gregor | practitioners | empirical | digital,False,False,0,,,7.515505,-4.693712,0.11012715101242065,9,9,False,"[{'paper_id': '288676f720a1', 'title': 'A design theory for digital platforms supporting online communities: a multiple case study', 'cluster': 2, 'distance': 0.17783570289611816}, {'paper_id': '83d1ebe7d6c0', 'title': 'Design Theory in Information Systems', 'cluster': 1, 'distance': 0.18353497982025146}, {'paper_id': '0bca44c18d6c', 'title': 'Tinkering, tailoring, and bricolage: Implications for theories of Design', 'cluster': 1, 'distance': 0.18443477153778076}, {'paper_id': '2faef10b819d', 'title': 'A design theory for software engineering', 'cluster': 2, 'distance': 0.18977880477905273}, {'paper_id': '9049c4d2bbec', 'title': 'Towards a design theory of blended learning curriculum', 'cluster': 2, 'distance': 0.1927105188369751}]"
9f9f7295ec8c,Design theory,Affordance based design: a relational theory for design,"After reviewing current approaches to design theory, which are based on the transformative concept of function, we argue that this basis in function limits the scope of design problems and explanatory power of current design theories. As an alternative with greater potential for explanatory power and a framework for solving a wider array of design problems, we propose that a relational theory of design is needed. Such a relational theory should mirror those currently developed in mathematics, physics, computer science, and even philosophy. We develop a relational theory for design based on the concept of affordances from perceptual psychology. Affordances help to explain the entanglement between designers, users, and artifacts—relationships that are not currently handled by function based approaches to design. Affordance based design, as developed in this paper, does not offer a radical new approach to doing design, but rather a shift in design thinking. Our focus in this paper is therefore on the explanatory power and potential innovation fostered by this change in design thinking, as illustrated through several examples, and not on specific methods.",12,12,9f9f7295ec8c_p0005;9f9f7295ec8c_p0006;9f9f7295ec8c_p0007;9f9f7295ec8c_p0012;9f9f7295ec8c_p0013;9f9f7295ec8c_p0016;9f9f7295ec8c_p0024;9f9f7295ec8c_p0025;9f9f7295ec8c_p0028;9f9f7295ec8c_p0032;9f9f7295ec8c_p0033;9f9f7295ec8c_p0044,"Methods are needed for the design of a larger variety of product aspects than is feasible with mechanical engineering design methodology of today. Design methods found within the European schools of design are inadequate for the design of products other than machine systems of transforming character. The reason for this is that the underlying theories only describe the nature of ‘‘operand-transforming’’ technical systems, and that the description of the process and function systems are too narrowly deﬁned to be useful for the design of ‘‘non-transforming’’ products, or for products where the human is involved as an active user (Warell 1999). According to the philosopher Thomas Kuhn, the existence of certain unresolved problems that current theories do not solve and phenomena that they do not explain indicates the possibility of a more advanced theory that solves these problems and explains these phenomena by introducing new concepts and overturning some assumptions or commonly held beliefs inherent in the old theory (Kuhn 1996).

In the next section we delve into the theoretical underpinnings of the most prevalent schools of thought in design and show that they are all based on algorithmic concepts such as function, which imposes signiﬁcant artiﬁcial limitations to the explanatory power of these design theories and the problems they can solve. In Sect. 3 we outline what a relational design theory should encompass based on the concept of entanglement and a relational model of design previously espoused by the authors, and propose the concept of affordance as a relational concept that handles the entanglement between the elements of the relational model of design. In Sect. 4 we further explain the concept of affordance and contrast it with the concept of function. In Sect. 5 we develop a framework for Affordance Based Design. Finally in Sect. 6 we return to the motivating examples in order to demonstrate the explanatory power of the relational theory of Affordance Based Design.

2 Review of existing design theories 2.1 Design as an ‘‘artiﬁcial science’’ The history of modern engineering design theory and methodology begins with the introduction of Herbert Simon’s revolutionary book The Sciences of the Artiﬁcial (1996, originally published in 1969). Before that, engineering design was largely synonymous with analysis, i.e., determining the dimensions of parts based on the analysis of forces, stress, fatigue, etc. Any other activities associated with design, such as coming up with a working concept, were considered art and not science. Indeed, in many circles, the word design still connotes art, such as fashion design of clothing, interior design of houses, and even the industrial design of consumer products. Simon’s work revolutionized the study of engineering design by laying a theoretical basis on which a broader array of design activities could be considered scientiﬁcally— bringing them out of the hazy ambiguity of art and into the sharp focus of science.

and their basis in function Following Simon, the next milestone in engineering design research is the familiar book Engineering Design: A Systematic Approach (Pahl et al. 2007; ﬁrst published in German in 1977). The basic premise of the Pahl & Beitz (P & B) framework is that design should be executed as a structured systematic activity, as opposed to the ad-hoc fashion it had been practiced previously. In order to systematize design, the authors decompose design into several stages. Within each stage, particular methods are presented for executing particular tasks, such as ideation methods, decision methods, design-for-x methods, etc. However, besides ﬁtting within the overall P & B framework, these particular methods share no common theoretical basis. Rather each method is accepted because it produces effective results, not because it is based on any particular theory.

At least two important theoretical antecedents can be identiﬁed for the P & B framework. One is General Systems Theory which describes systems in terms of their external boundary, inputs and outputs across that boundary, and internal organization (cf., Bertalanffy 1969). This leads to the modeling by P & B of artifacts as generic systems with boundaries and inputs and outputs of material, energy, and information. Pahl and Beitz discuss the inﬂuence of Systems Theory on their work explicitly (Pahl et al. 2007: 14–15). The second theoretical predecessor, as discussed above, is the function based work of Simon, and various German authors, especially Roth (cf., Roth 1986). The functional approach is in fact very compatible with systems theory and Pahl and Beitz combine general systems modeling with functional modeling to model artifacts in a hierarchy of subfunctions sharing ﬂows of material, energy, and information.

basic notion that engineering design is a decision-making process’’ (Hazelrigg 1996: xix). Accordingly, if one wants to understand design, one ought ﬁrst to study how best to make decisions, which is the province of several ﬁelds of mathematics, which Simon himself listed off: optimization techniques, utility theory, statistical decision theory, means-end analysis, and cost-beneﬁt analysis (Simon 1996: 118). This list reads very similar to the table of contents for the aforementioned design textbook based on the DBD approach (Hazelrigg 1996). The principal advantage of such an approach to design is its mathematical rigor. Thus, advocates of DBD can and do claim superiority over other methods in design that do not possess such rigor, such as Pugh selection matrices, the Analytic Hierarchy Process, and Quality Function Deployment. Decision Based Design has therefore become synonymous with the study of mathematical decision making in design, particularly the application of Utility Theory.

2.5 Common features of existing design theories and opportunities for theoretical development To this point the essential theoretical contributions of Simon, Pahl and Beitz, Hazelrigg, and Suh have been discussed. Now several common features as well as open research areas can be recognized across all or most of these published works. The ﬁrst common feature, which leads to an open research direction, is in terms of theory. Beyond the original contribution of Simon that design be studied as an artiﬁcial science, and beyond the contribution of Pahl and Beitz, that design be practiced systematically, there has been little fundamental theory developed. The effective methods presented by a variety of authors do not share a common theoretical basis outside of their placement within a larger systematic framework. To again invoke Simon’s term, much of engineering design remains ‘‘cookbooky.’’ The second common feature, which leads to another research area, is the wide use of the concept of function in design.

This idea, as has been shown, dates back at least four decades to the work of Simon, Roth, and others. However, there is no underlying theory as to why we ought to consider function as the most fundamental aspect of engineering design. To wit, there is no theory to guide us as to the proper use of function in design, what its limitations are, and what underlying assumptions there might be. Function has in effect been accepted as the de facto fundamental concept in design without theoretical justiﬁcation. For example, in their work on a functional basis for design, Stone and colleagues explicitly assume that a functional description is sufﬁcient and complete. They state ‘‘in engineering design, the end goal is the creation of an artifact, product, system, or process that performs a function or functions to fulﬁll customer need(s)’’ (Hirtz et al.

In the previous section we have argued that one of the problems of current design theories is that they are built around the transformative processes of functions and algorithms, which prevents these theories from explaining or helping engineers to design aspects of systems which are non-transformative, such as human interaction, cost, aesthetics, and meeting other so-called non-functional requirements. But what kind of theory can be developed that does not rely on such transformative processes? We can look to a number of other ﬁelds in which such non-transformative theories have been developed, known as relational theories. Let us ﬁrst consider the domain of computer science. For many years the archetypal example of a transformative system in computer science is the Turing Machine, a purely predicative formalism that executes an algorithm [as Turing proved, any algorithm (Turing 1959)] with perfectly predictable results.

3.2 A relational model of design From the above relational theories and models, a relational model for design can be formulated by specifying the entities of interest and the relations between them. To wit, let us deﬁne the scope of our relational model by assuming that fundamental to any design activity are three entities: the designer of the artifact, the artifact being designed, and the user of the artifact. In general, any or all of these entities can be nonsingular. Multiple designers can be involved (i.e., collaborative design), multiple artifacts can be designed at once (i.e., product family design), and multiple users may use the artifact (i.e., in mass production). In general the relationships are that (1) The designer designs the artifact, and (2) The user uses the artifact. However, these relationships are entangled, because the designer determines how the user uses the artifact through the structure of the artifact itself.

Moreover, how the designer designs the artifact is motivated in part by the users’ own demands and wishes. In other work (Maier and Fadel 2006) we have developed a relational model for design based on the above entities and relationships: the designer–artifact–user (DAU) system, shown graphically in Fig. 1. An important result is that this formalism is also a complex adaptive system (CAS) following the same cycle as other CAS (cf., Gell-Mann 1994 ). In order to build a relational theory for design, we need a concept that will enable us to address the interactions between designers, artifacts, and users. In other words, we need a relational concept for design . As discussed above, the transformative concept of function is not sufﬁcient.

Product semantics is deﬁned as the ‘‘study of the symbolic qualities of man-made forms in the cognitive and social contexts of their use and application of the knowledge gained to objects of industrial design’’ (Krippendorff 1995). A concise review of the use of affordance in this ﬁeld as opposed to its use in HCI is given by You and Chen ( 2007). The idea of affordance has also been applied in the ﬁeld of artiﬁcial intelligence, e.g., how to design robots that recognize affordances in their environment (Murphy 1999). The application of the theory of affordances to engineering design has been advocated by the present authors in a recent series of papers (Maier 2005; Maier and Fadel 2001, 2002, 2003, 2005, 2007, 2008; Maier et al. 2007; Gaffney et al. 2007). As was our intent, the presentation of these ideas has recently sparked some debate and usage within the larger engineering design research community (e.g., Brown and Blessing 2005; Galvao and Sato 2005, 2006; Galvao 2007; Kim et al.",outputs/batch1/canonical_text_284/9f9f7295ec8c.txt,"Maier, J. (1); Fadel, G. (1)",,Research in Engineering Design,10.1007/s00163-008-0060-3,,DT-C01,0,product | cognitive | impact | load | cognitive load | human | technology | science | understanding | designers | function | conceptual | engineering | methodology | theoretical,"Design theory — Product, cognitive & impact [DT-C01]",product | cognitive | impact | load | cognitive load | human | technology | science | understanding | designers | function | conceptual | engineering | methodology | theoretical,"Within the predefined Design theory group, DT-C01 is statistically distinguished by product, cognitive, impact. Additional contrastive terms include load, cognitive load, human, technology, science. Representative papers include Conceptual foundations of design problem solving; Design Theory and Method of Complex Products: A Review. This is an analysis-frozen statistical interpretation, not a final editorial topic label.",Design theory,Statistical bottom-up interpretation,Prior-pilot assignment retained,Contrastive cluster explanation using adapted class-based TF-IDF; not a predefined codebook classification.,Not assigned by Path 1,Not evaluated in this statistical interpretation,Not applicable,Predefined keyword group,Not assigned,BGE-M3 embedding + Spectral clustering,Not assigned,Adapted class-based TF-IDF interpretation,not_applicable,-1,0.0,product | cognitive | impact | load | cognitive load | human | technology | science | understanding | designers | function | conceptual | engineering | methodology | theoretical,False,False,0,,,10.390739,-5.5659537,0.08728528022766113,6,6,False,"[{'paper_id': '4025e28730c1', 'title': 'Conceptual foundations of design problem solving', 'cluster': 0, 'distance': 0.14168202877044678}, {'paper_id': '02f3ae017acb', 'title': 'Design Theory and Method of Complex Products: A Review', 'cluster': 0, 'distance': 0.14770174026489258}, {'paper_id': 'fd05a25a5e94', 'title': 'Four Criteria for Design Theories', 'cluster': 1, 'distance': 0.1627720594406128}, {'paper_id': '4db508a9681a', 'title': 'Philosophy of design: A meta-theoretical structure for design theory', 'cluster': 1, 'distance': 0.16481506824493408}, {'paper_id': '83d1ebe7d6c0', 'title': 'Design Theory in Information Systems', 'cluster': 1, 'distance': 0.16645312309265137}]"
a1a2a51ae22e,Design theory,Incommensurability in design science: Which comes first-Theory or artefact?,"There has been much debate and discussion in recent literature about the nature of information systems (IS) theory, the role of theory in design and the notions of design science and design theory. A central idea in much of this literature is the interplay between traditional theory-based research and the development of design theory through the building of information systems artefacts. In this chapter, we describe our recent experiences in the development of an artefact (a rule-based expert system called DG-In) based on a behavioural theory and the challenges we found as we attempted to reconcile it with relevant design theory. The potential for incommensurability in the research cycle between theory and artefact has significant implications for IS research-from both a design-science perspective and a behavioural-science perspective. It brings into question core ideas such as the development of a cumulative research tradition and notions of theory-based design and design theory more generally.",12,12,a1a2a51ae22e_p0002;a1a2a51ae22e_p0003;a1a2a51ae22e_p0005;a1a2a51ae22e_p0006;a1a2a51ae22e_p0011;a1a2a51ae22e_p0018;a1a2a51ae22e_p0025;a1a2a51ae22e_p0028;a1a2a51ae22e_p0032;a1a2a51ae22e_p0034;a1a2a51ae22e_p0035;a1a2a51ae22e_p0037,"The objective of design science is to create artefacts (broadly defined, including processes and methodologies) that are useful (Hevner et al. 2004). Design science, however, is more than building something useful. Good design science ‘is the synergy between relevance and rigor’ (Hevner 2007:91). Good design science should thus draw on the existing knowledge base of theories, frameworks and the like (see Hevner et al. 2004) and it must also contribute back to that

knowledge base. It is in this regard that design science is more than simply good engineering. Iivari (2007) and Hevner (2007) are both quick to note, however, that good design science can be overly constrained creatively if it must be grounded only in theory . Rather a mix of sources (both theory and artefact) is preferred. Indeed, the mark of good design science lies in its rigorous evaluation of the artefacts developed (Iivari 2007; March and Smith 1995) and in its clear contribution to the ‘knowledge base’ (Hevner et al. 2004). These premises for design science in the creative process (Hevner 2007) of design do, however, beg the question: which comes first—theory or artefact? It is not our contention that either is more ‘privileged’ but rather, as we seek to demonstrate in this chapter, the difference in order can be non-trivial for the continuing development of theory , the advancement of artefact design and more broadly for the development of a cumulative research tradition (the ‘knowledge base’ in Hevner et al’ s [2004] terms).

2004). In this cycle, theory can provide design guidance (prescriptions) and the artefact can inform theory . As Hevner et al. (2004:80) note, ‘ An artifact may have utility because of some as yet undiscovered truth’, where truth is seen as the goal of behavioural science and utility is the goal of design science. Theory and artefact are inseparable, as truth and utility are inseparable (Hevner et al. 2004). Indeed, drawing on Walls et al.’ s (1992) concept of ‘kernel theories’ (theories from the natural and social sciences that inform design), Iivari (2007) claims that such kernel theories are a ‘defining characteristic’ of a ‘design theory’. Consider Gregor’ s (2006) taxonomy of theories in IS. Gregor’ s taxonomy comprises five types—most notably: Type IV , explanation and prediction,

and Type V , design and action. Type IV is found to be the most common in IS research and sits squarely in the domain of the natural and social sciences. It is the common notion of a theory . Type V theories prescribe how to do ‘something’—providing, for example, a justified approach to developing an IS artefact. Notably , both Type IV and Type V theories are mutually interrelated; they inform each other. Artefact (an instantiation of a Type V theory) informs theory (Type IV) and theory informs artefact. For simplicity , we use the generic term ‘Theory’ to refer to a Type IV theory and the generic term ‘ Artefact’ to refer to a Type V theory as it is instantiated in a design creation. The theory-to-artefact or artefact-to-theory issue in IS is paradigmatic. Both perspectives recognise the importance of the other—for example, from the design-science side Gregor (2006; Gregor and Jones 2007) emphasises the importance of theory , whereas Orlikowski and Iacono (2001), from the ‘theory’ side, emphasise the centrality of the IT artefact.

Notably , the research from which the taxonomy is derived is largely without ‘theory’. Specifically , Gregor and Benbasat (1999:500) identify two streams of research—‘design’ and ‘empirical’: the former has ‘few or no theoretical bases’ and the latter employs ‘designs mostly based on considered 2 DG-In (pronounced ‘dig in’) is a completely new and independent artefact from INSOL VE. Substantively , its commonality with INSOL VE lies only in the domain of application (insolvency decision making) and in the use of a common model of insolvency practitioner decision making (gathered through knowledge acquisition processes in the development of INSOL VE). There is no common code; indeed, the platforms are entirely different, as DG-In is web based.

DG-In is a rule-based expert system purpose-built for a program of behavioural research about the effects of decisional guidance on user reliance on a knowledgebased system. DG-In supports users in an insolvency-based judgment task requiring a decision about the future of a company that has recently entered into voluntary administration. DG-In focuses on the initial impression that insolvency practitioners must form to decide at the outset whether to liquidate the distressed business or attempt to trade out of difficulty . It employs an underlying decision model and materials gathered in an extensive knowledge acquisition effort that led to the original INSOL VE system (Arnold et al. 2004a, 2004b; Collier et al. 1999; Leech et al. 1999), but in all other respects is an independent and distinct artefact. The decision model in DG-In has been

More specifically , we seek to compare the design theory specified by Gregor and Benbasat (1999) with a design theory based on the decisional guidance literature. Gregor and Jones identify eight components to a design theory: purpose and scope; constructs; principles of form and function; artefact mutability; testable propositions; justificatory knowledge; principles of implementation; and expository instantiation. Notably , the current decisional guidance literature does not yet adequately address all eight components of a design theory— reflecting its origins as a Type IV theory rather than a Type V theory . Table 4.1 details exemplars in Gregor and Benbasat (1999) of each of the eight components of a design theory . In Table 4.1, we also present potential exemplars of a design theory for decisional guidance derived from prior literature. guidance Type Exemplars in Gregor and Benbasat (1999) A ‘design theory’ for decisional guidance Purpose and scope Goals and boundaries of the artefact/design theory To present a unifying framework that integrates existing empirical work on explanations on intelligent systems .

Different types of guidance influence decision makers differently . Justificatory knowledge ‘kernel theories’ that support the design Theories from cognitive psychology on human reasoning, such as cognitive learning theory and Toulmin’s theory of argumentation . Synthesises a broad base of decision-making judgment and choice literatures and prior DSS literature . Principles of implementation Processes for instantiating the theory into an artefact in a given context Explanations should be provided ‘automatically, if this can be done relatively unobtrusively, or by hypertext links’ (Gregor and Benbasat 1999:517) . Decisional guidance has been operationalised in a variety of ways; specific principles of implementation are the subject of continuing empirical investigation . Expository instantiation An artefact that is a physical and testable manifestation of the theory InSOlvE DG-In the design theory of Gregor and Benbasat (1999) and a design theory of decisional guidance based on our interpretation of the literature and as instantiated in DG-In.

Similarly , we see that Gregor and Benbasat (1999) use multiple theoretical perspectives as justificatory knowledge. It is thus difficult to connect the artefact elements described by Gregor and Benbasat’ s taxonomy to a single or unified coherent Type IV theory . The cycle between theory and artefact is problematic in both directions—the essence of incommensurability .

The conceptualisation (Gregor 2006; Hevner 2007; Hevner et al. 2004; Iivari 2007) of design feeding from both advances in design theory and more traditional theory-based research becomes a little more challenging to realise in practice. Fundamentally , the concern is not whether we have incommensurable approaches or simply incompatible theories; rather the issue is: are our experiences of the challenges in the development of DG-In an outlier event or a common occurrence? We believe it to be the latter and that this presents a great challenge for design-science and behavioural-science researchers in IS. The underlying problem is that theory underdetermines design and artefact design can generalise to multiple theoretical abstractions. Theory as an abstraction underdetermines reality . The implication for design science—with no disrespect intended—is that you can potentially build multiple theories from an artefact.

The implication for behavioural science is that a given theory can be instantiated into multiple different artefact designs (because of the lack of detailed implementation principles), with potentially different consequences. At issue is whether, in terms of design principles, we have different levels of granularity—specifically , whether Type IV theories could be less design specific than Type V theories. Indeed, we would argue that in practice the distinction between Type IV and Type V becomes less of a dichotomy and more of a continuum of varying degrees of design specificity (or, to put it another way , the extent to which all the components of a design theory required by Gregor and Jones [2007] are present). Thus, we can face incommensurability in design and incommensurability in theory when we cycle between Type IV and Type V theories in the effort to advance design.

to ask some challenging—and currently largely unanswered—questions for IS research. In short, if there is a broader potential for incommensurability akin to what we have observed, we are left with several burning questions. • What does it mean to conduct theory-driven/grounded design-science research? • What does it mean when the two approaches to design agree theoretically (for example, as in our experiences with informative guidance)? • Does this mean we have the theory right? • Does this mean we have the design right? • What does it mean when the two approaches to design are theoretically incommensurable (for example, as in our experiences with suggestive guidance)? • Does this mean we do not yet have adequate theory? • Does this mean we need to consider more carefully the difference in granularity of theories with respect to design specificity? • How can the field at large meaningfully create a cumulative research tradition in IS with the IT artefact at the centre? • What are the implications of incommensurability for how we evaluate research—both in the design-science tradition and in the behaviouralscience tradition?",outputs/batch1/canonical_text_284/a1a2a51ae22e.txt,"Davern, Michael (1); Parkes, Alison (1)",2010,Information Systems Foundations: The Role of Design Science,10.22459/isf.12.2010.04,,DT-C02,1,theoretical | practice | sonification | type | value | kernel | science | example | development | artifact | definition | understanding | constructs | space | structure,"Design theory — Theoretical, practice & sonification [DT-C02]",theoretical | practice | sonification | type | value | kernel | science | example | development | artifact | definition | understanding | constructs | space | structure,"Within the predefined Design theory group, DT-C02 is statistically distinguished by theoretical, practice, sonification. Additional contrastive terms include type, value, kernel, science, example. Representative papers include Theory construction in design research. Criteria, approaches, and methods.; Four Criteria for Design Theories. This is an analysis-frozen statistical interpretation, not a final editorial topic label.",Design theory,Statistical bottom-up interpretation,Prior-pilot assignment retained,Contrastive cluster explanation using adapted class-based TF-IDF; not a predefined codebook classification.,Not assigned by Path 1,Not evaluated in this statistical interpretation,Not applicable,Predefined keyword group,Not assigned,BGE-M3 embedding + Spectral clustering,Not assigned,Adapted class-based TF-IDF interpretation,not_applicable,-1,0.0,theoretical | practice | sonification | type | value | kernel | science | example | development | artifact | definition | understanding | constructs | space | structure,False,False,0,,,10.645926,-2.9600122,0.09928345680236816,9,9,False,"[{'paper_id': '1728dd2afe4b', 'title': 'Design theory in practice – Making design science research more transparent', 'cluster': 1, 'distance': 0.14007049798965454}, {'paper_id': '103eb1a8586b', 'title': 'Incommensurability and multi-paradigm grounding in design science research: Implications for creating knowledge', 'cluster': 1, 'distance': 0.14364981651306152}, {'paper_id': '83d1ebe7d6c0', 'title': 'Design Theory in Information Systems', 'cluster': 1, 'distance': 0.15279436111450195}, {'paper_id': 'fd05a25a5e94', 'title': 'Four Criteria for Design Theories', 'cluster': 1, 'distance': 0.15887165069580078}, {'paper_id': '0bca44c18d6c', 'title': 'Tinkering, tailoring, and bricolage: Implications for theories of Design', 'cluster': 1, 'distance': 0.1651594638824463}]"
a21900f84443,Design theory,Undesigning technology: considering the negation of design by design,"Motivated by substantive concerns with the limitations and negative effects of technology, this paper inquires into the negation of technology as an explicit and intentional aspect of design research within HCI. Building on theory from areas including philosophy and design theory, this paper articulates a theoretical framework for conceptualizing the intentional negation of technology (i.e., the undesign of technology), ranging from the inhibition of particular uses of technology to the total erasure or foreclosure of technology. The framework is then expanded upon to articulate additional areas of undesigning, including self-inhibition, exclusion, removal, replacement, restoration, and safeguarding. In conclusion a scheme is offered for addressing questions concerning the disciplinary scope of undesign in the context of HCI, along with suggestions for ways that undesigning may be more strongly incorporated within HCI research.",12,12,a21900f84443_p0007;a21900f84443_p0013;a21900f84443_p0014;a21900f84443_p0017;a21900f84443_p0018;a21900f84443_p0019;a21900f84443_p0022;a21900f84443_p0027;a21900f84443_p0029;a21900f84443_p0037;a21900f84443_p0055;a21900f84443_p0057,"However, it is not clear in wha t ways and to what extent these types of work should fall within the disciplinary scope of HCI. As a step toward both clarifying and addressing these questions, I will propose a theoretical framework for conceptualizing the inte ntional negation of technolo gy, i.e., the undesigning of technology. In what follows I first review related approaches upon which this work builds. Following this, I articulate a framework for conceptualizing the intentional negation of technology in terms of its scope and scale. I then expand on this framework to specify several additional areas of undesigning. This is followed by a summary and discussion of prior work that offers specific strategies for undesigning. In light of these discussions, I return to the questions posed here in the conclusion.

In this section I review several areas of theory that variously focus on aspects of design, technology and agency. These concepts will serve to both clear a space for the intentional negation of technology as distinguished from the effects of technology more generally, as well as offer

important insights into a range of scales at which to conceptualize the intentional negation of technology. Consider first philosopher of technology Don Ihde’s theory of “micro -perception” [ 29]. Ihde describes human uses of technology in terms of a structure of amplification/reduction in human per ception. Ihde analyzes technologies including scientific instruments such as telescopes, revealing that these technologies amplify the user’s visual perception of celestial bodies while at the same time reducing perception of the surrounding context. Ihde goes on to suggest that forms of perceptual reduction associated with new technologies are often overlooked in favor of what is amplified: [T]he fascination [with new technology] attaches to magnification, amplification, enhancement. But, contrarily, there can be a kind of forgetfulness that equally attaches to the reduction.

To this we may add that technology can also dissuade certain behaviors and attitudes, which is in fact an intended outcome of many persuasive technolog ies aligned with captology. Taking a “macro -level” perspective, social theorists such as Giddens [ 28] and Bourdieu [ 9] have theorized human agency as shaped by social structures and institutions in ways that both constrain and enable human action . While this work tends to downplay the role of materiality and artifacts as well as the intentionality of designers, it nonetheless is concerned with technology understood more broadly in terms of material and immaterial structures such as social institutions. Recent work in sociology has drawn on such theory but with a stronger focus on materiality (and design), notably in the work of Elizabeth Shove [ 45]. Various theoretical c oncepts from areas of economics and innovation theory are also germane to our discussion, notably the concepts of “creative destruction” and “disruptive technologies”.

The former was originally used in Marxist economic theory but more recently has been employed to describe the ways in which radical innovations introduce new economic value by effectively destroying prior established value [e.g., 42]. The notion of disruptive technologies captures a similar idea, emphasizing that t he introduction of new technologies displace old ones [e.g., 8]. A classic example of a disruptive technology is the automobile, which displaced the horse and carriage. Elimination design as described by Fry is based on a principle that captures important aspects of “creative destruction”, namely that “Creating anything always requires the destruction of something else, so make sure what you create is worth what you destroy.” ([ 50], with reference to [23]). Echoing Ihde’s discussion of perceptual reduction, Fry argues that the destructive aspects of design are all too often overlooked: The very way design is reduced and presented in relation to bringing goods into being fa ils to grasp design’s ambiguity as an agent of both creation and destruction… what designers do is destroy value at the same time as they create it (a new style product is launched as the ‘the latest’ thus rendering previous versions ‘dated’).

This means t hat while it is acknowledged that artefacts can prompt the creation of other objects (such as system elements and accessories) and deliver experiences (for example, pleasure and the use of new skills) what they may equally destroy (knowledge, the use of a service, a craft practice, and so forth) is mostly overlooked. [23, p. 192]. The notion that design both creates and destroys may also be found among writings on ontological designing [23,24,53,55], which have proposed theories of design claiming that “ we design our world, while our world acts back on us and designs us” [53, p. 1]. To summarize, then, our review of a diverse set of theories and theoretical concepts related to technology and design collectively point to ways that technology negates, in various ways and at various levels of analysis. Technologies can be understood to both amplify and reduce human perception, invite and inhibit human action, persuade and dissuade people to alter their behaviors and attitudes, constrain and enable action within social structures and institutions, and create and destroy material and immaterial aspects of reality, including value, practices,

The emphasis on intentionality brings technology negation explicitly into the realm of design action. Notions of human agency and intention are at the very core of design as a human activity. For example, in their influentia l book The Design Way, authors Nelson and Stolterman discuss intentionality and purpose as integral to design as a form of inquiry and action. Nelson and Stolterman write: “Design is the ability to imagine that -which-does-not-yet-exist, to make it appear in concrete form as a new, purposeful addition to the real world.” [36, p. 10]. While representing a very different understanding of and approach to design, the centrality of intentionality and purpose may also be found in Simon ’s oft-cited notion of design as devising “courses of action aimed at changing existing situations into preferred ones” [46, p. 130]. In this section my goal will be to articulate a theoretical framework for discussing what th e intentional negation of technology is and general forms in which it may be enacted.

removing technology, perhaps literally, from its typical or currently occupied position. For example, designers can aim to displace the practice of watching television by encouraging dwellers to move their television sets from certain areas of the home or remove them from the home altogether. Displacing goes beyond inhibiting by aiming to more substantially negate routine or common interaction with technology, but without completely negating its existence and potential for use. The rele vant unit for displacing technology is a practice, understood as a regular or routine way of doing things. Erasure refers to design that aims to completely eliminate a technology from existence. At least in theory, we can consider designing for complete erasure of a technology. To what extent this is possible in a free society is a matter of debate, although there are noteworthy examples of societies relinquishing technologies.

Elaborating types of technology negation In this section I will expand on this framework to articulate several additional, more specific areas of intentional action that are each concerned with the intentional negation of technology—understood in terms of inhibiting, displacing, erasing, and foreclosing. My claim is that while each area is aimed at negating design they may nonethe less be considered within the boundaries of design activity, at least according to sufficiently broad notions of design [e.g.,36,46]. The list of areas presented here is by no means intended as an e xhaustive description of the space of undesigning. My goal is rather to articulate a range of areas of undesign activity that I claim may be less considered or even overlooked, particularly with respect to the (un)design of interactive technology, as well as to demonstrate how the 4-part framework can be employed to further articulate areas of technology negation . For each area, the specific types of intervention and areas of

Another example to consider is the control features that many televisions currently have which allow parents to restrict their children from viewing certain programming. Replacement and Restoration Replacement refers to design that aims to undesign a technology by replacing it with some other technology. Examples of replacing technology include replacing an older refrigerator with an improved model, replacing analog film cameras with digital cameras, and replacing landlines with mobile phones. Repla cement is most naturally conceptualized in terms of functional or use -value replacement. However, replacement can also be understood in terms of replacing the symbolic function or social role of something. For example, a Valentine’s Day card can be replaced with an affectionate embrace and kind word. The symbolic status associated with an expensive car or article of clothing could also be targeted for replacement.

Baumer and Silberman have further called attention to a range of mobile applications that aim to encourage sustainable behaviors yet do not address the environmental problems associated with the proliferation of mobile computing devices [2]. To take this a step further, it could be argued that there is a relationship between the design of mobile applications and the proliferation of mobile devices. Given these concerns , the question may be raised: Is refraining from designing mobile phones an appropriate form of designerly action? In contrast to the previous areas of consideration, here I raise the question of inaction as design action primarily as a provocation rather than as an issue of discerning disciplinary boundaries. What I am suggesting is that the notion of inaction as design action could be a useful construct for consideration of the limits of design action, and the appropriateness of such (in)action.

Based upon various concerns over the limitations and negative of effects technology, this paper has inquired into undesigning, understood as the intentional and explicit negation of technology. Buil ding on a range of theoretical constructs, I have articulated a framework for conceptualizing the intentional negation of technology in terms of its scope and scale. This framework describes technology negation in terms of a spectrum ranging from inhibition, to displacement, to erasure and foreclosure. I then expanded on these areas to articulate several additional areas of undesigning, including self -inhibiting options, exclusion, removal, replacement, restoration, and safeguarding. As such, this paper off ers a theoretical contribution to what might appropriately be termed (un)design theory. In closing, I would like to emphasize that it is my hope that the ideas presented here may be engaged with not only through intellectual discussion and the elaboration of theory, but also through the actual doing of (un)design research through design —a notion that takes a cue from HCI design research that emphasizes doing and making as valuable and valid forms of inquiry.",outputs/batch1/canonical_text_284/a21900f84443.txt,"Pierce, James",2012,Proceedings of the SIGCHI Conference on Human Factors in Computing Systems,10.1145/2207676.2208540,https://doi.org/10.1145/2207676.2208540,DT-C01,0,product | cognitive | impact | load | cognitive load | human | technology | science | understanding | designers | function | conceptual | engineering | methodology | theoretical,"Design theory — Product, cognitive & impact [DT-C01]",product | cognitive | impact | load | cognitive load | human | technology | science | understanding | designers | function | conceptual | engineering | methodology | theoretical,"Within the predefined Design theory group, DT-C01 is statistically distinguished by product, cognitive, impact. Additional contrastive terms include load, cognitive load, human, technology, science. Representative papers include Conceptual foundations of design problem solving; Design Theory and Method of Complex Products: A Review. This is an analysis-frozen statistical interpretation, not a final editorial topic label.",Design theory,Statistical bottom-up interpretation,Prior-pilot assignment retained,Contrastive cluster explanation using adapted class-based TF-IDF; not a predefined codebook classification.,Not assigned by Path 1,Not evaluated in this statistical interpretation,Not applicable,Predefined keyword group,Not assigned,BGE-M3 embedding + Spectral clustering,Not assigned,Adapted class-based TF-IDF interpretation,not_applicable,-1,0.0,product | cognitive | impact | load | cognitive load | human | technology | science | understanding | designers | function | conceptual | engineering | methodology | theoretical,False,False,0,,,10.056435,-5.185197,0.1332765817642212,13,13,False,"[{'paper_id': 'ceac90427122', 'title': 'Design-oriented human-computer interaction', 'cluster': 0, 'distance': 0.18054699897766113}, {'paper_id': '4025e28730c1', 'title': 'Conceptual foundations of design problem solving', 'cluster': 0, 'distance': 0.194962739944458}, {'paper_id': '83d1ebe7d6c0', 'title': 'Design Theory in Information Systems', 'cluster': 1, 'distance': 0.21102643013000488}, {'paper_id': '0bca44c18d6c', 'title': 'Tinkering, tailoring, and bricolage: Implications for theories of Design', 'cluster': 1, 'distance': 0.21119165420532227}, {'paper_id': '4db508a9681a', 'title': 'Philosophy of design: A meta-theoretical structure for design theory', 'cluster': 1, 'distance': 0.21159601211547852}]"
af66a447ca7c,Design theory,Digital Panopticon: How Remote Work Monitoring Shapes Employee Behavior and Motivation,"Through systematic literature synthesis (2000–2024) integrating Foucault’s disciplinary power theory, Nissenbaum’s contextual integrity framework, and job design theory, this paper develops the Autonomy-Surveillance Conceptual Framework to explain differential psychological impacts of digital workplace surveillance. The embrace of remote work has increased surveillance practices among organizations as an increased need to ensure employee productivity in remote settings appears, along with a drive to ensure data security and streamline workflows. Many employees perceive such practices as a breach of privacy, signifying employer distrust. The framework predicts that surveillance creates varying degrees of contextual integrity violation based on job autonomy: high-autonomy knowledge workers experience severe violations through trust erosion, procedural injustice, and temporal autonomy loss, while low-autonomy workers evaluate surveillance primarily through fairness criteria. This paper addresses a critical gap in existing research, which has focused on low-autonomy roles. By examining which roles are most impacted by digital surveillance, this paper seeks to highlight transparency and autonomy-sensitive policies to maximize the associated benefits of digital surveillance, while calling attention to employee well-being, trust, and organizational performance.",12,12,af66a447ca7c_p0012;af66a447ca7c_p0015;af66a447ca7c_p0021;af66a447ca7c_p0022;af66a447ca7c_p0026;af66a447ca7c_p0028;af66a447ca7c_p0033;af66a447ca7c_p0035;af66a447ca7c_p0066;af66a447ca7c_p0067;af66a447ca7c_p0086;af66a447ca7c_p0087,"To analyze the Digital Panopticon’s erosion of trust, we must first ask: How do we analyze the Digital Panopticon’s erosion of trust and its detriment on employee wellbeing? We find Nissenbaum’s (2004) Theory of Privacy as Contextual Integrity (CI) of critical importance in defining violations of employee privacy; CI theory argues that a privacy violation occurs when the flow of information violates established informational norms within a specific social context. Every professional context is governed by norms dictating appropriate data Attributes (the type of data collected) and the Transmission Principle (the conditions under which that data is shared). When digital surveillance tools collect data beyond these established norms, they violate CI, leading to perceptions of privacy infringement (Nissenbaum, 2004). For example, monitoring software that captures keystrokes or screen activity without explicit consent breaches the expected norms of workplace privacy, leading to feelings of mistrust and anxiety among employees (Alge, 2001).

This study integrates three foundational theories: (1) Foucault’s (1977) disciplinary power explains surveillance as psychological control through perpetual visibility (Section 2.1); (2) Nissenbaum’s (2004) Contextual Integrity defines when surveillance violates privacy by disrupting informational norms (Section 2.3); (3) Hackman and Oldham’s (1976) job design theory identifies job autonomy as the structural moderator determining violation severity. High-autonomy roles operate under norms of discretion and trust; surveillance violates these more severely than low-autonomy contexts where monitoring is normalized (Aloisi & De Stefano, 2022). The implementation of continuous digital monitoring fundamentally violates the CI norms traditionally associated with professional roles. For example, a high-autonomy knowledge worker traditionally operates under the principle that the employer receives only the final product (Attributes: completed code or report) based on mutual trust (Transmission Principle).

This study employs a systematic literature synthesis methodology to develop the Autonomy-Surveillance Conceptual Framework. Unlike traditional empirical studies, our approach applies a holistic approach: integrating existing findings and combining them with established theoretical frameworks to create a predictive model that explains why similar surveillance practices and methods produce different psychological outcomes across various occupational disciplines. We justify our approach with two considerations: 1. Empirical evidence already exists in isolated instances (mostly low-autonomy roles), yet no framework correlates these findings with treating job autonomy on a spectrum; 2. The complexity of surveillance-autonomy interactions requires a perspective that accounts for organizational psychology, privacy scholarship, and work design theory, disciplines rarely combined in empirical studies.

Our framework builds on two basic principles: Foucault’s (1977) conception of disciplinary power, which we apply to frame digital monitoring as a form of psychological control through perpetual visibility, and Nissenbaum’s (2004) theory of Contextual Integrity (CI), which explain how such surveillance disrupts regular information flows in professional settings. These principles enable us to predict why job autonomy conditions the psychological burden of digital monitoring.

Through systematic thematic synthesis (Thomas & Harden, 2008), we identified three dimensions consistently emerging as critical determinants of surveillance impact: Dimension 1: Job Autonomy Level. Drawing on job design theory (Hackman & Oldham, 1976) and recent knowledge work scholarship (Pérez-Zapata et al., 2016; Väänänen et al., 2020), we categorized roles along an autonomy continuum: (a) Low autonomy: scripted tasks, close supervision, minimal discretion (e.g., call centers (Bloom et al., 2015), data entry); (b) Medium autonomy: structured guidelines with moderate discretion (e.g., technical support, administration); (c) High autonomy: substantial process discretion in knowledge work (e.g., software engineers, consultants, researchers), characterized by what Väänänen et al. (2020) term “tied autonomy”: high task discretion constrained by team deadlines and coordination requirements; (d) Ultra-high autonomy: near-complete discretion in strategic and executive roles (e.g., senior management, entrepreneurs).

Research demonstrates that more invasive, process-oriented monitoring generates stronger negative psychological reactions than outcome-focused approaches (Ball, 2021; McNall & Roch, 2007). Dimension 3: Implementation Transparency. Building on procedural justice theory (Greenberg, 1987) and contextual integrity principles (Nissenbaum, 2004), we distinguish implementation approaches by the degree of employee awareness and participation: (a) Covert: undisclosed monitoring practices; (b) Disclosed but opaque: employees know monitoring occurs but lack clarity on scope, methods, or data usage; (c) Transparent: clear communication of monitoring parameters with limited employee input; (d) Participatory: collaborative design involving employee voice in surveillance policy formation. Evidence indicates that transparency and participation significantly moderate surveillance’s negative effects on trust and psychological well-being (Alge, 2001; McNall & Roch, 2007).

Our synthesis methodology employed an iterative thematic analysis process to extract and integrate findings across disciplinary boundaries. First, we conducted open coding of empirical findings from surveillance studies, identifying recurring patterns in reported psychological outcomes (e.g., stress responses, trust erosion, performance impacts). Second, we performed axial coding to connect these empirical patterns with theoretical constructs from organizational psychology (job design theory, procedural justice), privacy scholarship (contextual integrity), and critical theory (Foucauldian surveillance studies). This crossdisciplinary mapping revealed that existing studies, while methodologically sound within their respective domains, lacked an integrative framework explaining outcome variance across occupational contexts. Third, we synthesized these findings by identifying job autonomy as the critical moderating variable inadequately addressed in prior research.

Businesses 2026, 6, 6 8 of 22 This integrative approach enabled us to construct a multi-dimensional framework that preserves empirical grounding while extending predictive capacity beyond existing studies’ scope. By systematically varying surveillance characteristics across autonomy levels, our framework generates testable propositions about interaction effects that no single empirical study has examined. The five dimensions emerged as both empirically validated (appearing consistently across multiple studies) and theoretically coherent (mapping onto established constructs from foundational theories).

This study developed the Autonomy-Surveillance Conceptual Framework to explain the differential psychological impacts of digital workplace surveillance across job autonomy levels. Drawing on Foucault’s theory of disciplinary power, Nissenbaum’s contextual integrity framework, and job design theory, we proposed that surveillance creates varying degrees of contextual integrity violation depending on workers’ job autonomy, with highautonomy workers experiencing more severe violations and consequently stronger negative outcomes. This section discusses the theoretical contributions of our framework, explores practical implications for organizations and policymakers, acknowledges limitations, and outlines a research agenda for empirical validation.

Our framework makes four primary theoretical contributions to the workplace surveillance literature. First, we provide the first systematic integration of Foucault’s surveillance theory, Nissenbaum’s contextual integrity framework, and job design theory to explain surveillance impacts. While previous research has applied these theories independently, our synthesis reveals how they complement each other: Foucault explains surveillance as a mechanism of organizational control, Nissenbaum provides the theoretical machinery for understanding when surveillance becomes a privacy violation, and job design theory specifies the structural variable (autonomy) that moderates violation severity. This integration moves beyond descriptive accounts of surveillance as “problematic” to specify why, when, and for whom surveillance violates established workplace norms.

This study addresses this gap by developing the Autonomy-Surveillance Conceptual Framework, which systematically integrates Foucault’s theory of disciplinary power, Nissenbaum’s contextual integrity framework, and job design theory to explain differential surveillance impacts. Our core theoretical contribution is identifying job autonomy as a structural moderator that determines the severity of contextual integrity violations created by surveillance. For high-autonomy workers, surveillance constitutes a severe violation operating through three parallel mechanisms: trust erosion (as monitoring signals organizational distrust), procedural injustice (contradicting participatory norms), and temporal autonomy loss (constraining discretion over work timing). These mechanisms converge to produce strong negative outcomes, including reduced satisfaction, increased stress, and diminished commitment.

Conversely, for low-autonomy workers, surveillance represents a moderate contextual integrity violation mediated primarily by fairness evaluations: workers assess whether monitoring is transparent, consistently applied, and legitimately purposed. The framework’s scientific productivity lies in its predictive specificity: we propose five core propositions, specify three distinct psychological mechanisms for high-autonomy contexts and three normalization factors for low-autonomy contexts, and generate five testable theoretical predictions (P1–P5) with clear empirical pathways. These propositions address not only main effects but also interaction effects (organizational culture × autonomy level), differential mediation pathways, and moderator functions (transparency, surveillance type, purpose). This level of specification enables rigorous empirical testing and potential falsification: essential characteristics of scientifically productive theory.",outputs/batch1/canonical_text_284/af66a447ca7c.txt,Aleksandar Nikodinovski; Darjan Karabašević; Vuk Mirčetić,2026,Businesses,,https://www.semanticscholar.org/paper/dcae6e93cb73b5532913f20f88311ba7d2aabcc4,DT-C03,2,management | service | learning | social | support | theoretical | development | literature | evaluation | practice | analysis | gregor | practitioners | empirical | digital,"Design theory — Management, service & learning [DT-C03]",management | service | learning | social | support | theoretical | development | literature | evaluation | practice | analysis | gregor | practitioners | empirical | digital,"Within the predefined Design theory group, DT-C03 is statistically distinguished by management, service, learning. Additional contrastive terms include social, support, theoretical, development, literature. Representative papers include Web-based information systems: Developing a design theory; Management design theories. This is an analysis-frozen statistical interpretation, not a final editorial topic label.",Design theory,Statistical bottom-up interpretation,Prior-pilot assignment retained,Contrastive cluster explanation using adapted class-based TF-IDF; not a predefined codebook classification.,Not assigned by Path 1,Not evaluated in this statistical interpretation,Not applicable,Predefined keyword group,Not assigned,BGE-M3 embedding + Spectral clustering,Not assigned,Adapted class-based TF-IDF interpretation,not_applicable,-1,0.0,management | service | learning | social | support | theoretical | development | literature | evaluation | practice | analysis | gregor | practitioners | empirical | digital,False,False,0,,,8.238764,-4.460977,0.22339481115341187,18,18,False,"[{'paper_id': 'c9175ef9ebfe', 'title': 'Management design theories', 'cluster': 2, 'distance': 0.30591607093811035}, {'paper_id': 'bacdc4f76eea', 'title': 'Work system principles: towards a justified design theory on the grounds of socio-instrumental pragmatism', 'cluster': 1, 'distance': 0.309490442276001}, {'paper_id': '1e8f1494fc78', 'title': 'Collaboration Engineering Methodology: Horizontal Extension to Accommodate Project and Program Concerns', 'cluster': 2, 'distance': 0.31141436100006104}, {'paper_id': '00781ed0e844', 'title': 'Cognitive Point of View in Recursive Design', 'cluster': 0, 'distance': 0.31540000438690186}, {'paper_id': 'c0372ed4d123', 'title': 'Web-based information systems: Developing a design theory', 'cluster': 2, 'distance': 0.3168236017227173}]"
b21a9b4cc5ef,Design theory,C-K design theory: an advanced formulation,"C-K theory is a unified Design theory and was first introduced in 2003 (Hatchuel and Weil 2003). The name “C-K theory” reflects the assumption that Design can be modelled as the interplay between two interdependent spaces with different structures and logics: the space of concepts (C) and the space of knowledge (K). Both pragmatic views of Design and existing Design theories define Design as a dynamic mapping process between required functions and selected structures. However, dynamic mapping is not sufficient to describe the generation of new objects and new knowledge which are distinctive features of Design. We show that C-K theory captures such generation and offers a rigorous definition of Design. This is illustrated with an example: the design of Magnesium-CO2 engines for Mars explorations. Using C-K theory we also discuss Braha and Reich’s topological structures for design modelling (Braha and Reich 2003). We interpret this approach as special assumptions about the stability of objects in space K. Combining C-K theory and Braha and Reich’s models opens new areas for research about knowledge structures in Design theories. These findings confirm the analytical and interpretative power of C-K theory.",12,12,b21a9b4cc5ef_p0003;b21a9b4cc5ef_p0007;b21a9b4cc5ef_p0009;b21a9b4cc5ef_p0010;b21a9b4cc5ef_p0012;b21a9b4cc5ef_p0013;b21a9b4cc5ef_p0043;b21a9b4cc5ef_p0053;b21a9b4cc5ef_p0056;b21a9b4cc5ef_p0057;b21a9b4cc5ef_p0058;b21a9b4cc5ef_p0059,"The new material helps clarify the unique properties of the theory and provides fruitful interpretations of the assumptions of other formal Design theories such as the Braha and Reich model (Braha and Reich 2003). Before outlining the issues discussed here, we begin with a brief overview of the premises of C-K theory. 1.1 A brief overview of C-K theory: modelling innovative design C-K theory was introduced by Hatchuel and Weil (2003). It aims to provide a rigorous, uniﬁed formal framework for Design. It also attempts to improve our understanding of innovative design i.e. design which includes innovation and/or research as in the case of Science Based Products (Hatchuel et al. 2005). The name ‘‘C-K theory’’ reﬂects the assumption that Design can be modelled as the interplay between two interdependent spaces with different structures and logics: the space of concepts (C) and the space of knowledge (K).

The ﬁrst publication of C-K theory attracted interest from both practitioners (Fredriksson 2003) and scholars. In recent years, C-K theory has been introduced in several industrial contexts [most of these applications have been described elsewhere (Le Masson et al. 2006)], but in this paper we focus on the reactions to the theory in academic papers. Kazakc¸i and Tsoukas (2005) underlined the power of the theory when compared to other theories such as Gero’s evolutionary design (Gero 1996) and suggested introducing the designer’s environment, E. This extension does not change the basic assumptions of C-K theory but suggests a practical organization of space K that helps develop new types of personal Design assistants. Salustri (2005) sees C-K theory as a ‘‘ unique and interesting Design theory’’ but asked for increased rigour in its presentation.

How is it related to the usual pragmatic views of Design? What are the main aspects of Design that C-K theory captures better than other theories, in particular recent Design theories such as those put forward by Braha and Reich (2003)? In this paper we discuss these issues and present new clariﬁcations and ﬁndings that we hope improve on the ﬁrst presentation of C-K theory.

The paper is divided into three parts. In Sect. 2, we evoke the ‘‘pragmatic’’ deﬁnition of Design as good mapping between required functions and selected structures. Design theories generalize this deﬁnition by describing dynamic mapping. However, dynamic mapping is not sufﬁcient to describe the generation of new objects and new knowledge which are distinctive features of Design. We show that C-K theory captures such generation and offers a rigorous deﬁ- nition of Design. In Sect. 3, we show how the combination of four C-K operators enables reasoning on unknown or changing objects. This is illustrated with the example of the design of Mg-CO

proposals or to unexpected problems discovered during the process. In this case, Design follows cycles of mutual adjustment between speciﬁcations and solutions until a ﬁnal ‘‘solution’’ is reached. A large amount of research into engineering design does not require a more precise deﬁ- nition than this. Theoretical problems only arise when design itself becomes the object of academic inquiry (Evbwuoman et al. 1996; Blessing 2003; Simon 1979). Then, simple questions unveil difﬁcult issues: is it possible to distinguish design improvements from technological improvements? How can we establish a design methodology without a rigorous deﬁnition of Design? What are the links between Design and innovation? 2.1.1 Formal models of design: the limits of dynamic mapping These issues are crucial for researchers who work on design methodologies and/or mathematical representations of Design.

However, even the most abstract Design theories draw on the same pragmatic deﬁnition of Design: Design is a mapping process between functions and design parameters or structures (Suh 1990; Yoshikawa 1981); this may be achieved in a small number of ﬁxed steps (classic systematic design) or may follow a more evolutionary process (Gero 1996). Within the same perspective, Braha and Reich ( 2003) generalized Yoshikawa’s Design theory and presented an encompassing model, the Coupled Design Process (CDP in this paper) that accounts for various properties of design including, non-linearity, non-optimality, conﬂicting goals and exploratory processes. In their approach, Design is modelled as a dynamic mapping process between a function space F (set of functions) and a structural space D (set of design options or parameters). A special form of this co-evolution is modelled with closure spaces which are an interesting way of describing reﬁnement steps for functions and structures ( In part 3, we discuss the interpretation of closure spaces with C-K theory).

They are the instruments which generate new objects, and C-K interplay is the source that provides new potential expanding partitions. More profoundly, expanding partitions reveal the incompleteness of K about O or the degree of ‘‘unknownness’’ of O in K. They are also powerful analytical tools for the study of other Design theories. 4 The interpretative power of C-K theory: a discussion of Braha and Reich’s topological structures for Design In this section we underline the interpretative power of C-K theory by analyzing a Design model proposed by Braha and Reich ( 2003), the Coupled Design Process (CDP). According to the authors, CDP is more general than Yoshikawa’s General Design Theory (Yoshikawa 1981; Reich 1995). We do not discuss this issue here, but simply establish that interpreting CDP with C-K theory highlights the meaning of the topological assumptions of CDP and opens new paths for further research.

On one hand, the notions of C-K theory (mainly concepts and expanding partitions) clarify the assumptions behind these topological structures. On the other hand, such topological structures can be seen as interesting yet speciﬁc models of the content of space K. Closure spaces can capture GDT, rule-based design and machine learning heuristics. Thus, by combining the two theories, we can establish highly general and powerful propositions: Proposition 1 When space K is only deﬁned by stable, separate, closure spaces, then C-K theory and CDP describe similar processes, and Design can be modelled by Knowledge-based and learning algorithms. 7 We can also recognize a meta-structure in the logic for ‘‘infused design’’ proposed by Shai and Reich ( 2004a, b), a model for the aggregation of several knowledge bases in order to support collaborative design.

If Design is both a dynamic mapping process and a generation process for new objects, it requires four C-K operators as models of thought . Design theory extends known models of thought by introducing new analytical tools such as concept-sets based on ‘‘K-undecidable’’ propositions. Without such tools, Design theory is simply reduced to standard models of thought (K-K operators). By introducing these reasoning instruments, we have by no means fully modelled imagination, creativity or even serendipity. But at least C-K theory offers a framework that rigorously includes a key feature of innovative design: namely, the revision of the identity of objects and the possibility of expanding partitions. The high generality and the modelling capacity of C-K theory are powerful instruments for the interpretation of other Design theories. Our discussion of Braha and Reich’s topological structures is an example of this interpretative power.

C-K theory helps to identify closure spaces of F and D as assumptions about the stability of objects in space K. This stability is consistent with rule-based design. Simultaneously, the strong propositions made by Braha and Reich can be used in combination with C-K theory to offer new propositions at a level of generality that is seldom reached in Design. This confrontation should be fruitful for both theories. A variety of research issues can now be examined as a result of this progress in the consolidation of C-K theory. C-K theory and topological structures of knowledge : the discussion of Braha and Reich’s work calls for a systematic characterization of different types of structures in Space K and the corresponding Design theories that these structures allow. For instance, if closure spaces support rule-based design, which structures of K are consistent with systematic design or different degrees of innovation in the revision of objects?

As we mentioned earlier, we must avoid universal propositions that rigidify the identities of objects. In this perspective, Doumas (2004) suggested exploring the type of design that would be predicted by C-K theory with a model of Knowledge built on ‘‘ﬂuid ontologies’’ as proposed by Hofstader (1995). Such ontologies could be interpreted as fuzzy deﬁnitions of objects or even fuzzy closure spaces; however, additional research is required to establish this sort of equivalence. C-K theory and research on creativity : In the past decades, engineering design literature has mainly borrowed results from the literature on creativity. There is now a fresh, stimulating opportunity: to explore how C-K theory could contribute to the ﬁeld of Creativity. Ben Mahmoud- Jouini et al. (2006) and Elmquist and Segrestin (2007) used C-K theory to model creative processes in industrial R&D contexts.

Such encouraging empirical results will be consolidated at a more theoretical level. These research issues will be addressed in the future. In forthcoming papers we shall also back up these ﬁndings with a more complete presentation of the mathematical foundations of C-K theory.",outputs/batch1/canonical_text_284/b21a9b4cc5ef.txt,"Hatchuel, A. (1); Weil, B. (1)",,Research in Engineering Design,10.1007/s00163-008-0043-4,,DT-C02,1,theoretical | practice | sonification | type | value | kernel | science | example | development | artifact | definition | understanding | constructs | space | structure,"Design theory — Theoretical, practice & sonification [DT-C02]",theoretical | practice | sonification | type | value | kernel | science | example | development | artifact | definition | understanding | constructs | space | structure,"Within the predefined Design theory group, DT-C02 is statistically distinguished by theoretical, practice, sonification. Additional contrastive terms include type, value, kernel, science, example. Representative papers include Theory construction in design research. Criteria, approaches, and methods.; Four Criteria for Design Theories. This is an analysis-frozen statistical interpretation, not a final editorial topic label.",Design theory,Statistical bottom-up interpretation,Prior-pilot assignment retained,Contrastive cluster explanation using adapted class-based TF-IDF; not a predefined codebook classification.,Not assigned by Path 1,Not evaluated in this statistical interpretation,Not applicable,Predefined keyword group,Not assigned,BGE-M3 embedding + Spectral clustering,Not assigned,Adapted class-based TF-IDF interpretation,not_applicable,-1,0.0,theoretical | practice | sonification | type | value | kernel | science | example | development | artifact | definition | understanding | constructs | space | structure,False,False,0,,,9.670544,-2.5828443,0.11702167987823486,13,13,False,"[{'paper_id': '056ae4e01610', 'title': 'Beyond the old game design: a new design paradigm in Game Studies through C-K Theory', 'cluster': 1, 'distance': 0.11908650398254395}, {'paper_id': '4db508a9681a', 'title': 'Philosophy of design: A meta-theoretical structure for design theory', 'cluster': 1, 'distance': 0.1761413812637329}, {'paper_id': '02f3ae017acb', 'title': 'Design Theory and Method of Complex Products: A Review', 'cluster': 0, 'distance': 0.18119657039642334}, {'paper_id': '83d1ebe7d6c0', 'title': 'Design Theory in Information Systems', 'cluster': 1, 'distance': 0.18315941095352173}, {'paper_id': '4025e28730c1', 'title': 'Conceptual foundations of design problem solving', 'cluster': 0, 'distance': 0.187400221824646}]"
bacdc4f76eea,Design theory,Work system principles: towards a justified design theory on the grounds of socio-instrumental pragmatism,"The aim of the paper is to explore a possible theoretical foundation for the `work system approach'. The concept of work systems has been suggested as the core object of study in the field of information systems. The scope of the work system approach is determined by pragmatic relevance and high comprehensibility, with the goal of being applicable for professionals in both IT and business as well as IS researchers. This approach has, however, been criticized for having theoretical shortcomings. In this paper, a theoretical foundation is suggested and explored by relating it to work practice theory and its roots in socio-instrumental pragmatism. The results show that it is both possible and fruitful to ground the work system approach theoretically in socio-instrumental actions.",12,12,bacdc4f76eea_p0003;bacdc4f76eea_p0005;bacdc4f76eea_p0007;bacdc4f76eea_p0008;bacdc4f76eea_p0010;bacdc4f76eea_p0011;bacdc4f76eea_p0013;bacdc4f76eea_p0014;bacdc4f76eea_p0016;bacdc4f76eea_p0017;bacdc4f76eea_p0019;bacdc4f76eea_p0043,"Furthermore, they argue in favour of a discipline direction where IS is acknowledged as a design science [ibid]. The main challenge for a design oriented ISfield is to develop prescriptive theory [22]. That is, theory that gives explicit action directions and “says how to do something” [ibid., p. 313]. The work system approach (also referred to as work systems theory) is a contemporary IS-theory with a scope that fits well with the above description of design theories. The explicit goal is to be : “[...] a design theory for helping business professionals attain a good understanding of a work system, how well it performs, and how it might be improved.”[8, p. 3].

The work system approach has, however, been criticized for lacking aspects concerning theoretical [25]. The point of departure in this paper is, however, that the concepts and ideas presented as the work system constituents can be theoretically justified. Neither a practical scope nor a primary focus on empirical grounding or eclectic theorizing would by necessity lead to weak or incommensurable theoretical grounds by itself. On the contrary, as the WSA draws on such fundamental concepts as work practices and socio-technical systems, it is possible to explore and reveal the theoretical grounds. Doing so will assist in developing the WSA towards a more relevant and pragmatic design theory.

As presented in [28], the WSA has a theoretical sibling called work practice theory [ 20]. Work practice theory (WPT) stems from the so-called language/action perspective on IS [32] and is theoretically underpinned by acknowledging social actions. Both theories aim at providing a broad, contextual understanding of IS in organizations and share the concept of so-called work practices as the central unit of analysis. These two approaches seemingly have the potential to enrich and complement one another. The WSA has a more explicit prescriptive feature in the form of guiding design principles. WPT on the other hand comes with a more rigid theoretical foundation. The aim of this paper is to explore possible foundations of the work system approach using work practice theory and its roots in socalled socio-instrumental pragmatism. The reason for doing this is to develop and reveal the characteristics of the work system approach as a design theory.

This is done by presenting “socioinstrumental actions” as a theoretical basis of work practice theory. In the light of Gregor‟s design theory framework, this involves grounding the work system approach with justificatory knowledge – to search for an applicable kernel theory [22].

To spell this critique out more clearly: the constructs of WSA seems mainly to have been discussed at a structural level. We have the blueprint , the building blocks and a pretty good idea on how to assamble them. We are however a bit unclear about what the building blocks are made of. In line with a pragmatic stance such as the one leading WSA, one can of course question if we really need to know about the building block material? Gregor and Jones [22 ] discussion on the sought for characteristics of a design theory however gives a clear answer to this. They call this the need for grounds in justificatory knowledge. To be reliable and valid, a design theory should be able to present testable propositions and have a foundation in so-called “kernel theory”. The reason for this is rather pragmatic: “[…] the designer has more, and deeper, knowledge to rely on when interpreting design guidelines in particular circumstances.” [ibid., p.

328] Further arguments for theoretically grounded design theories are that: “Justificatory knowledge also provides both researchers and practitioners with information useful in comparing competing ISDTs. All other considerations being equal, an ISDT with stronger, more complete justificatory knowledge would usually be the more appropriate choice.” [ibid, p. 328]

For the purpose of this theoretical endeavour, a subset of the work system approach has been chosen. The idea is to look closer at a set of design principles that form a main component of the approach. Instead of briefly handling all parts of the work system approach, the methodology used in this paper is what [27] refers to as „bracketing‟: “[…] brackets enable theorists to ignore certain aspects of complex phenomena and focus on facets and issues of particular interest.”[ibid., p. 673]. The argument for selecting the design principles is twofold. The first aspect is that a number of scholars have pointed out that there is a need to develop design theory in IS [23]. Accordingly it ought to be of interest to elaborate further on the prescriptive elements in a contemporary theoretical approach. The second aspect is of a more indirect nature but still valid.

As mentioned above, the reference theory and the work system approach are considered to be complementary; that is, the reference theory of work practices might also benefit from this analysis. The constructs in WPT does not include an explicit set of prescriptive design principles even though the theory evidentially furnishes for design decisions [e.g. 28]. Thereby this work should also be understood as an initial theoretical development towards design principles in work practice theory. Further, only five of the 24 work system principles were analyzed. The reason for not focusing on more than a subset was practical, but the idea has been to choose the principles that have a direct impact on the core element of the approach – the work practice element itself (c.f. section 4.1).

SIP has been presented as a generic action oriented theory which means that it should be understood as a metatheory [ibid.]. A theory about the generic basis shared between different action oriented theories in the field of IS. Other theories with an action orientation are e.g. structuration theory, activity theory and actor network theory. To suggest that the theoretical grounds of WPT makes out a sound base for WPA

and its Design Principles A delimitation suitable for the discussion here is to focus solely on the work system framework , which is a central model in the WSA. The framework outlines a set of nine concepts that together constitute a general work system model. “[…] a work system is a system in which human participants and/or machines perform work using information, technology, and other resources to produce products and/or services for internal or external customers.” [8, p. 5] The framework has an explicit pragmatic scope as it is explained as an analysis model for creating so-called work system snapshots. A work system snapshot is a kind of time-dependent business definition (and delimiter of the universe of discourse). The framework‟s nine elements constitute a minimal set of concepts that are needed for understanding IS in organizations.

The most prescriptive component of the work system approach is a set of work system principles [9]. The principles are statements of how the characteristics of any work system should be designed [10]. The 24 design principles address different aspects of the nine work system elements and their relations. In relation to Gregor‟s outline of design theory characteristics [22], the work system principles should be regarded as principles of form and function ; that is, a most central component of any theoretical body with an aspiration to prescribe [ibid]. The work system principles take one of two possible forms: “Systems that are operating well should exhibit a particular characteristic, or systems that are operating well should accomplish a particular goal”. [10, p. 69] The principles are to be used at different points when analysing work systems, but the main contribution is to suggest directions for design improvements.

The aim of this paper has been to explore a possible theoretical foundation for the work system approach . Section 6 presented the analysis where five targeted work system principles were discussed in terms of socio-instrumental actions and work practice theory. Even though this explorative grounding process has been limited in a number of ways, the result shows clear potential. The design principles are possible to ground in the reference theory in the sense that they can be interpreted without contradictions. By using instrumental actions as the theoretical building blocks it is possible to reveal some more of the rational e behind the design prescriptions. The following is perhaps the most obvious examples of this:  Interpreting principle #4 , perform the work efficiently, as closely connected to learning and coordination will presumably trigger other mechanisms than the ones influenced by the direct strive to optimize productivity.  Implications of principles #5 and #6 become obvious when they turn out to be about “role assignments” and not specifications regarding product orders.  How to monitor the quality of principle #7 becomes clearer when the generic action conditions can be used as a starting point.",outputs/batch1/canonical_text_284/bacdc4f76eea.txt,"Petersson, Johan",2008,Proceedings of the 3rd International Conference on the Pragmatic Web: Innovating the Interactive Society,10.1145/1479190.1479200,https://doi.org/10.1145/1479190.1479200,DT-C02,1,theoretical | practice | sonification | type | value | kernel | science | example | development | artifact | definition | understanding | constructs | space | structure,"Design theory — Theoretical, practice & sonification [DT-C02]",theoretical | practice | sonification | type | value | kernel | science | example | development | artifact | definition | understanding | constructs | space | structure,"Within the predefined Design theory group, DT-C02 is statistically distinguished by theoretical, practice, sonification. Additional contrastive terms include type, value, kernel, science, example. Representative papers include Theory construction in design research. Criteria, approaches, and methods.; Four Criteria for Design Theories. This is an analysis-frozen statistical interpretation, not a final editorial topic label.",Design theory,Statistical bottom-up interpretation,Prior-pilot assignment retained,Contrastive cluster explanation using adapted class-based TF-IDF; not a predefined codebook classification.,Not assigned by Path 1,Not evaluated in this statistical interpretation,Not applicable,Predefined keyword group,Not assigned,BGE-M3 embedding + Spectral clustering,Not assigned,Adapted class-based TF-IDF interpretation,not_applicable,-1,0.0,theoretical | practice | sonification | type | value | kernel | science | example | development | artifact | definition | understanding | constructs | space | structure,False,False,0,,,8.784931,-4.187974,0.12917017936706543,16,16,False,"[{'paper_id': '83d1ebe7d6c0', 'title': 'Design Theory in Information Systems', 'cluster': 1, 'distance': 0.15961289405822754}, {'paper_id': 'c9175ef9ebfe', 'title': 'Management design theories', 'cluster': 2, 'distance': 0.1655653715133667}, {'paper_id': 'c0372ed4d123', 'title': 'Web-based information systems: Developing a design theory', 'cluster': 2, 'distance': 0.17194616794586182}, {'paper_id': 'f56243f52335', 'title': 'Theory construction in design research Criteria: Approaches, and methods', 'cluster': 1, 'distance': 0.1729733943939209}, {'paper_id': 'd250dc6eb9d9', 'title': 'Systems Thinking and Design Thinking: The Search for Principles in the World We Are Making', 'cluster': 0, 'distance': 0.17413103580474854}]"
beaf258777e6,Design theory,What is the value of design theory?,"ABSTRACT: This paper explores the multifaceted concept of design theories value, challenging traditional views of science and philosophy and proposing a novel framework for evaluation. Through critical analysis, considering design theories like C-K theory, PSI, GDT, and CDP, and insight from the history of science, we establish the need for a new value model of design theories that includes design-related and other general properties such as generativity, robustness, and impact on practice. We adapt a recently developed system value model (SVM) to consider the diverse perspectives of design theory stakeholders. Our framework is tested on the PSI theory, demonstrating its applicability. This paper redefines how we perceive and measure the value of design theories, offering insights that could influence future research and practice in design science.",12,12,beaf258777e6_p0003;beaf258777e6_p0006;beaf258777e6_p0007;beaf258777e6_p0012;beaf258777e6_p0018;beaf258777e6_p0020;beaf258777e6_p0021;beaf258777e6_p0022;beaf258777e6_p0023;beaf258777e6_p0026;beaf258777e6_p0034;beaf258777e6_p0038,"You can conduct a short survey around you to validate this statement. We have repeatedly asked ‘the value question ’ in various meetings, lectures, research projects, and other occasions to confirm our claim. When we surveyed the landscape of human knowledge disciplines, we found that the notion of value is quite limited, but its meaning is evolving toward a more holistic encompassing concept (Lavi and Reich, 2024a). To improve our understanding of value, we developed a framework that guides estimating a system value based on a new system val ue model; we tested its validity in diverse case studies (Lavi and Reich, 2024b). We suggest that an approach like system value could address the initial questions regarding the value of design the ories. Nevertheless, on th e way to using our system value model, we ’ll encounter firm positions about evaluating theories or assessing the quality of theories.

However, like the perspective on “value”, having widely accepted, clear, and measurable dimensions in physical sciences, while being abstract and s ubjective in design, so is the perspective on design theory. While some believe that since design itself is a practice, it is artificial to enforce upon it a theory ( Hooker, 2004 ), others argue that design theories are not only viable but should have a distinct structure ( Jones & Gregor, 2007 ). A review of the work of the Design Theory SIG of the Design Society on design theory discusses precisely wh at design theory is and its three core foundations: generativity (see section 2.4 ), splitting condition (e.g., use of multidisciplinary knowledge), and social spaces (e.g., exemplified by PSI) (Hatchuel et al., 2018). Nevertheless, in the context of this paper, we can view theory much more broadly as a method, prescriptive process or even personal or local theories such as organizational routines.

Each of these rests on assumptions, rooted in experience and culture, and its objective is to support professionals in solving challenges. As none of them can be considered always better than others ( Reich, 2010), we need some measure to select among them for different purposes - theory value could serve this purpose. We want to understand the space of theory value by considering the history of science and design theory examples. These examples suggest that a simple value measure is insufficient to describe the multiplicity of perspectives and manifestations of value. 2.1. General science view of theory ’s value Two and a half millennia ago in the Aegean region, a crisis arose concerning the explanatory value of the prevailing theoretical framework. At that time, mythological explanation was the accepted model for understanding various natural and human phenomena.

The heliocentric model was revolutionary from both human and religious standpoints. This realization not only challenged religious orthodoxy but also illustrated how the value of a theory may depend on its historical, social, and cultural context. Before we discuss the value of engineering theories, let us consider the twentieth-century scientific revolution, i.e., the dispute between Einstein and Bohr over the completeness of quantum theory, which followed the revolution launched by the theory of relativity ( Einstein, Podolsky & Rosen, 1935; Bohr, 1935 ). In 1935, Einstein, Podolsky, and Rosen (EPR) (1935) published a paper claiming quantum mechanics was incomplete. According to EPR, a complete theory must represent every element of nature. They argued that quantum mechanics ’ statistical descriptions were epistemological tools compensating for limited knowledge, not ontological facts.

Understanding this dynamic relationship between theory evaluation and technological progress becomes increasingly crucial as technology reshapes every aspect of human existence. The challenge ahead lies not in simply adopting scientific standards wholesale, but in thoughtfully adapting and extending them to meet the unique demands of our technological age. 2.2. Example valuation of design theories: the value of GDT vs. CDP GDT and CDP are design theories built on mathematical topology, albeit different types. General Design Theory (GDT) is a mathematical design theory, developed by Yoshikawa (1981), and extended by Tomiyama and Yoshikawa (1986) that has been cited extensively in the design literature. It was critically analyzed from mathematical and other perspectives ( Reich, 1995 ). Coupled Design Process CDP is a design theory developed by Braha and Reich (2003), built on coevolving topological closure spaces.

One design-theoretical perspective suggests that a critical function of creativity or design theory is its ability to generate new objects. Consequently, we can measure the generativity of theories and use them to compare between theories ( Hatchuel et al., 2011 ; 2013) - a more generative theory will have higher value. We can also compare theories concerning their robustness ( Hatchuel et al., 2011 )o r potentially design new design-specific properties important for design for contributing to theory ’s value (e.g., encourage or support inclusion and teamwork). 3. The value of a theory We have seen that common perspectives of theory value do not correspond to different measures of value exhibited in design research and the history of science. Different properties characterize theories and contribute to their value, and new properties could be developed (e.g., generativity). We need better

models of theory value. This section presents such a model based on the recently developed Systems Value Model (SVM) and the Value-Oriented Design Framework (VODF) (Lavi and Reich, 2024a, b). SVM is a holistic, multi-domain, and practical SVM that integrates socio-technical and multi-disciplinary considerations into value analysis. It is designed to support alternative evaluation and stakeholder perspective exploration throughout the system design process. VODF is a general and field-agnostic value-oriented design framework that encompasses SVM, a valueoriented requirements analysis method, and several complementary methodologies. By incorporating multi-disciplinary socio-technical factors into development processes, VODF highlights aspects that are often overlooked in engineering and managerial discussions, ensuring a more comprehensive assessment of decisions.

It considers both direct and indirect stakeholders, revealing the broader implications of design choices. 3.1. Redesigning the system value model into a theory value model The value of a design theory is elusive. Is a design theory valuable only when it serves efficient design methods leading to successful results, or is it valuable even when it is false and not being used? What does impact the value of a design theory? We believe that the general SVM provides a solid foundation for a design TVM; we adapt the specific indicators by using various ranking methods employed in an academic environment. For example, journal guidelines for publishing scientific work include the following criteria: integrity of the scholarly record, diversity, equity, and inclusion in publishing ( Sage Journals, 2024 ); originality, correctness, novelty, importance, and clarity of the article, along with maintaining and strengthening a journal ’s reputation in the scientific community ( ACM, 2024); quality, appropriateness for the journal, impact on the field, and depth of the discussion insights ( IEEE TMI, 2024).

Common factors considered in selecting best paper awards include theoretical or practical relevance, scientific rigor in terms of hypotheses, operationalization, data sources, analysis and validity/ reliability, and potential contribution to theory or practice ( CINET, 2024 ). Building on these sources and others, and the background on the value of a theory presented in Section 2, we refine the general SVM proposed by Lavi & Reich (2024b) and validate its suitability for evaluating design theories. The primary objective of TVM is to facilitate a comprehensive and systematic evaluation of a design theory ’s value for all relevant stakeholders. Similar to SVM, TVM assesses the value of a theory from the perspectives of three distinct, yet complementary, stakeholder groups. First, the customers include those who utilize the theory for structuring design methods, conducting further research, or for second-tier stakeholders who apply methods derived from the theory.

The goal of PSI is to serve as a theoretical scaffold to describe and analyze complex design scenarios (Reich & Subrahmanian, 2020 ). The core values of PSI are capturing design complexity, simplicity, and usefulness to stakeholders. PSI value should be informed by this goal and values.

Analyzing the positions of academic disciplines and the public about theories in general, we uncover different perspectives about what we may consider the value of a theory. We further observe anomalies in the way we perceive different design theories. Historical review also points to deviations from the common perception of theory ’s value. These observations and the needs of design theories to address broader concerns than scientific theories such as ethics and sustainability demand moving away from the beneficiary cluster Value element Analysis of PSI design theory Relevance Evaluation Society Collective wellbeing Social wealth If PSI becomes common knowledge and is utilized in multiple situations, it will improve society ’s ability to cooperate. Life quality A better understanding of interrelations and stakeholders might improve work-life balance and many other aspects of life quality.

perception of a theory as an ideal esteemed object that seeks to uncover the truth to a system (of claims, laws, hypotheses, etc.) designed to adhere to some value requirements. To design a theory value model, we took an existing system value model (SVM) developed to evaluate systems in general, considered a theory as a variant of a system, and following observations from our review of theory value in science and design, adapted the SVM to a theory value model (TVM). We used this model in a reflexive practice, to evaluate the value of PSI theory and found its value to be high. The analysis supports focused theory improvements and combining theories for addressing challenges. We intend to continue developing TVM and use it to evaluate different design theories and other research contributions. This will position TVM as an important scientific instrument for evaluating theories and scientific progress.",outputs/batch1/canonical_text_284/beaf258777e6.txt,Yoram Reich; Emilia Lavi; Kuti Shoham,2025,Proceedings of the Design Society,,https://www.semanticscholar.org/paper/0d7e7fd02d0d2f8d7ef7f2409b371e3896b739b8,DT-C02,1,theoretical | practice | sonification | type | value | kernel | science | example | development | artifact | definition | understanding | constructs | space | structure,"Design theory — Theoretical, practice & sonification [DT-C02]",theoretical | practice | sonification | type | value | kernel | science | example | development | artifact | definition | understanding | constructs | space | structure,"Within the predefined Design theory group, DT-C02 is statistically distinguished by theoretical, practice, sonification. Additional contrastive terms include type, value, kernel, science, example. Representative papers include Theory construction in design research. Criteria, approaches, and methods.; Four Criteria for Design Theories. This is an analysis-frozen statistical interpretation, not a final editorial topic label.",Design theory,Statistical bottom-up interpretation,Prior-pilot assignment retained,Contrastive cluster explanation using adapted class-based TF-IDF; not a predefined codebook classification.,Not assigned by Path 1,Not evaluated in this statistical interpretation,Not applicable,Predefined keyword group,Not assigned,BGE-M3 embedding + Spectral clustering,Not assigned,Adapted class-based TF-IDF interpretation,not_applicable,-1,0.0,theoretical | practice | sonification | type | value | kernel | science | example | development | artifact | definition | understanding | constructs | space | structure,False,False,0,,,11.173406,-3.9211776,0.10963881015777588,10,10,False,"[{'paper_id': 'fd05a25a5e94', 'title': 'Four Criteria for Design Theories', 'cluster': 1, 'distance': 0.12861967086791992}, {'paper_id': '4db508a9681a', 'title': 'Philosophy of design: A meta-theoretical structure for design theory', 'cluster': 1, 'distance': 0.14463067054748535}, {'paper_id': '83d1ebe7d6c0', 'title': 'Design Theory in Information Systems', 'cluster': 1, 'distance': 0.14842748641967773}, {'paper_id': 'f56243f52335', 'title': 'Theory construction in design research Criteria: Approaches, and methods', 'cluster': 1, 'distance': 0.15266460180282593}, {'paper_id': 'c2c57ac5453e', 'title': 'Theory construction in design research. Criteria, approaches, and methods.', 'cluster': 1, 'distance': 0.1550431251525879}]"
c0372ed4d123,Design theory,Web-based information systems: Developing a design theory,"Design theory provides a description of the method and/or structure for the construction of an artifact. In the IS field, design theory represents one of the five major types of theory (Gregor 2006).Unlike theories for analysis, explanation, or prediction, IS design theories take a prescriptive approach by providing principles, functions, methods, and theoretical knowledge that are used in the development of IS. Design principles for Webbased systems are scattered and limited in the IS literature. The uniqueness of Web-based systems development warrants a new design theory for such development efforts. Based on an action research study, a set of 10 design principles were proposed.",12,12,c0372ed4d123_p0001;c0372ed4d123_p0002;c0372ed4d123_p0003;c0372ed4d123_p0005;c0372ed4d123_p0006;c0372ed4d123_p0008;c0372ed4d123_p0009;c0372ed4d123_p0010;c0372ed4d123_p0011;c0372ed4d123_p0012;c0372ed4d123_p0014;c0372ed4d123_p0015,"The purpose of this research is to determine a p roposed taxonomy that classified information systems theory concerning how four main objectives are handled namely analysis, explanation, prediction, and prescription . This research used a descriptive qualitative and experimental research methods. This information technology system design stage is the stage after the analysis of the information technology system development cycle. The results show t he definition of system requirements for information technology, preparation for design, or implementation describes how an information technology system can be formed . It can be seen in the form of planning, drawing, m aking a sketch , or arrangement of several separate elements into a unified whole and functioning. In conclusion, the most important thing in the development of information systems is the user and the system should be integrated.

Information Systems has an impact toward information technology in organizations and communities [1]. It is because the web -based implementation of Education (WBE) requires proper support of information systems. The characteristics of the WBE make the design and implementation of IS befitting a difficult and time-consuming task that currently has a theoretical guidance. To overcome this problem, this research develops theory -based principles in the form of i nformation systems Design Theory (ISDT). For the WBE, a lot of research has been done in the field of information systems starting from the design, delivery, use, and effective assessment of information technology in organizations and society [1]. Hereinafter, information systems development is carried out through several stages, where each step produces a more detailed than the previous stage.

The initial stage of developing a system generally begins by describing user needs in terms of a strategic approach to the macro system, followed by a description of the strategic plan and the needs of the medium as well as long term organization. Information systems development includes the stages where system development always takes place incrementally. The development of a new system usually starts from a lack of clarity. From the various development models available, we have to use a development model that can help us to achieve a quality and integrated development process. IS makes it easy for users to do all activities, one of which is in the dissemination of information [2]. The use of the website becomes tangible evidence of the development of information and communication technology as a means of disseminating information. The ease in the process of creating and using a website is a strength of the website [3].

various parts of the world. The use of information system s will increase the distribution of resources and the success of an organization [6]. The purpose of this research is to determine a proposed taxonomy that classified information systems theory concerning how four main objectives are handled namely analysis, explanation, prediction, and prescription. Five types of interrelated theories are distinguished: (1) to analyze, (2) to explain, (3) to predict, (4) to explain and predict, and (5) to design and action. The theory that is developed should depend on th is problem and the questions that are addressed. The questions themselves should be considered against the state of knowledge in the area at the time. The primary goals of theory discerned are analysis and description. The theory describes the phenomena of interest, analysis of relationships among those constructs, the degree of generalizability in constructs and relationships, the boundaries within which relationships, and observations hold.

The theory provides an explanation of how, why, and when things h appened, relying on varying views of causality and methods for argumentation. This explanation will usually be intended to promote greater understanding or insights by others into the phenomena of interest. Besides, the prediction theory states what will h appen in the future if certain preconditions hold. The degree of certainty in the prediction is expected to be only approximate or probabilistic in IS [7]. This research used a descriptive qualitative and experimental research methods.

3.1. Theory for web-based systems The Technology Acceptance Model was adopted from Theory of Reasoned Action (TRA), which is a theory of action based on the premise that one's reaction and perception of something, will determine one's attitude and behavior [9]. T he T echnology Acceptance Model developed from psychological theory, explains the behavior of computer users, which is based on trust, attitudes, intensity and the relationship of user behavior [10]. The purpose of this model is to explain the main factors of Information Technology (IT) user behavior towards IT user acceptance in more detail by describing IT acceptance with certain dimensions that the user can easily influence IT acceptance. The level of acceptance of information technology users is determined by six constructs, namely variables external variables, user perceptions about convenience, user perceptions about usability, user attitudes, behavioral tendencies, and actual use [11].

It is to test variables that can predict the level of user computer acceptance. Perceived usefulne ss and perceived ease of u se are the basic determin ants of computer use. The term information systems design theory has been used in a certain sense. This refers to a set of concepts, beliefs, conjectures, and general scientific laws, both natural and soci al, where designers map design problems effectively solutions for special classes of information systems problems [12]. The d esign theory is a theoretical belief, norm, and concept of the faculties on two distinctive characteristics of design [13]. First, each design refers to the theory-in-use and it can see the quality of the design produced. We can validate this theory when the application of design principles has been implemented with good results. Second, it is to provide effective normative ideas contained in guidelines for practicing by formulating general rules.

This study used the first theory referred to as Kernel Theory. This is made as a collection of basic concepts, statements, or practitioners that are formulated scientifically. Theories used were made explicit through the codification hermeneutic process [11]. The Kernel Theory can make it possible to formulate predictions that can be tested from solutions and their behavior in the information system design process (see Table 1).

Requirements / Goals Describes the class of goals to which the theory applies A set of system features A set of IT artifacts hypothesized to meet the requirements Kernel Theory Theories from natural and soial sciences governing the design requirements or the process arriving at them Design Priciples A codification of procedures which when applied increase the likehood of achieving a set of system features. There procedures are derived logically from kernel theories

A summary of the sub-theory of design theory covers every stage in designing all types of information systems such as the current theories in building information systems design theory that still general and accurate enough to help formulate in effective information systems design guidelines [13].

New information technology has a large impact on business and IT strategies, just as services can be provided to customers. The ability to adapt to the changes that occur throughout the life of the system. The system is well - organized so that solutions can be made from within the system to adapt properly. Substantial characteristics of information systems whose features can adapt to the form of information sys tem functions desired by users. Information systems that can adapt to the flow of reorganization and organizational transformation (service flow), can adapt to data construction (the core of the database) as a framework the basis of maintaining the informa tion system operating structure and can adapt to management patterns including policy decisions, oversight of various types of authority (see Table 2).

Requirements / goals Grow the insta lled base as to obtain momentum, manage flexibility , and offer openness for evolution A set of system features Evolving, shared, heterogeneous set of an installed base IT capabi lity among a community of users Kernel Theory Complexity theory, evolutionary economics: • Enable organic growth and new combinations • Gain momentum • Recognize path dependency • Create lock -in trough positive network externalities • Use modularity to offer organic growth and evolution Design Principles A codification of five design principles which when applied will increase the likelihood of achieving a desired set of system features i.e. managed complexity, openness, and growth in the installed base: • Design initially for usefulness • Draw upon existing installed bases • Expand installed base by persuasive tactics • Make it simple • Modularize by building separately key functions of each infrastructure, use layering, and gateways",outputs/batch1/canonical_text_284/c0372ed4d123.txt,"Siau, Keng (1); Chen, Xiaofeng (1); Tan, Xin (2)",2007,"Association for Information Systems - 13th Americas Conference on Information Systems, AMCIS 2007: Reaching New Heights",,,DT-C03,2,management | service | learning | social | support | theoretical | development | literature | evaluation | practice | analysis | gregor | practitioners | empirical | digital,"Design theory — Management, service & learning [DT-C03]",management | service | learning | social | support | theoretical | development | literature | evaluation | practice | analysis | gregor | practitioners | empirical | digital,"Within the predefined Design theory group, DT-C03 is statistically distinguished by management, service, learning. Additional contrastive terms include social, support, theoretical, development, literature. Representative papers include Web-based information systems: Developing a design theory; Management design theories. This is an analysis-frozen statistical interpretation, not a final editorial topic label.",Design theory,Statistical bottom-up interpretation,Prior-pilot assignment retained,Contrastive cluster explanation using adapted class-based TF-IDF; not a predefined codebook classification.,Not assigned by Path 1,Not evaluated in this statistical interpretation,Not applicable,Predefined keyword group,Not assigned,BGE-M3 embedding + Spectral clustering,Not assigned,Adapted class-based TF-IDF interpretation,not_applicable,-1,0.0,management | service | learning | social | support | theoretical | development | literature | evaluation | practice | analysis | gregor | practitioners | empirical | digital,False,False,0,,,8.383992,-3.5022314,0.07272493839263916,1,1,True,"[{'paper_id': '83d1ebe7d6c0', 'title': 'Design Theory in Information Systems', 'cluster': 1, 'distance': 0.0698009729385376}, {'paper_id': '43fee329f83e', 'title': 'Process design theory for digital information services', 'cluster': 2, 'distance': 0.08914726972579956}, {'paper_id': 'c9175ef9ebfe', 'title': 'Management design theories', 'cluster': 2, 'distance': 0.12814199924468994}, {'paper_id': '67d72b35ce6b', 'title': 'A nascent design theory for explainable intelligent systems', 'cluster': 2, 'distance': 0.13046550750732422}, {'paper_id': '2faef10b819d', 'title': 'A design theory for software engineering', 'cluster': 2, 'distance': 0.13603615760803223}]"
c2c57ac5453e,Design theory,"Theory construction in design research. Criteria, approaches, and methods.","Design involves creating something new or transforming a less desirable situation to a preferred situation. To do this, designers must know how things work and why. Understanding how things work and why requires explanation, and it sometimes requires prediction. To explain and predict, we must construct and test theories. Theories are propositions or sets of propositions that allow us to analyze or explain subjects. Some theories are complex and sophisticated. Others are simple. Theory can be described in many ways. In its most basic form, a theory is a model. It is an illustration describing how something works by showing its elements in their dynamic relationship to one another. The dynamic demonstration of working elements in action as part of a structure distinguishes a theoretical model from a simple taxonomy or catalogue. A theory predicts what will happen when elements interact. design paper The paper outlines a framework for understanding theory construction in design. This framework will clarify the meaning of theory and theorizing. It will explain the nature and uses of theory as a general concept. It will propose necessary and sufficient conditions for theory construction in design. Finally, it will outline potential areas for future inquiry in design theory.",12,12,c2c57ac5453e_p0005;c2c57ac5453e_p0034;c2c57ac5453e_p0035;c2c57ac5453e_p0037;c2c57ac5453e_p0038;c2c57ac5453e_p0040;c2c57ac5453e_p0041;c2c57ac5453e_p0042;c2c57ac5453e_p0043;c2c57ac5453e_p0044;c2c57ac5453e_p0045;c2c57ac5453e_p0047,"refers to a process. Second, the process is goal-oriented. Third, The goal of design is solving problems, meeting needs, improving situations, or creating something new or useful. Herbert Simon 1 (p 129), 2 (p 112) de ﬁnes design as the process by which we ‘[devise] courses of action aimed at changing existing situations into preferred ones. ’ Since this de ﬁnition covers most forms of design, it is a useful starting point. Merriam-Webster’s3 (p 343) de ﬁnes design as: ‘1a: to conceive and plan out in the mind, b: to have as a purpose: intend, c: to devise for a speci ﬁc function or end 2 archaic: to indicate with a distinctive mark, sign or name, 3a: to make a drawing, pattern or sketch of, b: to draw the plans for, c: to create, fashion, execute or construct according to plan: devise, contrive…’ (See also: 4 (pp 397 –8);5 (unpaged);6 (unpaged);7 (pp 36 –40);8 (p 319);9 (unpaged);10 (unpaged);11 (p 645);12 (unpaged).) A taxonomy of design knowledge domains 13,14 (pp 5-16), 7 describes the frames within which a designer must act.

(eds) Toward a General Theory of Action . Harvard University Press, Cambridge, MA (1951) 517Theory construction in design research These are comprehensiveness and parsimony. Are all the elements identiﬁed? Are there enough elements to account for all issues without a surplus? Whetten29 (p 490) describes ‘sensitivity to the competing virtues of parsimony and comprehensiveness ’ as the mark of a good theorist. The ‘how’ of a theory shows how the factors identi ﬁed in the ‘what’ are related. Whetten29 (p 491) describes this as a process of using metaphorical arrows to connect the boxes in a model. This delineates the patterns that show elements of a phenomenon in their dynamic relationship to one another 30. This description often reveals causality, and it builds a foundation for the explanatory power of the model represented by a theory 30.

The ‘why’ element involves the underlying ‘dynamics that justify the selection of factors and the proposed causal relationships … (t)his rationale constitutes the theory’s assumptions—the theoretical glue that welds the model together… What and how describe. Only why explains ’29 (p 491). Finally, the ‘who, where, and when ’ of a theory substantiate theory with empirical data while setting limits on its uses and applications. According to Whetten, there are several ways to make signi ﬁcant contributions to theory. Discovering or amending new items in the ‘what’ of an existing theory will generally make only a marginal improvement, but the ability to identify the ways in which the structural relationships of a theory change under the in ﬂuence of new elements is often the beginning of new perspectives. New explanations —changes in the ‘why’ of a theory —offer the most fruitful, and most dif ﬁcult avenue of theory development.

involves generality and complexity. The second involves what they call ‘closure,’ the degree to which a system is self-consistent, and the degree to which the assertions of any one part of the theory are supported or contradicted by the other parts. The third question involves what they label ‘the level of systematization. ’ This involves the degree to which theory moves toward general scienti ﬁc goals. Parsons and Shils 31 (p 50) propose four different levels of systematization for theories, moving from the most primitive to the most advanced. These are (1) ad hoc classiﬁcation systems, (2) systems of categories, (3) theoretical systems, and (4) empirical –theoretical systems. This implies a schema of increasingly useful kinds of theories based on the relations among the parts of a theoretical system. In Parsons ’s and Shils’s schema, theoretical development implies a ‘hierarchy from ad hoc classiﬁcation systems (in which categories are used to summarize empirical observations), to taxonomies (in which the relationships between the categories can be described), to conceptual frameworks (in which propositions summarize explanations and predictions), to theoretical systems (in which laws are contained within axiomatic or formal theories) ’ 32 (p xiii).

While it is useful to distinguish between taxonomy and theory, it is fair to say that at some points, taxonomy is a kind of theory because it offers a model of existing data and demonstrates the relationships between and among facts. Theories that describe structures offer models without moving parts. In this sense, theories are models that resemble maps or model houses. Theories that describe processes, activities, or systems generally require dynamic descriptions. In this sense, theories are models that resemble model engines or model train sets, and they must describe motion to demonstrate the properties of the systems they resemble. Hal Varian 33 discusses the challenges of theory construction and some helpful approaches to representing aspects of reality in robust yet simple ways. Rather than starting with literature or seeking general features, he advocates seeking useful data on interesting issues.

Dimension Doubleday and Company, Garden City, NY (1966) 519Theory construction in design research ‘Everything should be as simple as possible but no simpler. ’ A model is supposed to reveal the essence of what is going on: your model should be reduced to just those pieces that are required to make it work. ’ The point of modeling—and of theory construction —is showing how things work. 3 Theory construction problems in design research Until recently, the ﬁeld of design has been an adjunct to art and craft. With the transformation of design into an industrial discipline come responsibilities that the ﬁeld of design studies has only recently begun to address. Design is now becoming a generalizable discipline that may as readily be applied to processes, interfaces between media or information artifacts as to tools, clothing, furniture, or advertisements.

To understand design as a discipline that can function within any of these frames means developing a general theory of design. This general theory should support application theories and operational programs. Moving from a general theory of design to the task of solving problems involves a signi ﬁcantly different mode of conceptualization and explicit knowledge management than adapting the tacit knowledge of individual design experience. So far, most design theories involve clinical situations or micro-level grounded theories developed through induction. This is necessary, but it is not suf ﬁcient for the kinds of progress we need. In the social sciences, grounded theory has developed into a robust and sophisticated system for generating theory across levels. These theories ultimately lead to larger ranges of understanding, and the literature of grounded theory is rich in discussions of theory construction and theoretical sensitivity 34–39.

One of the deep problems in design research is the failure to develop grounded theory out of practice. Instead, designers often confuse practice with research. Instead of developing theory from practice through articulation and inductive inquiry, some designers simply argue that practice is research and practice-based research is, in itself, a form of theory construction. Design theory is not identical with the tacit knowledge of design practice. While tacit knowledge is important to all ﬁelds of practice, confusing tacit knowledge with general design knowledge involves a category confusion. Michael Polanyi, who wrote the classic study of tacit knowledge 40, distinguishes between tacit knowledge and theory construction. Where tacit knowledge is embodied and experiential knowledge, theory requires more.

‘It seems to me,’ he writes, ‘that we have sound reason for . . . considering theoretical knowledge more objective than immediate experience. . . . . A theory is something other than myself. It may be set out on paper as a system, of rules, and it is the more truly a theory the more completely it can be put down in such terms ’ 41 (p 4). Polanyi’s41 (pp 3 –9) discussion of the Copernican Revolution addresses some of the signi ﬁcant themes also seen in Varian 33, Deming 19,20, and McNeil22. These address such concepts as descriptive richness, theory as a guide to discovery, and modeling. As a guide to theory construction, this is also linked to Herbert Blumer ’s idea of sensitizing concepts 42–44. All of these possibilities require explicit knowledge, rendered articulate for shared communication and re ﬂection. Explicit and articulate statements are the basis of all theoretical activities, all theorizing, and all theory construction.

This true of interpretive and hermeneutical traditions, psychological, historical, and sociological traditions, and it is as true of these as of quantitative research in chemistry, descriptive biology or research engineering, logistics, and axiomatic mathematics. The languages are different. However, only explicit articulation permits us to contrast theories and to share them. Only explicit articulation allows us to test, consider, or re ﬂect on the theories we develop. For this reason, the misguided effort to link the re ﬂective practice of design to design knowledge, and the misguided effort to propose tacit knowledge or direct making as a method of theory construction must inevitably be dead ends. All knowledge, all science, all practice relies on a rich cycle of knowledge management that moves from tacit knowledge to explicit and back again.

So far, design with its craft tradition has relied far more on tacit knowledge. It is now time to consider the explicit ways in which design theory can be built—and to recognize that without a body of theory-based knowledge, the design profession will not be prepared to meet the challenges that face designers in today ’s complex world.

Press, Staffordshire, UK (2000) pp. 23–33. 521Theory construction in design research ation of methods to a speci ﬁc description of how to develop theory and build speciﬁc theories. This is a task for a future article. Many avenues deserve exploration in the future. These include linking theory building to the perspectives of design science, proposing models of theory construction from other perspectives, generating theory from the practice of leading contemporary designers, and developing such basic tools as a bibliography of resources for theory construction and developing theoretical imagination and sensitivity. Theory-rich design can be playful as well as disciplined. Theory-based design can be as playful and artistic as craft-based design, but only theorybased design is suited to the large-scale social and economic needs of the industrial age.",outputs/batch1/canonical_text_284/c2c57ac5453e.txt,K. Friedman,2002,Proceedings of DRS,,https://www.semanticscholar.org/paper/77be0017d3222a9d67af14b59218c4c05d5fd16a,DT-C02,1,theoretical | practice | sonification | type | value | kernel | science | example | development | artifact | definition | understanding | constructs | space | structure,"Design theory — Theoretical, practice & sonification [DT-C02]",theoretical | practice | sonification | type | value | kernel | science | example | development | artifact | definition | understanding | constructs | space | structure,"Within the predefined Design theory group, DT-C02 is statistically distinguished by theoretical, practice, sonification. Additional contrastive terms include type, value, kernel, science, example. Representative papers include Theory construction in design research. Criteria, approaches, and methods.; Four Criteria for Design Theories. This is an analysis-frozen statistical interpretation, not a final editorial topic label.",Design theory,Statistical bottom-up interpretation,Prior-pilot assignment retained,Contrastive cluster explanation using adapted class-based TF-IDF; not a predefined codebook classification.,Not assigned by Path 1,Not evaluated in this statistical interpretation,Not applicable,Predefined keyword group,Not assigned,BGE-M3 embedding + Spectral clustering,Not assigned,Adapted class-based TF-IDF interpretation,not_applicable,-1,0.0,theoretical | practice | sonification | type | value | kernel | science | example | development | artifact | definition | understanding | constructs | space | structure,False,False,0,,,11.240591,-3.173688,0.05457425117492676,1,1,True,"[{'paper_id': 'f56243f52335', 'title': 'Theory construction in design research Criteria: Approaches, and methods', 'cluster': 1, 'distance': 0.01466226577758789}, {'paper_id': 'fd05a25a5e94', 'title': 'Four Criteria for Design Theories', 'cluster': 1, 'distance': 0.0718001127243042}, {'paper_id': '4db508a9681a', 'title': 'Philosophy of design: A meta-theoretical structure for design theory', 'cluster': 1, 'distance': 0.08855020999908447}, {'paper_id': '83d1ebe7d6c0', 'title': 'Design Theory in Information Systems', 'cluster': 1, 'distance': 0.09865152835845947}, {'paper_id': 'd19f5f66d2ba', 'title': 'A Survey of Definition and its Role in Strengthening Design Theory', 'cluster': 1, 'distance': 0.11671775579452515}]"
c3005cf4cf75,Design theory,Design as interactions of problem framing and problem solving,"We introduce a model of framing in design. The model takes into account a reflective nature of designing, and it is based on the interplay between two conceptually distinct knowledge sources ‚àí an explicit specification of a problem and a solution to it. The approach is novel in the former investigated aspect that is presented as a semi-formal operation of framing, i.e. interpretation of a problem using selected conceptual primitives. We argue that the interpretation of design problems lacks a similar rigorous investigation as problem solving received in both design theory and methodology. Furthermore, two design schemas of frame refinement and problem re-framing are discussed and exemplified.",12,12,c3005cf4cf75_p0009;c3005cf4cf75_p0011;c3005cf4cf75_p0012;c3005cf4cf75_p0013;c3005cf4cf75_p0014;c3005cf4cf75_p0015;c3005cf4cf75_p0016;c3005cf4cf75_p0022;c3005cf4cf75_p0027;c3005cf4cf75_p0030;c3005cf4cf75_p0033;c3005cf4cf75_p0034,"Assume a designer is tackling a design problem; let us denote this design problem as $3$3$3$3. In order to solve design problem $3$3$3$3, the designer characterises it by an explicit selection of statements from a hypothetical space of potentially applicable problem specifications 6666*. Such explicit problem specification , denoted as S⊆⊆⊆⊆ 6666*, provides a context for applicable design methods and domain theories. These methods and theories are tools enabling the designer to satisfy the explicit specification. However, since the problem specification is only an interpretation of $3$3$3$3, the solution satisfying S must not necessarily be a solution to $3$3$3$3. This important distinction is discussed more thoroughly later. We understand problem specification as a set of statements describing the desired states, and expressed in a suitable language; e.g. first-order logic.

1 This is indeed a circumscription [12] whose purpose is to ‘close’ designer’s understanding of an incomplete, ill-defined design problem. (relevant problem specifications). Let us use symbols 6666* and 7777* for a formal notation of the circumscribed knowledge spaces constructed on top of both conceptual entities (6666 and 7777). Space 7777* is ‘a closure’ constituted by the selected conceptualisation 7777 and an appropriate domain theory DT. Domain theory DT is a problem-independent knowledge, possibly applicable to many different problems. For example, physics is a domain theory applicable to a design of elevators as well as spacecraft. However, for different problems, different parts of the domain are used. We say that a generic domain theory DT is ‘instantiated’ for a particular conceptual base 7777, in order to obtain a usable theory for solving the problem.

Let us therefore, refer to closure 7777 * as a problem solving theory. Similarly, closure 6666* as a hypothetical instantiation of the generic problem specification statements 6666 in the chosen conceptualisation ( 7777). Finally, we express design frame ΦΦΦΦ formally, as follows: ΦΦΦΦ = 〈〈〈〈7777, 6666〉〉〉〉, and interpret the terms used in its definition: a) A space of problem conceptualisations 7777 is an ontology, a vocabulary of basic concepts, for which a designer decides they are available for expressing statements about a particular problem. A conceptual base may include a terminology for the definition of functional and structural objects, as well as problem-specific mappings between the functions and structures, e.g. in form of behaviours [13]. b) A domain theory DT is a shared ontology, a generic vocabulary defining the background [14], against which any conceptualisation is applied.

Domain theory per se is too generic and abstract for problem solving; only its interpretation in a specific conceptualisation yields a usable problem solving theory. c) A space of relevant problem specifications 6666 * complements the problem solving theories 7777*. Its principal purpose is to provide a vocabulary for expressing the desires or intentions of a designer in a particular problem [9]. It can be seen as a set of statements that can be formulated about the elements of a particular problem solving theory. Design frames, as defined above, do not exist ‘per se’. They are highly volatile, and are constructed (and re-constructed) on the fly using the information about a particular design problem that is available to a designer. Typically, a designer uses a customer’s initial design brief to identify similar design situations, he or she is familiar with.

These familiar terms then serve as a seed for articulating an initial explicit problem specification ( S). The relationship between familiarity and framing is a desirable corollary of our theory, because it relates to empirical observations [4, 9, 10]. After the initial specification the conceptual design continues with a formulation of a minimal sub-set T ⊆⊆⊆⊆ 7777* that satisfies the ‘given’ problem specification ( S⊆⊆⊆⊆ 6666*). Symbol S denotes all such statements that serve to specify the desires about a design problem $3$3$3$3, to which a designer made a specific and explicit commitment. In other words, a designer tries to shrink the vast space provided by a problem solving theory 7777* into a manageable size that can be manipulated with. This manageable chunk corresponds to the term ‘solution model’ [15, 16]. Or perhaps, due to its generative nature, it is better to call it a ‘problem solving model’.

Formally, a problem solving model is a minimal sub-set of the problem solving theory that sufficiently satisfies the explicit problem specification. Relation ‘satisfies’ is binary, because it associates a problem solving model T with an explicit problem specification S, (with the underlying frame ΦΦΦΦ as a circumscribing contextual parameter). Formal definition of a problem solving model is in (2). ∃ T ⊆ 7*: satisfiesΦ (T, S) ∧ ( ¬∃ Y ⊂ T: satisfiesΦ (Y, S) ) (2) From an operational point, it is possible to distinguish design requirements R from design constraints C, and assert that a problem specification is a union of the two – i.e. S = R ∪∪∪∪ C [14]. In this context, requirements are those statements demanding the explicit presence of a particular feature, whereas constraints are conditions

that must not be explicitly violated by a design solution. More on the conceptual distinction between requirements and constraints can be found in [6, 14]. In this paper, we only present a simplified definition of relation ‘satisfies’ in (3) below: satisfiesΦ ( T, S ) ⇔ {(S = R ∪ C) ⇒ T Ê R ∧ ¬(T, C t ⊥)} (3) In (3), the symbols used have their usual meanings [17] – ‘ ÊÊÊÊ’ is a semantic entailment, ‘tttt’ is a proof-logical implication, and ‘ ⊥⊥⊥⊥’ is an ‘empty’ formula, contradiction. Accordingly, theory T is a problem solving model in respect to a given explicit problem specification S and a design frame ΦΦΦΦ, if it is complete in respect to the required features ( ∀ r∈ R: T Ê r), and admissible in respect to constraining conditions (¬∃ c∈ C: T,c t ⊥). In other words, a candidate solution must have a potential to deliver all required features without contradicting the constraints.

* ∧ specifiesΦNEW ( S’, $3 ) (6) The most radical form of problem and frame re-interpretation is defined in (7). In this particular case, the conceptual foundation of the current conceptual frame ΦΦΦΦ (i.e. 7777 – set of selected conceptual objects) is not consistent with the explicit problem specification S. An admissible solution cannot be found in the current problem solving theory 7777*, because it is inconsistent. To restore the consistency, a new conceptualisation 7777N is chosen. New frame ΦΦΦΦNEW is articulated so that the current explicit specification S⊆⊆⊆⊆ 6666N * is consistent, and an admissible interpretation of a design problem exists (albeit in a different frame, different conceptual vocabulary). Level Reasoning steps and their sequence

The paper was smoothed and thickness was reduced as desired. However, the designer assumed another condition that was never mentioned in the customer’s initial brief. In addition to requiring paper smoothing and thickness reduction, he also demanded the paper remained whole (i.e. not torn or otherwise damaged). In a justifying record of this introduction of new knowledge, he maintained that it was “an obvious condition often not emphasised explicitly”. When we attend to this apparently straightforward situation, we see that the conceptual base 7777 for a problem interpretation remained unchanged. The addition of a new assumption monotonically refined the explicit specification ( 6666 *⊇⊇⊇⊇ S’ = S ∪∪∪∪ {s}). However, this monotonic refinement had implications on the otherwise nonmonotonic problem solving theory 7777 * with a candidate solution (T).

With a new statement, the existing problem solving theory may become inconsistent, and may need to be conceptually amended. However, the actual addition of new concepts is a topic covered by a different reasoning schema in section 2.4. 2.4 Conceptual re-framing & contradictory theory Consider another type of re-interpretation that was observed in the design of paper-smoothing plant, as well as in other experiments. This section refines points 3, 4 from the milestones in section 1, and focuses on the predicate ‘ can-reframe-concept (Φ)’. A sequence of rolling drums with pre- and post-processing units in Figure 1 depicts a candidate solution at a certain stage. This solution had no apparent weakness; it complied with the designer’s experience with similar problems (e.g. metal sheet rolling). However, when a designer took into account the efficiency and controllability of the smoothing operation, a new issue emerged.

Hence, he removed a ‘redundant’ drum from each rolling pair, and replaced the principle of pressing with a principle of abrasion. The components of the plant were similar as before but their conceptual roles were re-interpreted in the new frame, eventually leading to a design depicted in Figure 3. Unlike in section 2.3, where a problem specification was only monotonically refined, this operation went far deeper. It began with a contradictory problem solving theory 7777 *, in which some constraints were always violated (i.e. ∃ c∈ C: 7777*,c t ⊥). Since none of the violated conditions could be ‘retracted’, the designer was forced

to re-visit the applicable domain theory, as interpreted in conceptual terms 7777. Having defined new conceptual primitives (e.g. ‘2D layout’ or ‘abrasion’), he actually changed his conceptual vocabulary for interpreting and solving design problem $3$3$3$3. A new conceptual base 7777 N triggered articulation of a new conceptual frame ΦΦΦΦNEW, and in the context of new frame, the conflicting constraints ‘lost their edge’. The ‘re-conceptualised’ problem solving theory regained its consistency, and design could continue – until other ‘hidden’ expectations in the next steps invalidated the current perspective. The schema for handling contradictions gives a theoretical, knowledge-level background to an empirically observed resolution of physical contradictions in the inventive designs by referring to less-usual conceptual vocabulary [15].",outputs/batch1/canonical_text_284/c3005cf4cf75.txt,"Dzbor, M. (1); Zdrahal, Z. (1)",,ECAI 2002. 15th European Conference on Artificial Intelligence Proceedings,,,DT-C01,0,product | cognitive | impact | load | cognitive load | human | technology | science | understanding | designers | function | conceptual | engineering | methodology | theoretical,"Design theory — Product, cognitive & impact [DT-C01]",product | cognitive | impact | load | cognitive load | human | technology | science | understanding | designers | function | conceptual | engineering | methodology | theoretical,"Within the predefined Design theory group, DT-C01 is statistically distinguished by product, cognitive, impact. Additional contrastive terms include load, cognitive load, human, technology, science. Representative papers include Conceptual foundations of design problem solving; Design Theory and Method of Complex Products: A Review. This is an analysis-frozen statistical interpretation, not a final editorial topic label.",Design theory,Statistical bottom-up interpretation,Prior-pilot assignment retained,Contrastive cluster explanation using adapted class-based TF-IDF; not a predefined codebook classification.,Not assigned by Path 1,Not evaluated in this statistical interpretation,Not applicable,Predefined keyword group,Not assigned,BGE-M3 embedding + Spectral clustering,Not assigned,Adapted class-based TF-IDF interpretation,not_applicable,-1,0.0,product | cognitive | impact | load | cognitive load | human | technology | science | understanding | designers | function | conceptual | engineering | methodology | theoretical,False,False,0,,,10.847041,-4.8873024,0.10573315620422363,10,10,False,"[{'paper_id': '4025e28730c1', 'title': 'Conceptual foundations of design problem solving', 'cluster': 0, 'distance': 0.11867928504943848}, {'paper_id': '4db508a9681a', 'title': 'Philosophy of design: A meta-theoretical structure for design theory', 'cluster': 1, 'distance': 0.1694996953010559}, {'paper_id': 'd19f5f66d2ba', 'title': 'A Survey of Definition and its Role in Strengthening Design Theory', 'cluster': 1, 'distance': 0.171600341796875}, {'paper_id': '2faef10b819d', 'title': 'A design theory for software engineering', 'cluster': 2, 'distance': 0.17255669832229614}, {'paper_id': '141f85abba0a', 'title': 'How to Define Design in Industrial Control and Automation Software', 'cluster': 0, 'distance': 0.17307227849960327}]"
c9175ef9ebfe,Design theory,Management design theories,"This paper elaborates a design science approach for management planning anchored to the concept of a management design theory. Unlike the notions of design theories arising from information systems, management design theories can appear as a system of technological rules, much as a system of hypotheses or propositions can embody scientific theories. The paper illus trates this form of management design theories with three grounded cases. These grounded cases include a software process improvement study, a user involvement study, and an organizational change study. Collectively these studies demonstrate how design theories founded on technological rules can not only improve the design of information systems, but that these concepts have great practical value for improving the framing of strategic organi zational design decisions about such systems. Each case is either grounded in an empirical sense, that is to say, actual practice, or it is grounded to practices described extensively in the practical literature. Such design theories will help managers more easily approach complex, strategic decisions. © IFIP International Federation for Information Processing 2010.",12,12,c9175ef9ebfe_p0003;c9175ef9ebfe_p0004;c9175ef9ebfe_p0008;c9175ef9ebfe_p0009;c9175ef9ebfe_p0010;c9175ef9ebfe_p0017;c9175ef9ebfe_p0020;c9175ef9ebfe_p0021;c9175ef9ebfe_p0028;c9175ef9ebfe_p0042;c9175ef9ebfe_p0058;c9175ef9ebfe_p0059,"This paper proposes a design science research approach to management planning. Design science research (March and Smith 1995) is a generative mode of research. Generative research means that scientific discoveries proceed from the design and creation of artefacts, and from evaluation of such artefacts in use. Design scientists create knowledge by generating designs, generating artefacts from these designs, and studying these artefacts in practical usage. Design science operates with prescriptive rather than descriptive theories because the nature of designs is action oriented. This action orientation arises because designs sh ow how we “do things.” Design theories fundamentally relate a general class of design problems with a general class of design solutions. Design science research has great potential value for management and information systems. It offers a possible improvement in the usefulness of research for management, which is regarded by some authorities as a problem: “academic management

research has a serious utilization problem” (van Aken 2004, p. 219). From this perspective, management research results are too descriptive and historical. For reflective studies for managers facing current problems, the direct usefulness of such histories is questionable. Post mortem analyses of last year’s decisions are less relevant than help and advice for the issues managers face. If management research became less descriptive and more prescriptive, and less historical and more designoriented, the utility of management research could be increased dramatically. Management research could lead to a new form of theory, a design theory consisting of “field-tested and grounded technological rules” (van Aken 2004, 2005b). This notion constitutes a design science research approach to management. Designing involves developing prescriptive, not descriptive, knowledge.

Simon (1996) defines the science of design as the study of the artificial: “the way in which that adaptation of means to environments is brought about” (p. 113). Vaishnavi and Kuechler (2004) define design science research in information systems as “the analysis of the use and performance of designed artefacts to understand, explain and very frequently to improve on the behavior of aspects of Information Systems.” The key concept is the design of an artefact that is meant to be somehow present in reality. While the artefact must be real, is could be a construct, a model, a method, or a material instantiation (March and Smith 1995). Science and design are related in ways that are complex and contentious. Design is a generative production arising when the faculties of reason align in a way that is different from the analytical productions that are prized in science (see Kant 1908).

Conflating science with design will frame the act of designing at a higher level of abstraction. At this level, designs are more universal and address a more general class of problems. We can contrast design science from design itself, which addresses a single, unique design problem. Generality demands theory, and in design science, a design theory is a special form of theory. Design theories share particular characteristics such as principles of form or function, principles of implementation, etc. (Gregor and Jones 2007; Walls et al. 1992). Design science can be found in a variety of professional disciplines such as architecture, information systems, computer science, and engineering. In management, it arises mostly in decision science. As described earlier, van Aken (2004, 2005a, 2005b) argues that the utility of management research would increase if management research becomes prescriptive and design-oriented.

Where van Aken proposed technological rules for designing decisions, these can also be used to express a design theory. This opens the possibility for a design science research approach to management. We have chosen three cases to demonstrate that it is in fact possible to increase utility and help managers in a way that makes it possible and plausible to make better decisions in complex and/or strategic decision situations. The three cases we use are organizational change management, user involvement, and process improvement. For each case, we show how a new design theory appears using “technological rules” as suggested by van Aken. At the end of each case, we also discuss the grounding in social science as well as the (potential) application by managers and the practical implication(s).

Based on a detailed analysis of each approach mentioned in Figure 2, we can formulate the following technological rules for the agenda. These rules systematically embody a management design theory comprising the first element in the process theory of Figure 1.

Our analysis has been able to develop similar rules for the remaining process elements of the theory depicted in Figure 1: observation, analysis, and synthesis processes. Observation is characterized as either detached or participatory. Analysis is characterized as either statistical or interpretive. In terms of modes of synthesis, we found that the various process improvement approaches either confined developers to a finite recommendation set, or allowed an open-ended, generative style for recommendations. Some approaches used a synthesis approach that involved a distinct model for synthesis. Other approaches had less-defined synthesis stages that were dependent on the tacit knowledge or know-how of the developers.

In terms of social science research methodology, this paper reports work that is conceptual in nature; it is design theorizing for the purpose of improving management of process improvement. The theorizing is grounded in an analysis of the published process improvement models, and the theoretical results are expressed as models and technological rules. The analysis (Pries-Heje and Baskerville 2003) of the published models was done following grounded theory coding techniques (Glaser and Strauss 1967; Strauss and Corbin 1998). In the concrete, grounded theory is a qualitative social science research methodology that takes its name from the practice of discovering theory that is grounded in data. Grounded theory is best used in research where one has relatively

The combined findings from a literature study and a field study (see section 4.4 on grounding) describe a management design theory about user participation that comprises three major influences on user participation: complexity, resources, and user identity. For shorthand, we will call this the CRU management design theory for user participation. Below we systematically elaborate each element of the CRU management design theory and formulate technological rules for each of these three elements.

From the search conferences, we identified a number of high-level overall approaches. We analyzed them to determine their distinguishing characteristics and related them to the theories in the literature. We focused on the essential attributes of the organizational setting and the particular way of approaching change strategy. These are refined into ten prominent change strategies that can be represented as technological rules. Each of these approaches was founded on the presence of highly specific conditions in the organizational setting, specific goals for the organizational change, and particular reasons for implementing change in the context of the organizational setting. These foundations embody a management design theory based on conditions, goals, and reasons. For shorthand, we will call this the CGR management design theory. Following this analysis, we set out to elaborate the CGR management design theory to create technological rules to guide change managers in choosing which of the 10 change strategies would be most appropriate in an actual organizational setting.

This paper contributes a fresh perspective on how management planning based on design science operates through expressions of a particular type of design theory called management design theory. These types of theories can be expressed through systems of technological rules. By applying design science research as a guide for designing general frameworks for decision making (that is to say, heuristics), we help managers (in their own perception) more easily approach complex, strategic decisions. The approach is built on the concept of simple design theories and technological rules, a simple expression of the design theory that relates a general organizational situation to a general cour se of action. Three grounded cases—process improvement, user involvement, and organizational change management—illustrate and validate the concepts. Our three cases provide practical contributions.

However, in general, this design science approach to designing management decisions demonstrates that design concepts have great worth for improving management activities, a field of work that is not usually associated with design. This strategic framing of organizational design decisions contributes to the general core of design research by demonstrating that technological rules are an operational form of managerial design theory.",outputs/batch1/canonical_text_284/c9175ef9ebfe.txt,"Pries-Heje, Jan (1); Baskerville, Richard L. (2)",2010,IFIP Advances in Information and Communication Technology,10.1007/978-3-642-12113-5_16,,DT-C03,2,management | service | learning | social | support | theoretical | development | literature | evaluation | practice | analysis | gregor | practitioners | empirical | digital,"Design theory — Management, service & learning [DT-C03]",management | service | learning | social | support | theoretical | development | literature | evaluation | practice | analysis | gregor | practitioners | empirical | digital,"Within the predefined Design theory group, DT-C03 is statistically distinguished by management, service, learning. Additional contrastive terms include social, support, theoretical, development, literature. Representative papers include Web-based information systems: Developing a design theory; Management design theories. This is an analysis-frozen statistical interpretation, not a final editorial topic label.",Design theory,Statistical bottom-up interpretation,Prior-pilot assignment retained,Contrastive cluster explanation using adapted class-based TF-IDF; not a predefined codebook classification.,Not assigned by Path 1,Not evaluated in this statistical interpretation,Not applicable,Predefined keyword group,Not assigned,BGE-M3 embedding + Spectral clustering,Not assigned,Adapted class-based TF-IDF interpretation,not_applicable,-1,0.0,management | service | learning | social | support | theoretical | development | literature | evaluation | practice | analysis | gregor | practitioners | empirical | digital,False,False,0,,,8.078245,-4.320592,0.07314491271972656,2,2,True,"[{'paper_id': '83d1ebe7d6c0', 'title': 'Design Theory in Information Systems', 'cluster': 1, 'distance': 0.10055255889892578}, {'paper_id': '4025e28730c1', 'title': 'Conceptual foundations of design problem solving', 'cluster': 0, 'distance': 0.11891651153564453}, {'paper_id': 'fd05a25a5e94', 'title': 'Four Criteria for Design Theories', 'cluster': 1, 'distance': 0.12195068597793579}, {'paper_id': '2faef10b819d', 'title': 'A design theory for software engineering', 'cluster': 2, 'distance': 0.12221169471740723}, {'paper_id': 'c0372ed4d123', 'title': 'Web-based information systems: Developing a design theory', 'cluster': 2, 'distance': 0.12814199924468994}]"
ceac90427122,Design theory,Design-oriented human-computer interaction,"We argue that HCI has emerged as a design-oriented field of research, directed at large towards innovation, design, and construction of new kinds of information and interaction technology. But the understanding of such an attitude to research in terms of philosophical, theoretical, and methodological underpinnings seems however relatively poor within the field. This paper intends to specifically address what design 'is' and how it is related to HCI. First, three candidate accounts from design theory of what design 'is' are introduced; the conservative, the romantic, and the pragmatic. By examining the role of sketching in design, it is found that the designer becomes involved in a necessary dialogue, from which the design problem and its solution are worked out simultaneously as a closely coupled pair. In conclusion, it is proposed that we need to acknowledge, first, the role of design in HCI conduct, and second, the difference between the knowledge-generating Design-oriented Research and the artifact-generating conduct of Research-oriented Design.",12,12,ceac90427122_p0003;ceac90427122_p0004;ceac90427122_p0006;ceac90427122_p0007;ceac90427122_p0017;ceac90427122_p0019;ceac90427122_p0023;ceac90427122_p0032;ceac90427122_p0041;ceac90427122_p0044;ceac90427122_p0045;ceac90427122_p0047,"Their projects may result in artifacts whose application scope is that of becoming used by the general public, outside of the comforting walls of research laboratories. These two cases illustrate that HCI tends to involve the academic researcher in design, as well as involving the designer from industry in HCI research. Because of this, we argue that HCI needs to be understood and acknowledged as a design-oriented field of research. If the role of design becomes neglected, HCI research may forgetfully become modeled upon the natural or social sciences. These do not typically embrace a proper or elaborate understanding of what design is, nor do they provide insight into what the role of design in research is. Hence, while design-orientation seems to be at the heart of our discipline, we argue that the understanding of this approach to research in terms of philosophical, theoretical and methodological foundations is poor within the field and that issues of design have not yet received proper attention.

This paper intends to address what design ‘is’ and how it is related to HCI. First, we introduce and analyze three competing accounts from design theory of what design is, and second, we examine in detail the concept of sketching as the archetypal activity of the design approach, and how it helps us grasp design work more properly as a kind of dialogue. Finally, to set out an as-yet-largely-absent discussion on the role and character of design in HCI, we propose to make a distinction between the conduct of Design-oriented Research and Research-oriented Design. The Design-oriented Attitude An initial approach to the question of design and designorientation in HCI research is to emphasize that design is a matter of making; it is an attitude to research that involves the researcher in creating and giving form to something not previously there.

Adopting the design-oriented attitude has a number of implications on the way HCI research is both perceived and carried out, which go beyond our initial definition. To reveal some of these implications, it is helpful to turn to design theory. Here, we find what appears to be three competing accounts that provide different but equally important attempts to seize and conceptualize what the vibrant discourse of design really ‘is’ and what it is designers really ‘do’ when they design. These accounts are here named the conservative account , the romantic account, and the pragmatic account . These will now be considered (see Figure 1 for a summary). The Conservative Account From what could be called a conservative account, to be design-oriented is consciously to seek to intervene and manipulate [1], aiming to convert an undesired situation into a desirable one [34].

Here, design is thought of as a scientific or engineering endeavor, borrowing methodology and terminology from the natural sciences, mathematics, and systems theory, drawing on a philosophical base in rationalism. According to this account of design, the design process is supposed to progress gradually from the abstract (requirements specifications) to the concrete (resulting artifacts). Progress is achieved through following a series of well-described, discrete, rational, and structured methodological steps [25]. Hence, the conservative account assumes that there is a ‘problem’ to be solved, and that descriptions of this problem can be comprehensively and accurately produced, if possible in the form of a structured requirements specification [25], which is then fed into the design process. The undertaking of the designer or the group of designers is to find, following the requirements specification, solutions to the described problems that may feasibly be carried out within the boundaries of the design project’s constraints, including issues of cost, time, and performance.

17—18] Like Schön’s notion of reflective conversation, the bricoleur operates from the available means (the concrete tools and materials offered by a specific design situation) but treats them abstractly, by seeking to determine and redefine the roles they can play in the given situation by entering into a dialogue with them [23]. Ihde discusses bricolage as the skill to take on multiple views; possessing a compound eye [18]. Drawing on a philosophical base in pragmatism, the pragmatic account understands tacit and pre-reflective knowledge of everyday life and work—the spontaneous, intuitive performance of the actions of everyday life, termed knowing-in-action [31]—as the main elements of knowledge and as such providing the key for understanding design. Rather than leaning on theories and methodology for guidance, Schön suggests that “reflection-in-action … is central to the ‘art’ by which practitioners sometimes deal well with situations of uncertainty, instability, uniqueness, and value conflict” [31, p.

Conservative Pragmatic Romantic Designer An information processor; a ‘glass box’ A reflective, knowhow bricoleur; a ‘self-organizing system’ A creative, imaginative genius; an artist; a ‘black box’ Problem Ill defined and unstructured; to be defined Unique to the situation; to be set by the designer Subordinate to the final product Product A result of the process An outcome of the dialogue; integrated in the world A functional piece of art Process A rational search process; fully transparent A reflective conversation; a dialogue Largely opaque; mystical Knowledge Guidelines; design methods; scientific laws How each problem should be tackled; compound seeing; experience Creativity; imagination; craft; drawing Role model Natural sciences; engineering; optimization theory Bricolage; human sciences; sociology Art; music; poetry; drama Volume No. 5, Issue No. 1 227

Coyne observes the similarity with scientific inquiry: “the concept of finding a fit between a form and its context I suggested with the same assurance as the suggestion that a scientist compares two items of data, or compares the prediction of a theory with the results of an experiment. Design variables … are presented as if they are variables in some scientific equation.” [8, p. 220] While advocating a science of design, Simon however disliked the tendency of the engineering disciplines at the time to have espoused the scientific goals and the methodologies for achieving them of the natural sciences. By doing so, according to Simon, they had started to overlook and drift away from their focal activities, designing the artificial [34]. Ehn, on the other hand, rejects the whole idea of design as having much in common with the natural sciences [13].

Sketching as Design Thinking In design fields such as architecture and industrial design, sketching has long been recognized as a core professional skill [36]. Design theory typically separates the kind of sketching which we will be concerned with here—that is occurring mostly in the early part of design and envisioned as primarily a tool for thinking—and the drawings that are produced in later stages, for public communication and as presentation aids [15]. The traditional view is to consider sketching simply as a way to externalize ‘images’ thought to be already present in the mind of the designer. Sketching then becomes a useful way in which form, appearance, and character of artifacts that are as yet intangible may be transferred from the designer’s mind onto some lasting medium. Hence, in this view sketching works as a tool or technique useful for communicating with other designers and with customers as it provides a shared language which has no equivalent in ordinary, spoken language, but which allows designers to express themselves.

Design is thus a well-established and widespread approach in HCI research, but one which tends to become concealed under conservative covers of theory dependence, fieldwork data, user testing, and rigorous evaluations. But how does design help HCI researchers move from fieldwork to prototype? Where in HCI is design? Is HCI in Design, or is Design in HCI? The three accounts of design discussed above are different ways of trying to seize the same difficult phenomenon; the nature of design. Some have suggested that design is neither a science nor does it have particular bonds to the humanities, but that it needs to be considered as a ‘third culture’ [7], in which aspects of all the three accounts introduced play an important role. We argue that it is true that design-orientation cannot be seized if only one of these accounts becomes much emphasized over another, nor if one or more of these accounts are completely abandoned.

Fieldwork, theory, and evaluation data provide systematically acquired input to this process, but do not by themselves provide the necessary whole. For the latter, there is only design. Design-oriented Research vs Research-oriented Design Finally, to emphasize the role of design in HCI, we want to propose that the field should make the distinction between the conduct of Design-oriented Research and Researchoriented Design. As noted, design is part of HCI conduct both when it comes to academic researchers as well as to consultants, applied researchers, and designers from industry. We argue, however, that both the role design plays and the main contributions that stem from these two conducts differ, but that HCI is at times forgetful about this difference. Figure 2 illustrates these different conducts.

Design-oriented Research, what we see as the conduct of academic researchers, should have truth or knowledge of some sort as its main contribution, specifically such knowledge that would not have been attainable if design— the bringing forth of the research prototype—were not a vital part of the research process. In some ways, this resembles the way natural scientists may only be able to test a theory by first designing the tools with which to study the proposed phenomena. In design-oriented research, the knowledge that comes from studying the designed artifact in use or from the process of bringing the product into being is the contribution, while the resulting artifact is considered more a means than an end. It should include ‘problem setting’ as an important part, the possibility of exploring possibilities outside of the current paradigm.

Design-oriented HCI may conceptually be thought of as a commitment to technology and technological development that goes beyond critique. Three competing accounts from design theory, which each try to capture what design ‘is’, were introduced; the process-oriented conservative account; the product-oriented romantic account ; and the down-to-earth pragmatic account. Through an examination of the important role of sketching in design work, it was found that design involves the designer in a necessary dialogue with the materials of the design situation, from which the design problem and its solution are worked out simultaneously, as a closely coupled pair. Because of this, it was argued, the role of design in HCI must not simply be seen either as a question of problem-solving, as an artform, or as a bustle with reality: it is on the contrary an Research Design Design ResearchProduction of artifacts Production of knowledge Volume No. 5, Issue No. 1 231",outputs/batch1/canonical_text_284/ceac90427122.txt,"Fallman, Daniel",2003,Proceedings of the SIGCHI Conference on Human Factors in Computing Systems,10.1145/642611.642652,https://doi.org/10.1145/642611.642652,DT-C01,0,product | cognitive | impact | load | cognitive load | human | technology | science | understanding | designers | function | conceptual | engineering | methodology | theoretical,"Design theory — Product, cognitive & impact [DT-C01]",product | cognitive | impact | load | cognitive load | human | technology | science | understanding | designers | function | conceptual | engineering | methodology | theoretical,"Within the predefined Design theory group, DT-C01 is statistically distinguished by product, cognitive, impact. Additional contrastive terms include load, cognitive load, human, technology, science. Representative papers include Conceptual foundations of design problem solving; Design Theory and Method of Complex Products: A Review. This is an analysis-frozen statistical interpretation, not a final editorial topic label.",Design theory,Statistical bottom-up interpretation,Prior-pilot assignment retained,Contrastive cluster explanation using adapted class-based TF-IDF; not a predefined codebook classification.,Not assigned by Path 1,Not evaluated in this statistical interpretation,Not applicable,Predefined keyword group,Not assigned,BGE-M3 embedding + Spectral clustering,Not assigned,Adapted class-based TF-IDF interpretation,not_applicable,-1,0.0,product | cognitive | impact | load | cognitive load | human | technology | science | understanding | designers | function | conceptual | engineering | methodology | theoretical,False,False,0,,,9.925999,-5.400712,0.08198952674865723,3,3,True,"[{'paper_id': '4025e28730c1', 'title': 'Conceptual foundations of design problem solving', 'cluster': 0, 'distance': 0.12183451652526855}, {'paper_id': 'fd05a25a5e94', 'title': 'Four Criteria for Design Theories', 'cluster': 1, 'distance': 0.15201711654663086}, {'paper_id': '141f85abba0a', 'title': 'How to Define Design in Industrial Control and Automation Software', 'cluster': 0, 'distance': 0.15572798252105713}, {'paper_id': 'c9175ef9ebfe', 'title': 'Management design theories', 'cluster': 2, 'distance': 0.1590893268585205}, {'paper_id': '83d1ebe7d6c0', 'title': 'Design Theory in Information Systems', 'cluster': 1, 'distance': 0.15956717729568481}]"
d19f5f66d2ba,Design theory,A Survey of Definition and its Role in Strengthening Design Theory,"This paper argues that an essential task for managing complexity in design is clarification of key terms within the field, and most importantly the term that defines the field itself: Design. This position rests on the argument that theory—a key tool for managing complexity in design—is weakened by ambiguous terminology, and crucially, ambiguity of the word design. Although it has been well documented that design is a highly ambiguous term and that this is problematic for the field as a whole, many designers are resigned to this fact since it is unclear how one can resolve differences of opinion about what such a central and sensitive term means. This paper argues, though, that once designers have a better understanding of the process of definition—a process that has its own complexities—they might see the benefit of trying to define design and other key terms. To this end, this paper provides an overview of definition, borrowing largely from philosophy, which includes a survey of the types and methods of definition and issues related to each. It will also explore methods and criteria by which one can evaluate various competing definitions. From this survey, I propose that designers use a stipulative and pragmatic approach to definition outlined by Edward Schiappa (2003). Schiappa's approach is useful because of these two key underlying assumptions: first, defining design (and related terms) is not a search for the record of past usage but an act to persuade others of how to use the word in the future, therefore the person defining must provide a compelling argument for why others' usage should be modified; second, defining design is not a search for the 'true' or 'real' meaning of a word but instead a goal-oriented process and, therefore, dependent on the context and purpose of those defining the word.",12,12,d19f5f66d2ba_p0001;d19f5f66d2ba_p0005;d19f5f66d2ba_p0006;d19f5f66d2ba_p0007;d19f5f66d2ba_p0008;d19f5f66d2ba_p0009;d19f5f66d2ba_p0010;d19f5f66d2ba_p0024;d19f5f66d2ba_p0026;d19f5f66d2ba_p0028;d19f5f66d2ba_p0036;d19f5f66d2ba_p0040,"Design Research Society Design Research Society DRS Digital Library DRS Digital Library DRS Biennial Conference Series DRS2010 - Design and Complexity Jul 7th, 12:00 AM A Survey of Definition and its Role in Strengthening Design Theory A Survey of Definition and its Role in Strengthening Design Theory Robert Andruchow University of Alberta, Canada Follow this and additional works at: https://dl.designresearchsociety.org/drs-conference-papers Citation Citation Andruchow, R. (2010) A Survey of Definition and its Role in Strengthening Design Theory, in Durling, D., Bousbaci, R., Chen, L, Gauthier, P., Poldma, T., Roworth-Stokes, S. and Stolterman, E (eds.), Design and Complexity - DRS International Conference 2010, 7-9 July, Montreal, Canada. https://dl.designresearchsociety.org/drs-conference-papers/drs2010/researchpapers/2 This Research Paper is brought to you for free and open access by the Conference Proceedings at DRS Digital Library.

networking and mobile computers/phones in which a designer can deliver a message or product through. • A greater emphasis on social responsibility, ethics and environmental stewardship, requiring the designer to have a more informed view of the socio-political context in which their design will exist (Frascara et al, 1997; Papanek, 1975). With each of these sources, theory is a critical tool for the designer. Theory helps designers understand this complexity and more importantly explain how it will impact their design problems and solutions. Epistemological theories are required so a designer can explain when to use qualitative or quantitative research methods. Helping a client determine longterm communication and marketing strategies requires theories about how they will impact product sales. Choosing a medium or technology in which to deliver a message requires theories of communications and semiotics to understand how it may be affected and interpreted.

Lastly, all design solutions affect the socio-political and environmental contexts they are placed within, requiring the designer to have a world-view or ethos based on theories about politics and the environment. In each of these examples, the designer's understanding of the theories being applied have a direct impact on the design solution. For simple design projects, one does not have to be explicit about how their theories impact their design solution and can rely on intuition; but for more complex projects, a designer will be expected (most likely by their client) to explain why a certain world-view or method is used. Building design theory This brief examination brings us to two crucial points: first, theory is becoming more vital for design practitioners as their practice becomes more complex; second, as the examples provided above show, many of the required theories originate in other disciplines: sociology, psychology, political science, marketing, communication studies, etc.

This second point leads us to a new source of complexity in design: the state of design research and how it informs design practice. For this, I turn to two papers: “Language definition and its role in developing a design discourse” by Sharon Poggenpohl, Praima Chayutsahakij and Chujit Jeamsinkul (2004); and, “Constructing a coherent body of theory about designing and designs” by Terence Love (2002). These papers are relevant to the discussion about complexity in design because they both present a summary of the state of design research and they both argue that design must develop its own research discourse rather than rely on other disciplines to strengthen its theoretical development. According to Love (2002), there is growing interest “in the development of a unified body of knowledge and theory about designing and designs” (p. 345). This interest is shared by Poggenpohl, Chayutsahakij and Jeamsinkul (2004), who argue that design research and practice would be well served to have its own “core knowledge” which would lead to the development of “an intelligent discourse” (p.

588). While Love (2001) believes creating a more unified body of theory is gaining interest among design researchers, it has “not yet emerged in spite of extensive research undertaken over several decades, across several hundred domains of practice, and from a wide variety of perspectives” (p. 345). Both list several key reasons for this lack of emergence. According to Poggenpohl, Chayutsahakij and Jeamsinkul (2004) there is a range of “stronger, weaker, or virtually nonexistent discourse traditions” in different sub-disciplines in design (p. 588). Overall, “[d]esign does not have a strong tradition of reflective or critical writing, perhaps because much design knowledge is tacit and formalizing this knowledge through language

is difficult” (Poggenpohl, Chayutsahakij, Jeamsinkul, 2004, p. 588). This is because discourse is “dominated by trade magazines that follow trend and fashion in practice” (Poggenpohl, Chayutsahakij, Jeamsinkul, 2004, p. 588). While Love (2002) does not evaluate the quality of research in design, he does emphasize that it is often “tied” to the subdomain it was created within (p. 346). So, even if we found strong research within a subdomain, according to Love, it is not or cannot be shared with the other subdomains in design. For Love (2002), this inability to share research between subdomains feeds into what he sees as a fundamental reason design has not seen a unified body of theory emerge: “a lack of philosophical foundations” (p. 346). These foundations include: agreement upon “core concepts and terminology” in design to clarify “the scope, bounds and foci of fields of research and theory-making about designing and designs”; greater investigation into epistemological, ontological issues in design; and lastly, better “integration” of design theory and “other bodies of knowledge” (Love, 2002, p.

346). Poggenpohl, Chayutsahakij and Jeamsinkul acknowledge there are critics of the creation of a unified body of theory. They argue these critics disagree because “design is necessarily a synthetic discipline” and, therefore, can rely upon research from research-based disciplines such as “human-computer interaction or social science” (Poggenpohl, Chayutsahakij, Jeamsinkul, 2004, 589). While they agree that design is a synthetic discipline, they disagree that this means it cannot have its own internal discourse. More importantly, they argue “a lack of a specific design discourse with ongoing development, argument, criticism, research findings, etc. hampers development of design as a discipline and prevents design from contributing its knowledge more broadly” (p. 589). Strengthening design theory through definition Clearly, the task of unifying design theory has its own complexities—both in defending the endeavor and in the foundational goals necessary to complete it—but as argued above, if design practice seeks to manage complexity, it must do so with a body of theory and knowledge of its own.

99). The notion of “ought” is crucial here because it implies stipulative definition is a persuasive act. That is, one must provide reasons to its listeners as to why they should change their usage of the term. In relation to defining design, each type of definition has varying levels of use value. Ostensive definition is the least useful type because, as discussed above, it does not explain abstract terms very well; one cannot develop a foundation for a discipline by just pointing to a set of objects. Theory requires an articulation of definition that can be scrutinized through written or spoken language. That said, through the process of articulating a definition of design, it is highly useful to point to examples that are the product of design. This is especially important for when explaining a definition to a design audience that largely learns through visualization.

582). Their emphasis on the organizational aspect of creating a dictionary demonstrates a possible misunderstanding regarding the types of definition. While collecting lexical definitions and creating a dictionary can serve a purpose within a community, it will not help one through the process of selecting and evaluating one dominant definition (or set of definitions) that a whole research community ought to use. This selection and evaluation process is primary and is where difficult theoretical debates about appropriateness and efficacy take place. According to Govier, dictionary definitions do not suffice for complex or abstract concepts where “fundamental” issues of “theory and value are involved” (Govier, 2005, p. 97). Therefore, if ostensive and lexical definitions cannot resolve the definition of design, stipulative definition seems to be the most appropriate type.

Opposed to this essentialist view, are the anti-essentialists of which there are several flavors. The most famous is Ludwig Wittgenstein's theory of family resemblances, which assumes that words such as “game” and “art” do not have such universally true features but rather a patchwork of related resemblances that may or may not fit to each application (Weitz, 2007, p. 190). In the case of defining design, the essentialism debate is very important, since “design” falls into the same category of ambiguous terms as “game” and “art.” One could argue that the elusive nature of the term and inability of the community to come to a shared definition is proof that a finite set of necessary and sufficient conditions does not exist. On the other hand, if we take a pragmatic approach to defining design, one could argue for the essentialist approach based on its utility.

583-584). Dialectic is not only significant here for its relationship to Poggenpohl, Chayutsahakij and Jeamsinkul's description of oral speech acts, but more importantly, it points to a method to be used for not only forming a definition but also achieving consensus among a group of users. A second point regarding the social nature of definition, actually directs us back to lexical definition and the role it plays in conjunction with stipulative definition. One of the traps of stipulative definition is that it cannot simply ignore conventions of language users when making a stipulation. Ignoring convention is called the “Humpty Dumpty theory of definition”, which comes from Lewis Carrol's Alice in Wonderland, where Humpty-Dumpty “says that he can make words mean whatever he wants them to mean” (Govier, 2005, p. 99). Although it is certainly possible for one to define words however one wants, the value of doing so is very limited, since one will have no way of sharing this knowledge with others.

The etymological method helps provide an understanding of how and why the word has changed. The lexical method is used to avoid humpty-dumptyism that increases the chances others will take up the novel definition. Finally, the ostensive method can help one illustrate one's definition by pointing to examples. Future directions “What is design?” As this paper demonstrates, this question is highly complex. It is fraught with as many linguistic and theoretical difficulties as the age-old philosophical question: “What is art?” But, due to its relatively recent emergence as a discipline and limited discourse, there is only a fraction of the literature. This confusion poses problems for the teaching of design and for the sharing of knowledge about design. In fact, the ambiguity is so great, some argue that one cannot even call design a discipline; and as long as design remains as ambiguous as it is today, creating a body of theory unique to it will prove very elusive and, without which, complexity will be even more difficult to manage.",outputs/batch1/canonical_text_284/d19f5f66d2ba.txt,Robert Andruchow,2010,Proceedings of DRS,,https://www.semanticscholar.org/paper/66340bc794b9f491a7459ed19271054c66ec0735,DT-C02,1,theoretical | practice | sonification | type | value | kernel | science | example | development | artifact | definition | understanding | constructs | space | structure,"Design theory — Theoretical, practice & sonification [DT-C02]",theoretical | practice | sonification | type | value | kernel | science | example | development | artifact | definition | understanding | constructs | space | structure,"Within the predefined Design theory group, DT-C02 is statistically distinguished by theoretical, practice, sonification. Additional contrastive terms include type, value, kernel, science, example. Representative papers include Theory construction in design research. Criteria, approaches, and methods.; Four Criteria for Design Theories. This is an analysis-frozen statistical interpretation, not a final editorial topic label.",Design theory,Statistical bottom-up interpretation,Prior-pilot assignment retained,Contrastive cluster explanation using adapted class-based TF-IDF; not a predefined codebook classification.,Not assigned by Path 1,Not evaluated in this statistical interpretation,Not applicable,Predefined keyword group,Not assigned,BGE-M3 embedding + Spectral clustering,Not assigned,Adapted class-based TF-IDF interpretation,not_applicable,-1,0.0,theoretical | practice | sonification | type | value | kernel | science | example | development | artifact | definition | understanding | constructs | space | structure,False,False,0,,,11.265336,-4.3851056,0.08008992671966553,8,8,False,"[{'paper_id': 'fd05a25a5e94', 'title': 'Four Criteria for Design Theories', 'cluster': 1, 'distance': 0.10948723554611206}, {'paper_id': '4db508a9681a', 'title': 'Philosophy of design: A meta-theoretical structure for design theory', 'cluster': 1, 'distance': 0.11193090677261353}, {'paper_id': 'c2c57ac5453e', 'title': 'Theory construction in design research. Criteria, approaches, and methods.', 'cluster': 1, 'distance': 0.11671775579452515}, {'paper_id': '4025e28730c1', 'title': 'Conceptual foundations of design problem solving', 'cluster': 0, 'distance': 0.12430185079574585}, {'paper_id': 'f56243f52335', 'title': 'Theory construction in design research Criteria: Approaches, and methods', 'cluster': 1, 'distance': 0.12492620944976807}]"
d250dc6eb9d9,Design theory,Systems Thinking and Design Thinking: The Search for Principles in the World We Are Making,"Abstract While the concept of system has been part of design theory and practice from the beginning of the discipline, there is renewed interest today in the relationship of systems thinking and design. After reviewing the sources of ambiguity in the commonplace definition of the concept, we can identify four distinctly different interpretations of what a system is, how it operates, and the common purposes that the systems may serve. This leads to a consideration of the value and limitations of systems thinking and systems analysis for design. Systems analysis provides no clear identification of the problems that designers may address. Instead, design turns away from the complexity of situations and surroundings and toward the obstacles and problems faced by human beings in concrete situations, creating environments that may support and improve the quality of human experience. Design is the transformation of surroundings into environments for human experience. We have reached a point where it is important to begin a discussion about the principles of design and the environments that we seek to create.",12,12,d250dc6eb9d9_p0001;d250dc6eb9d9_p0004;d250dc6eb9d9_p0007;d250dc6eb9d9_p0013;d250dc6eb9d9_p0019;d250dc6eb9d9_p0035;d250dc6eb9d9_p0050;d250dc6eb9d9_p0052;d250dc6eb9d9_p0053;d250dc6eb9d9_p0061;d250dc6eb9d9_p0074;d250dc6eb9d9_p0078,"85Systems Thinking and Design Thinking Keywords Systems analysis Design thinking Environments Principles Received December 9, 2018 Accepted April 25, 2019 Email Richard Buchanan (corresponding author) rbuchanan@case.edu Systems Thinking and Design Thinking: The Search for Principles in the World We Are Making Richard Buchanan, Weatherhead School of Management, Case Western Reserve University, USA; College of Design and Innovation, Tongji University, China Abstract While the concept of system has been part of design theory and practice from the beginning of the discipline, there is renewed interest today in the relationship of systems thinking and design. After reviewing the sources of ambiguity in the commonplace definition of the concept, we can identify four distinctly different interpretations of what a system is, how it operates, and the common purposes that the systems may serve.

seeks to identify the variety of ways in which the concept of systems is relevant or has been understood in the design community, with recognition of the pluralism of approaches that are valid and useful for design theory and design research. It also suggests some of the implications that students, designers, researchers, and design theorists may need to consider as the field moves forward in addressing the wicked problems at the center of the complex environments within which design operates today and within which human beings live and play, work and learn. In this way, we may gain a better understanding of the relationship between systems thinking and design thinking as well as new ways to think about systems approaches in design. The Concept of Systems in Design The concept of system has been part of design theory and practice from the beginning of the field and the establishment of its diverse disciplines and practices.

1 The series of conferences is presented in descriptive literature. “The Relating Systems Thinking and Design Symposium series started in Oslo in 2012 with RSD1. The symposium series has the intention to promote and foster the emerging dialogue of rethinking systems approaches in design.” Systemic Design, “RSD Symposia: Proceedings,” accessed May 7, 2019, https://systemic-design. net/rsd-symposia/. This work is grounded, of course, on a much larger body of literature in general systems theory identified by Kenneth Boulding in 1956 and the related work in social systems, organizational systems, or information systems upon which the systemic design movement is based. For a recent example, see Gary S. Metcalf, ed., Social Systems and Design (New Y ork: Springer, 2013).

It is true that the agenda of such institutions involves a mixture of successes and failures that are open to critique. What this demonstrates, however, is not the failure of designers to grasp the significance of systems or systems thinking or systems analysis, but rather the ongoing pluralism of approaches in the exploration of design and systems as new insights are gained and as new creative possibilities emerge. 9 Further, it demonstrates the danger of philosophical entrapment: becoming trapped in one or another theory of systems, ignoring the insights that may come from considering other perspectives. One of the great strengths of design in the past century is the central focus on what is concrete in human experience—the issues and problems that human beings face in their lives and what human beings can create and make in products to overcome those issues or problems—without excessive ideological concern for differences of theory and philosophy among designers and their movements or schools.

89Systems Thinking and Design Thinking Ambiguities of the Concept of Systems Serious consideration of the relationship between systems and design should begin with recognition of the deep ambiguity in the concept of system itself. Of course, many discussions of systems and systems thinking quickly pass over the ambiguity of the term, preferring instead to move on to one or another favored theory—and there are many favored system theories. Nonetheless, recognition of the ambiguity is important if one is to understand the diversity of perspectives that are evident in literature and in practice. The ambiguity is revealed in any of the commonplace definitions of a system. Commonplace definitions serve the purpose of providing a general sense of a term that allows discussion to move forward even among competing approaches. Typically, such definitions identify the places of ambiguity where differences of interpretation arise, leading to different understandings and directions for inquiry and more focused definitions of systems.

18 The Chicago nexus of design thought that emerged in the period of 1968 to 1972, linking Dewey (who taught at Chicago and influenced the university), Moholy-Nagy (a friend of Dewey, influencing the New Bauhaus in Chicago), Simon (a student of the neo-positivist Rudolf Carnap at Chicago), and McKeon (Dean and Professor at Chicago and a student of Dewey and F. J. E. Woodbridge at Columbia, and Étienne Gilson in Paris) deserves close attention if one is to understand the humanistic turn in design theory and practice. It also helps to explain the difference between the unfolding of a humanistic philosophy of design and the neo-positivist design philosophy of Simon and others, and, further, the emergence of rhetoric and dialectic in design in the following decades. The four modes of thought are evident in the four broad clusters of definitions of system in common usage (Figure 2).

West Churchman, Peter Checkland, and many others—tend to provide a similar account, based on the application of systems concepts to an exceptionally diverse range of phenomena. Their accounts are similar because they believe that a system understanding, while highly theoretical in modeling, can come to ground in specific disciplines and, most important here, in the desire for practical action. Their work is highly interdisciplinary, yet the theme of systems connects their diverse experiences. As Boulding argues in his well-known paper “General Systems Theory is a name which has come into use to describe a level of theoretical model-building which lies somewhere between the highly generalized constructions of pure mathematics and the specific theories of specialized disciplines.” His focus is on establishing a new science of systems. From a similarly elevated perspective, Russell Ackoff explains, “System is more than just a concept.

The particular features of design practice in these accounts vary greatly, with different versions of the steps of design process, but they are informed by what the systems theorists believe is better understanding of how complex our surroundings are—perhaps not an entirely profound observation. Curiously, however, few of the early accounts of general systems theory or systems thinking and its application to design practice include any reference to the work of professional designers and design theorists of the twentieth century. It is as if they never existed and never, themselves, held views on alternative concepts of systems. There is no simple comparison between the specific practices of design viewed from the perspective of general systems theory and the historical and contemporary practices of professional designers working in the various design disciplines. As Peter Jones observes, there are many variations across the breadth of the design

“General Systems Theory—The Skeleton of Science,” Management Science 2, no. 3 (1956): 197, available at https://www. jstor.org/stable/2627132. For an example of modeling system dynamics in the context of management, human systems, and policy design, see John D. Sterman, “System Dynamics: Systems Thinking and Modeling for a Complex World,” Working Paper Series (ESD-WP-2003- 01.13-ESD Internal Symposium), Massachusetts Institute of T echnology Engineering Systems Division, Cambridge, MA, May 29–30, 2002, available at http:// hdl.handle.net/1721.1/102741. This paper demonstrates a productive relationship of systems thinking and the themes of design in the area of policy design for a large corporation.

97Systems Thinking and Design Thinking in the mode of construction described earlier. The whole is more than the sum of its parts, but we only understand the whole through the arrangements and constructions of parts that are guided by the whole. The goal of general systems theory is a searching for insights into that broadest whole, seeking a “system of systems.” As Boulding writes, “In recent years increasing need has been felt for a body of systematic theoretical constructs which will discuss the general relationships of the empirical world.” Similar ideas form the basis of other approaches to systems thinking, all recognizing emergent properties that belong to the whole in itself rather than its parts. For the other community, the community of designers and design thinkers, the concept of a system is often found in the mode of resolution described earlier.

This leads to a provocative question for systems thinking: Do human beings ever really experience a system? There are two answers to this question. From one perspective, it is clearly—and virtually by definition—impossible to experience a system if what we mean by system is a model of the complexity of a situation—a model that describes the past, present, and future of a situation or environment. In such a case, the understanding of a model is not the same as experiencing the reality of a complex situation. As it is often said, “the map is not the territory.”

The model points toward certain relationships in a situation, but the situation itself exceeds the ability of the model to encompass it. Indeed, if what we mean by a system is not the model but the actual totality of all that has happened, is happening, and will happen in a hypothetical system, then we must recognize that this is beyond any individual’s capacity to experience. For example, one may understand the conceptual model of the Solar System, but our actual experience of the Solar System is limited to however many times we have circled the Sun in our lives. Indeed, the model of a system (including the Solar System) is under continual review and modification as we discover new factors that heretofore have not been included in the model. This leads to the second answer. If what we experience is not the system itself, which is a fragile and abstract conceptual model, limited by the proud but frail ability of human beings to capture the actual complexity of our environment, what is it that we experience?",outputs/batch1/canonical_text_284/d250dc6eb9d9.txt,Richard Buchanan,2019,"She Ji: The Journal of Design, Economics and Innovation",,https://www.semanticscholar.org/paper/d64394099025a58afe7de86086203be82f736091,DT-C01,0,product | cognitive | impact | load | cognitive load | human | technology | science | understanding | designers | function | conceptual | engineering | methodology | theoretical,"Design theory — Product, cognitive & impact [DT-C01]",product | cognitive | impact | load | cognitive load | human | technology | science | understanding | designers | function | conceptual | engineering | methodology | theoretical,"Within the predefined Design theory group, DT-C01 is statistically distinguished by product, cognitive, impact. Additional contrastive terms include load, cognitive load, human, technology, science. Representative papers include Conceptual foundations of design problem solving; Design Theory and Method of Complex Products: A Review. This is an analysis-frozen statistical interpretation, not a final editorial topic label.",Design theory,Statistical bottom-up interpretation,Prior-pilot assignment retained,Contrastive cluster explanation using adapted class-based TF-IDF; not a predefined codebook classification.,Not assigned by Path 1,Not evaluated in this statistical interpretation,Not applicable,Predefined keyword group,Not assigned,BGE-M3 embedding + Spectral clustering,Not assigned,Adapted class-based TF-IDF interpretation,not_applicable,-1,0.0,product | cognitive | impact | load | cognitive load | human | technology | science | understanding | designers | function | conceptual | engineering | methodology | theoretical,False,False,0,,,9.60091,-4.4996853,0.08550208806991577,4,4,False,"[{'paper_id': '83d1ebe7d6c0', 'title': 'Design Theory in Information Systems', 'cluster': 1, 'distance': 0.12248998880386353}, {'paper_id': '4025e28730c1', 'title': 'Conceptual foundations of design problem solving', 'cluster': 0, 'distance': 0.12301528453826904}, {'paper_id': '4db508a9681a', 'title': 'Philosophy of design: A meta-theoretical structure for design theory', 'cluster': 1, 'distance': 0.13140535354614258}, {'paper_id': 'fd05a25a5e94', 'title': 'Four Criteria for Design Theories', 'cluster': 1, 'distance': 0.13481462001800537}, {'paper_id': 'f56243f52335', 'title': 'Theory construction in design research Criteria: Approaches, and methods', 'cluster': 1, 'distance': 0.15181410312652588}]"
d2fba2826d90,Design theory,Design Principles for Platform-Enabled Knowledge Commons with an Expository Instantiation,"Knowledge commons play a pivotal role in knowledge creation and sharing in the digital economy. The motivation for this research was the opportunity to develop a knowledge commons for IT service management (ITSM) practitioners. To obtain guidance to design the knowledge commons, we critically reviewed commons design principles (DPs) that were based on a well-established economics theory. We observed that the commons DPs had significant gaps when applied to IS practice. Hence, we developed an alternate set of DPs that we refer to as platform-enabled knowledge commons (PEKC) DPs that are relevant to IS practice. This paper discusses the development of PEKC DPs and applies them in instantiating an IS artifact, Service-Symphony. Service-Symphony is a purpose-built, public-facing knowledge repository developed for the benefit of ITSM practitioners and students. Our research followed the design science research (DSR) paradigm and contributes to the body of knowledge by establishing a multigrounded design theory comprising meta-requirements and DPs. To bridge theory and practice, we assessed the reusability of PEKC DPs through focus group interviews with IS architects. Our case study illustrates the complete life cycle of DPs covering conceptualization, initial formulation, iterative refinement, application to an important real-world instantiation, and evaluation by a group of independent IS practitioners.",12,12,d2fba2826d90_p0008;d2fba2826d90_p0011;d2fba2826d90_p0016;d2fba2826d90_p0017;d2fba2826d90_p0023;d2fba2826d90_p0024;d2fba2826d90_p0032;d2fba2826d90_p0068;d2fba2826d90_p0081;d2fba2826d90_p0083;d2fba2826d90_p0086;d2fba2826d90_p0088,"Our research aims to bridge the social and technological aspects of a knowledge platform design by adapting commons theory. Commons theory is a prominent economic theory that analy zes the sustainability of sharing natural resources such as rivers, forests, and fisheries (Ostrom, 1990). Knowledge commons is a subset of commons theory that considers knowledge as a shareable resource (Hess & Ostrom, 2007). As part of a wider research project, we conducted a systematic literature survey and found that knowledge commons research encompasses a broad scope covering intellectual property, knowledge cities, industrial commons, academic commons, open source systems, and learning commons (Ramakrishnan et al., 2021). This survey found that the role of IS platforms was not prominent in knowledge commons applications. Hence, in the current research, we focused on a problem we had encountered in information system s (IS) practice, namely the development of platform-enabled knowledge commons (PEKC).

We contribute to DSR knowledge by deriving and applying IS-specific DPs that capture the “know-how” aspect of building the IS artifact (Gregor et al., 2020; Gregor & Hevner, 2013). The DPs are considered a key part of design theory (Baskerville et al., 2018; Gregor et al., 2020; Gregor & Jones, 2007; Gregor et al., 2013). The application of the DPs was demonstrated in an instantiation and evaluated by tar get practitioners to ensure that they could potentially find them useful for creating other solution instances (Iivari et al., 2018; Iivari et al., 2021). The remainder of the paper unfolds as follows. The background of ITSM practice and commons theory is discussed in the next section. The research methods section explains the adaption of DSR steps to suit this research. The remaining sections are aligned with the research steps of design, artifact evaluation, DP evaluation, and discussion.

However, Ostrom (1990) observed that there are many successful commons models based on mutual trust between the participating actors that use the commons. The body of work Ostrom has produced was acknowledged as one that “contributes to some of the most important questions of the twenty-first century” (Wall, 2014, p. 3), and she was awarded the Nobel prize for her analysis of economic governance, especially of commons, in 2009. Ostrom’s commons theory is underpinned by the principles of self -governance, collaboration, and collective action. During the latter part of Ostrom’s career, she collaborated with another researcher , Charlotte Hess, and extended the application of the natural commons model to knowledge. Hess and Ostrom (2007, p. 21) observed that knowledge commons is an exciting field that enables us to “creatively design new systems that tap into the limitless capabilities of digital information technologies.” Knowledge commons theory has been applied to a wide range of overlapping practices including but not limited to public policy, intellectual property rights, legal studies, and innovation (Albagli et al., 2018; Allen & Potts, 2016; Frischmann et al., 2014; Rathwell et al., 2015).

exception is the research paper by Mindel et al. (2018), which unifies the tragedy of the commons and Ostrom’s theory to design a polycentric information commons. The polycentric information commons is a conceptual framework balancing collaboration and self-centric human behaviors to develop a sustainable implementation of information commons. The conceptual model, however, was not extended to develop DPs. One of the contributions of Ostrom’s research is the development of eight DPs. The DPs emphasize factors that exist in most robust commons governance organizations and are absent in failed systems (Ostrom, 1990). IS researchers have applied Ostrom’s DPs to study the success of the online knowledge collaboration platform, Wikipedia. Viégas et al. (2007) applied four of the eight DPs in analyzing Wikipedia’s featured article (FA) process.

through MRs MRs describe the goals that are address ed in the class of problems (Kuechler & Vaishnavi, 2012; Walls et al., 2004; Walls et al., 1992) . MRs and DPs are essential components of a design theory (Gregor & Jones, 2007; Walls et al., 1992) . Goldkuhl (2004) proposed that a good design theory should be grounded in multiple dimensions. The se dimensions are an internal dimension, an external theoretical dimension, and an empirical dimension (Goldkuhl, 2004) . Internal grounding implies the grounding of a design theo ry in its own specific background knowledge. The external theoretical grounding describes how the proposed design theory relates to other external theories. External theoretical grounding is also supported by Baskerville et al. (2018) . The empirical grounding addresses how the design knowledge is practically relevant to the user community.

In this research, the internal grounding is demonstrated by deriving the MRs from the knowledge of ITSM practitioners. The commons theory served as a basis for external theoretical grounding. The evaluation of the artifact and reusability evaluation of the DPs contributed to the empirical grounding of the design theory. MRs were identified by understanding stakeholder needs (Lins et al., 2019) and synthesi zing literature from the relevant domain (Haj-Bolouri et al., 2020) . One of the authors initially discussed the idea of developing a knowledge repository for ITSM knowledge with the ITSMF Australia stakeholders. The initial reaction was positive. Some of the questions that were raised by the practitioners were : “How is your repository going to be different from the ITIL online books?” “How do you keep the repository up to date?” and “How can we trust the knowledge in the repository?” These questions underpinned the objectives of the knowledge repository and formed a base for meta-requirements.

As ITSM students, we want to trust PEKC knowledge so that we can use the information in our academic assignments. Trust is one of the key aspects of commons theory. The participative governance principles are underpinned by the mutual trust of the members within the community. To support the design of a PEKC that is trustworthy, the following MR is introduced. MR3—Community trustworthiness: The PEKC instance should be considered trustworthy by the target communities. The three MRs captured the objectives of the solution. The next section describes the design phase . Figure 4 visually represents the approach to developing MRs.

The exploratory FG should be used when the design artifact is intended to refine or improve the design. The confirmatory FG should be employed when the design artifact’s utility needs to be confirmed. In our research case, we consider the FG to be confirmatory, as the primary goal is to confirm the reusability of the DPs in practice. The activities of the FG are: (1) problem definition, (2) identification of the participants, (3) moderator discussion guide, (4) conducting the FG, and (5) analysis and interpretation (Stewart & Shamdasani, 2014). We describe the key activities of problem identification, participant identification , and results analysis in the following sections. The objective of the FG is to perform a confirmatory evaluation of the PEKC DPs based on the five criteria of the reusability evaluation framework (Iivari et al., 2021).

The seminal paper by Gregor and Hevner (2013) proposed three levels of knowledge contribution in DSR research. They proposed that the DSR contributions can be at Level 1, situated instantiations of artifacts ; Level 2, Nascent design theory , which could include DPs, methods, models, and technological rules; or Level 3, grand theories and midrange theories. This research contributes to both Level 2 and Level 1 by developing DPs and applying them to an instantiated artifact that was developed through the research. DPs are regarded as one of the important outcomes of design knowledge (Cronholm & Göbel, 2018; Iivari et al., 2018; Iivari et al., 2021) . The DPs are targeted at solution architects who can use diverse ways to apply the DPs to create specific instances. For example, solution architects could design a knowledge commons specific to their organization to enable diverse teams to innovate together to solve a problem.

• The MRs and DPs are internally, externally, and empirically grounded , which is one of the aspects of a good design theory, according to Goldkuhl (2004). • Finally, the reusability evaluation of the DPs (Iivari et al., 2021) by the IS practitioner community represents a significant step toward closing the gap between research and practitioner communities.

This paper addressed the research question around the formulation and evaluation of DPs: What are the design principles that will provide guidance to IS practitioners when developing a PEKC? This research answered this question through an exemplar case study, contributing to both DSR theory and practice. The key aspects of our research are: • Begin with a practitioner problem that impacts a global practitioner community and is not confined within any specific organizational boundaries. To manage scope, we worked closely with a professional body and formed a governance group. We translated the objectives of the design into a set of MRs. • We also identified an applicable economics theory during the initial stages of research. This position ensured that theory and artifact design fed each other iteratively. • We adapted the Agile development method to engage an expert panel, which ensured that Service-Symphony met the diverse needs of practitioners. • We assessed the DPs with a focus group of IS architects to demonstrate the pragmatic, reusability value of the DPs to IS practice. • We grounded the MRs and DPs externally, internally, and empirically, thus contributing to a coherent, multigrounded design theory.

To design an IS artifact , DPs should be considered from multiple perspectives. PEKC DPs address the knowledge governance aspect of the design. In the future, we will expand the DPs to address innovation -centric knowledge and enterprise architecture. Commons theory propose s a conceptual model, the institutional analysis and development (IAD) framework, to systematically analyze commons (Albagli et al., 2018; Frischmann et al., 2014; Ostrom, 2019). Our future work will consider a more refined design theory , comprising MRs, multidimensional DPs, and a conceptual model. There are research opportunities to refine DSR methodology to align with",outputs/batch1/canonical_text_284/d2fba2826d90.txt,M. Ramakrishnan; Shirley Gregor; Anup Shrestha; J. Soar,2023,Journal of the AIS,,https://www.semanticscholar.org/paper/3e67cd0d0c79603b5118e7a44b1153b4cd7553ad,DT-C03,2,management | service | learning | social | support | theoretical | development | literature | evaluation | practice | analysis | gregor | practitioners | empirical | digital,"Design theory — Management, service & learning [DT-C03]",management | service | learning | social | support | theoretical | development | literature | evaluation | practice | analysis | gregor | practitioners | empirical | digital,"Within the predefined Design theory group, DT-C03 is statistically distinguished by management, service, learning. Additional contrastive terms include social, support, theoretical, development, literature. Representative papers include Web-based information systems: Developing a design theory; Management design theories. This is an analysis-frozen statistical interpretation, not a final editorial topic label.",Design theory,Statistical bottom-up interpretation,Prior-pilot assignment retained,Contrastive cluster explanation using adapted class-based TF-IDF; not a predefined codebook classification.,Not assigned by Path 1,Not evaluated in this statistical interpretation,Not applicable,Predefined keyword group,Not assigned,BGE-M3 embedding + Spectral clustering,Not assigned,Adapted class-based TF-IDF interpretation,not_applicable,-1,0.0,management | service | learning | social | support | theoretical | development | literature | evaluation | practice | analysis | gregor | practitioners | empirical | digital,False,False,0,,,7.5382843,-2.8934543,0.11938512325286865,11,11,False,"[{'paper_id': '288676f720a1', 'title': 'A design theory for digital platforms supporting online communities: a multiple case study', 'cluster': 2, 'distance': 0.15766870975494385}, {'paper_id': '67d72b35ce6b', 'title': 'A nascent design theory for explainable intelligent systems', 'cluster': 2, 'distance': 0.1888291835784912}, {'paper_id': '85c3a6761bcc', 'title': 'Designing Process Guidance Systems', 'cluster': 2, 'distance': 0.19533544778823853}, {'paper_id': '83d1ebe7d6c0', 'title': 'Design Theory in Information Systems', 'cluster': 1, 'distance': 0.19647526741027832}, {'paper_id': '1728dd2afe4b', 'title': 'Design theory in practice – Making design science research more transparent', 'cluster': 1, 'distance': 0.20104128122329712}]"
dc61c8a1dcd6,Design theory,Multiscale Design Strategies in a Landscape Architecture Classroom,"We derive a theory of multiscale design through a study of a landscape architecture studio classroom. We find that processes of designing, to meet a site's situated needs, involve creating and connecting representations across levels, such as overview and detail. We introduce multiscale design theory, which works to understand how designers explore, juxtapose, and synthesize relationships across levels of scale. We identify three design strategies landscape architecture students use to work with scale: multiply, map, and shift perspective. We combine these strategies with prior literature, across fields, to initiate a theory of multiscale design.",12,12,dc61c8a1dcd6_p0001;dc61c8a1dcd6_p0004;dc61c8a1dcd6_p0005;dc61c8a1dcd6_p0008;dc61c8a1dcd6_p0015;dc61c8a1dcd6_p0016;dc61c8a1dcd6_p0017;dc61c8a1dcd6_p0019;dc61c8a1dcd6_p0020;dc61c8a1dcd6_p0021;dc61c8a1dcd6_p0022;dc61c8a1dcd6_p0023,"personal or classroom use is granted without fee provided that copies are not made or distributed for profit or commercial advantage and that copies Abstracting with credit is permitted. To copy otherwise, or republish, to post on servers or to redistribute to lists, requires prior specific permission and/or a fee. Request permissions from Permissions@acm.org. DIS ‘18, June 9–13, 2018, , Hong Kong licensed to ACM. https://doi.org/10.1145/3196709.3196812 Nic Lupfer Hannah Fowler Alyssa Valdez Interface Ecology Lab nic@ecologylab.net hannah.fowler1217@tamu.edu alyssavaldez@tamu.edu Andrew M. Webb LRI, Univ. Paris-Sud, CNRS Inria, Université Paris-Saclay Orsay, France andrew.webb@lri.fr Jeremy Merrill Galen Newman Department of Landscape Architecture Urban Planning jmerrill42@tamu.edu gnewman@arch.tamu.edu Andruid Kerne Interface Ecology Lab andruid@ecologylab.net

Student designers synthesize analysis components, crossing a variety of contexts and scales, to develop sets of design proposals, both conceptual and schematic, which address encountered problems. They engage in a process intended to encourage them to enter into a dialectic relationship with the site and design dilemma. They must propose ultimate particular [15] solutions, which map directly on to the site, while at the same time analyzing these solutions in terms of larger contexts [14]. As their design evolves, students must shift their thinking across scales, to connect and relate their design to personal, civil, social, and environmental processes. In the studio space, students are assigned desks in clusters with their other team members. The desks were often covered with sketches and tracing paper.

Our understanding of multiscale design comes from sustained study of an undergraduate level landscape architecture design studio course, Landscape Design III. The course had 3 instructors and 20 students. The students were divided into 6 teams, each with between 3 and 5 members. The course included some traditional lectures, but primarily focused on studio sessions, in which student teams worked on their projects alongside instructors. The course is structured around a semester-long project,in which all teams are given the same landscape site and design problem to solve. During the semester of our investigation, the specific problem involved a 97-acre region in League City, Texas, USA. The task was to design a development plan for the site, involving both residential and commercial properties, which addressed projected sea-level rise and increasing housing needs. Students pin their sketches and drawings to walls to spatially organize them. In this picture, an instructor is talking with students about their sketches.

Interviews were analyzed using the grounded theory method of open coding [4]. Additionally, we collected design artifacts from these two teams. These artifacts were taken from different stages of their design processes. Using a visual grounded theory approach [9, 11], we categorized the artifacts based on their visual features. From this, we derived strategies, i.e., discursive, open-ended descriptors for how people approach and engage in creative processes [8]. We identified three main strategies: multiply, map, and shift perspective.

The shift perspective strategy involves using views from different zoom levels and angles to gain a wider understanding of a context. We observed this strategy manifesting through models, either digital or physical, and through perspective renderings, such as bird’s eye, cross section, and ground level views. Shift perspective is sometimes invoked in conjunction with the map strategy to situate perspective views among other representations. Section + Perspectives Students created 3D models of the site using SketchUp and AutoCAD to easily see how their designs fit together within different contexts. The models helped them see issues and other aspects that needed to be addressed that may have been overlooked before the model. In P2’s words, “The [3D] model made us realize how big things were, [we needed to] scale things differently... Because we realized ‘that’s too big’ or ‘we need to make that smaller’”.

P4 echoes this sentiment, saying “We put it to scale so that it wasn’t just random anymore and that way we actually knew where stuff could go”. In the above design artifact, Team FAD Visions is showing a cross section view of their 3D model of their proposal for the site. They also included an overview image of the their “Master Plan” in the top right. The red line in the overview is a form of the map strategy, connecting the cross section to its location within the “Master Plan”.

In their physical model, Team FAD Visions placed their design proposal as a removable section which stood on stilts above the model of the original version of the site. P2 explains, “We wanted it to show how the site changes”. Physical models manifest a form of the shift perspective strategy. They stimulate embodied cognition by situating the viewer relative to their 3D spatial forms [10, 7]. The way in which one transitions between perspectives when viewing a physical model is similar to the continuous transitions of scale within zoomable free-form spaces [8]. Experiencing the variability of relationships between designer and problem contexts has the potential to function as provocative stimuli [13], which can help overcome fixation. We also see students manifest other multiscale strategies within their physical models, further extending a model’s use as embodied, spatial metaphor [10]. Students created physical models of the design site and surrounding areas to help them visualize and understand the context.

Next, to abstract from our findings, we mesh this new theory of multiscale design with prevailing theory. As mathematical biologist, D’Arcy Wentworth Thompson states, “The effect of scale depends not on a thing itself, but in relation to its whole environment or milieu” [16]. Architecture theorist Stan Allen claims, “Form matters, but not so much the forms of things, as the form between things”[1]. Another theorist, Corajoud, explains, “Crossing through scales is about controlling simultaneously and in the same way, the general and the specific, the close and the far” [3]. Multiscale design theory addresses ways in which design representations facilitate “crossing scales”. Architecture students work with and think about representations in a nonlinear manner across scales [12]. They need to present large amounts of information that often possess multiple relationships to other parts of their design.

Prior theory contributes to our understanding. Ellin’s understanding of the role of scale contributes to multiscale design theory, b y shifting focus to, “Process rather than the product, relationship (or context) rather than isolated objects, and complementary rather than opposition” [6]. The practice of multiscale design strategies, in landscape architecture studio classrooms, contributes a model for future research, to explore new methods and interaction techniques supporting multiscale design. We hypothesize that multiply, map, and shift perspective strategies represent an initial set of discursive creative methods for seeing and doing multiscale design. Future work can then investigate to what extent the present theory is generalizable or context specific and how multiscale design is alternatively performed. These studies need to address various educational and professional design studio contexts.

Multiscale Design Theory Our work to formulate theory begins with understanding how student designers think about and deal with scale during design processes. We made observations, performed interviews, and collected and analyzed their design artifacts. From this data, we identified three visual design strategies that they used to deal with scale: multiply, map, and shift perspective. The strategies are interconnected. They often appear in conjunction with one another. Students multiply to explore and create different representations of a design context. They map these, and other, representations together to connect and relate them. And through these mappings, they are assisted in shifting perspectives, to see the context through multiple vantage points. These strategies work together, helping the students understand the design context as a whole.

Multiply and map, in combination, represent particular ways of performing free-form curation’s assemble strategy [8], that is, structured ways of putting content elements together. The assemble strategy was found to be significant in processes of design ideation involving invention and prior work. We synthesize the strategies to initiate a theory of multiscale design. We define multiscale design as the use of space and scale to explore and articulate relationships. Multiscale design involves the juxtaposition and synthesis of diverse design elements--including physical, geographic, and abstract representations-- and through these elements, the contexts in which they are situated. Multiply Map Shift Perspective

This material is based upon work supported by the National Science Foundation under grant IIS-1247126. Any opinions, findings, and conclusions, or recommendations expressed in this material are those of the authors and do not necessarily reflect the views of the NSF.",outputs/batch1/canonical_text_284/dc61c8a1dcd6.txt,"Lupfer, Nic and Fowler, Hannah and Valdez, Alyssa and Webb, Andrew and Merrill, Jeremy and Newman, Galen and Kerne, Andruid",2018,Proceedings of the 2018 Designing Interactive Systems Conference,10.1145/3196709.3196812,https://doi.org/10.1145/3196709.3196812,DT-C01,0,product | cognitive | impact | load | cognitive load | human | technology | science | understanding | designers | function | conceptual | engineering | methodology | theoretical,"Design theory — Product, cognitive & impact [DT-C01]",product | cognitive | impact | load | cognitive load | human | technology | science | understanding | designers | function | conceptual | engineering | methodology | theoretical,"Within the predefined Design theory group, DT-C01 is statistically distinguished by product, cognitive, impact. Additional contrastive terms include load, cognitive load, human, technology, science. Representative papers include Conceptual foundations of design problem solving; Design Theory and Method of Complex Products: A Review. This is an analysis-frozen statistical interpretation, not a final editorial topic label.",Design theory,Statistical bottom-up interpretation,Prior-pilot assignment retained,Contrastive cluster explanation using adapted class-based TF-IDF; not a predefined codebook classification.,Not assigned by Path 1,Not evaluated in this statistical interpretation,Not applicable,Predefined keyword group,Not assigned,BGE-M3 embedding + Spectral clustering,Not assigned,Adapted class-based TF-IDF interpretation,not_applicable,-1,0.0,product | cognitive | impact | load | cognitive load | human | technology | science | understanding | designers | function | conceptual | engineering | methodology | theoretical,False,False,0,,,8.9096,-5.2327476,0.1566561460494995,15,15,False,"[{'paper_id': '00781ed0e844', 'title': 'Cognitive Point of View in Recursive Design', 'cluster': 0, 'distance': 0.19179236888885498}, {'paper_id': '4025e28730c1', 'title': 'Conceptual foundations of design problem solving', 'cluster': 0, 'distance': 0.2277296781539917}, {'paper_id': 'd250dc6eb9d9', 'title': 'Systems Thinking and Design Thinking: The Search for Principles in the World We Are Making', 'cluster': 0, 'distance': 0.23245751857757568}, {'paper_id': 'c9175ef9ebfe', 'title': 'Management design theories', 'cluster': 2, 'distance': 0.23290812969207764}, {'paper_id': '9049c4d2bbec', 'title': 'Towards a design theory of blended learning curriculum', 'cluster': 2, 'distance': 0.23922383785247803}]"
e47202a23273,Design theory,Toward a design theory of strategic enterprise management business intelligence (SEMBI) capability maturity model,"PurposeThe purpose of this study is to demonstrate that Strategic Enterprise Management (SEM) and Business Intelligence (BI) have the potential to integrate management decisions vertically through an organization’s hierarchy. This study also aims to present a design theory framework and build a model dimension using eight principles serving as mid-range theories.Design/methodology/approachThis study uses a design science perspective to posit how organizations can successfully implement SEMBI (a union of SEM and BI). This study then completes the design theory by building the method dimension using two principles. Finally, the study presents testable hypotheses for the theory and an evaluation using stakeholder attitudes and judgments as proxies for objective measures.FindingsIn the search for a prescription for SEMBI success, this study finds that the notion of the Capability Maturity Model (CMM) is a good artifact with which to organize the principles the authors are seeking. CMM has since been adapted to suit different contexts by incorporating relevant principles from those domains. Hereafter, this study refers to SEMBI–CMM as the adapted solution for SEMBI's success.Originality/valueThis study coins and uses the term SEMBI to represent the union of SEM and BI. This term retains its distinct identities and principles and forms a holistic and integrated view of SEM and BI implementation strategies. In an effort to advance this line of research, this study employs a design science perspective to address the question of how an organization can successfully implement SEMBI.",12,12,e47202a23273_p0001;e47202a23273_p0009;e47202a23273_p0016;e47202a23273_p0017;e47202a23273_p0018;e47202a23273_p0019;e47202a23273_p0020;e47202a23273_p0021;e47202a23273_p0023;e47202a23273_p0055;e47202a23273_p0080;e47202a23273_p0083,"Toward a design theory of strategic enterprise management business intelligence (SEMBI) capability Xin (Robert) Luo Anderson School of Mangement, University of New Mexico, Albuquerque, New Mexico, USA, and Fang-Kai Chang Department of Business Administration, Feng Chia University, Taichung, Taiwan

Hereafter, we refer to SEMBI-CMM as our adapted solution for SEMBI ’s success. In the rest of this paper, we review the literature and outline our research method (Section 2); we then construct the design theory for SEMBI-CMM ( Section 3). Finally, we test and evaluate the theory and present the theoretical contributions and practical implications of the current work ( Sections 4–6). 2. Literature review and research method 2.1 SEMBI as an information systems artifacts According to March and Smith’s classification of IT research outputs (March & Smith, 1995), we discovered that SEM is an IT artifact, and its associated research outputs can be categorized into constructs, models, methods and instantiations. The findings of our analysis are presented in Table 1 . When it comes to constructs, scholars create a conceptual framework that outlines the issues in the field and specifies their solutions ( Teece, 2019 ).

capability improvement dimension tends to be a method IT artifact type because it describes the process guiding capability improvement. Mettler and Rohner (2009) assert that CMM fits between a model and method IT artifact. In fact, models and methods are more closely interrelated than other artifact types of information systems design science research ( Winter, 2008 ). Models and methods are two sides of the same coin. In essence, models focus on the result and imply procedural aspects, whereas methods focus on procedures and imply results. Jones and Gregor (2007)divide design artifacts into material or abstract artifacts. They argue that abstract artifacts including constructs, models and methods are theory or components of the theory. Kuechler and Vaishnavi (2008)present a similar view,“... our interpretation is that March and Smith’su s eo ft h et e r m s‘model’ and ‘method’– specified as desirable outputs of [design science research] spans the meaning of the term‘prescriptive design theory’ .” We adopt this broad view of theory in our research to treat SEMBI –CMM as a theory including both a model and a method corresponding to the two dimensions of any CMM.

Gregor (2006) distinguishes between theory for design and action and other types of theories for analysis, explanation, prediction, explanation and prediction. Theory for design and action is about the principles of form and function, methods and justificatory theoretical knowledge that are used in the development of IT artifacts ( Iivari, 2015). Such theories give explicit prescriptions on how to design and develop an artifact, whether it is a technological product or a managerial intervention. Drawing on this interdisciplinary philosophical underpinning, CMM as a theory can be a type of design and action or a type of analysis (i.e., CMM gives an unprejudiced reproduction of some aspects of reality). CMM can be explanatory (i.e., CMM delivers a depiction of causal connections to better understand reality) or predictive (i.e., CMM recommends an efficient solution state of a future reality) ( Mettler & Rohner, 2009 ).

To search for a SEMBI solution, we position SEMBI –CMM as a theory for design and action known as information systems design theory (ISDT) ( Walls, Widmeyer, & El Sawy, 1992; Gregor, 2002). However, this construction certainly does not prohibit SEMBI– CMM from absorbing other types of theories from the knowledge base. As a common agreed-upon language that is recognizable and repeatable, ISDT can be used as a guiding framework to provide a way of systematically structuring the“how” design with a “why” foundation. It also helps generate insights that would remain hidden without the use of ISDT (Gregor, 2002). ISDT argues that design is both aproduct and a process, which means that a design theory concerns two aspects: the design product and the design process. The product and process perspectives of ISDT closely correspond to the model and method dimensions of CMM.

This alignment provides a way to theorize the model dimension of CMM as an ISDT product and the method dimension as an ISDT process. However, since design leads to satisfactory solutions without explicitly specifying all possible solutions (Hevner et al., 2004), ad e s i g n e r’s orientation may lead to different design methods to fulfill the requirements. In our search for a SEMBI –CMM solution, we find a variety of kernel theories from different sources. For the purpose of tightening the scope of kernel theories and integrating them consistently into our design, we introduce mid-range theories in the form of design principles to reflect our design orientations ( Kuechler & Vaishnavi, 2008 ). In the ISDT framework, mid-range theories fall between kernel theories and design methods to facilitate the extrapolating process. Table 2 is the ISDT framework as it pertains to SEMBI –CMM.

In an effort to further explain the employment of mid-range theories in the theoretical context, we detail this customized framework in subsequent sections. 3. Building SEMBI, an information systems design theory Although SEMBI is becoming paramount in today ’s business environment, the increasing problem is how to leverage this theory to successfully realize business value from its use

(Ain et al. , 2019 ). Therefore, our purpose is to formulate a design theory to help SEMBI stakeholders deploy the SEMBI approach successfully. These stakeholders may include organizations that are using or plan to use SEMBI, SEMBI consulting companies and vendors of SEMBI systems. 3.1 Meta-requirements for design product/model SEMBI success is the meta-requirement in our design theory that describes the class of goals to which the design theory applies (Walls et al., 1992; Gregor, 2002). We decompose SEMBI success as a general meta-requirement to achieve deeper levels of detail and IS success researchers generally agree upon a three-step process model for so doing (Petter, DeLone, & McLean, 2012). Some researchers identify the decomposition steps as the creation of a system, the use of the system, and the consequences of system use; they claim the model is only a process model (Seddon, Staples, Patnayakuni, & Bowtell, 1999 ).

These comprise the mid-range theories governing the model design. As summarized in Table 3, we define and explore eight model design principles in this section; we then define and explore the method dimension in the next section. (1) Principle 1: Capability in SEMBI –CMM is constructed within resource-based theory (RBT) and the IS Capability lens. As noted in Table 4 , Resource is the lowest level construct and is defined as stocks of available factors owned or controlled by a firm ( Amit & Schoemaker, 1993 ). RBT suggests that organizations should invest in the resources they believe will best help them succeed in achieving a sustainable competitive advantage ( Barney, 1991 , 1996). From a competitive perspective, however, not all resources are equally valuable, as it has been argued that the Design product/model dimension of SEMBI –CMM Design process/method dimension of SEMBI –CMM A. Meta-requirements A. Meta-requirements B. Meta-design B. Design method

Starting from the right side of Table 7 and working left, “Define EBM process ” competence makes evidence-use effective; this design view is introduced by Zollo & Winter (2002 ) who use a systemically designed learning mechanism going beyond semi-automatic stimulusresponse mechanism to actively influence the evolution of other competences. Their mechanism addresses the role of experience accumulation, knowledge articulation and knowledge codification processes in this evolution and is similar toNonaka (1994) knowledge conversion theory ( Schrey€ogg & Kliesch-Eberl, 2007 ). Nonaka (1994) knowledge conversion theory asserts that an organization creates knowledge through a spiral process in which explicit knowledge and tacit knowledge interact in four modes of knowledge conversion: Socialization, Externalization, Combination and Internalization (SICA).

While PoP-B begins at the Initial Stage (more mature than PoP-A), the initial quality is also very low, remains lower than PoP-A and requires more time to qualify; PoP-B eventually achieves a higher level of quality on the maturity dimension than PoP-A. To conclude the theory development portion of our work, Table 12 summarizes the midrange and kernel theories comprising the SEMBI –CMM method design. 4. Testable hypotheses stemming from SEMBI-CMM meta-requirements We use hypotheses to determine whether the meta-design satisfies the meta-requirements as per (Walls et al., 1992). For SEMBI–CMM, the meta-design is SEMBI capability model, and the meta-requirement is “SEMBI-CMM should support the SEMBI success. ” We decompose this meta-requirement into three detailed meta-requirements comprising production, use and net benefit. Accordingly, the testable design product hypothesis states, “The development of the prescribed SEMBI capability has a positive effect upon SEMBI success.” This hypothesis can be deconstructed into three component hypotheses corresponding to the three metarequirements.

of the utility, quality and efficacy of our research output, a longitudinal multiple-case study may be required. However, design science is also a spiral process in which building and evaluation activities interact cyclically ( Baskerville et al., 2018; Venable et al., 2016). In that spirit and considering this early stage in our research, we conducted a pilot survey-based evaluation of two real-world environments based on the Content, Context and Process (CCP) framework ( Stockdale & Standing, 2006 ). In the CCP framework, the Content construct specifies what is to be evaluated, the Context construct specifies who participates in the evaluation and what factors may influence the evaluation, and the Process construct specifies how the evaluation is to be implemented. In our evaluation, the content construct is the hypotheses advanced by design theory.",outputs/batch1/canonical_text_284/e47202a23273.txt,X. Luo; Fang-Kai Chang,2023,Journal of Electronic Business &amp; Digital Economics,,https://www.semanticscholar.org/paper/fd5b0d221b29d73fcc3b280b0b40943ee25dd98b,DT-C03,2,management | service | learning | social | support | theoretical | development | literature | evaluation | practice | analysis | gregor | practitioners | empirical | digital,"Design theory — Management, service & learning [DT-C03]",management | service | learning | social | support | theoretical | development | literature | evaluation | practice | analysis | gregor | practitioners | empirical | digital,"Within the predefined Design theory group, DT-C03 is statistically distinguished by management, service, learning. Additional contrastive terms include social, support, theoretical, development, literature. Representative papers include Web-based information systems: Developing a design theory; Management design theories. This is an analysis-frozen statistical interpretation, not a final editorial topic label.",Design theory,Statistical bottom-up interpretation,Prior-pilot assignment retained,Contrastive cluster explanation using adapted class-based TF-IDF; not a predefined codebook classification.,Not assigned by Path 1,Not evaluated in this statistical interpretation,Not applicable,Predefined keyword group,Not assigned,BGE-M3 embedding + Spectral clustering,Not assigned,Adapted class-based TF-IDF interpretation,not_applicable,-1,0.0,management | service | learning | social | support | theoretical | development | literature | evaluation | practice | analysis | gregor | practitioners | empirical | digital,False,False,0,,,7.685412,-4.0500154,0.1313157081604004,13,13,False,"[{'paper_id': 'c9175ef9ebfe', 'title': 'Management design theories', 'cluster': 2, 'distance': 0.1973710060119629}, {'paper_id': 'c0372ed4d123', 'title': 'Web-based information systems: Developing a design theory', 'cluster': 2, 'distance': 0.20296120643615723}, {'paper_id': '2faef10b819d', 'title': 'A design theory for software engineering', 'cluster': 2, 'distance': 0.21218335628509521}, {'paper_id': '83d1ebe7d6c0', 'title': 'Design Theory in Information Systems', 'cluster': 1, 'distance': 0.2128710150718689}, {'paper_id': '232abf4e9e91', 'title': 'The Conceptual Design of Mechanical Products', 'cluster': 0, 'distance': 0.21529251337051392}]"
ec380d04cf61,Design theory,GENERAL DESIGN THEORY.,"General design theory aims at elucidating the designer's designing process. A set-theoretical theory has been proposed, and recently the properties of the concept set was investigated. The theory was extended by giving restriction on the set, that is compactized by a newly proposed topology. The new topology was estimated as a set of concept conducted by physical laws which man established through experience.",12,12,ec380d04cf61_p0001;ec380d04cf61_p0003;ec380d04cf61_p0004;ec380d04cf61_p0005;ec380d04cf61_p0008;ec380d04cf61_p0015;ec380d04cf61_p0016;ec380d04cf61_p0022;ec380d04cf61_p0028;ec380d04cf61_p0073;ec380d04cf61_p0090;ec380d04cf61_p0091,"A critical review of General Design Theory Y oram Reic h /1 Departmen t of Solid Mec hanics/, Materials and Structures F acult y of Engineering T el Aviv Univ ersit y T el Aviv /6/9/9/7/8 Israel In R ese ar ch in Engine ering Design /, /7/(/1/)/:/1/-/1/8/, /1/9/9/5 Keyw ords/: design theory /, mathematical theory /, top ology /, mo del of design/, computer/-aided design/, CAD/, mo deling Running head/: A critical review of General Design Theory Abstract/: This study is a critical review of General Design Theory /(GDT/)/, a math/- ematical theory of design/. The study reviews the assumptions /(axioms/) and predictions /(theorems/) of GDT with resp ect to design and illustrate them with a simple example/. The scop e of GDT with resp ect to design/, the guidelines it pro vides for building computer/-aided design /(CAD/) systems/, and the p ossibilit y of implemen ting these guidelines are examined/.

/1 In tro duction Ov er the last few decades/, signi/ can t amoun t of researc h has b een dev oted to dev eloping design theories /(Hubk a and Eder/, /1/9/8/8/; Suh/, /1/9/8/4/; W ar/ eld/, /1/9/9/0/; Y oshik a w a/, /1/9/8/1/)/. These theories ha v e b een classi/ ed in to v arious conceptual categories suc h as empirical//descriptiv e or prescriptiv e /(Finger and Dixon/, /1/9/8/9/) as w ell as in to their geographic origin /(Arciszewski/, /1/9/9/0/; Eder/, /1/9/9/0/; Hundal/, /1/9/9/0/; T omiy ama/, /1/9/9/0/)/. A notable exception in the set of design theories is General Design Theory /(GDT/) /(Y oshik a w a/, /1/9/8/1/; T omiy ama and Y oshik a w a/, /1/9/8/6/; T omiy ama et al/, /1/9/8/9/; T omiy ama/, /1/9/9/4/) in that it is based on mathematical founda/- tions/. Since its presen tation in English o v er /1/3 y ears ago /(Y oshik a w a/, /1/9/8/1/)/, GDT has b een hardly used or ev en referred to b y researc hers other than its dev elop ers/.

Those who referred to GDT/'s concepts nev er used them to guide their w ork in a serious manner/. Man y explana/- tions of this situation can b e o/ ered/. One p ossible explanation is tied to the goals of GDT as stated b y Y oshik a w a /(/1/9/8/1/, p/. /3/5/)/. GDT ultimately aims at clarifying the h uman abilit y of designing in a scien ti/ c w a y /, and at the same time/, pro ducing the practical kno wledge ab out /[/./././] design metho dology /. It has b een also rev ealed that the general theory of design is useful/, or essen tial/, to construct CAD system in a scien ti/ c manner/. The theory indicates what CAD systems should b e/, concerning the tasks to b e imp osed to computers/, data structures/, the role of a designer/, design sequence/, the in terface of man and computer/, etc/. Clearly GDT do es not ac hiev e all these goals and it is not apparen t that it could/.

Com bining this with the use of the quali/ er /\General/"" in the name of the theory /, ma y ha v e caused researc hers to disb eliev e its usefulness/. Another plausible explanation is tied to di/ eren t /\trends/"" in design researc h/. When design researc h fo cused mainly on prescriptiv e metho ds/, GDT w as ignored /(and therefore misundersto o d/) due to the p erceiv ed complexit y of its mathematical form ulation/. Suc h misunderstandings are manifested in the discussion at the end of Y oshik a w a/'s /1/9/8/1 pap er/. While the mathematics of GDT is not straigh t forw ard/, it is not to o complex either/. Recen tly /, when descriptiv e metho ds ha v e receiv ed signi/ can t legitimacy /, GDT ma y ha v e b een p erceiv ed to b e to o formal to b e relev an t to design/. Suc h criticism/, ho w ev er/, applies to an y theory of design/: no theory can capture all of design /(Konda et al/, /1/9/9/2/)/; rather/, eac h theory pro vides one p ersp e ctive /, broad or limited/, that ma y impro v e design understanding and practice/.

Design is de/ ned as a pro cess/: Giv en a description of a desired function and constrain ts/, called sp e ci/ c ation /, pro vide a description of an artifact that pro duces the function and satis/ es the constrain ts/. This description is called artifact description or artifact structur e /. Organization/. The remainder of the pap er is organized as follo ws/. Section /2 describ es the domain of c hairs whic h is used to illustrate the ideas discussed in this pap er/. Section /3 reviews the concepts of GDT /, emphasizing the imp ortan t assumptions and results of the theory /. Section /4 discusses the theory /, the insigh t it pro vides ab out design/, and its implications for building CAD systems/. Section /5 summarizes the pap er/. /2 The domain of c hairs They will b e referred to as the c hairs domain/. Ev en though this domain is to o simple to illustrate the full complexit y of design/, it do es not re/ ect the scop e of GDT whic h is not limited in the represen tation of artifacts /(e/.g/./, to attribute/-v alue pairs/)/, or to a small n um b er of attributes of limited t yp es/.

analysis using a detailed mo del that b etter appro ximates real c hairs /(Eastman/, /1/9/9/1/)/, can elab orate the domain/. The addition of these prop erties m ust b e accompanied b y the addition of man y c hairs that will extend the set of p ossible c hairs that can b e designed/. While it w ould b e nice to ha v e these prop erties in our examples/, it w ould complicate the example to a p oin t that it will lose its usefulness in this review/. it is imp ortan t to emphasize again that GDT is not limited to the presen t c hairs domain/; it applies equally to a c hairs domain that includes as man y c hairs and prop erties as w e wish/. Of course/, suc h applicabilit y has its costly memory and computational complexit y prop erties as men tioned in the examples of De/ nitions /7 and /8 and in Section /4/. /3 General Design Theory Y oshik a w a/'s General Design Theory /( GDT /) is a formal mathematical theory of design/.

It attempts to cast design in the framew ork of set theory /. GDT starts with assumptions ab out the nature of ob jects and uses them to pro v e theorems ab out the nature of design/. GDT mak es in teresting claims ab out design/. As suc h/, it has a / a v or of a descriptiv e theory of design/, but more imp ortan tly /, GDT pro vides a prescription for the dev elopmen t of CAD systems/. This section reviews GDT /'s terminology /, de/ nitions/, assumptions/, and theorems while using the c hairs domain as a w orking example throughout/. While reviewing GDT /, the section p oin ts to its imp ortan t assumptions/, ho w they determine the success of the theory /(measured as the abilit y to pro v e theorems ab out design/)/, and ho w they can b e relaxed/. /3/./1 Preview The purp ose of this preview is to exp ound some of GDT/'s mathematical concepts/.

These concepts are generalized in the theory of top ology /. As suc h/, a top ological structure of ob jects pro vides an in teresting p ersp ectiv e of viewing design/. With this bac kground w e turn to reviewing General Design Theory /. /3/./2 Preliminary de/ nitions Definition /1/: An entity is a real ob ject that existed/, exists presen tly /, or that will exist in the future/. Example /: An y c hair that existed since the in v en tion of the / rst c hair and that will exist is an en tit y /. F or the purp ose of simpli/ cation/, assume that Figure /1 con tains all these en tities/, ev en though/, the set ma y b e in/ nite/. Definition /2/: The set of all ob jects is called the entity set /. Example /: The c hairs domain can b e view ed as an en tit y set/. Definition /3/: An attribute is a ph ysical/, c hemical/, mec hanical/, or an y other prop ert y that can b e observ ed or measured/, p oten tially through the use of an instrumen t/.

often it ma y b e easy to construct a new c hair that will ha v e the classi/ cation attributes/. F or example/, the attributes has whe els and is hanging designate an description of an nonexisten t c hair/; nev ertheless/, is is easy to hang a c hair on wheels sliding on a rail attac hed to the ceiling or mo dify c hair C b y adding wheels to its base/. /3/./3 GDT /'s axioms GDT /'s axioms con v ey the assumptions of the theory ab out the nature of ob jects and their p oten tial manipulation to ac hiev e a desired functionalit y /. These axioms are the founda/- tions of the theorems discussed later/. The imp ortance of the axioms lie in their coheren t form ulation/. This allo ws an assessmen t of their relev ance to design/. Axiom /1 /( Axiom of recognition /)/: An y en tit y can b e r e c o gnize d or describ e d b y its attributes and//or other abstract concepts/.

This analysis leads to form ulating some guidelines for building design systems and to analyzing the p ossibilit y of actually implemen ting a system that follo ws the guidelines/. /4/./1 The scop e of GDT General Design Theory pro v es strong theorems ab out design /(e/.g/./, Theorems /9 in GDT/- Ideal and /2/6 and /2/7 in GDT/-Real /)/. It arriv es at these theorems b y imp osing restrictions on kno wledge ab out designed artifacts/. By limiting the description of ob jects to a / nite set R ese ar ch in Engine ering Design /, /1/9/9/5/, /7/(/1/)/:/1/-/1/8 /2/4

IDDL w as implemen ted t wice in t w o di/ eren t systems /(T omiy ama et al/, /1/9/9/1/; V eerk amp et al/, /1/9/9/1/)/. The sp eci/ cation of IDDL w as based on the study of three comp onen ts that con tribute to CAD/: theory of kno wledge/, theory of design/, and theory of designed ob jects/. The / rst t w o are directly related to GDT/. Also/, IDDL mak es a commitmen t to adopt logical formalisms/. The in terlea v ed extensional and in tensional represen tation discussed b efore w as em b o died in IDDL/. Extensional descriptions are used to represen t en tities and their relationships b y using pr e dic ates /, while in tensional descriptions are used to describ e the attributes of en ti/- ties b y using functions /. GDT sa ys that design is a step wise re/ nemen t pro cess mediated b y metamo dels/. The nature of design is suc h that information ma y b e unkno wn or uncer/- tain/.

Therefore/, IDDL is equipp ed with three/-v alued logic/, mo dal logic/, and inheritance in addition to mec hanisms for represen ting design pro cesses and their con trol/. The third comp onen t of CAD /| the theory of designed ob jects /| deals with the metamo dels of R ese ar ch in Engine ering Design /, /1/9/9/5/, /7/(/1/)/:/1/-/1/8 /2/9",outputs/batch1/canonical_text_284/ec380d04cf61.txt,"Yoshikawa, Hiroyuki (1); Tomiyama, Tetsuo (1); Kumazawa, Masami (1)",1985,"Journal of the Faculty of Engineering, the University of Tokyo, Series A",,,DT-C02,1,theoretical | practice | sonification | type | value | kernel | science | example | development | artifact | definition | understanding | constructs | space | structure,"Design theory — Theoretical, practice & sonification [DT-C02]",theoretical | practice | sonification | type | value | kernel | science | example | development | artifact | definition | understanding | constructs | space | structure,"Within the predefined Design theory group, DT-C02 is statistically distinguished by theoretical, practice, sonification. Additional contrastive terms include type, value, kernel, science, example. Representative papers include Theory construction in design research. Criteria, approaches, and methods.; Four Criteria for Design Theories. This is an analysis-frozen statistical interpretation, not a final editorial topic label.",Design theory,Statistical bottom-up interpretation,Prior-pilot assignment retained,Contrastive cluster explanation using adapted class-based TF-IDF; not a predefined codebook classification.,Not assigned by Path 1,Not evaluated in this statistical interpretation,Not applicable,Predefined keyword group,Not assigned,BGE-M3 embedding + Spectral clustering,Not assigned,Adapted class-based TF-IDF interpretation,not_applicable,-1,0.0,theoretical | practice | sonification | type | value | kernel | science | example | development | artifact | definition | understanding | constructs | space | structure,False,False,0,,,9.708767,-3.0096972,0.11205524206161499,11,11,False,"[{'paper_id': '4db508a9681a', 'title': 'Philosophy of design: A meta-theoretical structure for design theory', 'cluster': 1, 'distance': 0.1641528606414795}, {'paper_id': '83d1ebe7d6c0', 'title': 'Design Theory in Information Systems', 'cluster': 1, 'distance': 0.16940748691558838}, {'paper_id': '1728dd2afe4b', 'title': 'Design theory in practice – Making design science research more transparent', 'cluster': 1, 'distance': 0.1745891571044922}, {'paper_id': 'fd05a25a5e94', 'title': 'Four Criteria for Design Theories', 'cluster': 1, 'distance': 0.17907214164733887}, {'paper_id': '02f3ae017acb', 'title': 'Design Theory and Method of Complex Products: A Review', 'cluster': 0, 'distance': 0.1815023422241211}]"
f56243f52335,Design theory,"Theory construction in design research Criteria: Approaches, and methods","Design involves solving problems, creating something new, or transforming less desirable situations to preferred situations. To do this, designers must know how things work and why. Understanding how things work and why requires us to analyze and explain. This is the purpose of theory. The article outlines a framework for theory construction in design. This framework will clarify the meaning of theory and theorizing. It will explain the nature and uses of theory as a general concept. It will propose necessary and sufficient conditions for theory construction in design. Finally, it will outline potential areas for future inquiry in design theory. © 2003 Elsevier Ltd. All rights reserved.",12,12,f56243f52335_p0002;f56243f52335_p0026;f56243f52335_p0032;f56243f52335_p0048;f56243f52335_p0052;f56243f52335_p0055;f56243f52335_p0060;f56243f52335_p0061;f56243f52335_p0065;f56243f52335_p0073;f56243f52335_p0076;f56243f52335_p0078,"Design involves creating something new or transforming a less desirable situation to a preferred situation. To do this, designers must know how things work and why. Understanding how things work and why requires explanation, and it sometimes requires prediction. To explain and predict, we must construct and test theories. Theories are propositions or sets of propositions that allow us to analyze or explain subjects. Some theories are complex and sophisticated. Others are simple. Theory can be described in many ways. In its most basic form, a theory is a model. It is an illustration describing how something works by showing its elements in their dynamic relationship to one another. The dynamic demonstration of working elements in action as part of a structure distinguishes a theoretical model from a simple taxonomy or catalogue. A theory predicts what will happen when elements interact.

This provides the first benefit of research training for the professional designer. Design practice is inevitably located in a specific, clinical situation. A broad understanding of general principles based on research gives the practicing designer a background stock of knowledge on which to draw. This stock of knowledge includes principles, facts, and theories. This stock forms a theoretically comprehensive background that no one person can master. Rather, this constitutes the knowledge of the field. This knowledge is embodied in the minds and working practices of millions of people. These people, their minds, and their practices, are distributed in the social and organizational memory of tens of thousands of organizations. Even if one person could in theory master any major fraction of the general stock of knowledge, there would be little point.

In short, research is the “methodical search for knowledge. Original research tackles new problems or checks previous findings. Rigorous research is the mark of science, technology, and the ‘living’ branches of the humanities” (Bunge 1999: 251). Exploration, investigation, and inquiry are synonyms for research. Design knowledge grows in part from practice. Design knowledge and research overlap, but even though the practice of design is a foundation of design knowledge, it is the action of systematic and methodical inquiry that constitutes research. Critical thinking and systemic inquiry form the foundation of theory. Research offers us the tools that allow critical thinking and systemic inquiry to bring answers out of the field of action. It is theory and the models that theory provides through which we link what we know to what we do. Defining theory In its most basic form, a theory is a model.

Whetten (1989: 490) describes “sensitivity to the competing virtues of parsimony and comprehensiveness” as the mark of a good theorist. The “how” of a theory shows how the factors identified in the “what” are related. Whetten (1989: 491) describes this as a process of using metaphorical arrows to connect the boxes in a model. This delineates the patterns that show elements of a phenomenon in their dynamic relationship to one another (Friedman 1996). This description often reveals causality, and it builds a foundation for the explanatory power of the model represented by a theory (Friedman 1996). The “why” element involves the underlying “dynamics that justify the selection of factors and the proposed causal relationships… (t)his rationale constitutes the theory’s assumptions – the theoretical glue that welds the model together… What and how describe.

Empirical support refers to the degree to which empirical evidence supports the theory. Pragmatics criteria involve relevance. The criterion of richness involves the degree to which a theory is comprehensive and generalizable. The simplicity criterion is akin to the standard of parsimony, and it involves the degree to which a theory can be explained readily while accounting in a powerful manner for the observed phenomena. Theories in any field develop in a pattern of increasingly sophisticated types. Parsons and Shils (1951: 49-51) describe several levels of theoretical systems. They state that “in one sense, every carefully defined and logically integrated conceptual scheme constitutes a ‘system,’ and in the sense, scientific theory of any kind consists of systems” (49). They go beyond this, to ask three questions about theoretical systems.

Bjerklie 2002: 39). This, in turn, renders theory development more difficult in several major fields, including economy, biology, and environmental studies. Theories that describe structures offer models without moving parts. In this sense, theories are models that resemble maps or model houses. Theories that describe processes, activities, or systems generally require dynamic descriptions. In this sense, theories are models that resemble model engines or model train sets, and they must move to demonstrate the properties of the systems they resemble. Hal Varian (1997) addresses some of these issues in a playfully titled but scientifically astute article, “How to Build an Economic Model in Your Spare Time.” “Most of my work in economics involves constructing theoretical models,” writes Varian (1997: 1). The article discusses the challenges of theory construction and some of the approaches that Varian himself found helpful.

The point of modeling – and of theory construction – is showing how things work. Theory construction problems in design research Until recently, the field of design has hitherto been an adjunct to art and craft. With the transformation of design into an industrial discipline come responsibilities that the field of design studies has only recently begun to address. Design is now becoming a generalizable discipline that may as readily be applied to processes, interfaces between media or information artifacts as to tools, clothing, furniture, or advertisements. To understand design as a discipline that can function within any of these frames means developing a general theory of design. This general theory should support application theories and operational programs. Moving from a general theory of design to the task of solving problems involves a significantly different mode of conceptualization and explicit knowledge management than adapting the tacit knowledge of individual design experience.

So far, most design theories involve clinical situations or micro-level grounded theories developed through induction. This is necessary, but it is not sufficient for the kinds of progress we need. In the social sciences, grounded theory has developed into a robust and sophisticated system for generating theory across levels. These theories ultimately lead to larger ranges of understanding, and the literature of grounded theory is rich in discussions of theory construction and theoretical sensitivity (Glaser 1978, 1992; Glaser and Strauss 1967; Strauss 1991; Strauss and Corbin 1990, 1994). One of the deep problems in design research is the failure to engage in grounded theory, developing theory out of practice. Instead, designers often confuse practice with research. Instead of developing theory from practice through articulation and inductive inquiry, some designers simply argue that practice is research and practice-based research is, in itself, a form of theory construction.

The notion that tacit knowledge and design knowledge are identical as sources of theory development is linked with the idea that practice is a research method. Both rest on category confusions and both arguments are generally supported by references to Polanyi and Schon by scholars who have not read the works they cite. If there is any confusion on Polanyi’s views, however, he settles the matter at the beginning of another book, Personal Knowledge. Where tacit knowledge is embodied and experiential knowledge, theory requires more. “It seems to me,” he writes, “that we have sound reason for . . . considering theoretical knowledge more objective than immediate experience. (a) A theory is something other than myself. It may be set out on paper as a system, of rules, and it is the more truly a theory the more completely it can be put down in such terms” (Polanyi 1974: 4).

bite quality, linking it to an ill-defined series of notions that equate tacit knowledge with design knowledge, proposing tacit knowledge and design practice as a new form of theorizing. While these problems are relatively inconsequential outside our field, it is important to understand that they exist if we are to develop a foundation for theory construction in design research. This is why I have given them so much thought. Again, I want to be clear on the many values of tacit knowledge. Tacit knowledge is central to all human activity, and the background of embodied individual and social knowledge provides offers the existential foundation of all activities, including intellectual inquiry. The only issue I raise here is that tacit knowledge and reflective practice are not the basis of research and theorizing. This is not to say, however, that there are no relations between those different categories of construct.

I merely point to the fact that explicit and articulate statements are the basis of all theoretical activities, all theorizing, and all theory construction. This true of interpretive and hermeneutical traditions, psychological, historical, and sociological traditions, and it is as true of these as of quantitative research in chemistry, descriptive biology or research engineering, logistics, and axiomatic mathematics. The languages are different. However, only explicit articulation permits us to contrast theories and to share them. Only explicit articulation allows us to test, consider or reflect on the theories we develop. For this reason, the misguided effort to link the reflective practice of design to design knowledge, and the misguided effort to propose tacit knowledge or direct making as a method of theory construction must inevitably be dead ends.

built – and to recognize that without a body of theory-based knowledge, the design profession will not be prepared to meet the challenges that face designers in today’s complex world. Future directions The goal of this paper has been to examine criteria, approaches, and methods for theory construction in design research. To do this, I began with a foundation of definitions, using these to build a range of applicable concepts. There is not enough room in one paper to go beyond the general consideration of methods to a specific description of how to develop theory and build specific theories. This remains to be done in a future paper. Many avenues deserve exploration in the future. These include linking theory building to the perspectives of design science, proposing models of theory construction from other perspectives, generating theory from the practice of leading contemporary designers, and developing such basic tools as a bibliography of resources for theory construction and developing theoretical imagination and sensitivity.",outputs/batch1/canonical_text_284/f56243f52335.txt,"Friedman, Ken (1)",2003,Design Studies,10.1016/S0142-694X(03)00039-5,,DT-C02,1,theoretical | practice | sonification | type | value | kernel | science | example | development | artifact | definition | understanding | constructs | space | structure,"Design theory — Theoretical, practice & sonification [DT-C02]",theoretical | practice | sonification | type | value | kernel | science | example | development | artifact | definition | understanding | constructs | space | structure,"Within the predefined Design theory group, DT-C02 is statistically distinguished by theoretical, practice, sonification. Additional contrastive terms include type, value, kernel, science, example. Representative papers include Theory construction in design research. Criteria, approaches, and methods.; Four Criteria for Design Theories. This is an analysis-frozen statistical interpretation, not a final editorial topic label.",Design theory,Statistical bottom-up interpretation,Prior-pilot assignment retained,Contrastive cluster explanation using adapted class-based TF-IDF; not a predefined codebook classification.,Not assigned by Path 1,Not evaluated in this statistical interpretation,Not applicable,Predefined keyword group,Not assigned,BGE-M3 embedding + Spectral clustering,Not assigned,Adapted class-based TF-IDF interpretation,not_applicable,-1,0.0,theoretical | practice | sonification | type | value | kernel | science | example | development | artifact | definition | understanding | constructs | space | structure,False,False,0,,,10.324122,-3.3187225,0.05958288908004761,5,5,False,"[{'paper_id': 'c2c57ac5453e', 'title': 'Theory construction in design research. Criteria, approaches, and methods.', 'cluster': 1, 'distance': 0.01466226577758789}, {'paper_id': 'fd05a25a5e94', 'title': 'Four Criteria for Design Theories', 'cluster': 1, 'distance': 0.06584048271179199}, {'paper_id': '4db508a9681a', 'title': 'Philosophy of design: A meta-theoretical structure for design theory', 'cluster': 1, 'distance': 0.09763288497924805}, {'paper_id': '83d1ebe7d6c0', 'title': 'Design Theory in Information Systems', 'cluster': 1, 'distance': 0.1008676290512085}, {'paper_id': '4025e28730c1', 'title': 'Conceptual foundations of design problem solving', 'cluster': 0, 'distance': 0.12156188488006592}]"
fd05a25a5e94,Design theory,Four Criteria for Design Theories,"Abstract The goal of this paper is to demonstrate that the adoption of the four criteria we outline will strengthen future design theories and encourage existing design theories to expand or reconfigure in useful directions. We propose four criteria for design theory creation and evaluation. These are (1) the theory should have substantial design applications, and be applicable to any topic; (2) the theory should use propositions—if-then language—as a way of describing, explaining, and predicting actual and existing aspects of designing; (3) where appropriate, a new theory should accept and adopt propositions and language contained in other design theories; and (4) the theory should accommodate, or at least acknowledge, generative activity. We are not proposing a new general design theory—this paper outlines a strong approach to studying and building theory. Please also note that this essay does not pretend to exhaust a topic that has been discussed for at least the last 50 years.",12,12,fd05a25a5e94_p0013;fd05a25a5e94_p0021;fd05a25a5e94_p0025;fd05a25a5e94_p0028;fd05a25a5e94_p0029;fd05a25a5e94_p0032;fd05a25a5e94_p0036;fd05a25a5e94_p0037;fd05a25a5e94_p0038;fd05a25a5e94_p0041;fd05a25a5e94_p0047;fd05a25a5e94_p0048,"Chakrabarti and Lucienne T .M. Blessing, eds., An Anthology of Theories and Models of Design: Philosophy, Approaches and Empirical Explorations (London: Springer, 2014); and Shirley Gregor and David Jones, “The Anatomy of a Design Theory,” Journal of the Association for Information Systems 8, no. 5 (2007): 313–35. F or example, see Cross, “Design Research”; Ken Friedman, “Theory Construction in Design Research: Criteria: Approaches, and Methods,” Studies 24, no. 6 (2003): 507–22; and Nigan Bayazit, “Investigating Design: A Review of Forty Years of Design Research,” Issues 20, no. 1 (2004): 16–29.

However, in design practice, the meaning of discovery is associated with the heuristic nature of the process, where the aim is to achieve something without knowing how to achieve it, or where to look. Christopher Frayling, “Research in Art and Design,” Royal College of Art Research Papers 1, no. 1 (1993): 1–5. Simonsen et al., Situated Design Practices. F or example, see John S. Gero and Udo Kannengiesser, “The Situated Function – Behaviour – Structure Framework,” in Artificial Intelligence in Design’02, ed. John S. Gero (Dordrecht: Kluwer Academic Publishers, 2002), 89–104. Rittel and Webber, “Dilemmas,” 155–69.

other hand, a scholarly design researcher might develop not just reusable knowledge, but also new artifacts produced during research activity. Arriving at a Notion of Theory Several issues arose repeatedly during the discussions we co-authors held, which served to guide our discussions, and eventually shape the arguments we set forth in this paper. These issues were: (1) the relationship between design as practice and design as scholarly investigation; (2) the position of design research relative to other research fields; (3) what a theory has to attempt to be considered a theory; and (4) trends in scholarly design research and design practice. The first issue addresses the difficulty of separating design practice from design research, as discussed above. Figure 1 indicates that design research is often intrinsically linked to practice, and the double-sided arrow in Figure 1 indicates that design practice and design research have the potential to inform one another at any point.

science is included under this umbrella. Margolin 30 says that “we cannot conceive of any theory of design that is independent of a theory of society.” Other authors associate design with scholarly research in the humanities, where the goal is not to prove a case but instead to multiply valid interpretations. An alternative notion (Figure 2) considers design research to be a unique and specific form of investigation related to, yet separate from, the sciences and the humanities. The triangle at the bottom of Figure 2 is a depiction of the character we believe a design theory should have. Both in science and in the humanities, theories must leave room for and be able to dialogue with other valid theories. A theory should always seek a more abstract and wider understanding of the phenomenon under study, since that is what differentiates theory from practice.

This greater understanding of a particular object of study is what allows a theory to be broadly applicable in other, similar situations. A theory must always create space for new observations, which may even put the theory itself into question. Drawing on Booth et al., 32 we believe that a theory should have three key qualities: • contestable—the theory should suggest a way of seeing things that has not already been well established; • defensible—it should be possible to produce reasonable (to the mind of an expert) evidence to validate it; and • substantive—the theory should have enough significance to merit its exploration and validation. According to The Sage Encyclopedia of Qualitative Research Methods, a theory is: “normally used to denote a model or set of concepts and propositions that pertains to some actual phenomena; a theory can provide understanding of these phenomena or form the basis for action with respect to them.” From our perspective, a theory is a model of current understanding with the potential to inform future understanding.

Expressiveness of designer (opinion, belief, preference) Falsifiability Function Games Generation Goal/intention/objective Ideals/ideology Innovation (novelty) Inputs/(requirements) Interaction Iteration Knowledge Meaning Other disciplines Perception Problem solving Process Reasoning Reflection/reflexivity Refutability Representation (draw, prototype, model) Rhetoric Satisficing Semiotics Situation/context/environment Sociability Structure/form Style/aesthetic Technology Theory accommodation Uncertainty User User experience Validity If we accept the notion that a design theory must be attentive to the processes involved in design practice, we see the importance of the terms methods and problem-solving—two topics widely studied by the scholarly design community since the 1960s. The use of a domain language—drawings, mockups, prototypes—reminds us that often design theories will reflect on the representation of something that does not yet exist.

In addition, the extensive, pervasive, and dynamic nature of knowledge creation, and the interconnectedness of networked systems, means we are continuously creating social and technological experiments in complexity with no way to predict the many consequences. This state of affairs indicates progress in design theory is even more urgent. The aspects in Figure 3 were extensively discussed and debated, grouped and regrouped, and sorted and associated. Our conversation eventually led to the formulation of a set of four criteria that a theory of design should try to meet. The criteria are not entirely distinct—some are implied by others or inherent in others, but we felt it would be useful to explicitly unpack their possibilities using the logic by which we understood them. Summary of Four Criteria for Design Theories 1. The theory should have a broad scope for design application, but should be able to deal with any topic.

The theory might attach to an entire process or to part of the process, but it is important that a design theory deal with design, in the same way that a theory in physics deals with physical phenomena or theory in medicine refers to health. To put it another way, the proper subject of a design theory is design. If the subject were to be something else, like design outcomes, then there is no need for a special category of theories—those arising in other, non-generative disciplines will suffice. Some may object that all design theories are connected to design practice, but we felt this criterion should be included because theories exist that were not intended to do this. A classic example is the original formulation of General Design Theory 39 where the designer is considered as having perfect knowledge in order to map 1:1—rather than a 1:many—from goals to features.

The same is true in other fields, where underlying predictive models are not necessarily predicting something that is intended for practical use. An example is the model of Hilbert space in mathematics. Design practice is also a complex subject area—it has many aspects that are amenable to theorizing. A theory of design may be interested in how design decisions between various stakeholders are taken. Who are these actors, and how do they behave? What form(s) of reasoning do they apply? If the goal is to modify an existing situation into a desired one, how is the design problem produced? If we assume that design activity generates possible futures or artifacts that do not yet exist, then representation theories become appropriate. How do designers communicate their ideas? Conversation theories are also an important part of design research.

It is in this way distinguished from an axiom, imperative, or even a description. We suggest that a theory’s formulation should contain some indication of what criteria might be used to distinguish among design solutions in a terrain that involves success and failure. Such criteria would also serve to help establish the natural application area of the theory. For instance, many design theories that take a more technical approach do not explicitly deal with human satisfaction as an evaluation criterion. It would, therefore, be inappropriate to expect these kinds of theories to align well with situations where human satisfaction is a primary factor—unless they have been augmented with additional attention to human behavior and social constructs. 3. Where appropriate, the new theory should accept propositions and language contained in other design theories.

This paper is the result of an extended discussion among scholarly design researchers who also have experience and training in other disciplines. We conducted brainstorming sessions, made drawings, and constructed semantic maps, and we often invoked the expression “if...then.” This manner of research is very similar to the design process itself. In this sense, we could say that design research has some unique characteristics when compared to other forms of research. Open, ill-structured, wicked, and non-linear are words we commonly use to describe the design process, and probably design research as well. This reality is not problematic—it is rather positive. With this in mind, we believe that design research should be carried out with the same rigor that characterizes the hard sciences and the humanities. Here, we have suggested a small set of criteria that can be used to better construct a design theory.

We do not propose a new general design theory—one of the points of contention among group members. While some believed it possible to construct a Universal Design Theory, others believed that it is not necessarily a useful focus for design research. For them, design research can achieve more than a superficial connection to practice by orienting itself toward the development of theories that are more directly applicable to specific and situational cases. In the end, the proposal of this essay was foundational—the formulation of some criteria characterizing a theory of design. We hope this discussion will continue and new criteria will be suggested, or that the criteria here be criticized and improved. 41 This r eview included those summarized in Chakrabarti and Blessing’s An Anthology of Theories and Models of Design.",outputs/batch1/canonical_text_284/fd05a25a5e94.txt,P. Hodges; Stan Ruecker; C. Scaletsky; Jaime Rivera; R. Faller; A. Geppert,2017,,,https://www.semanticscholar.org/paper/4c0eb75439b4fdadc1743f7ff41d8e9adb2c7eb8,DT-C02,1,theoretical | practice | sonification | type | value | kernel | science | example | development | artifact | definition | understanding | constructs | space | structure,"Design theory — Theoretical, practice & sonification [DT-C02]",theoretical | practice | sonification | type | value | kernel | science | example | development | artifact | definition | understanding | constructs | space | structure,"Within the predefined Design theory group, DT-C02 is statistically distinguished by theoretical, practice, sonification. Additional contrastive terms include type, value, kernel, science, example. Representative papers include Theory construction in design research. Criteria, approaches, and methods.; Four Criteria for Design Theories. This is an analysis-frozen statistical interpretation, not a final editorial topic label.",Design theory,Statistical bottom-up interpretation,Prior-pilot assignment retained,Contrastive cluster explanation using adapted class-based TF-IDF; not a predefined codebook classification.,Not assigned by Path 1,Not evaluated in this statistical interpretation,Not applicable,Predefined keyword group,Not assigned,BGE-M3 embedding + Spectral clustering,Not assigned,Adapted class-based TF-IDF interpretation,not_applicable,-1,0.0,theoretical | practice | sonification | type | value | kernel | science | example | development | artifact | definition | understanding | constructs | space | structure,False,False,0,,,11.457234,-3.9718504,0.05470287799835205,2,2,True,"[{'paper_id': 'f56243f52335', 'title': 'Theory construction in design research Criteria: Approaches, and methods', 'cluster': 1, 'distance': 0.06584048271179199}, {'paper_id': 'c2c57ac5453e', 'title': 'Theory construction in design research. Criteria, approaches, and methods.', 'cluster': 1, 'distance': 0.0718001127243042}, {'paper_id': '4db508a9681a', 'title': 'Philosophy of design: A meta-theoretical structure for design theory', 'cluster': 1, 'distance': 0.08053123950958252}, {'paper_id': '83d1ebe7d6c0', 'title': 'Design Theory in Information Systems', 'cluster': 1, 'distance': 0.09108603000640869}, {'paper_id': 'd19f5f66d2ba', 'title': 'A Survey of Definition and its Role in Strengthening Design Theory', 'cluster': 1, 'distance': 0.10948723554611206}]"
