k,average_silhouette,min_cluster_size,max_cluster_size,cluster_sizes,negative_silhouette_count
2,0.1917461231873249,2,9,0:2; 1:9,1
3,0.21631816224050926,2,6,0:3; 1:2; 2:6,1
4,0.25425280738041206,2,3,0:2; 1:3; 2:3; 3:3,0
5,0.267183968855007,1,3,0:3; 1:2; 2:3; 3:2; 4:1,0
6,0.2507502483188678,1,3,0:2; 1:2; 2:1; 3:3; 4:2; 5:1,0
7,0.24207736560786397,1,2,0:2; 1:2; 2:2; 3:1; 4:2; 5:1; 6:1,0
8,0.2124646217080909,1,2,0:2; 1:2; 2:2; 3:1; 4:1; 5:1; 6:1; 7:1,0
