k,average_silhouette,min_cluster_size,max_cluster_size,cluster_sizes,negative_silhouette_count
2,0.03724141299528394,10,57,0:10; 1:57,8
3,0.038349740366941394,8,35,0:8; 1:35; 2:24,14
4,0.07120732675333091,2,33,0:33; 1:27; 2:5; 3:2,16
5,0.07962430145093619,2,31,0:2; 1:10; 2:21; 3:31; 4:3,30
6,0.07628984286707632,2,25,0:25; 1:6; 2:10; 3:20; 4:4; 5:2,30
