k,average_silhouette,min_cluster_size,max_cluster_size,cluster_sizes,negative_silhouette_count
2,0.037333230241478346,10,57,0:10; 1:57,8
3,0.03930102116830124,9,44,0:14; 1:44; 2:9,15
4,0.07116226978704246,2,33,0:33; 1:27; 2:5; 3:2,17
5,0.0797507454716725,2,31,0:2; 1:10; 2:21; 3:31; 4:3,30
6,0.07625169834705557,2,25,0:25; 1:6; 2:10; 3:20; 4:4; 5:2,30
7,0.09516819359924862,2,20,0:20; 1:2; 2:11; 3:3; 4:8; 5:13; 6:10,23
8,0.10711613537992913,2,16,0:5; 1:14; 2:3; 3:16; 4:9; 5:3; 6:2; 7:15,24
