k,average_silhouette,min_cluster_size,max_cluster_size,cluster_sizes,negative_silhouette_count
2,0.04876353152709608,24,86,0:24; 1:86,19
3,0.055692107743668444,21,55,0:34; 1:55; 2:21,22
4,0.05991868581966344,12,60,0:60; 1:18; 2:20; 3:12,32
5,0.06917262495278405,13,29,0:29; 1:24; 2:24; 3:13; 4:20,21
6,0.08288331108144094,11,22,0:22; 1:19; 2:11; 3:19; 4:19; 5:20,17
7,0.08989696552199405,6,23,0:10; 1:10; 2:23; 3:21; 4:21; 5:6; 6:19,20
8,0.08963253713442251,6,28,0:20; 1:17; 2:11; 3:28; 4:6; 5:12; 6:10; 7:6,27
