k,average_silhouette,min_cluster_size,max_cluster_size,cluster_sizes,negative_silhouette_count
2,0.1764116854808185,3,11,0:3; 1:11,1
3,0.16340833765793408,4,6,0:6; 1:4; 2:4,0
4,0.20444147815769145,2,7,0:2; 1:2; 2:7; 3:3,4
5,0.23087076776007392,1,5,0:1; 1:4; 2:2; 3:5; 4:2,1
6,0.26936378917555165,1,4,0:3; 1:2; 2:4; 3:2; 4:1; 5:2,0
7,0.25387700518633144,1,4,0:1; 1:4; 2:2; 3:2; 4:2; 5:1; 6:2,0
8,0.23846665508579107,1,3,0:2; 1:2; 2:3; 3:1; 4:1; 5:1; 6:2; 7:2,0
