k,average_silhouette,min_cluster_size,max_cluster_size,cluster_sizes,negative_silhouette_count
2,0.20328696946293914,2,9,0:2; 1:9,1
3,0.2179394777039608,2,6,0:3; 1:2; 2:6,2
4,0.25703689722865336,2,3,0:2; 1:3; 2:3; 3:3,0
5,0.26599871299225625,1,3,0:3; 1:2; 2:3; 3:2; 4:1,0
6,0.2519201734050714,1,3,0:2; 1:2; 2:1; 3:1; 4:3; 5:2,0
7,0.23545185382225478,1,2,0:2; 1:2; 2:2; 3:2; 4:1; 5:1; 6:1,0
8,0.21269007462666573,1,2,0:2; 1:2; 2:2; 3:1; 4:1; 5:1; 6:1; 7:1,0
